stock_code,description,forecast_origin,target_month,model,forecast,sigma,sigma_source,n_residuals_product,z,safety_stock,target_inventory,uncertainty_ratio,abc_class,last_month_units,ma3_units,months_since_last_sale,product_age_months,status,run_id
10002,INFLATABLE POLITICAL GLOBE,2011-11,2011-12,M2_gbm_poisson,,,,,,,,,A,0,,,,Inactive (no sales in last 6 months),20260818T075922Z-deb02f
10002R,ROBOT PENCIL SHARPNER,2011-11,2011-12,M2_gbm_poisson,,,,,,,,,C,0,,,,Inactive (no sales in last 6 months),20260818T075922Z-deb02f
10080,GROOVY CACTUS INFLATABLE,2011-11,2011-12,M2_gbm_poisson,50.246865,8.226354,product,17,1.645000,13.532353,64,0.163719,C,91,52.333333,1,24,Forecast,20260818T075922Z-deb02f
10109,BENDY COLOUR PENCILS,2011-11,2011-12,M2_gbm_poisson,,,,,,,,,C,0,,,,Inactive (no sales in last 6 months),20260818T075922Z-deb02f
10120,DOGGY RUBBER,2011-11,2011-12,M2_gbm_poisson,49.738208,31.366479,product,18,1.645000,51.597857,102,0.630631,C,49,23.000000,1,24,Forecast,20260818T075922Z-deb02f
10123C,HEARTS WRAPPING TAPE,2011-11,2011-12,M2_gbm_poisson,,,,,,,,,C,0,,,,Inactive (no sales in last 6 months),20260818T075922Z-deb02f
10123G,ARMY CAMO WRAPPING TAPE,2011-11,2011-12,M2_gbm_poisson,,,,,,,,,C,0,,,,Inactive (no sales in last 6 months),20260818T075922Z-deb02f
10124A,SPOTS ON RED BOOKCOVER TAPE,2011-11,2011-12,M2_gbm_poisson,7.829304,6.738565,product,16,1.645000,11.084940,19,0.860685,C,4,1.333333,1,21,Forecast,20260818T075922Z-deb02f
10124G,ARMY CAMO BOOKCOVER TAPE,2011-11,2011-12,M2_gbm_poisson,8.840760,8.181876,product,18,1.645000,13.459187,23,0.925472,C,4,2.666667,1,19,Forecast,20260818T075922Z-deb02f
10125,MINI FUNKY DESIGN TAPES,2011-11,2011-12,M2_gbm_poisson,55.967204,80.444393,product,18,1.645000,132.331027,189,1.437349,B,62,107.666667,1,24,Forecast,20260818T075922Z-deb02f
10133,COLOURING PENCILS BROWN TUBE,2011-11,2011-12,M2_gbm_poisson,25.560982,70.513494,product,18,1.645000,115.994697,142,2.758638,B,0,69.000000,3,24,Forecast,20260818T075922Z-deb02f
10134,COLOURING PENCILS BROWN TUBE,2011-11,2011-12,M2_gbm_poisson,,,,,,,,,C,0,,,,Inactive (no sales in last 6 months),20260818T075922Z-deb02f
10135,COLOURING PENCILS BROWN TUBE,2011-11,2011-12,M2_gbm_poisson,84.757657,68.701164,product,18,1.645000,113.013414,198,0.810560,A,181,106.666667,1,24,Forecast,20260818T075922Z-deb02f
10138,ASSORTED COLOUR JUMBO PEN,2011-11,2011-12,M2_gbm_poisson,,,,,,,,,C,0,,,,Inactive (no sales in last 6 months),20260818T075922Z-deb02f
11001,ASSTD DESIGN RACING CAR PEN,2011-11,2011-12,M2_gbm_poisson,111.232502,129.451588,product,18,1.645000,212.947862,325,1.163793,A,128,113.333333,1,24,Forecast,20260818T075922Z-deb02f
15030,FAN BLACK FRAME,2011-11,2011-12,M2_gbm_poisson,38.047590,19.052151,product,18,1.645000,31.340789,70,0.500745,C,22,11.666667,1,24,Forecast,20260818T075922Z-deb02f
15034,PAPER POCKET TRAVELING FAN,2011-11,2011-12,M2_gbm_poisson,300.065731,453.064991,product,18,1.645000,745.291911,1046,1.509886,C,573,919.333333,1,24,Forecast,20260818T075922Z-deb02f
15036,ASSORTED COLOURS SILK FAN,2011-11,2011-12,M2_gbm_poisson,456.260613,1738.940428,product,18,1.645000,2860.557004,3317,3.811288,A,604,782.000000,1,24,Forecast,20260818T075922Z-deb02f
15039,SANDALWOOD FAN,2011-11,2011-12,M2_gbm_poisson,113.022708,146.419574,product,18,1.645000,240.860200,354,1.295488,B,208,134.333333,1,24,Forecast,20260818T075922Z-deb02f
15044A,PINK PAPER PARASOL,2011-11,2011-12,M2_gbm_poisson,42.976700,45.489949,product,18,1.645000,74.830965,118,1.058479,A,34,23.000000,1,24,Forecast,20260818T075922Z-deb02f
15044B,BLUE PAPER PARASOL,2011-11,2011-12,M2_gbm_poisson,5.393778,38.359162,product,18,1.645000,63.100821,69,7.111742,A,0,2.000000,3,24,Forecast,20260818T075922Z-deb02f
15044C,PURPLE PAPER PARASOL,2011-11,2011-12,M2_gbm_poisson,30.771120,21.746703,product,18,1.645000,35.773326,67,0.706724,B,16,17.666667,1,24,Forecast,20260818T075922Z-deb02f
15044D,RED PAPER PARASOL,2011-11,2011-12,M2_gbm_poisson,47.072061,61.888320,product,18,1.645000,101.806286,149,1.314757,A,24,67.333333,1,24,Forecast,20260818T075922Z-deb02f
15056BL,EDWARDIAN PARASOL BLACK,2011-11,2011-12,M2_gbm_poisson,153.230411,186.054662,product,18,1.645000,306.059918,460,1.214215,A,176,333.000000,1,24,Forecast,20260818T075922Z-deb02f
15056N,EDWARDIAN PARASOL NATURAL,2011-11,2011-12,M2_gbm_poisson,159.335581,145.332829,product,18,1.645000,239.072503,399,0.912118,A,169,271.666667,1,24,Forecast,20260818T075922Z-deb02f
15056P,EDWARDIAN PARASOL PINK,2011-11,2011-12,M2_gbm_poisson,64.148554,59.442697,product,18,1.645000,97.783237,162,0.926641,A,88,62.000000,1,24,Forecast,20260818T075922Z-deb02f
15058A,BLUE POLKADOT GARDEN PARASOL,2011-11,2011-12,M2_gbm_poisson,9.140558,23.502842,product,18,1.645000,38.662176,48,2.571270,B,2,3.666667,1,23,Forecast,20260818T075922Z-deb02f
15058B,PINK POLKADOT GARDEN PARASOL,2011-11,2011-12,M2_gbm_poisson,8.677140,16.807940,product,18,1.645000,27.649061,37,1.937037,B,1,2.666667,1,23,Forecast,20260818T075922Z-deb02f
15058C,ICE CREAM DESIGN GARDEN PARASOL,2011-11,2011-12,M2_gbm_poisson,6.107861,14.734005,product,18,1.645000,24.237438,31,2.412302,B,1,2.000000,1,23,Forecast,20260818T075922Z-deb02f
15059A,ENGLISH ROSE EDWARDIAN PARASOL,2011-11,2011-12,M2_gbm_poisson,,,,,,,,,B,0,,,,Inactive (no sales in last 6 months),20260818T075922Z-deb02f
15060B,FAIRY CAKE DESIGN UMBRELLA,2011-11,2011-12,M2_gbm_poisson,31.062746,28.061318,product,18,1.645000,46.160869,78,0.903375,A,19,40.000000,1,24,Forecast,20260818T075922Z-deb02f
16008,SMALL FOLDING SCISSOR(POINTED EDGE),2011-11,2011-12,M2_gbm_poisson,247.949697,60.366654,product,18,1.645000,99.303145,348,0.243463,C,941,517.000000,1,21,Forecast,20260818T075922Z-deb02f
16010,FOLDING CAMPING SCISSOR W/KNIF & S,2011-11,2011-12,M2_gbm_poisson,,,,,,,,,C,0,,,,Inactive (no sales in last 6 months),20260818T075922Z-deb02f
16011,ANIMAL STICKERS,2011-11,2011-12,M2_gbm_poisson,129.952565,91.213184,product,18,1.645000,150.045688,280,0.701896,C,359,175.333333,1,24,Forecast,20260818T075922Z-deb02f
16012,FOOD/DRINK SPONGE STICKERS,2011-11,2011-12,M2_gbm_poisson,77.253342,139.825563,product,18,1.645000,230.013051,308,1.809961,C,168,64.000000,1,24,Forecast,20260818T075922Z-deb02f
16014,SMALL CHINESE STYLE SCISSOR,2011-11,2011-12,M2_gbm_poisson,737.426786,1615.123016,product,18,1.645000,2656.877362,3395,2.190215,A,3606,1569.000000,1,24,Forecast,20260818T075922Z-deb02f
16015,MEDIUM CHINESE STYLE SCISSOR,2011-11,2011-12,M2_gbm_poisson,40.122294,72.573863,product,18,1.645000,119.384005,160,1.808816,C,30,16.666667,1,24,Forecast,20260818T075922Z-deb02f
16016,LARGE CHINESE STYLE SCISSOR,2011-11,2011-12,M2_gbm_poisson,63.185177,54.669022,product,18,1.645000,89.930541,154,0.865219,B,140,76.666667,1,24,Forecast,20260818T075922Z-deb02f
16020C,CLEAR STATIONERY BOX SET,2011-11,2011-12,M2_gbm_poisson,2.054573,13.143027,product,18,1.645000,21.620279,24,6.396961,C,0,0.000000,5,24,Forecast,20260818T075922Z-deb02f
16033,MINI HIGHLIGHTER PENS,2011-11,2011-12,M2_gbm_poisson,,,,,,,,,B,0,,,,Inactive (no sales in last 6 months),20260818T075922Z-deb02f
16043,POP ART PUSH DOWN RUBBER,2011-11,2011-12,M2_gbm_poisson,3.515583,48.490064,product,16,1.645000,79.766155,84,13.792895,C,0,0.000000,6,24,Forecast,20260818T075922Z-deb02f
16044,POP-ART FLUORESCENT PENS,2011-11,2011-12,M2_gbm_poisson,,,,,,,,,C,0,,,,Inactive (no sales in last 6 months),20260818T075922Z-deb02f
16045,POPART WOODEN PENCILS ASST,2011-11,2011-12,M2_gbm_poisson,463.819604,112.530081,product,18,1.645000,185.111984,649,0.242616,C,1000,1366.666667,1,23,Forecast,20260818T075922Z-deb02f
16046,TEATIME PEN CASE & PENS,2011-11,2011-12,M2_gbm_poisson,6.882817,15.474415,product,18,1.645000,25.455413,33,2.248268,B,1,1.333333,1,24,Forecast,20260818T075922Z-deb02f
16047,POP ART PEN CASE & PENS,2011-11,2011-12,M2_gbm_poisson,,,,,,,,,B,0,,,,Inactive (no sales in last 6 months),20260818T075922Z-deb02f
16048,TEATIME ROUND PENCIL SHARPENER,2011-11,2011-12,M2_gbm_poisson,94.630598,97.140916,product,18,1.645000,159.796806,255,1.026528,C,126,160.333333,1,24,Forecast,20260818T075922Z-deb02f
16049,TEATIME GEL PENS ASST,2011-11,2011-12,M2_gbm_poisson,,,,,,,,,C,0,,,,Inactive (no sales in last 6 months),20260818T075922Z-deb02f
16050,TEATIME PENCIL WITH RUBBER,2011-11,2011-12,M2_gbm_poisson,,,,,,,,,C,0,,,,Inactive (no sales in last 6 months),20260818T075922Z-deb02f
16051,TEATIME PENCIL W STAMP ASST,2011-11,2011-12,M2_gbm_poisson,,,,,,,,,C,0,,,,Inactive (no sales in last 6 months),20260818T075922Z-deb02f
16052,TEATIME PUSH DOWN RUBBER,2011-11,2011-12,M2_gbm_poisson,2.042813,36.347570,product,18,1.645000,59.791752,62,17.792902,C,0,0.000000,6,24,Forecast,20260818T075922Z-deb02f
16053,POPART COL BALLPOINT PEN ASST,2011-11,2011-12,M2_gbm_poisson,,,,,,,,,C,0,,,,Inactive (no sales in last 6 months),20260818T075922Z-deb02f
16054,POPART RECT PENCIL SHARPENER ASST,2011-11,2011-12,M2_gbm_poisson,92.771793,33.057162,product,18,1.645000,54.379031,148,0.356328,C,330,231.333333,1,23,Forecast,20260818T075922Z-deb02f
16119,FUNKY GIRL ADDRESS BOOK,2011-11,2011-12,M2_gbm_poisson,,,,,,,,,C,0,,,,Inactive (no sales in last 6 months),20260818T075922Z-deb02f
16151A,FLOWERS HANDBAG blue and orange,2011-11,2011-12,M2_gbm_poisson,,,,,,,,,C,0,,,,Inactive (no sales in last 6 months),20260818T075922Z-deb02f
16156L,"WRAP, CAROUSEL",2011-11,2011-12,M2_gbm_poisson,32.512159,25.190189,product,18,1.645000,41.437862,74,0.774793,C,25,25.000000,1,23,Forecast,20260818T075922Z-deb02f
16156N,"WRAP, FRIENDSHIP ON GREEN",2011-11,2011-12,M2_gbm_poisson,,,,,,,,,C,0,,,,Inactive (no sales in last 6 months),20260818T075922Z-deb02f
16156S,WRAP PINK FAIRY CAKES,2011-11,2011-12,M2_gbm_poisson,188.600615,374.068283,product,18,1.645000,615.342325,804,1.983388,A,475,616.666667,1,24,Forecast,20260818T075922Z-deb02f
16161C,WRAP SPEED DEMONS,2011-11,2011-12,M2_gbm_poisson,,,,,,,,,C,0,,,,Inactive (no sales in last 6 months),20260818T075922Z-deb02f
16161E,WRAP BOUDOIR,2011-11,2011-12,M2_gbm_poisson,,,,,,,,,C,0,,,,Inactive (no sales in last 6 months),20260818T075922Z-deb02f
16161G,WRAP BAD HAIR DAY,2011-11,2011-12,M2_gbm_poisson,63.259885,51.065637,product,18,1.645000,84.002972,148,0.807236,C,125,116.666667,1,23,Forecast,20260818T075922Z-deb02f
16161M,WRAP  PINK FLOCK,2011-11,2011-12,M2_gbm_poisson,,,,,,,,,C,0,,,,Inactive (no sales in last 6 months),20260818T075922Z-deb02f
16161P,WRAP ENGLISH ROSE,2011-11,2011-12,M2_gbm_poisson,221.592764,266.183039,product,18,1.645000,437.871099,660,1.201226,A,525,666.666667,1,24,Forecast,20260818T075922Z-deb02f
16161U,WRAP SUKI AND FRIENDS,2011-11,2011-12,M2_gbm_poisson,146.899182,194.351884,product,18,1.645000,319.708850,467,1.323029,B,300,491.666667,1,24,Forecast,20260818T075922Z-deb02f
16162L,THE KING GIFT BAG,2011-11,2011-12,M2_gbm_poisson,7.951494,19.281954,product,18,1.645000,31.718815,40,2.424947,C,0,3.333333,3,24,Forecast,20260818T075922Z-deb02f
16162M,THE KING GIFT BAG 25x24x12cm,2011-11,2011-12,M2_gbm_poisson,15.869600,20.162322,product,15,1.645000,33.167020,50,1.270500,C,4,6.000000,1,18,Forecast,20260818T075922Z-deb02f
16168M,FUNKY MONKEY GIFT BAG MEDIUM,2011-11,2011-12,M2_gbm_poisson,40.153269,26.668045,product,18,1.645000,43.868934,85,0.664156,C,35,19.333333,1,24,Forecast,20260818T075922Z-deb02f
16168S,FUNKY MONKEY GIFT BAG SMALL,2011-11,2011-12,M2_gbm_poisson,,,,,,,,,C,0,,,,Inactive (no sales in last 6 months),20260818T075922Z-deb02f
16169A,WRAP CHRISTMAS DECOUPAGE,2011-11,2011-12,M2_gbm_poisson,,,,,,,,,C,0,,,,Inactive (no sales in last 6 months),20260818T075922Z-deb02f
16169C,WRAP BLUE REINDEER,2011-11,2011-12,M2_gbm_poisson,,,,,,,,,C,0,,,,Inactive (no sales in last 6 months),20260818T075922Z-deb02f
16169D,WRAP WINTER FOREST,2011-11,2011-12,M2_gbm_poisson,,,,,,,,,C,0,,,,Inactive (no sales in last 6 months),20260818T075922Z-deb02f
16169E,WRAP 50'S  CHRISTMAS,2011-11,2011-12,M2_gbm_poisson,679.893606,8.023905,abc_group,4,1.645000,13.199324,694,0.011802,C,1625,1254.000000,1,5,Forecast,20260818T075922Z-deb02f
16169F,WRAP BLIZZARD,2011-11,2011-12,M2_gbm_poisson,,,,,,,,,C,0,,,,Inactive (no sales in last 6 months),20260818T075922Z-deb02f
16169G,WRAP ROMANTIC DECOUPAGE,2011-11,2011-12,M2_gbm_poisson,,,,,,,,,C,0,,,,Inactive (no sales in last 6 months),20260818T075922Z-deb02f
16169K,WRAP FOLK ART,2011-11,2011-12,M2_gbm_poisson,9.673063,51.949266,product,18,1.645000,85.456543,96,5.370508,C,0,16.666667,3,24,Forecast,20260818T075922Z-deb02f
16169M,WRAP DAISY CARPET,2011-11,2011-12,M2_gbm_poisson,42.243701,56.200844,product,18,1.645000,92.450388,135,1.330396,C,50,50.000000,1,24,Forecast,20260818T075922Z-deb02f
16169N,WRAP BLUE RUSSIAN FOLKART,2011-11,2011-12,M2_gbm_poisson,,,,,,,,,C,0,,,,Inactive (no sales in last 6 months),20260818T075922Z-deb02f
16169P,WRAP GREEN RUSSIAN FOLKART,2011-11,2011-12,M2_gbm_poisson,,,,,,,,,C,0,,,,Inactive (no sales in last 6 months),20260818T075922Z-deb02f
16192,PINK BALLET OPENING CUBE BOX,2011-11,2011-12,M2_gbm_poisson,,,,,,,,,C,0,,,,Inactive (no sales in last 6 months),20260818T075922Z-deb02f
16201A,PASTEL PINK PHOTO ALBUM,2011-11,2011-12,M2_gbm_poisson,,,,,,,,,C,0,,,,Inactive (no sales in last 6 months),20260818T075922Z-deb02f
16201B,PASTEL BLUE PHOTO ALBUM,2011-11,2011-12,M2_gbm_poisson,,,,,,,,,C,0,,,,Inactive (no sales in last 6 months),20260818T075922Z-deb02f
16202A,PASTEL PINK PHOTO ALBUM,2011-11,2011-12,M2_gbm_poisson,,,,,,,,,C,0,,,,Inactive (no sales in last 6 months),20260818T075922Z-deb02f
16202B,PASTEL BLUE PHOTO ALBUM,2011-11,2011-12,M2_gbm_poisson,,,,,,,,,C,0,,,,Inactive (no sales in last 6 months),20260818T075922Z-deb02f
16202C,BEIGE PHOTO ALBUM,2011-11,2011-12,M2_gbm_poisson,,,,,,,,,C,0,,,,Inactive (no sales in last 6 months),20260818T075922Z-deb02f
16202E,BLACK PHOTO ALBUM,2011-11,2011-12,M2_gbm_poisson,,,,,,,,,C,0,,,,Inactive (no sales in last 6 months),20260818T075922Z-deb02f
16206B,RED PURSE WITH PINK HEART,2011-11,2011-12,M2_gbm_poisson,,,,,,,,,C,0,,,,Inactive (no sales in last 6 months),20260818T075922Z-deb02f
16207A,PINK STRAWBERRY HANDBAG,2011-11,2011-12,M2_gbm_poisson,9.177725,12.234341,product,18,1.645000,20.125491,30,1.333047,C,1,2.333333,1,24,Forecast,20260818T075922Z-deb02f
16207B,PINK HEART RED HANDBAG,2011-11,2011-12,M2_gbm_poisson,3.559565,2.901745,product,18,1.645000,4.773370,9,0.815197,C,0,0.000000,4,24,Forecast,20260818T075922Z-deb02f
16212,FUNKY GIRLZ ASST MAGNETIC MEMO PAD,2011-11,2011-12,M2_gbm_poisson,,,,,,,,,C,0,,,,Inactive (no sales in last 6 months),20260818T075922Z-deb02f
16215,FUNKY GIRLZ MAGNETIC TO DO LIST,2011-11,2011-12,M2_gbm_poisson,,,,,,,,,C,0,,,,Inactive (no sales in last 6 months),20260818T075922Z-deb02f
16216,LETTER SHAPE PENCIL SHARPENER,2011-11,2011-12,M2_gbm_poisson,201.824964,86.944927,product,18,1.645000,143.024405,345,0.430794,C,394,251.666667,1,24,Forecast,20260818T075922Z-deb02f
16218,CARTOON  PENCIL SHARPENERS,2011-11,2011-12,M2_gbm_poisson,223.386098,135.400595,product,18,1.645000,222.733978,447,0.606128,C,565,550.333333,1,24,Forecast,20260818T075922Z-deb02f
16219,HOUSE SHAPE PENCIL SHARPENER,2011-11,2011-12,M2_gbm_poisson,218.018566,71.367175,product,18,1.645000,117.399003,336,0.327344,C,265,424.666667,1,24,Forecast,20260818T075922Z-deb02f
16225,RATTLE SNAKE EGGS,2011-11,2011-12,M2_gbm_poisson,68.295838,30.987007,product,18,1.645000,50.973627,120,0.453717,C,112,79.333333,1,24,Forecast,20260818T075922Z-deb02f
16235,RECYCLED PENCIL WITH RABBIT ERASER,2011-11,2011-12,M2_gbm_poisson,136.644311,174.243455,product,18,1.645000,286.630483,424,1.275161,B,228,173.000000,1,24,Forecast,20260818T075922Z-deb02f
16236,KITTY PENCIL ERASERS,2011-11,2011-12,M2_gbm_poisson,118.159277,113.226607,product,18,1.645000,186.257768,305,0.958254,C,260,165.333333,1,24,Forecast,20260818T075922Z-deb02f
16237,SLEEPING CAT ERASERS,2011-11,2011-12,M2_gbm_poisson,355.185130,219.236658,product,18,1.645000,360.644303,716,0.617246,B,927,517.666667,1,24,Forecast,20260818T075922Z-deb02f
16238,PARTY TIME PENCIL ERASERS,2011-11,2011-12,M2_gbm_poisson,75.849315,56.533910,product,18,1.645000,92.998282,169,0.745345,C,176,121.333333,1,24,Forecast,20260818T075922Z-deb02f
16239,BALLERINA HEART DECORATION.,2011-11,2011-12,M2_gbm_poisson,,,,,,,,,C,0,,,,Inactive (no sales in last 6 months),20260818T075922Z-deb02f
16243B,BROWN COZY SQUARE PHOTO ALBUM,2011-11,2011-12,M2_gbm_poisson,,,,,,,,,C,0,,,,Inactive (no sales in last 6 months),20260818T075922Z-deb02f
16244A,MAXWELL 2 TONE PINK 60 PAGE PHOTO A,2011-11,2011-12,M2_gbm_poisson,,,,,,,,,C,0,,,,Inactive (no sales in last 6 months),20260818T075922Z-deb02f
16244B,MAXWELL 2 TONE BLUE 60 PAGE PHOTO A,2011-11,2011-12,M2_gbm_poisson,,,,,,,,,C,0,,,,Inactive (no sales in last 6 months),20260818T075922Z-deb02f
16245A,PINK MINI STATIONERY SET W CASE,2011-11,2011-12,M2_gbm_poisson,,,,,,,,,C,0,,,,Inactive (no sales in last 6 months),20260818T075922Z-deb02f
16248B,BLUE HOLE PUNCH,2011-11,2011-12,M2_gbm_poisson,5.955761,6.467472,product,14,1.645000,10.638991,17,1.085919,C,0,3.000000,2,15,Forecast,20260818T075922Z-deb02f
16254,TRANSPARENT ACRYLIC TAPE DISPENSER,2011-11,2011-12,M2_gbm_poisson,18.541560,6.449013,product,17,1.645000,10.608627,30,0.347814,C,7,7.666667,1,23,Forecast,20260818T075922Z-deb02f
16256B,FLOWER PENCIL/RUBBER+5 MINI PENCILS,2011-11,2011-12,M2_gbm_poisson,,,,,,,,,C,0,,,,Inactive (no sales in last 6 months),20260818T075922Z-deb02f
16256C,HEARTS PENCIL/RUBBER+5 MINI PENCILS,2011-11,2011-12,M2_gbm_poisson,,,,,,,,,C,0,,,,Inactive (no sales in last 6 months),20260818T075922Z-deb02f
16258A,SWIRLY CIRCULAR RUBBERS IN BAG,2011-11,2011-12,M2_gbm_poisson,55.677787,25.715178,product,18,1.645000,42.301468,98,0.461857,C,37,42.000000,1,24,Forecast,20260818T075922Z-deb02f
16258B,DAISY ERASERS IN BAG,2011-11,2011-12,M2_gbm_poisson,,,,,,,,,C,0,,,,Inactive (no sales in last 6 months),20260818T075922Z-deb02f
16259,PIECE OF CAMO STATIONERY SET,2011-11,2011-12,M2_gbm_poisson,152.728767,294.602257,product,18,1.645000,484.620713,638,1.928924,C,20,166.666667,1,24,Forecast,20260818T075922Z-deb02f
17001,HEAVENS SCENT FRAGRANCE OILS ASSTD,2011-11,2011-12,M2_gbm_poisson,,,,,,,,,C,0,,,,Inactive (no sales in last 6 months),20260818T075922Z-deb02f
17003,BROCADE RING PURSE,2011-11,2011-12,M2_gbm_poisson,725.934611,1709.779020,product,18,1.645000,2812.586489,3539,2.355280,A,1071,1876.666667,1,24,Forecast,20260818T075922Z-deb02f
17007B,S/3 POT POURI CUSHIONS BLUE COLOURS,2011-11,2011-12,M2_gbm_poisson,2.114785,4.527193,product,18,1.645000,7.447233,10,2.140735,C,0,0.000000,6,24,Forecast,20260818T075922Z-deb02f
17011A,ORIGAMI VANILLA INCENSE+FLOWER,2011-11,2011-12,M2_gbm_poisson,,,,,,,,,C,0,,,,Inactive (no sales in last 6 months),20260818T075922Z-deb02f
17011B,ORIGAMI JASMINE INCENSE+FLOWER,2011-11,2011-12,M2_gbm_poisson,,,,,,,,,C,0,,,,Inactive (no sales in last 6 months),20260818T075922Z-deb02f
17011C,ORIGAMI LAVENDER INCENSE+FLOWER,2011-11,2011-12,M2_gbm_poisson,,,,,,,,,C,0,,,,Inactive (no sales in last 6 months),20260818T075922Z-deb02f
17011D,ORIGAMI ROSE INCENSE+FLOWER,2011-11,2011-12,M2_gbm_poisson,,,,,,,,,C,0,,,,Inactive (no sales in last 6 months),20260818T075922Z-deb02f
17011E,ORIGAMI OPIUM SCENT INCENSE+FLOWER,2011-11,2011-12,M2_gbm_poisson,,,,,,,,,C,0,,,,Inactive (no sales in last 6 months),20260818T075922Z-deb02f
17011F,ORIGAMI SANDLEWOOD INCENSE+FLOWER,2011-11,2011-12,M2_gbm_poisson,,,,,,,,,C,0,,,,Inactive (no sales in last 6 months),20260818T075922Z-deb02f
17012A,ORIGAMI VANILLA INCENSE/CANDLE SET,2011-11,2011-12,M2_gbm_poisson,34.524135,33.486448,product,18,1.645000,55.085208,90,0.969943,C,10,54.000000,1,24,Forecast,20260818T075922Z-deb02f
17012B,ORIGAMI JASMINE INCENSE/CANDLE SET,2011-11,2011-12,M2_gbm_poisson,33.625255,33.695273,product,18,1.645000,55.428723,90,1.002082,C,5,60.666667,1,24,Forecast,20260818T075922Z-deb02f
17012C,ORIGAMI LAVENDER INCENSE/CANDL SET,2011-11,2011-12,M2_gbm_poisson,63.384650,14.709987,product,18,1.645000,24.197928,88,0.232075,C,94,58.666667,1,22,Forecast,20260818T075922Z-deb02f
17012D,ORIGAMI ROSE INCENSE/CANDLE SET,2011-11,2011-12,M2_gbm_poisson,79.591090,13.497739,product,18,1.645000,22.203780,102,0.169589,C,165,98.000000,1,21,Forecast,20260818T075922Z-deb02f
17012E,ORIGAMI OPIUM INCENSE/CANDLE SET,2011-11,2011-12,M2_gbm_poisson,,,,,,,,,C,0,,,,Inactive (no sales in last 6 months),20260818T075922Z-deb02f
17012F,ORIGAMI SANDLEWOOD INCENSE/CAND SET,2011-11,2011-12,M2_gbm_poisson,77.728377,9.465808,product,18,1.645000,15.571254,94,0.121781,C,162,81.333333,1,21,Forecast,20260818T075922Z-deb02f
17013B,ORIGAMI JASMINE INCENSE IN TUBE,2011-11,2011-12,M2_gbm_poisson,,,,,,,,,C,0,,,,Inactive (no sales in last 6 months),20260818T075922Z-deb02f
17013C,ORIGAMI LAVENDER INCENSE IN TUBE,2011-11,2011-12,M2_gbm_poisson,,,,,,,,,C,0,,,,Inactive (no sales in last 6 months),20260818T075922Z-deb02f
17013D,ORIGAMI ROSE INCENSE IN TUBE,2011-11,2011-12,M2_gbm_poisson,2.082963,52.734599,product,18,1.645000,86.748416,89,25.317113,C,0,0.000000,6,24,Forecast,20260818T075922Z-deb02f
17013F,ORIGAMI SANDLEWOOD INCENSE IN TUBE,2011-11,2011-12,M2_gbm_poisson,,,,,,,,,C,0,,,,Inactive (no sales in last 6 months),20260818T075922Z-deb02f
17014A,ORIGAMI VANILLA INCENSE CONES,2011-11,2011-12,M2_gbm_poisson,2.062682,11.066126,product,17,1.645000,18.203778,21,5.364921,C,0,0.000000,6,24,Forecast,20260818T075922Z-deb02f
17014C,ORIGAMI LAVENDER INCENSE CONES,2011-11,2011-12,M2_gbm_poisson,,,,,,,,,C,0,,,,Inactive (no sales in last 6 months),20260818T075922Z-deb02f
17014D,ORIGAMI ROSE INCENSE CONES,2011-11,2011-12,M2_gbm_poisson,,,,,,,,,C,0,,,,Inactive (no sales in last 6 months),20260818T075922Z-deb02f
17014E,ORIGAMI OPIUM INCENSE CONES,2011-11,2011-12,M2_gbm_poisson,,,,,,,,,C,0,,,,Inactive (no sales in last 6 months),20260818T075922Z-deb02f
17014F,ORIGAMI SANDLEWOOD INCENSE CONES,2011-11,2011-12,M2_gbm_poisson,,,,,,,,,C,0,,,,Inactive (no sales in last 6 months),20260818T075922Z-deb02f
17021,NAMASTE SWAGAT INCENSE,2011-11,2011-12,M2_gbm_poisson,62.558055,70.458193,product,18,1.645000,115.903727,179,1.126285,C,108,144.000000,1,23,Forecast,20260818T075922Z-deb02f
17027A,INCENSE BAZAAR CANNABIS,2011-11,2011-12,M2_gbm_poisson,,,,,,,,,C,0,,,,Inactive (no sales in last 6 months),20260818T075922Z-deb02f
17028J,INCENSE BAZAAR PEACH,2011-11,2011-12,M2_gbm_poisson,,,,,,,,,C,0,,,,Inactive (no sales in last 6 months),20260818T075922Z-deb02f
17033,"BROCADE PURSE,SMALL ARCH BUTTON",2011-11,2011-12,M2_gbm_poisson,,,,,,,,,C,0,,,,Inactive (no sales in last 6 months),20260818T075922Z-deb02f
17038,PORCELAIN BUDAH INCENSE HOLDER,2011-11,2011-12,M2_gbm_poisson,78.599591,105.269196,product,18,1.645000,173.167828,252,1.339310,C,204,203.000000,1,24,Forecast,20260818T075922Z-deb02f
17039,INLAID WOOD INCENSE HOLDER,2011-11,2011-12,M2_gbm_poisson,,,,,,,,,C,0,,,,Inactive (no sales in last 6 months),20260818T075922Z-deb02f
17061,ASSORTED SHAPED STENCIL FOR HENNA,2011-11,2011-12,M2_gbm_poisson,,,,,,,,,C,0,,,,Inactive (no sales in last 6 months),20260818T075922Z-deb02f
17084A,TRANQUILITY MASALA INCENSE,2011-11,2011-12,M2_gbm_poisson,9.077137,31.746395,product,18,1.645000,52.222820,62,3.497402,C,0,8.333333,3,22,Forecast,20260818T075922Z-deb02f
17084G,MOON INCENSE,2011-11,2011-12,M2_gbm_poisson,,,,,,,,,C,0,,,,Inactive (no sales in last 6 months),20260818T075922Z-deb02f
17084J,LOVE POTION MASALA INCENSE,2011-11,2011-12,M2_gbm_poisson,8.907193,26.863452,product,18,1.645000,44.190378,54,3.015928,C,0,8.333333,3,24,Forecast,20260818T075922Z-deb02f
17084N,FAIRY DREAMS INCENSE,2011-11,2011-12,M2_gbm_poisson,75.995214,54.119274,product,18,1.645000,89.026205,166,0.712141,C,162,163.333333,1,24,Forecast,20260818T075922Z-deb02f
17084P,DRAGONS BLOOD INCENSE,2011-11,2011-12,M2_gbm_poisson,43.567276,22.955911,product,18,1.645000,37.762474,82,0.526907,C,38,39.666667,1,24,Forecast,20260818T075922Z-deb02f
17084R,ASSORTED INCENSE PACK,2011-11,2011-12,M2_gbm_poisson,118.108276,298.286073,product,18,1.645000,490.680590,609,2.525531,B,216,312.000000,1,24,Forecast,20260818T075922Z-deb02f
17090A,LAVENDER INCENSE 40 CONES IN TIN,2011-11,2011-12,M2_gbm_poisson,14.643089,7.916491,product,18,1.645000,13.022628,28,0.540630,C,9,5.000000,1,24,Forecast,20260818T075922Z-deb02f
17090D,VANILLA INCENSE 40 CONES IN TIN,2011-11,2011-12,M2_gbm_poisson,2.085133,5.076200,product,18,1.645000,8.350349,11,2.434473,C,0,0.000000,5,24,Forecast,20260818T075922Z-deb02f
17091A,LAVENDER INCENSE IN TIN,2011-11,2011-12,M2_gbm_poisson,,,,,,,,,B,0,,,,Inactive (no sales in last 6 months),20260818T075922Z-deb02f
17091B,JASMINE TEA INCENSE IN TIN,2011-11,2011-12,M2_gbm_poisson,,,,,,,,,C,0,,,,Inactive (no sales in last 6 months),20260818T075922Z-deb02f
17091F,SANDALWOOD INCENSE IN TIN,2011-11,2011-12,M2_gbm_poisson,,,,,,,,,C,0,,,,Inactive (no sales in last 6 months),20260818T075922Z-deb02f
17091J,VANILLA INCENSE IN TIN,2011-11,2011-12,M2_gbm_poisson,89.556654,128.746612,product,18,1.645000,211.788176,302,1.437600,B,182,153.333333,1,24,Forecast,20260818T075922Z-deb02f
17096,ASSORTED LAQUERED INCENSE HOLDERS,2011-11,2011-12,M2_gbm_poisson,2.287662,131.029668,product,18,1.645000,215.543803,218,57.276673,B,0,0.000000,5,24,Forecast,20260818T075922Z-deb02f
17107D,"FLOWER FAIRY,5 SUMMER B'DRAW LINERS",2011-11,2011-12,M2_gbm_poisson,32.610561,16.395406,product,18,1.645000,26.970443,60,0.502764,C,15,18.666667,1,24,Forecast,20260818T075922Z-deb02f
17108D,FLOWER FAIRY SUMMER BOUQUET SACHET,2011-11,2011-12,M2_gbm_poisson,,,,,,,,,C,0,,,,Inactive (no sales in last 6 months),20260818T075922Z-deb02f
17109A,FLOWER FAIRY INCENSE LILY,2011-11,2011-12,M2_gbm_poisson,,,,,,,,,C,0,,,,Inactive (no sales in last 6 months),20260818T075922Z-deb02f
17109B,FLOWER FAIRY INCENSE LAVENDER,2011-11,2011-12,M2_gbm_poisson,,,,,,,,,C,0,,,,Inactive (no sales in last 6 months),20260818T075922Z-deb02f
17109C,FLOWER FAIRY INCENSE ROSE,2011-11,2011-12,M2_gbm_poisson,,,,,,,,,C,0,,,,Inactive (no sales in last 6 months),20260818T075922Z-deb02f
17109D,FLOWER FAIRY INCENSE BOUQUET,2011-11,2011-12,M2_gbm_poisson,,,,,,,,,C,0,,,,Inactive (no sales in last 6 months),20260818T075922Z-deb02f
17129C,SKY BLUE COLOUR GLASS GEMS IN BAG,2011-11,2011-12,M2_gbm_poisson,,,,,,,,,C,0,,,,Inactive (no sales in last 6 months),20260818T075922Z-deb02f
17129D,CLEAR COLOUR GLASS GEMS IN BAG,2011-11,2011-12,M2_gbm_poisson,,,,,,,,,B,0,,,,Inactive (no sales in last 6 months),20260818T075922Z-deb02f
17129F,BLUE GLASS GEMS IN BAG,2011-11,2011-12,M2_gbm_poisson,24.053807,48.567011,product,18,1.645000,79.892733,104,2.019099,B,1,17.666667,1,24,Forecast,20260818T075922Z-deb02f
17136A,BLUE STONES ON WIRE FOR CANDLE,2011-11,2011-12,M2_gbm_poisson,62.013459,62.489144,product,18,1.645000,102.794641,165,1.007671,C,96,63.666667,1,24,Forecast,20260818T075922Z-deb02f
17164B,ASS COL SMALL SAND GECKO P'WEIGHT,2011-11,2011-12,M2_gbm_poisson,,,,,,,,,C,0,,,,Inactive (no sales in last 6 months),20260818T075922Z-deb02f
17164D,ASS COL SMALL SAND FROG P'WEIGHT,2011-11,2011-12,M2_gbm_poisson,,,,,,,,,C,0,,,,Inactive (no sales in last 6 months),20260818T075922Z-deb02f
17165B,ASS COL LARGE SAND GECKO P'WEIGHT,2011-11,2011-12,M2_gbm_poisson,,,,,,,,,C,0,,,,Inactive (no sales in last 6 months),20260818T075922Z-deb02f
17165D,ASS COL LARGE SAND FROG P'WEIGHT,2011-11,2011-12,M2_gbm_poisson,,,,,,,,,C,0,,,,Inactive (no sales in last 6 months),20260818T075922Z-deb02f
17174,ASSTD RASTA KEY-CHAINS,2011-11,2011-12,M2_gbm_poisson,14.798043,3.280252,product,13,1.645000,5.396015,21,0.221668,C,8,2.666667,1,22,Forecast,20260818T075922Z-deb02f
17178,FLAT PALM T-LIGHT HOLDER,2011-11,2011-12,M2_gbm_poisson,,,,,,,,,C,0,,,,Inactive (no sales in last 6 months),20260818T075922Z-deb02f
17181,CIRCLE OF FRIENDS CANDLE HOLDER,2011-11,2011-12,M2_gbm_poisson,,,,,,,,,C,0,,,,Inactive (no sales in last 6 months),20260818T075922Z-deb02f
17191A,ROSE FLOWER CANDLE+INCENSE 16X16CM,2011-11,2011-12,M2_gbm_poisson,5.540197,4.103466,product,12,1.645000,6.750202,13,0.740671,C,2,0.666667,1,24,Forecast,20260818T075922Z-deb02f
18007,ESSENTIAL BALM 3.5g TIN IN ENVELOPE,2011-11,2011-12,M2_gbm_poisson,3.436533,81.941226,product,18,1.645000,134.793317,139,23.844154,C,0,0.000000,5,24,Forecast,20260818T075922Z-deb02f
18010,ASSORTED FRAGRANCE BATH CONFETTI,2011-11,2011-12,M2_gbm_poisson,,,,,,,,,C,0,,,,Inactive (no sales in last 6 months),20260818T075922Z-deb02f
18094C,WHITE AND BLUE CERAMIC OIL BURNER,2011-11,2011-12,M2_gbm_poisson,9.788058,23.856665,product,18,1.645000,39.244214,50,2.437324,C,0,8.333333,2,24,Forecast,20260818T075922Z-deb02f
18096C,WHITE ROUND PORCELAIN TLIGHT HOLDER,2011-11,2011-12,M2_gbm_poisson,,,,,,,,,C,0,,,,Inactive (no sales in last 6 months),20260818T075922Z-deb02f
18097A,PINK TALL PORCELAIN T-LIGHT HOLDER,2011-11,2011-12,M2_gbm_poisson,2.141533,1.858661,product,18,1.645000,3.057498,6,0.867912,C,0,0.000000,6,21,Forecast,20260818T075922Z-deb02f
18097B,BLUE TALL PORCELAIN T-LIGHT HOLDER,2011-11,2011-12,M2_gbm_poisson,,,,,,,,,C,0,,,,Inactive (no sales in last 6 months),20260818T075922Z-deb02f
18097C,WHITE TALL PORCELAIN T-LIGHT HOLDER,2011-11,2011-12,M2_gbm_poisson,33.153885,41.232811,product,18,1.645000,67.827974,101,1.243680,A,26,14.666667,1,24,Forecast,20260818T075922Z-deb02f
18098A,PINK PORCELAIN B'FLY OIL BURNER,2011-11,2011-12,M2_gbm_poisson,,,,,,,,,C,0,,,,Inactive (no sales in last 6 months),20260818T075922Z-deb02f
18098B,BLUE PORCELAIN B'FLY OIL BURNER,2011-11,2011-12,M2_gbm_poisson,,,,,,,,,C,0,,,,Inactive (no sales in last 6 months),20260818T075922Z-deb02f
18098C,PORCELAIN BUTTERFLY OIL BURNER,2011-11,2011-12,M2_gbm_poisson,3.021769,12.624561,product,18,1.645000,20.767403,24,4.177871,A,0,0.000000,4,24,Forecast,20260818T075922Z-deb02f
20615,BLUE POLKADOT PASSPORT COVER,2011-11,2011-12,M2_gbm_poisson,52.038571,23.084823,product,18,1.645000,37.974534,91,0.443610,C,75,35.000000,1,24,Forecast,20260818T075922Z-deb02f
20616,CHERRY BLOSSOM PASSPORT COVER,2011-11,2011-12,M2_gbm_poisson,30.837796,13.775207,product,18,1.645000,22.660216,54,0.446699,C,25,11.333333,1,24,Forecast,20260818T075922Z-deb02f
20617,FIRST CLASS PASSPORT COVER,2011-11,2011-12,M2_gbm_poisson,15.501440,22.011421,product,18,1.645000,36.208787,52,1.419960,C,12,6.000000,1,24,Forecast,20260818T075922Z-deb02f
20618,QUEEN OF THE SKIES PASSPORT COVER,2011-11,2011-12,M2_gbm_poisson,16.696545,18.625978,product,18,1.645000,30.639734,48,1.115559,C,10,5.333333,1,24,Forecast,20260818T075922Z-deb02f
20619,TROPICAL PASSPORT COVER,2011-11,2011-12,M2_gbm_poisson,14.267031,15.233493,product,18,1.645000,25.059095,40,1.067741,C,8,5.333333,1,24,Forecast,20260818T075922Z-deb02f
20620,RED SPOTTY PASSPORT COVER,2011-11,2011-12,M2_gbm_poisson,,,,,,,,,C,0,,,,Inactive (no sales in last 6 months),20260818T075922Z-deb02f
20621,ECONOMY PASSPORT COVER,2011-11,2011-12,M2_gbm_poisson,,,,,,,,,C,0,,,,Inactive (no sales in last 6 months),20260818T075922Z-deb02f
20622,VIPPASSPORT COVER,2011-11,2011-12,M2_gbm_poisson,20.025278,15.151431,product,18,1.645000,24.924104,45,0.756615,B,17,7.000000,1,24,Forecast,20260818T075922Z-deb02f
20652,BLUE POLKADOT LUGGAGE TAG,2011-11,2011-12,M2_gbm_poisson,44.173338,14.691380,product,18,1.645000,24.167320,69,0.332585,C,47,22.000000,1,24,Forecast,20260818T075922Z-deb02f
20653,CHERRY BLOSSOM LUGGAGE TAG,2011-11,2011-12,M2_gbm_poisson,18.126530,12.865336,product,18,1.645000,21.163477,40,0.709752,C,14,5.000000,1,24,Forecast,20260818T075922Z-deb02f
20654,FIRST CLASS LUGGAGE TAG,2011-11,2011-12,M2_gbm_poisson,31.160890,19.490408,product,18,1.645000,32.061721,64,0.625477,C,23,9.333333,1,24,Forecast,20260818T075922Z-deb02f
20655,QUEEN OF SKIES LUGGAGE TAG,2011-11,2011-12,M2_gbm_poisson,17.467245,25.989904,product,18,1.645000,42.753392,61,1.487922,C,10,7.666667,1,24,Forecast,20260818T075922Z-deb02f
20657,TROPICAL LUGGAGE TAG,2011-11,2011-12,M2_gbm_poisson,15.327706,15.641133,product,18,1.645000,25.729665,42,1.020448,C,9,5.333333,1,24,Forecast,20260818T075922Z-deb02f
20658,RED SPOTTY LUGGAGE TAG,2011-11,2011-12,M2_gbm_poisson,5.844373,29.905450,product,18,1.645000,49.194466,56,5.116965,B,0,2.666667,3,24,Forecast,20260818T075922Z-deb02f
20659,ECONOMY LUGGAGE TAG,2011-11,2011-12,M2_gbm_poisson,30.274957,21.222900,product,18,1.645000,34.911671,66,0.701005,C,21,13.666667,1,24,Forecast,20260818T075922Z-deb02f
20660,VIP LUGGAGE TAG,2011-11,2011-12,M2_gbm_poisson,,,,,,,,,C,0,,,,Inactive (no sales in last 6 months),20260818T075922Z-deb02f
20661,BLUE SPOTTY PURSE,2011-11,2011-12,M2_gbm_poisson,12.099235,18.235980,product,18,1.645000,29.998187,43,1.507201,C,5,4.333333,1,24,Forecast,20260818T075922Z-deb02f
20662,FIRST CLASS HOLIDAY PURSE,2011-11,2011-12,M2_gbm_poisson,3.250238,12.406767,product,18,1.645000,20.409132,24,3.817188,C,0,1.000000,2,24,Forecast,20260818T075922Z-deb02f
20663,QUEEN OF THE SKIES HOLIDAY PURSE,2011-11,2011-12,M2_gbm_poisson,2.964982,10.044318,product,18,1.645000,16.522904,20,3.387649,C,0,0.333333,2,24,Forecast,20260818T075922Z-deb02f
20664,TROPICAL HOLIDAY PURSE,2011-11,2011-12,M2_gbm_poisson,3.645793,8.120200,product,18,1.645000,13.357729,18,2.227280,C,0,0.000000,4,24,Forecast,20260818T075922Z-deb02f
20665,RED RETROSPOT PURSE,2011-11,2011-12,M2_gbm_poisson,20.770729,19.754681,product,18,1.645000,32.496451,54,0.951083,A,5,19.000000,1,24,Forecast,20260818T075922Z-deb02f
20666,ECONOMY HOLIDAY PURSE,2011-11,2011-12,M2_gbm_poisson,2.054573,9.567588,product,18,1.645000,15.738683,18,4.656727,C,0,0.000000,5,24,Forecast,20260818T075922Z-deb02f
20667,CHERRY BLOSSOM PURSE,2011-11,2011-12,M2_gbm_poisson,3.559565,3.664987,product,17,1.645000,6.028904,10,1.029617,C,0,0.000000,4,24,Forecast,20260818T075922Z-deb02f
20668,DISCO BALL CHRISTMAS DECORATION,2011-11,2011-12,M2_gbm_poisson,1613.290184,932.678308,product,18,1.645000,1534.255816,3148,0.578122,B,4329,2338.000000,1,24,Forecast,20260818T075922Z-deb02f
20669,RED HEART LUGGAGE TAG,2011-11,2011-12,M2_gbm_poisson,40.853688,23.928793,product,18,1.645000,39.362865,81,0.585719,C,28,26.666667,1,24,Forecast,20260818T075922Z-deb02f
20670,VIP HOLIDAY PURSE,2011-11,2011-12,M2_gbm_poisson,4.473680,6.228996,product,18,1.645000,10.246698,15,1.392365,C,2,1.333333,1,24,Forecast,20260818T075922Z-deb02f
20671,BLUE TEATIME PRINT BOWL,2011-11,2011-12,M2_gbm_poisson,,,,,,,,,B,0,,,,Inactive (no sales in last 6 months),20260818T075922Z-deb02f
20672,PINK TEATIME PRINT BOWL,2011-11,2011-12,M2_gbm_poisson,,,,,,,,,C,0,,,,Inactive (no sales in last 6 months),20260818T075922Z-deb02f
20673,STRAWBERRIES PRINT BOWL,2011-11,2011-12,M2_gbm_poisson,,,,,,,,,C,0,,,,Inactive (no sales in last 6 months),20260818T075922Z-deb02f
20674,GREEN POLKADOT BOWL,2011-11,2011-12,M2_gbm_poisson,71.107072,61.321967,product,18,1.645000,100.874635,172,0.862389,A,107,129.000000,1,24,Forecast,20260818T075922Z-deb02f
20675,BLUE POLKADOT BOWL,2011-11,2011-12,M2_gbm_poisson,120.280693,99.401288,product,18,1.645000,163.515118,284,0.826411,A,173,209.666667,1,24,Forecast,20260818T075922Z-deb02f
20676,RED RETROSPOT BOWL,2011-11,2011-12,M2_gbm_poisson,231.611360,211.979553,product,18,1.645000,348.706365,581,0.915238,A,454,296.000000,1,24,Forecast,20260818T075922Z-deb02f
20677,PINK POLKADOT BOWL,2011-11,2011-12,M2_gbm_poisson,139.181026,119.078503,product,18,1.645000,195.884138,336,0.855566,A,209,210.000000,1,24,Forecast,20260818T075922Z-deb02f
20678,LARGE BLACK DIAMANTE HAIRSLIDE,2011-11,2011-12,M2_gbm_poisson,35.611094,8.023905,abc_group,2,1.645000,13.199324,49,0.225320,C,0,1.333333,3,3,Forecast,20260818T075922Z-deb02f
20679,EDWARDIAN PARASOL RED,2011-11,2011-12,M2_gbm_poisson,104.248617,101.420515,product,18,1.645000,166.836747,272,0.972872,A,162,189.000000,1,24,Forecast,20260818T075922Z-deb02f
20680,PINK FLOWERS CHILDS UMBRELLA,2011-11,2011-12,M2_gbm_poisson,,,,,,,,,C,0,,,,Inactive (no sales in last 6 months),20260818T075922Z-deb02f
20681,PINK SPOTTY CHILDS UMBRELLA,2011-11,2011-12,M2_gbm_poisson,,,,,,,,,A,0,,,,Inactive (no sales in last 6 months),20260818T075922Z-deb02f
20682,RED RETROSPOT CHILDRENS UMBRELLA,2011-11,2011-12,M2_gbm_poisson,85.301082,82.576891,product,18,1.645000,135.838986,222,0.968064,A,124,147.000000,1,24,Forecast,20260818T075922Z-deb02f
20683,RAIN GIRL CHILDS UMBRELLA,2011-11,2011-12,M2_gbm_poisson,,,,,,,,,C,0,,,,Inactive (no sales in last 6 months),20260818T075922Z-deb02f
20684,STRAWBERRY DREAM CHILDS UMBRELLA,2011-11,2011-12,M2_gbm_poisson,2.043711,13.540586,product,18,1.645000,22.274264,25,6.625489,B,0,0.000000,5,24,Forecast,20260818T075922Z-deb02f
20685,DOORMAT RED RETROSPOT,2011-11,2011-12,M2_gbm_poisson,224.521940,138.829552,product,18,1.645000,228.374613,453,0.618334,A,339,241.000000,1,24,Forecast,20260818T075922Z-deb02f
20686,DOLLY MIXTURE CHILDREN'S UMBRELLA,2011-11,2011-12,M2_gbm_poisson,47.197802,15.268334,product,18,1.645000,25.116409,73,0.323497,B,62,40.000000,1,24,Forecast,20260818T075922Z-deb02f
20688,BEAUTY SPEED EXPRESSO CUPS,2011-11,2011-12,M2_gbm_poisson,,,,,,,,,C,0,,,,Inactive (no sales in last 6 months),20260818T075922Z-deb02f
20689,RETRO SISTERS EXPRESSO CUPS,2011-11,2011-12,M2_gbm_poisson,,,,,,,,,C,0,,,,Inactive (no sales in last 6 months),20260818T075922Z-deb02f
20692,FLORAL ELEPHANT SOFT TOY,2011-11,2011-12,M2_gbm_poisson,,,,,,,,,A,0,,,,Inactive (no sales in last 6 months),20260818T075922Z-deb02f
20693,FLORAL DINOSAUR GREEN,2011-11,2011-12,M2_gbm_poisson,,,,,,,,,C,0,,,,Inactive (no sales in last 6 months),20260818T075922Z-deb02f
20694,FLORAL PINK MONSTER,2011-11,2011-12,M2_gbm_poisson,9.741369,9.572036,product,18,1.645000,15.746000,26,0.982617,C,1,4.333333,1,24,Forecast,20260818T075922Z-deb02f
20695,FLORAL BLUE MONSTER,2011-11,2011-12,M2_gbm_poisson,4.512597,3.480255,product,18,1.645000,5.725020,11,0.771231,C,1,1.000000,1,24,Forecast,20260818T075922Z-deb02f
20696,FLORAL SOFT CAR TOY,2011-11,2011-12,M2_gbm_poisson,11.347893,9.715107,product,18,1.645000,15.981351,28,0.856116,C,3,6.000000,1,24,Forecast,20260818T075922Z-deb02f
20697,LITTLE GREEN MONSTER SOFT TOY,2011-11,2011-12,M2_gbm_poisson,9.300159,2.531169,product,18,1.645000,4.163773,14,0.272164,C,4,3.000000,1,24,Forecast,20260818T075922Z-deb02f
20698,LITTLE PINK MONSTER SOFT TOY,2011-11,2011-12,M2_gbm_poisson,12.600962,3.370691,product,18,1.645000,5.544787,19,0.267495,C,6,3.666667,1,23,Forecast,20260818T075922Z-deb02f
20699,MOUSEY LONG LEGS SOFT TOY,2011-11,2011-12,M2_gbm_poisson,5.191489,10.120524,product,18,1.645000,16.648262,22,1.949446,C,3,1.000000,1,24,Forecast,20260818T075922Z-deb02f
20700,GREEN CAT FLORAL CUSHION COVER,2011-11,2011-12,M2_gbm_poisson,6.418552,8.560829,product,18,1.645000,14.082564,21,1.333763,B,0,6.333333,3,24,Forecast,20260818T075922Z-deb02f
20701,PINK CAT FLORAL CUSHION COVER,2011-11,2011-12,M2_gbm_poisson,2.067319,2.388913,product,18,1.645000,3.929763,6,1.155561,C,0,0.000000,6,24,Forecast,20260818T075922Z-deb02f
20702,PINK PADDED MOBILE,2011-11,2011-12,M2_gbm_poisson,4.934939,16.143661,product,18,1.645000,26.556322,32,3.271299,B,0,2.000000,2,24,Forecast,20260818T075922Z-deb02f
20703,BLUE PADDED SOFT MOBILE,2011-11,2011-12,M2_gbm_poisson,,,,,,,,,B,0,,,,Inactive (no sales in last 6 months),20260818T075922Z-deb02f
20704,MR ROBOT SOFT TOY,2011-11,2011-12,M2_gbm_poisson,11.018163,5.168937,product,18,1.645000,8.502901,20,0.469129,B,3,6.666667,1,24,Forecast,20260818T075922Z-deb02f
20705,MRS ROBOT SOFT TOY,2011-11,2011-12,M2_gbm_poisson,7.084906,5.250331,product,18,1.645000,8.636795,16,0.741059,C,1,3.000000,1,24,Forecast,20260818T075922Z-deb02f
20707,CRAZY DAISY HEART DECORATION,2011-11,2011-12,M2_gbm_poisson,30.461178,25.063427,product,18,1.645000,41.229338,72,0.822799,B,16,12.333333,1,24,Forecast,20260818T075922Z-deb02f
20711,JUMBO BAG TOYS,2011-11,2011-12,M2_gbm_poisson,186.328026,260.040849,product,18,1.645000,427.767197,615,1.395608,A,391,362.000000,1,24,Forecast,20260818T075922Z-deb02f
20712,JUMBO BAG WOODLAND ANIMALS,2011-11,2011-12,M2_gbm_poisson,444.404687,468.344741,product,18,1.645000,770.427099,1215,1.053870,A,772,1055.666667,1,24,Forecast,20260818T075922Z-deb02f
20713,JUMBO BAG OWLS,2011-11,2011-12,M2_gbm_poisson,522.379526,782.824809,product,18,1.645000,1287.746811,1811,1.498575,A,689,1196.333333,1,24,Forecast,20260818T075922Z-deb02f
20714,POSY SHOPPER BAG,2011-11,2011-12,M2_gbm_poisson,,,,,,,,,C,0,,,,Inactive (no sales in last 6 months),20260818T075922Z-deb02f
20715,LITTLE FLOWER SHOPPER BAG,2011-11,2011-12,M2_gbm_poisson,,,,,,,,,C,0,,,,Inactive (no sales in last 6 months),20260818T075922Z-deb02f
20716,PARTY FOOD SHOPPER BAG,2011-11,2011-12,M2_gbm_poisson,2.054573,24.293884,product,18,1.645000,39.963439,43,11.824295,B,0,0.000000,6,24,Forecast,20260818T075922Z-deb02f
20717,STRAWBERRY SHOPPER BAG,2011-11,2011-12,M2_gbm_poisson,118.504153,97.207336,product,18,1.645000,159.906068,279,0.820286,A,234,143.333333,1,24,Forecast,20260818T075922Z-deb02f
20718,RED RETROSPOT SHOPPER BAG,2011-11,2011-12,M2_gbm_poisson,253.973558,181.534881,product,18,1.645000,298.624880,553,0.714779,A,505,348.333333,1,24,Forecast,20260818T075922Z-deb02f
20719,WOODLAND CHARLOTTE BAG,2011-11,2011-12,M2_gbm_poisson,531.474073,603.175498,product,18,1.645000,992.223695,1524,1.134910,A,1018,1020.333333,1,24,Forecast,20260818T075922Z-deb02f
20721,OWLS CHARLOTTE BAG,2011-11,2011-12,M2_gbm_poisson,,,,,,,,,C,0,,,,Inactive (no sales in last 6 months),20260818T075922Z-deb02f
20723,STRAWBERRY CHARLOTTE BAG,2011-11,2011-12,M2_gbm_poisson,408.389420,254.992893,product,18,1.645000,419.463309,828,0.624387,A,935,914.000000,1,24,Forecast,20260818T075922Z-deb02f
20724,RED RETROSPOT CHARLOTTE BAG,2011-11,2011-12,M2_gbm_poisson,969.145395,520.577999,product,18,1.645000,856.350809,1826,0.537152,A,2209,1887.333333,1,24,Forecast,20260818T075922Z-deb02f
20725,LUNCH BAG RED RETROSPOT,2011-11,2011-12,M2_gbm_poisson,1007.618266,507.903845,product,18,1.645000,835.501825,1844,0.504064,A,1992,1685.666667,1,24,Forecast,20260818T075922Z-deb02f
20726,LUNCH BAG WOODLAND,2011-11,2011-12,M2_gbm_poisson,377.067988,314.543820,product,18,1.645000,517.424584,895,0.834183,A,697,694.666667,1,24,Forecast,20260818T075922Z-deb02f
20727,LUNCH BAG  BLACK SKULL.,2011-11,2011-12,M2_gbm_poisson,858.276694,536.083178,product,18,1.645000,881.856828,1741,0.624604,A,1207,1195.000000,1,24,Forecast,20260818T075922Z-deb02f
20728,LUNCH BAG CARS BLUE,2011-11,2011-12,M2_gbm_poisson,560.980134,570.794402,product,18,1.645000,938.956792,1500,1.017495,A,935,938.000000,1,24,Forecast,20260818T075922Z-deb02f
20729,RED SPOTTY CANDY BAG,2011-11,2011-12,M2_gbm_poisson,,,,,,,,,B,0,,,,Inactive (no sales in last 6 months),20260818T075922Z-deb02f
20730,STRAWBERRY CANDY BAG,2011-11,2011-12,M2_gbm_poisson,,,,,,,,,B,0,,,,Inactive (no sales in last 6 months),20260818T075922Z-deb02f
20731,POSY CANDY BAG,2011-11,2011-12,M2_gbm_poisson,2.085133,24.150516,product,18,1.645000,39.727599,42,11.582242,B,0,0.000000,6,24,Forecast,20260818T075922Z-deb02f
20733,GOLD MINI TAPE MEASURE,2011-11,2011-12,M2_gbm_poisson,55.480077,58.256321,product,18,1.645000,95.831648,152,1.050040,B,63,50.666667,1,24,Forecast,20260818T075922Z-deb02f
20734,SILVER MINI TAPE MEASURE,2011-11,2011-12,M2_gbm_poisson,,,,,,,,,B,0,,,,Inactive (no sales in last 6 months),20260818T075922Z-deb02f
20735,BLACK MINI TAPE MEASURE,2011-11,2011-12,M2_gbm_poisson,15.169608,88.194759,product,18,1.645000,145.080379,161,5.813912,B,6,5.666667,1,24,Forecast,20260818T075922Z-deb02f
20736,PINK MINI TAPE MEASURE,2011-11,2011-12,M2_gbm_poisson,,,,,,,,,C,0,,,,Inactive (no sales in last 6 months),20260818T075922Z-deb02f
20737,RED MINI TAPE MEASURE,2011-11,2011-12,M2_gbm_poisson,,,,,,,,,C,0,,,,Inactive (no sales in last 6 months),20260818T075922Z-deb02f
20738,GREEN MINI TAPE MEASURE,2011-11,2011-12,M2_gbm_poisson,,,,,,,,,B,0,,,,Inactive (no sales in last 6 months),20260818T075922Z-deb02f
20739,*USB Office Glitter Lamp,2011-11,2011-12,M2_gbm_poisson,,,,,,,,,C,0,,,,Inactive (no sales in last 6 months),20260818T075922Z-deb02f
20747,PICCADILLY TEA SET,2011-11,2011-12,M2_gbm_poisson,,,,,,,,,A,0,,,,Inactive (no sales in last 6 months),20260818T075922Z-deb02f
20748,KENSINGTON COFFEE SET,2011-11,2011-12,M2_gbm_poisson,16.900884,6.344490,product,18,1.645000,10.436686,28,0.375394,A,14,7.666667,1,24,Forecast,20260818T075922Z-deb02f
20749,ASSORTED COLOUR MINI CASES,2011-11,2011-12,M2_gbm_poisson,128.078803,60.981117,product,18,1.645000,100.313938,229,0.476122,A,281,187.000000,1,24,Forecast,20260818T075922Z-deb02f
20750,RED RETROSPOT MINI CASES,2011-11,2011-12,M2_gbm_poisson,114.602938,62.004630,product,18,1.645000,101.997616,217,0.541039,A,212,158.666667,1,24,Forecast,20260818T075922Z-deb02f
20751,FUNKY WASHING UP GLOVES ASSORTED,2011-11,2011-12,M2_gbm_poisson,57.762033,57.049707,product,18,1.645000,93.846768,152,0.987668,A,50,56.666667,1,24,Forecast,20260818T075922Z-deb02f
20752,BLUE POLKADOT WASHING UP GLOVES,2011-11,2011-12,M2_gbm_poisson,40.853688,29.181349,product,18,1.645000,48.003318,89,0.714289,B,25,25.000000,1,24,Forecast,20260818T075922Z-deb02f
20753,RETRO PINK SPOT WASHING UP GLOVES,2011-11,2011-12,M2_gbm_poisson,,,,,,,,,C,0,,,,Inactive (no sales in last 6 months),20260818T075922Z-deb02f
20754,RETROSPOT RED WASHING UP GLOVES,2011-11,2011-12,M2_gbm_poisson,56.755803,78.443773,product,18,1.645000,129.040007,186,1.382128,A,43,66.333333,1,24,Forecast,20260818T075922Z-deb02f
20755,BLUE PAISLEY POCKET BOOK,2011-11,2011-12,M2_gbm_poisson,54.094463,50.847546,product,18,1.645000,83.644213,138,0.939977,B,87,48.666667,1,24,Forecast,20260818T075922Z-deb02f
20756,GREEN FERN POCKET BOOK,2011-11,2011-12,M2_gbm_poisson,24.412839,9.762180,product,18,1.645000,16.058786,41,0.399879,C,13,10.000000,1,24,Forecast,20260818T075922Z-deb02f
20757,RED DAISY POCKET BOOK,2011-11,2011-12,M2_gbm_poisson,47.296093,20.600430,product,18,1.645000,33.887708,82,0.435563,C,60,24.333333,1,24,Forecast,20260818T075922Z-deb02f
20758,ABSTRACT CIRCLES POCKET BOOK,2011-11,2011-12,M2_gbm_poisson,39.799689,11.979630,product,18,1.645000,19.706492,60,0.300998,C,37,20.000000,1,24,Forecast,20260818T075922Z-deb02f
20759,CHRYSANTHEMUM POCKET BOOK,2011-11,2011-12,M2_gbm_poisson,31.678818,9.802358,product,18,1.645000,16.124879,48,0.309429,C,26,11.666667,1,24,Forecast,20260818T075922Z-deb02f
20760,GARDEN PATH POCKET BOOK,2011-11,2011-12,M2_gbm_poisson,28.307961,12.171849,product,18,1.645000,20.022692,49,0.429980,B,18,13.333333,1,24,Forecast,20260818T075922Z-deb02f
20761,BLUE PAISLEY SKETCHBOOK,2011-11,2011-12,M2_gbm_poisson,20.083996,13.322718,product,18,1.645000,21.915871,42,0.663350,B,14,14.000000,1,24,Forecast,20260818T075922Z-deb02f
20762,GREEN FERN SKETCHBOOK,2011-11,2011-12,M2_gbm_poisson,12.380713,9.299979,product,18,1.645000,15.298466,28,0.751167,B,8,7.333333,1,24,Forecast,20260818T075922Z-deb02f
20763,DAISY SKETCHBOOK,2011-11,2011-12,M2_gbm_poisson,31.895099,10.653148,product,18,1.645000,17.524429,50,0.334006,C,24,10.333333,1,24,Forecast,20260818T075922Z-deb02f
20764,ABSTRACT CIRCLES SKETCHBOOK,2011-11,2011-12,M2_gbm_poisson,33.199811,12.772599,product,18,1.645000,21.010925,55,0.384719,B,26,16.000000,1,24,Forecast,20260818T075922Z-deb02f
20765,CHRYSANTHEMUM SKETCHBOOK,2011-11,2011-12,M2_gbm_poisson,18.562019,7.112773,product,18,1.645000,11.700512,31,0.383190,B,12,9.000000,1,24,Forecast,20260818T075922Z-deb02f
20766,GARDEN PATH SKETCHBOOK,2011-11,2011-12,M2_gbm_poisson,20.757927,13.885439,product,18,1.645000,22.841546,44,0.668922,B,14,11.333333,1,24,Forecast,20260818T075922Z-deb02f
20767,BLUE PAISLEY JOURNAL,2011-11,2011-12,M2_gbm_poisson,40.201920,13.130499,product,18,1.645000,21.599670,62,0.326614,B,23,18.333333,1,24,Forecast,20260818T075922Z-deb02f
20768,GREEN FERN JOURNAL,2011-11,2011-12,M2_gbm_poisson,42.910557,19.156675,product,18,1.645000,31.512730,75,0.446433,B,42,19.666667,1,24,Forecast,20260818T075922Z-deb02f
20769,DAISY JOURNAL,2011-11,2011-12,M2_gbm_poisson,22.186513,14.376179,product,18,1.645000,23.648815,46,0.647969,C,14,10.666667,1,24,Forecast,20260818T075922Z-deb02f
20770,ABSTRACT CIRCLE JOURNAL,2011-11,2011-12,M2_gbm_poisson,7.231542,15.901033,product,18,1.645000,26.157200,34,2.198844,B,2,2.000000,1,24,Forecast,20260818T075922Z-deb02f
20771,CHRYSANTHEMUM  JOURNAL,2011-11,2011-12,M2_gbm_poisson,29.580105,15.624454,product,18,1.645000,25.702227,56,0.528208,B,22,13.000000,1,24,Forecast,20260818T075922Z-deb02f
20772,GARDEN PATH JOURNAL,2011-11,2011-12,M2_gbm_poisson,57.943338,19.405232,product,18,1.645000,31.921607,90,0.334900,B,105,46.333333,1,24,Forecast,20260818T075922Z-deb02f
20773,BLUE PAISLEY NOTEBOOK,2011-11,2011-12,M2_gbm_poisson,3.785912,7.067258,product,18,1.645000,11.625639,16,1.866725,B,0,0.666667,3,24,Forecast,20260818T075922Z-deb02f
20774,GREEN FERN NOTEBOOK,2011-11,2011-12,M2_gbm_poisson,10.527934,7.833465,product,18,1.645000,12.886051,24,0.744065,C,0,14.666667,2,24,Forecast,20260818T075922Z-deb02f
20775,DAISY NOTEBOOK,2011-11,2011-12,M2_gbm_poisson,44.976026,8.588554,product,18,1.645000,14.128171,60,0.190958,C,48,29.333333,1,24,Forecast,20260818T075922Z-deb02f
20776,ABSTRACT CIRCLES NOTEBOOK,2011-11,2011-12,M2_gbm_poisson,,,,,,,,,C,0,,,,Inactive (no sales in last 6 months),20260818T075922Z-deb02f
20777,CHRYSANTHEMUM NOTEBOOK,2011-11,2011-12,M2_gbm_poisson,53.731671,7.820863,product,18,1.645000,12.865320,67,0.145554,B,56,35.666667,1,24,Forecast,20260818T075922Z-deb02f
20778,GARDEN PATH NOTEBOOK,2011-11,2011-12,M2_gbm_poisson,,,,,,,,,B,0,,,,Inactive (no sales in last 6 months),20260818T075922Z-deb02f
20780,BLACK EAR MUFF HEADPHONES,2011-11,2011-12,M2_gbm_poisson,13.659094,2.032422,product,18,1.645000,3.343335,18,0.148796,B,10,3.666667,1,24,Forecast,20260818T075922Z-deb02f
20781,GOLD EAR MUFF HEADPHONES,2011-11,2011-12,M2_gbm_poisson,14.870462,2.380092,product,18,1.645000,3.915251,19,0.160055,C,10,4.000000,1,24,Forecast,20260818T075922Z-deb02f
20782,CAMOUFLAGE EAR MUFF HEADPHONES,2011-11,2011-12,M2_gbm_poisson,12.548588,4.510069,product,18,1.645000,7.419064,20,0.359409,C,6,3.666667,1,24,Forecast,20260818T075922Z-deb02f
20783,HEART EAR MUFF HEADPHONES,2011-11,2011-12,M2_gbm_poisson,,,,,,,,,B,0,,,,Inactive (no sales in last 6 months),20260818T075922Z-deb02f
20784,RED RETRO BAR STOOL,2011-11,2011-12,M2_gbm_poisson,,,,,,,,,A,0,,,,Inactive (no sales in last 6 months),20260818T075922Z-deb02f
20785,FUSCHIA RETRO BAR STOOL,2011-11,2011-12,M2_gbm_poisson,,,,,,,,,A,0,,,,Inactive (no sales in last 6 months),20260818T075922Z-deb02f
20786,BLACK RETRO BAR STOOL,2011-11,2011-12,M2_gbm_poisson,,,,,,,,,A,0,,,,Inactive (no sales in last 6 months),20260818T075922Z-deb02f
20787,BLUE RETRO BAR STOOL,2011-11,2011-12,M2_gbm_poisson,,,,,,,,,B,0,,,,Inactive (no sales in last 6 months),20260818T075922Z-deb02f
20791,BLUE TILED SET OF 3 DRAWERS,2011-11,2011-12,M2_gbm_poisson,,,,,,,,,C,0,,,,Inactive (no sales in last 6 months),20260818T075922Z-deb02f
20793,BLUE TILED TRAY,2011-11,2011-12,M2_gbm_poisson,2.446845,2.999596,product,18,1.645000,4.934336,8,1.225904,C,0,0.333333,3,24,Forecast,20260818T075922Z-deb02f
20794,BLUE  TILE HOOK,2011-11,2011-12,M2_gbm_poisson,12.677553,7.079637,product,18,1.645000,11.646004,25,0.558439,C,5,4.333333,1,23,Forecast,20260818T075922Z-deb02f
20795,LARGE BLUE PROVENCAL CERAMIC BALL,2011-11,2011-12,M2_gbm_poisson,13.373933,7.918122,product,18,1.645000,13.025310,27,0.592056,C,5,5.666667,1,24,Forecast,20260818T075922Z-deb02f
20796,SMALL BLUE PROVENCAL CERAMIC BALL,2011-11,2011-12,M2_gbm_poisson,11.920919,7.721974,product,18,1.645000,12.702647,25,0.647767,C,4,5.000000,1,24,Forecast,20260818T075922Z-deb02f
20798,CLEAR MILKSHAKE GLASS,2011-11,2011-12,M2_gbm_poisson,,,,,,,,,B,0,,,,Inactive (no sales in last 6 months),20260818T075922Z-deb02f
20799,PINK MILKSHAKE GLASS,2011-11,2011-12,M2_gbm_poisson,,,,,,,,,C,0,,,,Inactive (no sales in last 6 months),20260818T075922Z-deb02f
20800,LARGE GLASS SUNDAE DISH CLEAR,2011-11,2011-12,M2_gbm_poisson,,,,,,,,,C,0,,,,Inactive (no sales in last 6 months),20260818T075922Z-deb02f
20801,LARGE PINK GLASS SUNDAE DISH,2011-11,2011-12,M2_gbm_poisson,,,,,,,,,B,0,,,,Inactive (no sales in last 6 months),20260818T075922Z-deb02f
20802,SMALL GLASS SUNDAE DISH CLEAR,2011-11,2011-12,M2_gbm_poisson,37.632768,27.946269,product,18,1.645000,45.971612,84,0.742605,B,30,25.333333,1,24,Forecast,20260818T075922Z-deb02f
20803,SMALL PINK GLASS SUNDAE DISH,2011-11,2011-12,M2_gbm_poisson,,,,,,,,,C,0,,,,Inactive (no sales in last 6 months),20260818T075922Z-deb02f
20804,GLASS CHICKEN BUTTER DISH,2011-11,2011-12,M2_gbm_poisson,,,,,,,,,C,0,,,,Inactive (no sales in last 6 months),20260818T075922Z-deb02f
20812,EMBOSSED FLOWER TRELLIS PHOTO FRAME,2011-11,2011-12,M2_gbm_poisson,,,,,,,,,C,0,,,,Inactive (no sales in last 6 months),20260818T075922Z-deb02f
20814,SILVER FINCH DECORATION,2011-11,2011-12,M2_gbm_poisson,,,,,,,,,C,0,,,,Inactive (no sales in last 6 months),20260818T075922Z-deb02f
20816,GOLD FLOWER CUSHION COVER,2011-11,2011-12,M2_gbm_poisson,,,,,,,,,C,0,,,,Inactive (no sales in last 6 months),20260818T075922Z-deb02f
20818,GOLD TEDDY BEAR,2011-11,2011-12,M2_gbm_poisson,,,,,,,,,C,0,,,,Inactive (no sales in last 6 months),20260818T075922Z-deb02f
20819,SILVER TEDDY BEAR,2011-11,2011-12,M2_gbm_poisson,31.303334,11.984004,product,18,1.645000,19.713687,52,0.382835,C,25,11.666667,1,24,Forecast,20260818T075922Z-deb02f
20820,SILVER LOOKING MIRROR,2011-11,2011-12,M2_gbm_poisson,,,,,,,,,C,0,,,,Inactive (no sales in last 6 months),20260818T075922Z-deb02f
20821,GOLDIE LOOKING MIRROR,2011-11,2011-12,M2_gbm_poisson,4.397964,5.227129,product,18,1.645000,8.598627,13,1.188534,C,2,0.666667,1,24,Forecast,20260818T075922Z-deb02f
20822,SILVER WINE GOBLET,2011-11,2011-12,M2_gbm_poisson,,,,,,,,,C,0,,,,Inactive (no sales in last 6 months),20260818T075922Z-deb02f
20823,GOLD WINE GOBLET,2011-11,2011-12,M2_gbm_poisson,2.074774,7.843769,product,18,1.645000,12.903001,15,3.780541,C,0,0.000000,6,24,Forecast,20260818T075922Z-deb02f
20825,GOLD WINE GLASS,2011-11,2011-12,M2_gbm_poisson,,,,,,,,,B,0,,,,Inactive (no sales in last 6 months),20260818T075922Z-deb02f
20826,SILVER APERITIF GLASS,2011-11,2011-12,M2_gbm_poisson,,,,,,,,,C,0,,,,Inactive (no sales in last 6 months),20260818T075922Z-deb02f
20827,GOLD APERITIF GLASS,2011-11,2011-12,M2_gbm_poisson,,,,,,,,,C,0,,,,Inactive (no sales in last 6 months),20260818T075922Z-deb02f
20828,GLITTER BUTTERFLY CLIPS,2011-11,2011-12,M2_gbm_poisson,78.082547,53.708964,product,18,1.645000,88.351246,167,0.687849,A,124,90.666667,1,24,Forecast,20260818T075922Z-deb02f
20829,GLITTER HANGING BUTTERFLY STRING,2011-11,2011-12,M2_gbm_poisson,88.421533,96.096869,product,18,1.645000,158.079349,247,1.086804,A,153,103.333333,1,24,Forecast,20260818T075922Z-deb02f
20830,SILVER PHOTO FRAME,2011-11,2011-12,M2_gbm_poisson,5.303210,12.792392,product,18,1.645000,21.043484,27,2.412198,B,0,2.000000,2,24,Forecast,20260818T075922Z-deb02f
20831,GOLD PHOTO FRAME,2011-11,2011-12,M2_gbm_poisson,19.456072,20.608807,product,18,1.645000,33.901488,54,1.059248,C,12,9.666667,1,24,Forecast,20260818T075922Z-deb02f
20832,RED FLOCK LOVE HEART PHOTO FRAME,2011-11,2011-12,M2_gbm_poisson,65.567970,37.050100,product,18,1.645000,60.947414,127,0.565064,C,103,122.000000,1,24,Forecast,20260818T075922Z-deb02f
20833,SHAKER THROW  QUILTED,2011-11,2011-12,M2_gbm_poisson,,,,,,,,,C,0,,,,Inactive (no sales in last 6 months),20260818T075922Z-deb02f
20835,FRENCH LATTICE CUSHION COVER,2011-11,2011-12,M2_gbm_poisson,16.389314,8.274835,product,15,1.645000,13.612104,31,0.504892,C,12,8.000000,1,21,Forecast,20260818T075922Z-deb02f
20836,FRENCH PAISLEY CUSHION COVER,2011-11,2011-12,M2_gbm_poisson,41.123460,4.139567,product,13,1.645000,6.809588,48,0.100662,C,42,30.000000,1,21,Forecast,20260818T075922Z-deb02f
20837,FRENCH FLORAL CUSHION COVER,2011-11,2011-12,M2_gbm_poisson,42.369033,11.815507,product,16,1.645000,19.436508,62,0.278871,C,39,19.000000,1,24,Forecast,20260818T075922Z-deb02f
20838,FRENCH LATTICE CUSHION COVER,2011-11,2011-12,M2_gbm_poisson,47.185595,10.425347,product,18,1.645000,17.149695,65,0.220943,C,34,51.000000,1,22,Forecast,20260818T075922Z-deb02f
20839,FRENCH PAISLEY CUSHION COVER,2011-11,2011-12,M2_gbm_poisson,70.362595,13.631469,product,18,1.645000,22.423767,93,0.193732,C,92,95.666667,1,24,Forecast,20260818T075922Z-deb02f
20840,FRENCH FLORAL CUSHION COVER,2011-11,2011-12,M2_gbm_poisson,41.102400,14.391376,product,18,1.645000,23.673813,65,0.350135,B,30,34.000000,1,24,Forecast,20260818T075922Z-deb02f
20845,ZINC HEART LATTICE 2 WALL PLANTER,2011-11,2011-12,M2_gbm_poisson,2.430712,2.271491,product,18,1.645000,3.736603,7,0.934496,C,0,0.000000,4,24,Forecast,20260818T075922Z-deb02f
20846,ZINC HEART LATTICE T-LIGHT HOLDER,2011-11,2011-12,M2_gbm_poisson,60.382455,34.976017,product,18,1.645000,57.535547,118,0.579241,B,90,51.666667,1,24,Forecast,20260818T075922Z-deb02f
20847,ZINC HEART LATTICE CHARGER LARGE,2011-11,2011-12,M2_gbm_poisson,8.574417,8.293664,product,18,1.645000,13.643078,23,0.967257,C,1,2.333333,1,24,Forecast,20260818T075922Z-deb02f
20848,ZINC HEART LATTICE CHARGER SMALL,2011-11,2011-12,M2_gbm_poisson,5.020509,3.424658,product,18,1.645000,5.633562,11,0.682134,C,3,1.666667,1,24,Forecast,20260818T075922Z-deb02f
20849,ZINC HEART LATTICE DOUBLE PLANTER,2011-11,2011-12,M2_gbm_poisson,,,,,,,,,C,0,,,,Inactive (no sales in last 6 months),20260818T075922Z-deb02f
20850,ZINC HEART LATTICE PLANTER BOWL,2011-11,2011-12,M2_gbm_poisson,,,,,,,,,C,0,,,,Inactive (no sales in last 6 months),20260818T075922Z-deb02f
20851,ZINC HEART LATTICE TRAY OVAL,2011-11,2011-12,M2_gbm_poisson,,,,,,,,,C,0,,,,Inactive (no sales in last 6 months),20260818T075922Z-deb02f
20854,BLUE PATCH PURSE PINK HEART,2011-11,2011-12,M2_gbm_poisson,,,,,,,,,C,0,,,,Inactive (no sales in last 6 months),20260818T075922Z-deb02f
20855,PINK PATCH PURSE BLUE HEART,2011-11,2011-12,M2_gbm_poisson,,,,,,,,,C,0,,,,Inactive (no sales in last 6 months),20260818T075922Z-deb02f
20856,DENIM PATCH PURSE PINK BUTTERFLY,2011-11,2011-12,M2_gbm_poisson,3.645793,19.793377,product,18,1.645000,32.560105,37,5.429101,C,0,0.000000,4,24,Forecast,20260818T075922Z-deb02f
20857,BLUE ROSE PATCH PURSE PINK BUTTERFL,2011-11,2011-12,M2_gbm_poisson,,,,,,,,,C,0,,,,Inactive (no sales in last 6 months),20260818T075922Z-deb02f
20858,SILVER PURSE GOLD PINK BUTTERFLY,2011-11,2011-12,M2_gbm_poisson,,,,,,,,,C,0,,,,Inactive (no sales in last 6 months),20260818T075922Z-deb02f
20860,GOLD COSMETICS BAG WITH BUTTERFLY,2011-11,2011-12,M2_gbm_poisson,,,,,,,,,C,0,,,,Inactive (no sales in last 6 months),20260818T075922Z-deb02f
20861,GOLD COSMETIC BAG PINK STAR,2011-11,2011-12,M2_gbm_poisson,,,,,,,,,C,0,,,,Inactive (no sales in last 6 months),20260818T075922Z-deb02f
20862,PINK PATCH PENCIL CASE BLUE HEART,2011-11,2011-12,M2_gbm_poisson,,,,,,,,,C,0,,,,Inactive (no sales in last 6 months),20260818T075922Z-deb02f
20863,BLUE PATCH PENCIL CASE PINK HEART,2011-11,2011-12,M2_gbm_poisson,,,,,,,,,C,0,,,,Inactive (no sales in last 6 months),20260818T075922Z-deb02f
20864,DENIM PATCH PENCIL CASE BUTTERFLY,2011-11,2011-12,M2_gbm_poisson,,,,,,,,,C,0,,,,Inactive (no sales in last 6 months),20260818T075922Z-deb02f
20865,PATCHWORK PENCIL CASE BUTTERFLY,2011-11,2011-12,M2_gbm_poisson,,,,,,,,,C,0,,,,Inactive (no sales in last 6 months),20260818T075922Z-deb02f
20866,BLUE ROSE FABRIC MIRROR,2011-11,2011-12,M2_gbm_poisson,56.296878,22.967772,product,18,1.645000,37.781985,95,0.407976,B,45,77.000000,1,24,Forecast,20260818T075922Z-deb02f
20867,PINK ROSE FABRIC MIRROR,2011-11,2011-12,M2_gbm_poisson,32.102983,26.504218,product,18,1.645000,43.599438,76,0.825600,B,24,11.000000,1,24,Forecast,20260818T075922Z-deb02f
20868,SILVER FABRIC MIRROR,2011-11,2011-12,M2_gbm_poisson,91.297683,20.429783,product,18,1.645000,33.606993,125,0.223771,C,279,109.000000,1,24,Forecast,20260818T075922Z-deb02f
20869,GOLD FABRIC MIRROR,2011-11,2011-12,M2_gbm_poisson,51.834556,16.527877,product,18,1.645000,27.188357,80,0.318858,C,80,42.000000,1,24,Forecast,20260818T075922Z-deb02f
20870,OPULENT VELVET CANDLE IN BOX,2011-11,2011-12,M2_gbm_poisson,,,,,,,,,C,0,,,,Inactive (no sales in last 6 months),20260818T075922Z-deb02f
20871,OPULENT VELVET SET/3 CANDLES,2011-11,2011-12,M2_gbm_poisson,,,,,,,,,B,0,,,,Inactive (no sales in last 6 months),20260818T075922Z-deb02f
20877,MODERN CHRISTMAS BAUBLE CANDLE,2011-11,2011-12,M2_gbm_poisson,,,,,,,,,C,0,,,,Inactive (no sales in last 6 months),20260818T075922Z-deb02f
20878,SET/9 CHRISTMAS T-LIGHTS SCENTED,2011-11,2011-12,M2_gbm_poisson,,,,,,,,,B,0,,,,Inactive (no sales in last 6 months),20260818T075922Z-deb02f
20879,TREE OF NOAH FESTIVE SCENTED CANDLE,2011-11,2011-12,M2_gbm_poisson,,,,,,,,,C,0,,,,Inactive (no sales in last 6 months),20260818T075922Z-deb02f
20881,MODERN CHRISTMAS TREE CANDLE,2011-11,2011-12,M2_gbm_poisson,,,,,,,,,C,0,,,,Inactive (no sales in last 6 months),20260818T075922Z-deb02f
20882,MODERN CHRISTMAS TREE CANDLE,2011-11,2011-12,M2_gbm_poisson,,,,,,,,,C,0,,,,Inactive (no sales in last 6 months),20260818T075922Z-deb02f
20884,MODERN CHRISTMAS TREE CANDLE,2011-11,2011-12,M2_gbm_poisson,,,,,,,,,C,0,,,,Inactive (no sales in last 6 months),20260818T075922Z-deb02f
20885,BOX OF 3 PEBBLE CANDLES,2011-11,2011-12,M2_gbm_poisson,,,,,,,,,C,0,,,,Inactive (no sales in last 6 months),20260818T075922Z-deb02f
20886,BOX OF 9 PEBBLE CANDLES,2011-11,2011-12,M2_gbm_poisson,19.243784,38.701197,product,18,1.645000,63.663470,83,2.011101,A,5,13.333333,1,24,Forecast,20260818T075922Z-deb02f
20887,BOX OF 6 PEBBLE CANDLES,2011-11,2011-12,M2_gbm_poisson,,,,,,,,,C,0,,,,Inactive (no sales in last 6 months),20260818T075922Z-deb02f
20888,SET 3 JARDIN DE FEMME SCENT CANDLES,2011-11,2011-12,M2_gbm_poisson,,,,,,,,,C,0,,,,Inactive (no sales in last 6 months),20260818T075922Z-deb02f
20889,JARDIN DE FEMME SCENTED CANDLE,2011-11,2011-12,M2_gbm_poisson,,,,,,,,,C,0,,,,Inactive (no sales in last 6 months),20260818T075922Z-deb02f
20890,SMALL GLASS ROSE SCENTED CANDLE,2011-11,2011-12,M2_gbm_poisson,,,,,,,,,C,0,,,,Inactive (no sales in last 6 months),20260818T075922Z-deb02f
20891,LARGE GLASS ROSE SCENTED CANDLE,2011-11,2011-12,M2_gbm_poisson,,,,,,,,,C,0,,,,Inactive (no sales in last 6 months),20260818T075922Z-deb02f
20892,SET/3 TALL GLASS CANDLE HOLDER PINK,2011-11,2011-12,M2_gbm_poisson,,,,,,,,,B,0,,,,Inactive (no sales in last 6 months),20260818T075922Z-deb02f
20893,HANGING BAUBLE T-LIGHT HOLDER SMALL,2011-11,2011-12,M2_gbm_poisson,19.531328,18.776981,product,18,1.645000,30.888133,51,0.961378,B,8,11.666667,1,24,Forecast,20260818T075922Z-deb02f
20894,HANGING BAUBLE T-LIGHT HOLDER LARGE,2011-11,2011-12,M2_gbm_poisson,16.447454,6.317803,product,18,1.645000,10.392787,27,0.384120,C,13,8.000000,1,24,Forecast,20260818T075922Z-deb02f
20895,VINTAGE NOTEBOOK FRENCH LETTER,2011-11,2011-12,M2_gbm_poisson,,,,,,,,,C,0,,,,Inactive (no sales in last 6 months),20260818T075922Z-deb02f
20896,VINTAGE NOTEBOOK PINK FLOWER,2011-11,2011-12,M2_gbm_poisson,,,,,,,,,C,0,,,,Inactive (no sales in last 6 months),20260818T075922Z-deb02f
20897,VINTAGE NOTEBOOK PARIS DAYS,2011-11,2011-12,M2_gbm_poisson,3.251991,11.074355,product,18,1.645000,18.217314,22,3.405408,C,0,0.000000,4,24,Forecast,20260818T075922Z-deb02f
20898,VINTAGE NOTEBOOK TRAVELOGUE,2011-11,2011-12,M2_gbm_poisson,4.657633,9.467142,product,18,1.645000,15.573449,21,2.032608,C,0,1.666667,2,24,Forecast,20260818T075922Z-deb02f
20899,VINTAGE NOTEBOOK RED ROSE,2011-11,2011-12,M2_gbm_poisson,,,,,,,,,C,0,,,,Inactive (no sales in last 6 months),20260818T075922Z-deb02f
20901,VINTAGE KEEPSAKE BOX PINK FLOWER,2011-11,2011-12,M2_gbm_poisson,4.695900,5.911200,product,14,1.645000,9.723925,15,1.258800,C,1,0.333333,1,24,Forecast,20260818T075922Z-deb02f
20902,VINTAGE KEEPSAKE BOX PARIS DAYS,2011-11,2011-12,M2_gbm_poisson,2.745041,9.988350,product,18,1.645000,16.430836,20,3.638689,B,0,0.000000,4,24,Forecast,20260818T075922Z-deb02f
20903,VINTAGE KEEPSAKE BOX TRAVELOGUE,2011-11,2011-12,M2_gbm_poisson,3.668354,5.789998,product,18,1.645000,9.524546,14,1.578364,C,0,0.666667,2,24,Forecast,20260818T075922Z-deb02f
20905,VINTAGE KEEPSAKE BOX BEAUTY GIRL,2011-11,2011-12,M2_gbm_poisson,,,,,,,,,C,0,,,,Inactive (no sales in last 6 months),20260818T075922Z-deb02f
20906,VINTAGE NOTEBOOK BEAUTY GIRL,2011-11,2011-12,M2_gbm_poisson,,,,,,,,,C,0,,,,Inactive (no sales in last 6 months),20260818T075922Z-deb02f
20910,VINTAGE PHOTO ALBUM PARIS DAYS,2011-11,2011-12,M2_gbm_poisson,,,,,,,,,C,0,,,,Inactive (no sales in last 6 months),20260818T075922Z-deb02f
20913,SET/5 BLUE SPOTTY LID GLASS BOWLS,2011-11,2011-12,M2_gbm_poisson,,,,,,,,,C,0,,,,Inactive (no sales in last 6 months),20260818T075922Z-deb02f
20914,SET/5 RED RETROSPOT LID GLASS BOWLS,2011-11,2011-12,M2_gbm_poisson,425.936176,180.105507,product,18,1.645000,296.273559,723,0.422846,A,762,557.000000,1,24,Forecast,20260818T075922Z-deb02f
20931,BLUE POT PLANT CANDLE,2011-11,2011-12,M2_gbm_poisson,64.577868,28.083335,product,18,1.645000,46.197086,111,0.434876,B,110,43.333333,1,24,Forecast,20260818T075922Z-deb02f
20932,PINK POT PLANT CANDLE,2011-11,2011-12,M2_gbm_poisson,47.607435,18.358072,product,18,1.645000,30.199029,78,0.385614,C,77,38.666667,1,24,Forecast,20260818T075922Z-deb02f
20933,YELLOW POT PLANT CANDLE,2011-11,2011-12,M2_gbm_poisson,4.978901,9.769889,product,18,1.645000,16.071468,22,1.962258,B,1,1.666667,1,24,Forecast,20260818T075922Z-deb02f
20934,SET/3 POT PLANT CANDLES,2011-11,2011-12,M2_gbm_poisson,10.499295,2.794404,product,17,1.645000,4.596795,16,0.266152,B,2,7.666667,1,24,Forecast,20260818T075922Z-deb02f
20935,ROUND CACTUS CANDLE,2011-11,2011-12,M2_gbm_poisson,7.644682,5.137283,product,14,1.645000,8.450831,17,0.672007,C,5,2.000000,1,24,Forecast,20260818T075922Z-deb02f
20936,FORKED CACTUS CANDLE,2011-11,2011-12,M2_gbm_poisson,45.707878,13.508191,product,18,1.645000,22.220974,68,0.295533,C,22,18.000000,1,24,Forecast,20260818T075922Z-deb02f
20939,ORANGE CANDLE,2011-11,2011-12,M2_gbm_poisson,,,,,,,,,C,0,,,,Inactive (no sales in last 6 months),20260818T075922Z-deb02f
20940,SET/6 GARDEN GNOME T-LIGHT CANDLES,2011-11,2011-12,M2_gbm_poisson,,,,,,,,,C,0,,,,Inactive (no sales in last 6 months),20260818T075922Z-deb02f
20941,FROG CANDLE,2011-11,2011-12,M2_gbm_poisson,2.074774,14.770551,product,18,1.645000,24.297556,27,7.119112,C,0,0.000000,5,24,Forecast,20260818T075922Z-deb02f
20942,SET/6 GINGERBREAD TREE T-LIGHTS,2011-11,2011-12,M2_gbm_poisson,,,,,,,,,C,0,,,,Inactive (no sales in last 6 months),20260818T075922Z-deb02f
20943,SET/6 GINGERBREAD STAR T-LIGHTS,2011-11,2011-12,M2_gbm_poisson,,,,,,,,,C,0,,,,Inactive (no sales in last 6 months),20260818T075922Z-deb02f
20950,SET/6  ANGEL T-LIGHTS WHITE/GOLD,2011-11,2011-12,M2_gbm_poisson,,,,,,,,,C,0,,,,Inactive (no sales in last 6 months),20260818T075922Z-deb02f
20952,PORCELAIN CHERUB BELL SMALL,2011-11,2011-12,M2_gbm_poisson,,,,,,,,,C,0,,,,Inactive (no sales in last 6 months),20260818T075922Z-deb02f
20953,PORCELAIN CHERUB BELL LARGE,2011-11,2011-12,M2_gbm_poisson,,,,,,,,,C,0,,,,Inactive (no sales in last 6 months),20260818T075922Z-deb02f
20954,*USB Office Mirror Ball,2011-11,2011-12,M2_gbm_poisson,,,,,,,,,C,0,,,,Inactive (no sales in last 6 months),20260818T075922Z-deb02f
20956,PORCELAIN T-LIGHT HOLDERS ASSORTED,2011-11,2011-12,M2_gbm_poisson,102.069796,66.891205,product,18,1.645000,110.036033,213,0.655348,B,237,181.333333,1,24,Forecast,20260818T075922Z-deb02f
20957,PORCELAIN HANGING BELL SMALL,2011-11,2011-12,M2_gbm_poisson,,,,,,,,,C,0,,,,Inactive (no sales in last 6 months),20260818T075922Z-deb02f
20958,PORCELAIN HANGING BELL LARGE,2011-11,2011-12,M2_gbm_poisson,,,,,,,,,C,0,,,,Inactive (no sales in last 6 months),20260818T075922Z-deb02f
20960,WATERMELON BATH SPONGE,2011-11,2011-12,M2_gbm_poisson,,,,,,,,,B,0,,,,Inactive (no sales in last 6 months),20260818T075922Z-deb02f
20961,STRAWBERRY BATH SPONGE,2011-11,2011-12,M2_gbm_poisson,108.913070,102.264337,product,18,1.645000,168.224834,278,0.938954,A,252,137.333333,1,24,Forecast,20260818T075922Z-deb02f
20963,APPLE BATH SPONGE,2011-11,2011-12,M2_gbm_poisson,135.158757,96.736907,product,18,1.645000,159.132212,295,0.715728,A,275,151.000000,1,24,Forecast,20260818T075922Z-deb02f
20964,POLYESTER FILLER PAD 60x40cm,2011-11,2011-12,M2_gbm_poisson,,,,,,,,,C,0,,,,Inactive (no sales in last 6 months),20260818T075922Z-deb02f
20966,SANDWICH BATH SPONGE,2011-11,2011-12,M2_gbm_poisson,3.261337,95.729851,product,18,1.645000,157.475605,161,29.352948,A,0,0.000000,4,24,Forecast,20260818T075922Z-deb02f
20967,GREY FLORAL FELTCRAFT SHOULDER BAG,2011-11,2011-12,M2_gbm_poisson,2.983868,26.121262,product,18,1.645000,42.969476,46,8.754162,A,0,0.333333,2,24,Forecast,20260818T075922Z-deb02f
20968,GREEN FLORAL FELTCRAFT SHOULDER BAG,2011-11,2011-12,M2_gbm_poisson,,,,,,,,,C,0,,,,Inactive (no sales in last 6 months),20260818T075922Z-deb02f
20969,RED FLORAL FELTCRAFT SHOULDER BAG,2011-11,2011-12,M2_gbm_poisson,171.881383,49.294448,product,18,1.645000,81.089368,253,0.286793,A,212,350.666667,1,24,Forecast,20260818T075922Z-deb02f
20970,PINK FLORAL FELTCRAFT SHOULDER BAG,2011-11,2011-12,M2_gbm_poisson,120.976984,32.038541,product,18,1.645000,52.703400,174,0.264832,A,236,198.333333,1,24,Forecast,20260818T075922Z-deb02f
20971,PINK BLUE FELT CRAFT TRINKET BOX,2011-11,2011-12,M2_gbm_poisson,923.640472,256.894031,product,18,1.645000,422.590681,1347,0.278132,A,1389,2289.666667,1,24,Forecast,20260818T075922Z-deb02f
20972,PINK CREAM FELT CRAFT TRINKET BOX,2011-11,2011-12,M2_gbm_poisson,445.112938,383.142091,product,18,1.645000,630.268740,1076,0.860775,A,1004,846.333333,1,24,Forecast,20260818T075922Z-deb02f
20973,12 PENCIL SMALL TUBE WOODLAND,2011-11,2011-12,M2_gbm_poisson,934.095751,234.743171,product,18,1.645000,386.152517,1321,0.251305,A,1649,761.333333,1,21,Forecast,20260818T075922Z-deb02f
20974,12 PENCILS SMALL TUBE SKULL,2011-11,2011-12,M2_gbm_poisson,251.690167,372.769303,product,18,1.645000,613.205503,865,1.481064,A,610,620.000000,1,24,Forecast,20260818T075922Z-deb02f
20975,12 PENCILS SMALL TUBE RED RETROSPOT,2011-11,2011-12,M2_gbm_poisson,620.828514,472.664889,product,18,1.645000,777.533743,1399,0.761345,A,895,891.000000,1,24,Forecast,20260818T075922Z-deb02f
20976,12 PENCILS SMALL TUBE POSY,2011-11,2011-12,M2_gbm_poisson,,,,,,,,,C,0,,,,Inactive (no sales in last 6 months),20260818T075922Z-deb02f
20977,36 PENCILS TUBE WOODLAND,2011-11,2011-12,M2_gbm_poisson,79.589810,137.687060,product,18,1.645000,226.495215,307,1.729958,A,62,122.333333,1,24,Forecast,20260818T075922Z-deb02f
20978,36 PENCILS TUBE SKULLS,2011-11,2011-12,M2_gbm_poisson,159.606852,55.173847,product,18,1.645000,90.760978,251,0.345686,A,309,266.000000,1,24,Forecast,20260818T075922Z-deb02f
20979,36 PENCILS TUBE RED RETROSPOT,2011-11,2011-12,M2_gbm_poisson,290.749749,145.913489,product,18,1.645000,240.027689,531,0.501853,A,485,468.333333,1,24,Forecast,20260818T075922Z-deb02f
20980,36 PENCILS TUBE POSY,2011-11,2011-12,M2_gbm_poisson,3.637277,17.148641,product,18,1.645000,28.209515,32,4.714692,C,0,0.000000,4,24,Forecast,20260818T075922Z-deb02f
20981,12 PENCILS TALL TUBE WOODLAND,2011-11,2011-12,M2_gbm_poisson,170.565329,147.096307,product,18,1.645000,241.973425,413,0.862404,B,393,269.333333,1,24,Forecast,20260818T075922Z-deb02f
20982,12 PENCILS TALL TUBE SKULLS,2011-11,2011-12,M2_gbm_poisson,286.309085,71.376441,product,18,1.645000,117.414246,404,0.249299,B,671,395.000000,1,24,Forecast,20260818T075922Z-deb02f
20983,12 PENCILS TALL TUBE RED RETROSPOT,2011-11,2011-12,M2_gbm_poisson,246.358139,138.117163,product,18,1.645000,227.202733,474,0.560636,A,586,398.666667,1,24,Forecast,20260818T075922Z-deb02f
20984,12 PENCILS TALL TUBE POSY,2011-11,2011-12,M2_gbm_poisson,245.736853,54.211862,product,18,1.645000,89.178513,335,0.220609,C,0,413.333333,2,24,Forecast,20260818T075922Z-deb02f
20985,HEART CALCULATOR,2011-11,2011-12,M2_gbm_poisson,69.782726,98.538118,product,18,1.645000,162.095204,232,1.412070,B,76,86.333333,1,24,Forecast,20260818T075922Z-deb02f
20986,BLUE CALCULATOR RULER,2011-11,2011-12,M2_gbm_poisson,94.597731,50.838576,product,18,1.645000,83.629458,179,0.537419,C,169,135.333333,1,24,Forecast,20260818T075922Z-deb02f
20987,GEISHA GIRL CHOPSTICKS SET/5,2011-11,2011-12,M2_gbm_poisson,,,,,,,,,C,0,,,,Inactive (no sales in last 6 months),20260818T075922Z-deb02f
20988,TRELLIS FLOWER CHOPSTICKS SET/5,2011-11,2011-12,M2_gbm_poisson,,,,,,,,,C,0,,,,Inactive (no sales in last 6 months),20260818T075922Z-deb02f
20989,URBAN CHIC CHOPSTICKS SET/5,2011-11,2011-12,M2_gbm_poisson,,,,,,,,,C,0,,,,Inactive (no sales in last 6 months),20260818T075922Z-deb02f
20990,SPRING FLOWER CHOPSTICKS SET/5,2011-11,2011-12,M2_gbm_poisson,,,,,,,,,B,0,,,,Inactive (no sales in last 6 months),20260818T075922Z-deb02f
20991,JAZZ HEARTS MAGNETIC MEMO PAD,2011-11,2011-12,M2_gbm_poisson,,,,,,,,,C,0,,,,Inactive (no sales in last 6 months),20260818T075922Z-deb02f
20992,JAZZ HEARTS PURSE NOTEBOOK,2011-11,2011-12,M2_gbm_poisson,497.839638,98.885639,product,18,1.645000,162.666877,661,0.198630,B,1160,718.666667,1,24,Forecast,20260818T075922Z-deb02f
20993,JAZZ HEARTS MEMO PAD,2011-11,2011-12,M2_gbm_poisson,,,,,,,,,B,0,,,,Inactive (no sales in last 6 months),20260818T075922Z-deb02f
20994,JAZZ HEARTS SPIRAL NOTEPAD,2011-11,2011-12,M2_gbm_poisson,,,,,,,,,C,0,,,,Inactive (no sales in last 6 months),20260818T075922Z-deb02f
20996,JAZZ HEARTS ADDRESS BOOK,2011-11,2011-12,M2_gbm_poisson,246.980958,56.112259,product,18,1.645000,92.304666,340,0.227193,B,449,459.333333,1,24,Forecast,20260818T075922Z-deb02f
20997,ROSE DU SUD CUSHION COVER,2011-11,2011-12,M2_gbm_poisson,13.297536,6.540935,product,18,1.645000,10.759838,25,0.491891,C,7,4.666667,1,24,Forecast,20260818T075922Z-deb02f
20998,ROSE DU SUD OVEN GLOVE,2011-11,2011-12,M2_gbm_poisson,12.898125,26.372859,product,18,1.645000,43.383354,57,2.044705,C,0,3.333333,2,24,Forecast,20260818T075922Z-deb02f
21000,ROSE DU SUD COSMETICS BAG,2011-11,2011-12,M2_gbm_poisson,21.567658,9.403539,product,18,1.645000,15.468821,38,0.436002,B,15,8.000000,1,24,Forecast,20260818T075922Z-deb02f
21001,ROSE DU SUD WASHBAG,2011-11,2011-12,M2_gbm_poisson,21.216425,8.693225,product,18,1.645000,14.300355,36,0.409740,C,15,7.666667,1,24,Forecast,20260818T075922Z-deb02f
21002,ROSE DU SUD DRAWSTRING BAG,2011-11,2011-12,M2_gbm_poisson,3.710319,17.833676,product,18,1.645000,29.336398,34,4.806508,B,0,1.333333,2,24,Forecast,20260818T075922Z-deb02f
21003,ROSE DU SUD CUSHION COVER,2011-11,2011-12,M2_gbm_poisson,19.487230,4.919786,product,18,1.645000,8.093047,28,0.252462,C,12,9.333333,1,21,Forecast,20260818T075922Z-deb02f
21004,ROSE DU SUD CHILDS APRON,2011-11,2011-12,M2_gbm_poisson,,,,,,,,,C,0,,,,Inactive (no sales in last 6 months),20260818T075922Z-deb02f
21007,ETCHED GLASS DROPLET DECORATION,2011-11,2011-12,M2_gbm_poisson,,,,,,,,,B,0,,,,Inactive (no sales in last 6 months),20260818T075922Z-deb02f
21008,ETCHED GLASS HEART TREE DECORATION,2011-11,2011-12,M2_gbm_poisson,,,,,,,,,C,0,,,,Inactive (no sales in last 6 months),20260818T075922Z-deb02f
21009,ETCHED GLASS STAR TREE DECORATION,2011-11,2011-12,M2_gbm_poisson,,,,,,,,,B,0,,,,Inactive (no sales in last 6 months),20260818T075922Z-deb02f
21010,ETCHED GLASS BIRD TREE DECORATION,2011-11,2011-12,M2_gbm_poisson,,,,,,,,,B,0,,,,Inactive (no sales in last 6 months),20260818T075922Z-deb02f
21011,GLITTER SNOW PEAR TREE DECORATION,2011-11,2011-12,M2_gbm_poisson,,,,,,,,,B,0,,,,Inactive (no sales in last 6 months),20260818T075922Z-deb02f
21012,ANTIQUE ALL GLASS CANDLESTICK,2011-11,2011-12,M2_gbm_poisson,86.168897,32.766053,product,18,1.645000,53.900157,141,0.380254,B,158,104.333333,1,24,Forecast,20260818T075922Z-deb02f
21014,SWISS CHALET TREE DECORATION,2011-11,2011-12,M2_gbm_poisson,135.957076,28.605877,product,18,1.645000,47.056668,184,0.210404,C,307,398.000000,1,24,Forecast,20260818T075922Z-deb02f
21015,DARK BIRD HOUSE TREE DECORATION,2011-11,2011-12,M2_gbm_poisson,257.774517,11.572138,product,18,1.645000,19.036167,277,0.044892,C,624,423.000000,1,24,Forecast,20260818T075922Z-deb02f
21016,LIGHT BIRD HOUSE TREE DECORATION,2011-11,2011-12,M2_gbm_poisson,,,,,,,,,C,0,,,,Inactive (no sales in last 6 months),20260818T075922Z-deb02f
21017,RED BIRD HOUSE TREE DECORATION,2011-11,2011-12,M2_gbm_poisson,,,,,,,,,C,0,,,,Inactive (no sales in last 6 months),20260818T075922Z-deb02f
21018,BIRD BOX CHRISTMAS TREE DECORATION,2011-11,2011-12,M2_gbm_poisson,,,,,,,,,C,0,,,,Inactive (no sales in last 6 months),20260818T075922Z-deb02f
21025,SPACE FROG,2011-11,2011-12,M2_gbm_poisson,23.153466,19.580476,product,18,1.645000,32.209883,56,0.845682,C,18,7.333333,1,24,Forecast,20260818T075922Z-deb02f
21026,SPACE OWL,2011-11,2011-12,M2_gbm_poisson,51.462386,29.881432,product,18,1.645000,49.154956,101,0.580646,C,56,25.333333,1,24,Forecast,20260818T075922Z-deb02f
21027,NINJA RABBIT PINK,2011-11,2011-12,M2_gbm_poisson,14.355964,17.742497,product,18,1.645000,29.186407,44,1.235897,C,8,7.333333,1,24,Forecast,20260818T075922Z-deb02f
21028,NINJA RABBIT BLACK,2011-11,2011-12,M2_gbm_poisson,28.717223,28.012763,product,18,1.645000,46.080996,75,0.975469,C,18,11.666667,1,24,Forecast,20260818T075922Z-deb02f
21030,SPACE CADET RED,2011-11,2011-12,M2_gbm_poisson,22.448780,16.582362,product,18,1.645000,27.277986,50,0.738675,C,17,7.333333,1,24,Forecast,20260818T075922Z-deb02f
21031,SPACE CADET BLACK,2011-11,2011-12,M2_gbm_poisson,14.814737,7.988545,product,18,1.645000,13.141157,28,0.539230,C,10,4.666667,1,24,Forecast,20260818T075922Z-deb02f
21032,SPACE CADET WHITE,2011-11,2011-12,M2_gbm_poisson,21.484199,11.852497,product,18,1.645000,19.497358,41,0.551684,C,18,7.333333,1,24,Forecast,20260818T075922Z-deb02f
21033,JUMBO BAG CHARLIE AND LOLA TOYS,2011-11,2011-12,M2_gbm_poisson,5.295766,79.498939,product,18,1.645000,130.775755,137,15.011793,A,0,0.333333,3,24,Forecast,20260818T075922Z-deb02f
21034,REX CASH+CARRY JUMBO SHOPPER,2011-11,2011-12,M2_gbm_poisson,193.850549,92.658349,product,18,1.645000,152.422984,347,0.477989,B,349,244.000000,1,24,Forecast,20260818T075922Z-deb02f
21035,SET/2 RED RETROSPOT TEA TOWELS,2011-11,2011-12,M2_gbm_poisson,158.968339,226.848030,product,18,1.645000,373.165009,533,1.427001,A,325,197.333333,1,24,Forecast,20260818T075922Z-deb02f
21036,SET/2 TEA TOWELS MODERN VINTAGE,2011-11,2011-12,M2_gbm_poisson,,,,,,,,,C,0,,,,Inactive (no sales in last 6 months),20260818T075922Z-deb02f
21038,SET/4 MODERN VINTAGE COTTON NAPKINS,2011-11,2011-12,M2_gbm_poisson,,,,,,,,,C,0,,,,Inactive (no sales in last 6 months),20260818T075922Z-deb02f
21039,RED SPOTTY SHOPPING BAG,2011-11,2011-12,M2_gbm_poisson,49.080564,39.064731,product,18,1.645000,64.261482,114,0.795931,B,39,38.333333,1,24,Forecast,20260818T075922Z-deb02f
21040,MODERN VINTAGE COTTON SHOPPING BAG,2011-11,2011-12,M2_gbm_poisson,,,,,,,,,B,0,,,,Inactive (no sales in last 6 months),20260818T075922Z-deb02f
21041,RED RETROSPOT OVEN GLOVE DOUBLE,2011-11,2011-12,M2_gbm_poisson,28.279726,31.096645,product,18,1.645000,51.153982,80,1.099609,A,14,25.333333,1,24,Forecast,20260818T075922Z-deb02f
21042,RED SPOTTY APRON,2011-11,2011-12,M2_gbm_poisson,27.808306,17.605578,product,18,1.645000,28.961177,57,0.633105,A,21,13.000000,1,24,Forecast,20260818T075922Z-deb02f
21043,APRON MODERN VINTAGE COTTON,2011-11,2011-12,M2_gbm_poisson,2.843410,14.119022,product,18,1.645000,23.225792,27,4.965525,B,0,0.000000,6,24,Forecast,20260818T075922Z-deb02f
21051,RIBBONS PURSE,2011-11,2011-12,M2_gbm_poisson,22.453715,22.755760,product,18,1.645000,37.433226,60,1.013452,B,21,7.000000,1,24,Forecast,20260818T075922Z-deb02f
21054,NURSE'S BAG SOFT TOY,2011-11,2011-12,M2_gbm_poisson,4.298949,17.924263,product,18,1.645000,29.485413,34,4.169453,A,3,1.000000,1,24,Forecast,20260818T075922Z-deb02f
21055,TOOL BOX SOFT TOY,2011-11,2011-12,M2_gbm_poisson,43.520185,14.273583,product,18,1.645000,23.480044,68,0.327976,B,42,20.333333,1,24,Forecast,20260818T075922Z-deb02f
21056,DOCTOR'S BAG SOFT TOY,2011-11,2011-12,M2_gbm_poisson,29.849063,27.556493,product,18,1.645000,45.330431,76,0.923195,A,28,10.000000,1,24,Forecast,20260818T075922Z-deb02f
21058,PARTY INVITES WOODLAND,2011-11,2011-12,M2_gbm_poisson,57.271011,59.457968,product,18,1.645000,97.808357,156,1.038186,B,35,78.333333,1,24,Forecast,20260818T075922Z-deb02f
21059,PARTY INVITES DINOSAURS,2011-11,2011-12,M2_gbm_poisson,54.062556,35.478396,product,18,1.645000,58.361961,113,0.656247,B,43,51.666667,1,24,Forecast,20260818T075922Z-deb02f
21060,PARTY INVITES BALLOON GIRL,2011-11,2011-12,M2_gbm_poisson,42.307913,22.892975,product,18,1.645000,37.658944,80,0.541104,C,34,32.000000,1,24,Forecast,20260818T075922Z-deb02f
21061,PARTY INVITES FOOTBALL,2011-11,2011-12,M2_gbm_poisson,42.846102,18.202770,product,18,1.645000,29.943556,73,0.424841,C,47,41.333333,1,24,Forecast,20260818T075922Z-deb02f
21062,PARTY INVITES SPACEMAN,2011-11,2011-12,M2_gbm_poisson,44.011186,32.756342,product,18,1.645000,53.884183,98,0.744273,C,43,41.666667,1,24,Forecast,20260818T075922Z-deb02f
21063,PARTY INVITES JAZZ HEARTS,2011-11,2011-12,M2_gbm_poisson,47.967628,24.558972,product,18,1.645000,40.399510,89,0.511991,B,33,29.666667,1,24,Forecast,20260818T075922Z-deb02f
21064,BOOM BOX SPEAKER BOYS,2011-11,2011-12,M2_gbm_poisson,57.317500,18.930133,product,18,1.645000,31.140069,89,0.330268,A,67,47.666667,1,24,Forecast,20260818T075922Z-deb02f
21065,BOOM BOX SPEAKER GIRLS,2011-11,2011-12,M2_gbm_poisson,45.046305,13.270085,product,18,1.645000,21.829291,67,0.294588,B,43,20.333333,1,24,Forecast,20260818T075922Z-deb02f
21066,VINTAGE RED MUG,2011-11,2011-12,M2_gbm_poisson,139.648561,25.700500,product,18,1.645000,42.277323,182,0.184037,B,487,182.000000,1,24,Forecast,20260818T075922Z-deb02f
21067,VINTAGE RED TEATIME MUG,2011-11,2011-12,M2_gbm_poisson,7.277880,55.721519,product,18,1.645000,91.661900,99,7.656285,A,0,2.333333,2,24,Forecast,20260818T075922Z-deb02f
21068,VINTAGE BILLBOARD LOVE/HATE MUG,2011-11,2011-12,M2_gbm_poisson,248.184051,70.272201,product,18,1.645000,115.597770,364,0.283146,A,650,264.000000,1,24,Forecast,20260818T075922Z-deb02f
21069,VINTAGE BILLBOARD TEA MUG,2011-11,2011-12,M2_gbm_poisson,15.890688,110.587431,product,18,1.645000,181.916323,198,6.959260,A,0,0.000000,4,24,Forecast,20260818T075922Z-deb02f
21070,VINTAGE BILLBOARD MUG,2011-11,2011-12,M2_gbm_poisson,187.882844,40.097807,product,18,1.645000,65.960892,254,0.213419,B,553,282.666667,1,24,Forecast,20260818T075922Z-deb02f
21071,VINTAGE BILLBOARD DRINK ME MUG,2011-11,2011-12,M2_gbm_poisson,19.620308,104.779493,product,18,1.645000,172.362266,192,5.340359,A,0,83.666667,2,24,Forecast,20260818T075922Z-deb02f
21076,SET/20 COLLAGE PAPER NAPKIN,2011-11,2011-12,M2_gbm_poisson,,,,,,,,,C,0,,,,Inactive (no sales in last 6 months),20260818T075922Z-deb02f
21077,SET/20 WOODLAND PAPER NAPKINS,2011-11,2011-12,M2_gbm_poisson,,,,,,,,,B,0,,,,Inactive (no sales in last 6 months),20260818T075922Z-deb02f
21078,SET/20 STRAWBERRY PAPER NAPKINS,2011-11,2011-12,M2_gbm_poisson,19.836465,249.167090,product,18,1.645000,409.879864,430,12.561063,A,0,51.000000,2,24,Forecast,20260818T075922Z-deb02f
21080,SET/20 RED RETROSPOT PAPER NAPKINS,2011-11,2011-12,M2_gbm_poisson,441.400081,497.254181,product,18,1.645000,817.983127,1260,1.126538,A,882,897.333333,1,24,Forecast,20260818T075922Z-deb02f
21081,SET/20 POSIES PAPER NAPKINS,2011-11,2011-12,M2_gbm_poisson,,,,,,,,,C,0,,,,Inactive (no sales in last 6 months),20260818T075922Z-deb02f
21082,SET/20 FRUIT SALAD PAPER NAPKINS,2011-11,2011-12,M2_gbm_poisson,2.059384,19.406344,product,18,1.645000,31.923437,34,9.423375,B,0,0.000000,6,24,Forecast,20260818T075922Z-deb02f
21084,SET/6 COLLAGE PAPER CUPS,2011-11,2011-12,M2_gbm_poisson,94.764001,43.850712,product,18,1.645000,72.134421,167,0.462736,C,92,148.000000,1,24,Forecast,20260818T075922Z-deb02f
21085,SET/6 WOODLAND PAPER CUPS,2011-11,2011-12,M2_gbm_poisson,,,,,,,,,B,0,,,,Inactive (no sales in last 6 months),20260818T075922Z-deb02f
21086,SET/6 RED SPOTTY PAPER CUPS,2011-11,2011-12,M2_gbm_poisson,250.291523,273.558751,product,18,1.645000,450.004146,701,1.092961,A,541,546.333333,1,24,Forecast,20260818T075922Z-deb02f
21087,SET/6 POSIES PAPER CUPS,2011-11,2011-12,M2_gbm_poisson,,,,,,,,,C,0,,,,Inactive (no sales in last 6 months),20260818T075922Z-deb02f
21088,SET/6 FRUIT SALAD PAPER CUPS,2011-11,2011-12,M2_gbm_poisson,42.617157,124.393402,product,18,1.645000,204.627146,248,2.918857,B,58,65.666667,1,24,Forecast,20260818T075922Z-deb02f
21089,SET/6 GREEN SPRING PAPER CUPS,2011-11,2011-12,M2_gbm_poisson,3.566845,15.784872,product,18,1.645000,25.966114,30,4.425444,C,0,0.000000,4,23,Forecast,20260818T075922Z-deb02f
21090,SET/6 COLLAGE PAPER PLATES,2011-11,2011-12,M2_gbm_poisson,85.429226,78.465938,product,18,1.645000,129.076468,215,0.918491,B,86,115.666667,1,24,Forecast,20260818T075922Z-deb02f
21091,SET/6 WOODLAND PAPER PLATES,2011-11,2011-12,M2_gbm_poisson,,,,,,,,,B,0,,,,Inactive (no sales in last 6 months),20260818T075922Z-deb02f
21092,SET/6 STRAWBERRY PAPER PLATES,2011-11,2011-12,M2_gbm_poisson,,,,,,,,,B,0,,,,Inactive (no sales in last 6 months),20260818T075922Z-deb02f
21094,SET/6 RED SPOTTY PAPER PLATES,2011-11,2011-12,M2_gbm_poisson,297.442699,382.696199,product,18,1.645000,629.535248,927,1.286622,A,346,574.333333,1,24,Forecast,20260818T075922Z-deb02f
21095,SET/6 POSIES PAPER PLATES,2011-11,2011-12,M2_gbm_poisson,2.074774,19.468317,product,18,1.645000,32.025382,35,9.383342,C,0,0.000000,6,24,Forecast,20260818T075922Z-deb02f
21096,SET/6 FRUIT SALAD  PAPER PLATES,2011-11,2011-12,M2_gbm_poisson,34.575531,132.570163,product,18,1.645000,218.077918,253,3.834219,B,26,25.666667,1,24,Forecast,20260818T075922Z-deb02f
21097,SET/6 GREEN SPRING  PAPER PLATE,2011-11,2011-12,M2_gbm_poisson,,,,,,,,,C,0,,,,Inactive (no sales in last 6 months),20260818T075922Z-deb02f
21098,CHRISTMAS TOILET ROLL,2011-11,2011-12,M2_gbm_poisson,293.986613,223.954588,product,18,1.645000,368.405297,663,0.761785,A,333,867.666667,1,24,Forecast,20260818T075922Z-deb02f
21099,SET/6 STRAWBERRY PAPER CUPS,2011-11,2011-12,M2_gbm_poisson,,,,,,,,,B,0,,,,Inactive (no sales in last 6 months),20260818T075922Z-deb02f
21100,CHARLIE AND LOLA CHARLOTTE BAG,2011-11,2011-12,M2_gbm_poisson,,,,,,,,,A,0,,,,Inactive (no sales in last 6 months),20260818T075922Z-deb02f
21102,"CANDLE IN JAR COLLAGE , VANILLA",2011-11,2011-12,M2_gbm_poisson,,,,,,,,,C,0,,,,Inactive (no sales in last 6 months),20260818T075922Z-deb02f
21106,CREAM SLICE FLANNEL CHOCOLATE SPOT,2011-11,2011-12,M2_gbm_poisson,50.952606,23.514629,product,18,1.645000,38.681565,90,0.461500,B,89,42.000000,1,24,Forecast,20260818T075922Z-deb02f
21107,CREAM SLICE FLANNEL PINK SPOT,2011-11,2011-12,M2_gbm_poisson,77.151455,31.782422,product,18,1.645000,52.282084,130,0.411948,A,163,89.000000,1,24,Forecast,20260818T075922Z-deb02f
21108,FAIRY CAKE FLANNEL ASSORTED COLOUR,2011-11,2011-12,M2_gbm_poisson,875.207238,82.819296,product,18,1.645000,136.237742,1012,0.094628,A,2354,1048.000000,1,24,Forecast,20260818T075922Z-deb02f
21109,"LARGE CAKE TOWEL, CHOCOLATE SPOTS",2011-11,2011-12,M2_gbm_poisson,45.584952,19.652160,product,18,1.645000,32.327802,78,0.431111,A,63,28.333333,1,24,Forecast,20260818T075922Z-deb02f
21110,LARGE CAKE TOWEL PINK SPOTS,2011-11,2011-12,M2_gbm_poisson,52.031577,29.570309,product,18,1.645000,48.643158,101,0.568315,A,55,49.333333,1,24,Forecast,20260818T075922Z-deb02f
21111,"SWISS ROLL TOWEL, CHOCOLATE  SPOTS",2011-11,2011-12,M2_gbm_poisson,55.395479,21.156776,product,18,1.645000,34.802897,91,0.381922,B,66,41.333333,1,24,Forecast,20260818T075922Z-deb02f
21112,"SWISS ROLL TOWEL, PINK  SPOTS",2011-11,2011-12,M2_gbm_poisson,64.405905,61.443688,product,18,1.645000,101.074867,166,0.954007,A,66,133.333333,1,24,Forecast,20260818T075922Z-deb02f
21114,LAVENDER SCENTED FABRIC HEART,2011-11,2011-12,M2_gbm_poisson,69.312838,61.761409,product,18,1.645000,101.597519,171,0.891053,A,98,99.666667,1,24,Forecast,20260818T075922Z-deb02f
21115,ROSE CARAVAN DOORSTOP,2011-11,2011-12,M2_gbm_poisson,56.927105,17.266879,product,18,1.645000,28.404015,86,0.303316,A,42,71.333333,1,24,Forecast,20260818T075922Z-deb02f
21116,OWL DOORSTOP,2011-11,2011-12,M2_gbm_poisson,98.292560,23.650880,product,18,1.645000,38.905698,138,0.240617,A,196,108.666667,1,24,Forecast,20260818T075922Z-deb02f
21117,BLOND DOLL DOORSTOP,2011-11,2011-12,M2_gbm_poisson,40.391947,14.329996,product,18,1.645000,23.572844,64,0.354774,C,41,20.000000,1,24,Forecast,20260818T075922Z-deb02f
21118,SHOPPING BAG DOORSTOP,2011-11,2011-12,M2_gbm_poisson,,,,,,,,,C,0,,,,Inactive (no sales in last 6 months),20260818T075922Z-deb02f
21119,Glow In The Dark Shot Glasses,2011-11,2011-12,M2_gbm_poisson,,,,,,,,,C,0,,,,Inactive (no sales in last 6 months),20260818T075922Z-deb02f
21120,*Boombox Ipod Classic,2011-11,2011-12,M2_gbm_poisson,,,,,,,,,C,0,,,,Inactive (no sales in last 6 months),20260818T075922Z-deb02f
21121,SET/10 RED POLKADOT PARTY CANDLES,2011-11,2011-12,M2_gbm_poisson,295.018639,312.471664,product,18,1.645000,514.015887,810,1.059159,A,415,565.666667,1,24,Forecast,20260818T075922Z-deb02f
21122,SET/10 PINK POLKADOT PARTY CANDLES,2011-11,2011-12,M2_gbm_poisson,252.303188,194.497253,product,18,1.645000,319.947981,573,0.770887,A,303,337.333333,1,24,Forecast,20260818T075922Z-deb02f
21123,SET/10 IVORY POLKADOT PARTY CANDLES,2011-11,2011-12,M2_gbm_poisson,71.372619,99.959264,product,18,1.645000,164.432990,236,1.400527,B,102,107.000000,1,24,Forecast,20260818T075922Z-deb02f
21124,SET/10 BLUE SPOTTY PARTY CANDLES,2011-11,2011-12,M2_gbm_poisson,158.985713,118.008659,product,18,1.645000,194.124244,354,0.742260,A,239,252.666667,1,24,Forecast,20260818T075922Z-deb02f
21125,SET 6 FOOTBALL CELEBRATION CANDLES,2011-11,2011-12,M2_gbm_poisson,58.253948,29.657189,product,18,1.645000,48.786076,108,0.509102,B,54,87.333333,1,24,Forecast,20260818T075922Z-deb02f
21126,SET OF 6 GIRLS CELEBRATION CANDLES,2011-11,2011-12,M2_gbm_poisson,52.961003,14.955060,product,18,1.645000,24.601074,78,0.282379,B,54,47.333333,1,24,Forecast,20260818T075922Z-deb02f
21127,COLOURFUL FISHING GNOME,2011-11,2011-12,M2_gbm_poisson,,,,,,,,,B,0,,,,Inactive (no sales in last 6 months),20260818T075922Z-deb02f
21128,GOLD FISHING GNOME,2011-11,2011-12,M2_gbm_poisson,9.564313,7.111810,product,18,1.645000,11.698927,22,0.743578,C,4,3.333333,1,24,Forecast,20260818T075922Z-deb02f
21129,SILVER FISHING GNOME,2011-11,2011-12,M2_gbm_poisson,16.459334,7.301064,product,18,1.645000,12.010250,29,0.443582,C,13,6.333333,1,24,Forecast,20260818T075922Z-deb02f
21130,COLOURFUL STANDING GNOME,2011-11,2011-12,M2_gbm_poisson,,,,,,,,,B,0,,,,Inactive (no sales in last 6 months),20260818T075922Z-deb02f
21131,GOLD STANDING GNOME,2011-11,2011-12,M2_gbm_poisson,10.654887,9.177961,product,18,1.645000,15.097746,26,0.861385,B,2,4.666667,1,24,Forecast,20260818T075922Z-deb02f
21132,SILVER STANDING GNOME,2011-11,2011-12,M2_gbm_poisson,12.241319,5.298812,product,18,1.645000,8.716546,21,0.432863,C,5,4.333333,1,24,Forecast,20260818T075922Z-deb02f
21133,PAINTED BIRD ASSORTED CHRISTMAS,2011-11,2011-12,M2_gbm_poisson,,,,,,,,,C,0,,,,Inactive (no sales in last 6 months),20260818T075922Z-deb02f
21134,VICTORIAN METAL POSTCARD CHRISTMAS,2011-11,2011-12,M2_gbm_poisson,,,,,,,,,C,0,,,,Inactive (no sales in last 6 months),20260818T075922Z-deb02f
21135,VICTORIAN  METAL POSTCARD SPRING,2011-11,2011-12,M2_gbm_poisson,334.659670,102.634468,product,18,1.645000,168.833699,504,0.306683,A,1322,508.333333,1,24,Forecast,20260818T075922Z-deb02f
21136,PAINTED METAL PEARS ASSORTED,2011-11,2011-12,M2_gbm_poisson,273.829246,105.082092,product,18,1.645000,172.860041,447,0.383750,A,561,551.000000,1,24,Forecast,20260818T075922Z-deb02f
21137,BLACK RECORD COVER FRAME,2011-11,2011-12,M2_gbm_poisson,865.658139,512.099751,product,18,1.645000,842.404090,1709,0.591573,A,2228,1193.000000,1,24,Forecast,20260818T075922Z-deb02f
21143,ANTIQUE GLASS HEART DECORATION,2011-11,2011-12,M2_gbm_poisson,3.645793,31.265884,product,18,1.645000,51.432380,56,8.575881,A,0,0.000000,4,24,Forecast,20260818T075922Z-deb02f
21144,PINK POODLE HANGING DECORATION,2011-11,2011-12,M2_gbm_poisson,,,,,,,,,C,0,,,,Inactive (no sales in last 6 months),20260818T075922Z-deb02f
21145,ANTIQUE GLASS PLACE SETTING,2011-11,2011-12,M2_gbm_poisson,15.293196,34.813301,product,18,1.645000,57.267881,73,2.276392,B,10,3.333333,1,24,Forecast,20260818T075922Z-deb02f
21146,ANTIQUE GLASS RIDGED HANGING BALL,2011-11,2011-12,M2_gbm_poisson,,,,,,,,,B,0,,,,Inactive (no sales in last 6 months),20260818T075922Z-deb02f
21147,JINGLE BELLS TREE DECORATION,2011-11,2011-12,M2_gbm_poisson,58.432804,7.784688,product,18,1.645000,12.805811,72,0.133225,C,70,52.333333,1,24,Forecast,20260818T075922Z-deb02f
21153,RED SPOTTY TABLECLOTH,2011-11,2011-12,M2_gbm_poisson,,,,,,,,,A,0,,,,Inactive (no sales in last 6 months),20260818T075922Z-deb02f
21154,RED RETROSPOT OVEN GLOVE,2011-11,2011-12,M2_gbm_poisson,228.647480,117.904655,product,18,1.645000,193.953157,423,0.515661,A,429,354.333333,1,24,Forecast,20260818T075922Z-deb02f
21155,RED RETROSPOT PEG BAG,2011-11,2011-12,M2_gbm_poisson,158.065222,106.125768,product,18,1.645000,174.576889,333,0.671405,A,244,224.666667,1,24,Forecast,20260818T075922Z-deb02f
21156,RETROSPOT CHILDRENS APRON,2011-11,2011-12,M2_gbm_poisson,248.554180,170.622723,product,18,1.645000,280.674379,530,0.686461,A,569,401.333333,1,24,Forecast,20260818T075922Z-deb02f
21157,RED SPOTTY WASHBAG,2011-11,2011-12,M2_gbm_poisson,4.156667,16.481768,product,18,1.645000,27.112508,32,3.965140,B,0,1.000000,2,24,Forecast,20260818T075922Z-deb02f
21158,MOODY GIRL DOOR HANGER,2011-11,2011-12,M2_gbm_poisson,135.372686,50.493724,product,18,1.645000,83.062175,219,0.372998,B,221,263.666667,1,24,Forecast,20260818T075922Z-deb02f
21159,MOODY BOY  DOOR HANGER,2011-11,2011-12,M2_gbm_poisson,104.916531,51.400037,product,18,1.645000,84.553061,190,0.489914,B,161,192.333333,1,24,Forecast,20260818T075922Z-deb02f
21160,KEEP OUT GIRLS DOOR HANGER,2011-11,2011-12,M2_gbm_poisson,,,,,,,,,C,0,,,,Inactive (no sales in last 6 months),20260818T075922Z-deb02f
21161,KEEP OUT BOYS DOOR HANGER,2011-11,2011-12,M2_gbm_poisson,2.614754,37.284054,product,18,1.645000,61.332269,64,14.259108,B,0,0.000000,6,24,Forecast,20260818T075922Z-deb02f
21162,TOXIC AREA  DOOR HANGER,2011-11,2011-12,M2_gbm_poisson,147.129277,50.561256,product,18,1.645000,83.173266,231,0.343652,B,229,254.333333,1,24,Forecast,20260818T075922Z-deb02f
21163,DO NOT TOUCH MY STUFF DOOR HANGER,2011-11,2011-12,M2_gbm_poisson,34.159306,28.773782,product,18,1.645000,47.332871,82,0.842341,B,0,158.333333,2,24,Forecast,20260818T075922Z-deb02f
21164,HOME SWEET HOME METAL SIGN,2011-11,2011-12,M2_gbm_poisson,73.792214,135.324241,product,18,1.645000,222.608376,297,1.833855,A,88,76.333333,1,24,Forecast,20260818T075922Z-deb02f
21165,BEWARE OF THE CAT METAL SIGN,2011-11,2011-12,M2_gbm_poisson,253.753611,183.127713,product,18,1.645000,301.245087,555,0.721675,A,415,422.666667,1,24,Forecast,20260818T075922Z-deb02f
21166,COOK WITH WINE METAL SIGN,2011-11,2011-12,M2_gbm_poisson,718.556727,607.269328,product,18,1.645000,998.958044,1718,0.845124,A,1340,1440.333333,1,24,Forecast,20260818T075922Z-deb02f
21167,WHITE SAGE INCENSE,2011-11,2011-12,M2_gbm_poisson,80.678900,64.715861,product,18,1.645000,106.457591,188,0.802141,C,211,175.000000,1,24,Forecast,20260818T075922Z-deb02f
21169,YOU'RE CONFUSING ME METAL SIGN,2011-11,2011-12,M2_gbm_poisson,256.720945,251.576538,product,18,1.645000,413.843405,671,0.979961,A,529,530.666667,1,24,Forecast,20260818T075922Z-deb02f
21171,BATHROOM METAL SIGN,2011-11,2011-12,M2_gbm_poisson,3.645793,54.576804,product,18,1.645000,89.778843,94,14.969805,B,0,0.000000,4,24,Forecast,20260818T075922Z-deb02f
21172,PARTY METAL SIGN,2011-11,2011-12,M2_gbm_poisson,236.454219,231.026886,product,18,1.645000,380.039228,617,0.977047,A,439,307.666667,1,24,Forecast,20260818T075922Z-deb02f
21173,LOO ROLL  METAL SIGN,2011-11,2011-12,M2_gbm_poisson,,,,,,,,,C,0,,,,Inactive (no sales in last 6 months),20260818T075922Z-deb02f
21174,POTTERING IN THE SHED METAL SIGN,2011-11,2011-12,M2_gbm_poisson,291.499926,119.123500,product,18,1.645000,195.958158,488,0.408657,A,570,570.666667,1,24,Forecast,20260818T075922Z-deb02f
21175,GIN + TONIC DIET METAL SIGN,2011-11,2011-12,M2_gbm_poisson,787.168852,591.248649,product,18,1.645000,972.604027,1760,0.751108,A,1533,1165.333333,1,24,Forecast,20260818T075922Z-deb02f
21179,NO JUNK MAIL METAL SIGN,2011-11,2011-12,M2_gbm_poisson,18.670602,59.544478,product,18,1.645000,97.950666,117,3.189210,B,0,83.333333,3,24,Forecast,20260818T075922Z-deb02f
21181,PLEASE ONE PERSON METAL SIGN,2011-11,2011-12,M2_gbm_poisson,545.294418,686.151580,product,18,1.645000,1128.719348,1675,1.258314,A,989,1841.666667,1,24,Forecast,20260818T075922Z-deb02f
21185,HOME SWEET HOME  BLACKBOARD,2011-11,2011-12,M2_gbm_poisson,,,,,,,,,C,0,,,,Inactive (no sales in last 6 months),20260818T075922Z-deb02f
21186,WHITE DOVE HONEYCOMB PAPER GARLAND,2011-11,2011-12,M2_gbm_poisson,,,,,,,,,A,0,,,,Inactive (no sales in last 6 months),20260818T075922Z-deb02f
21187,WHITE BELL HONEYCOMB PAPER GARLAND,2011-11,2011-12,M2_gbm_poisson,3.674923,64.020818,product,18,1.645000,105.314245,109,17.420997,B,0,0.000000,4,24,Forecast,20260818T075922Z-deb02f
21188,3D HEARTS  HONEYCOMB PAPER GARLAND,2011-11,2011-12,M2_gbm_poisson,3.858518,34.502326,product,18,1.645000,56.756326,61,8.941861,B,0,0.000000,4,24,Forecast,20260818T075922Z-deb02f
21189,WHITE HONEYCOMB PAPER GARLAND,2011-11,2011-12,M2_gbm_poisson,56.702603,28.995208,product,18,1.645000,47.697117,105,0.511356,B,105,38.666667,1,24,Forecast,20260818T075922Z-deb02f
21190,PINK HEARTS PAPER GARLAND,2011-11,2011-12,M2_gbm_poisson,10.119178,21.125567,product,16,1.645000,34.751558,45,2.087676,B,4,1.333333,1,24,Forecast,20260818T075922Z-deb02f
21191,LARGE WHITE HONEYCOMB PAPER BELL,2011-11,2011-12,M2_gbm_poisson,69.083512,40.390472,product,18,1.645000,66.442326,136,0.584662,B,124,57.333333,1,24,Forecast,20260818T075922Z-deb02f
21192,WHITE BELL HONEYCOMB PAPER,2011-11,2011-12,M2_gbm_poisson,62.182903,68.017537,product,18,1.645000,111.888848,175,1.093830,B,57,139.333333,1,24,Forecast,20260818T075922Z-deb02f
21193,WHITE HONEYCOMB PAPER FAN,2011-11,2011-12,M2_gbm_poisson,,,,,,,,,C,0,,,,Inactive (no sales in last 6 months),20260818T075922Z-deb02f
21194,PINK  HONEYCOMB PAPER FAN,2011-11,2011-12,M2_gbm_poisson,54.446320,8.095515,product,18,1.645000,13.317122,68,0.148688,C,53,48.000000,1,24,Forecast,20260818T075922Z-deb02f
21195,PINK  HONEYCOMB PAPER BALL,2011-11,2011-12,M2_gbm_poisson,,,,,,,,,B,0,,,,Inactive (no sales in last 6 months),20260818T075922Z-deb02f
21196,ROUND WHITE CONFETTI IN TUBE,2011-11,2011-12,M2_gbm_poisson,7.758747,14.250677,product,18,1.645000,23.442364,32,1.836724,C,0,4.333333,2,22,Forecast,20260818T075922Z-deb02f
21197,MULTICOLOUR  CONFETTI IN TUBE,2011-11,2011-12,M2_gbm_poisson,44.689702,25.831414,product,18,1.645000,42.492676,88,0.578017,C,62,21.000000,1,21,Forecast,20260818T075922Z-deb02f
21198,WHITE HEART CONFETTI IN TUBE,2011-11,2011-12,M2_gbm_poisson,41.811964,48.070117,product,18,1.645000,79.075343,121,1.149674,B,62,37.666667,1,24,Forecast,20260818T075922Z-deb02f
21199,PINK  HEART CONFETTI IN TUBE,2011-11,2011-12,M2_gbm_poisson,41.485200,32.845372,product,18,1.645000,54.030637,96,0.791737,B,49,16.666667,1,24,Forecast,20260818T075922Z-deb02f
21200,MULTICOLOUR HONEYCOMB PAPER GARLAND,2011-11,2011-12,M2_gbm_poisson,89.696691,37.998519,product,18,1.645000,62.507564,153,0.423633,B,290,207.333333,1,24,Forecast,20260818T075922Z-deb02f
21201,TROPICAL  HONEYCOMB PAPER GARLAND,2011-11,2011-12,M2_gbm_poisson,90.657193,52.565731,product,18,1.645000,86.470628,178,0.579830,A,294,204.000000,1,24,Forecast,20260818T075922Z-deb02f
21202,DOLLY HONEYCOMB GARLAND,2011-11,2011-12,M2_gbm_poisson,20.545877,31.237937,product,18,1.645000,51.386407,72,1.520399,B,13,9.333333,1,24,Forecast,20260818T075922Z-deb02f
21203,BUTTERFLIES  HONEYCOMB GARLAND,2011-11,2011-12,M2_gbm_poisson,,,,,,,,,B,0,,,,Inactive (no sales in last 6 months),20260818T075922Z-deb02f
21204,DAISIES  HONEYCOMB GARLAND,2011-11,2011-12,M2_gbm_poisson,26.376068,37.283609,product,18,1.645000,61.331537,88,1.413539,B,14,32.333333,1,24,Forecast,20260818T075922Z-deb02f
21205,MULTICOLOUR 3D BALLS GARLAND,2011-11,2011-12,M2_gbm_poisson,26.693191,15.523786,product,18,1.645000,25.536627,53,0.581564,B,16,14.333333,1,24,Forecast,20260818T075922Z-deb02f
21206,STRAWBERRY HONEYCOMB  GARLAND,2011-11,2011-12,M2_gbm_poisson,36.931336,35.190030,product,18,1.645000,57.887599,95,0.952850,B,17,42.000000,1,24,Forecast,20260818T075922Z-deb02f
21207,SKULL AND CROSSBONES  GARLAND,2011-11,2011-12,M2_gbm_poisson,72.041866,131.492091,product,18,1.645000,216.304489,289,1.825218,A,64,142.333333,1,24,Forecast,20260818T075922Z-deb02f
21208,PASTEL COLOUR HONEYCOMB FAN,2011-11,2011-12,M2_gbm_poisson,63.595771,54.496447,product,18,1.645000,89.646655,154,0.856919,C,125,90.666667,1,24,Forecast,20260818T075922Z-deb02f
21209,MULTICOLOUR HONEYCOMB FAN,2011-11,2011-12,M2_gbm_poisson,64.025968,45.977057,product,18,1.645000,75.632259,140,0.718100,B,108,108.666667,1,24,Forecast,20260818T075922Z-deb02f
21210,SET OF 72 RETROSPOT PAPER  DOILIES,2011-11,2011-12,M2_gbm_poisson,328.592700,293.564140,product,18,1.645000,482.913011,812,0.893398,A,865,627.666667,1,24,Forecast,20260818T075922Z-deb02f
21211,SET OF 72 SKULL PAPER  DOILIES,2011-11,2011-12,M2_gbm_poisson,60.052541,70.488438,product,18,1.645000,115.953480,177,1.173779,B,44,102.666667,1,24,Forecast,20260818T075922Z-deb02f
21212,PACK OF 72 RETROSPOT CAKE CASES,2011-11,2011-12,M2_gbm_poisson,1717.744451,1713.654833,product,18,1.645000,2818.962201,4537,0.997619,A,2621,2707.000000,1,24,Forecast,20260818T075922Z-deb02f
21213,PACK OF 72 SKULL CAKE CASES,2011-11,2011-12,M2_gbm_poisson,530.591439,908.577458,product,18,1.645000,1494.609919,2026,1.712386,A,686,1538.333333,1,24,Forecast,20260818T075922Z-deb02f
21214,SET OF 72 IVORY PAPER DOILIES,2011-11,2011-12,M2_gbm_poisson,,,,,,,,,B,0,,,,Inactive (no sales in last 6 months),20260818T075922Z-deb02f
21215,IVORY PAPER CUP CAKE CASES,2011-11,2011-12,M2_gbm_poisson,59.703289,68.352975,product,18,1.645000,112.440644,173,1.144878,B,32,82.333333,1,24,Forecast,20260818T075922Z-deb02f
21216,"SET 3 RETROSPOT TEA,COFFEE,SUGAR",2011-11,2011-12,M2_gbm_poisson,104.600921,98.748054,product,18,1.645000,162.440549,268,0.944046,A,168,147.333333,1,24,Forecast,20260818T075922Z-deb02f
21217,RED RETROSPOT ROUND CAKE TINS,2011-11,2011-12,M2_gbm_poisson,72.151910,55.666441,product,18,1.645000,91.571295,164,0.771517,A,119,72.666667,1,24,Forecast,20260818T075922Z-deb02f
21218,RED SPOTTY BISCUIT TIN,2011-11,2011-12,M2_gbm_poisson,128.633487,65.059898,product,18,1.645000,107.023532,236,0.505777,A,274,158.000000,1,24,Forecast,20260818T075922Z-deb02f
21219,SET/4 BADGES BALLOON GIRL,2011-11,2011-12,M2_gbm_poisson,49.314280,22.517210,product,18,1.645000,37.040810,87,0.456606,B,60,42.000000,1,24,Forecast,20260818T075922Z-deb02f
21220,SET/4 BADGES DOGS,2011-11,2011-12,M2_gbm_poisson,45.144933,20.997841,product,18,1.645000,34.541449,80,0.465121,C,48,29.000000,1,24,Forecast,20260818T075922Z-deb02f
21221,SET/4 BADGES CUTE CREATURES,2011-11,2011-12,M2_gbm_poisson,19.066068,18.609373,product,18,1.645000,30.612418,50,0.976047,C,11,11.000000,1,24,Forecast,20260818T075922Z-deb02f
21222,SET/4 BADGES BEETLES,2011-11,2011-12,M2_gbm_poisson,39.862465,17.710028,product,18,1.645000,29.132995,69,0.444278,C,28,22.666667,1,24,Forecast,20260818T075922Z-deb02f
21223,SET/4 BADGES WOODLAND ANIMAL,2011-11,2011-12,M2_gbm_poisson,,,,,,,,,C,0,,,,Inactive (no sales in last 6 months),20260818T075922Z-deb02f
21224,SET/4 SKULL BADGES,2011-11,2011-12,M2_gbm_poisson,71.081969,31.880200,product,18,1.645000,52.442928,124,0.448499,B,101,97.333333,1,24,Forecast,20260818T075922Z-deb02f
21225,POCKET MIRROR BUTTERFLY,2011-11,2011-12,M2_gbm_poisson,,,,,,,,,C,0,,,,Inactive (no sales in last 6 months),20260818T075922Z-deb02f
21226,POCKET MIRROR WOODLAND,2011-11,2011-12,M2_gbm_poisson,13.928644,10.656336,product,18,1.645000,17.529672,32,0.765066,C,6,2.333333,1,24,Forecast,20260818T075922Z-deb02f
21228,"POCKET MIRROR ""GLAMOROUS""",2011-11,2011-12,M2_gbm_poisson,,,,,,,,,C,0,,,,Inactive (no sales in last 6 months),20260818T075922Z-deb02f
21231,SWEETHEART CERAMIC TRINKET BOX,2011-11,2011-12,M2_gbm_poisson,309.116370,197.061039,product,18,1.645000,324.165410,634,0.637498,A,741,603.333333,1,24,Forecast,20260818T075922Z-deb02f
21232,STRAWBERRY CERAMIC TRINKET BOX,2011-11,2011-12,M2_gbm_poisson,757.673439,446.844076,product,18,1.645000,735.058505,1493,0.589758,A,1503,1178.000000,1,24,Forecast,20260818T075922Z-deb02f
21238,RED RETROSPOT CUP,2011-11,2011-12,M2_gbm_poisson,190.067934,177.669669,product,18,1.645000,292.266606,483,0.934769,A,296,193.666667,1,24,Forecast,20260818T075922Z-deb02f
21239,PINK  POLKADOT CUP,2011-11,2011-12,M2_gbm_poisson,119.834361,134.227636,product,18,1.645000,220.804461,341,1.120110,A,122,138.333333,1,24,Forecast,20260818T075922Z-deb02f
21240,BLUE POLKADOT CUP,2011-11,2011-12,M2_gbm_poisson,100.844839,120.082594,product,18,1.645000,197.535867,299,1.190766,A,192,135.666667,1,24,Forecast,20260818T075922Z-deb02f
21241,GREEN SPOTTY CUP,2011-11,2011-12,M2_gbm_poisson,,,,,,,,,B,0,,,,Inactive (no sales in last 6 months),20260818T075922Z-deb02f
21242,RED RETROSPOT PLATE,2011-11,2011-12,M2_gbm_poisson,119.901716,124.263897,product,18,1.645000,204.414110,325,1.036381,A,193,219.000000,1,24,Forecast,20260818T075922Z-deb02f
21243,PINK  POLKADOT PLATE,2011-11,2011-12,M2_gbm_poisson,93.757440,128.703839,product,18,1.645000,211.717815,306,1.372732,A,185,153.333333,1,24,Forecast,20260818T075922Z-deb02f
21244,BLUE POLKADOT PLATE,2011-11,2011-12,M2_gbm_poisson,19.580256,128.720222,product,18,1.645000,211.744764,232,6.573981,A,4,15.333333,1,24,Forecast,20260818T075922Z-deb02f
21245,GREEN POLKADOT PLATE,2011-11,2011-12,M2_gbm_poisson,51.571994,65.028096,product,18,1.645000,106.971218,159,1.260919,A,43,44.666667,1,24,Forecast,20260818T075922Z-deb02f
21246,RED RETROSPOT BIG BOWL,2011-11,2011-12,M2_gbm_poisson,2.757878,14.540451,product,18,1.645000,23.919042,27,5.272333,B,0,0.333333,3,24,Forecast,20260818T075922Z-deb02f
21247,SET OF RED SALAD SERVERS,2011-11,2011-12,M2_gbm_poisson,,,,,,,,,C,0,,,,Inactive (no sales in last 6 months),20260818T075922Z-deb02f
21248,DOOR HANGER  MUM + DADS ROOM,2011-11,2011-12,M2_gbm_poisson,40.993431,26.756482,product,18,1.645000,44.014413,86,0.652702,B,37,18.333333,1,24,Forecast,20260818T075922Z-deb02f
21249,WOODLAND  HEIGHT CHART STICKERS,2011-11,2011-12,M2_gbm_poisson,57.904603,34.988989,product,18,1.645000,57.556887,116,0.604252,A,71,50.000000,1,24,Forecast,20260818T075922Z-deb02f
21250,SET OF SKULL WALL STICKERS,2011-11,2011-12,M2_gbm_poisson,18.935940,15.746027,product,18,1.645000,25.902215,45,0.831542,C,16,7.666667,1,24,Forecast,20260818T075922Z-deb02f
21251,DINOSAUR HEIGHT CHART STICKER SET,2011-11,2011-12,M2_gbm_poisson,29.820407,24.297145,product,18,1.645000,39.968804,70,0.814782,B,20,14.333333,1,24,Forecast,20260818T075922Z-deb02f
21252,SET OF MEADOW  FLOWER STICKERS,2011-11,2011-12,M2_gbm_poisson,,,,,,,,,C,0,,,,Inactive (no sales in last 6 months),20260818T075922Z-deb02f
21253,SET OF PICTURE FRAME  STICKERS,2011-11,2011-12,M2_gbm_poisson,30.264182,9.502354,product,18,1.645000,15.631372,46,0.313980,C,15,18.000000,1,24,Forecast,20260818T075922Z-deb02f
21255,"FRENCH BOTTLE , LAVENDER",2011-11,2011-12,M2_gbm_poisson,,,,,,,,,C,0,,,,Inactive (no sales in last 6 months),20260818T075922Z-deb02f
21256,"FRENCH BOTTLE, BRASSERIE DES ARTIST",2011-11,2011-12,M2_gbm_poisson,,,,,,,,,C,0,,,,Inactive (no sales in last 6 months),20260818T075922Z-deb02f
21257,VICTORIAN SEWING BOX MEDIUM,2011-11,2011-12,M2_gbm_poisson,69.689536,31.507252,product,18,1.645000,51.829429,122,0.452109,A,120,72.333333,1,24,Forecast,20260818T075922Z-deb02f
21258,VICTORIAN SEWING BOX LARGE,2011-11,2011-12,M2_gbm_poisson,62.457090,18.105659,product,18,1.645000,29.783810,93,0.289890,A,86,56.333333,1,24,Forecast,20260818T075922Z-deb02f
21259,VICTORIAN SEWING BOX SMALL,2011-11,2011-12,M2_gbm_poisson,76.874770,39.793725,product,18,1.645000,65.460678,143,0.517644,A,109,96.000000,1,24,Forecast,20260818T075922Z-deb02f
21260,FIRST AID TIN,2011-11,2011-12,M2_gbm_poisson,62.069513,88.460293,product,18,1.645000,145.517181,208,1.425181,A,56,98.666667,1,24,Forecast,20260818T075922Z-deb02f
21261,GREEN GOOSE FEATHER CHRISTMAS TREE,2011-11,2011-12,M2_gbm_poisson,32.961961,13.128571,product,18,1.645000,21.596500,55,0.398295,C,17,45.000000,1,24,Forecast,20260818T075922Z-deb02f
21262,WHITE GOOSE FEATHER CHRISTMAS TREE,2011-11,2011-12,M2_gbm_poisson,59.342834,25.034887,product,17,1.645000,41.182389,101,0.421869,B,83,58.000000,1,24,Forecast,20260818T075922Z-deb02f
21263,GREEN GOOSE FEATHER TREE 60CM,2011-11,2011-12,M2_gbm_poisson,50.725725,12.654065,product,14,1.645000,20.815937,72,0.249461,C,47,40.333333,1,15,Forecast,20260818T075922Z-deb02f
21264,WHITE GOOSE FEATHER TREE 60CM,2011-11,2011-12,M2_gbm_poisson,62.522467,28.166954,product,16,1.645000,46.334639,109,0.450509,C,119,70.333333,1,24,Forecast,20260818T075922Z-deb02f
21265,PINK GOOSE FEATHER TREE 60CM,2011-11,2011-12,M2_gbm_poisson,33.857448,8.098702,product,18,1.645000,13.322366,48,0.239200,C,16,26.666667,1,24,Forecast,20260818T075922Z-deb02f
21266,VINTAGE SILVER TINSEL REEL,2011-11,2011-12,M2_gbm_poisson,,,,,,,,,C,0,,,,Inactive (no sales in last 6 months),20260818T075922Z-deb02f
21267,VINTAGE PINK TINSEL REEL,2011-11,2011-12,M2_gbm_poisson,,,,,,,,,C,0,,,,Inactive (no sales in last 6 months),20260818T075922Z-deb02f
21268,VINTAGE BLUE TINSEL REEL,2011-11,2011-12,M2_gbm_poisson,,,,,,,,,C,0,,,,Inactive (no sales in last 6 months),20260818T075922Z-deb02f
21269,ANTIQUE CREAM CUTLERY SHELF,2011-11,2011-12,M2_gbm_poisson,4.923740,3.272839,product,18,1.645000,5.383821,11,0.664706,B,1,1.666667,1,24,Forecast,20260818T075922Z-deb02f
21270,ANTIQUE CREAM CUTLERY CUPBOARD,2011-11,2011-12,M2_gbm_poisson,3.889151,2.921093,product,18,1.645000,4.805197,9,0.751087,C,1,0.666667,1,24,Forecast,20260818T075922Z-deb02f
21272,SALLE DE BAIN HOOK,2011-11,2011-12,M2_gbm_poisson,3.645793,38.051596,product,18,1.645000,62.594876,67,10.437126,B,0,0.000000,4,24,Forecast,20260818T075922Z-deb02f
21274,EMBOSSED HEART 3 DRAWER SHELF,2011-11,2011-12,M2_gbm_poisson,,,,,,,,,B,0,,,,Inactive (no sales in last 6 months),20260818T075922Z-deb02f
21275,ZINC TOP  2 DOOR WOODEN SHELF,2011-11,2011-12,M2_gbm_poisson,4.308639,2.931545,product,18,1.645000,4.822391,10,0.680388,B,1,0.333333,1,24,Forecast,20260818T075922Z-deb02f
21276,TWO EMBOSSED HEART MINI DRAWERS,2011-11,2011-12,M2_gbm_poisson,,,,,,,,,B,0,,,,Inactive (no sales in last 6 months),20260818T075922Z-deb02f
21277,FRENCH STYLE EMBOSSED HEART CABINET,2011-11,2011-12,M2_gbm_poisson,8.570063,3.622881,product,18,1.645000,5.959640,15,0.422737,B,4,3.666667,1,24,Forecast,20260818T075922Z-deb02f
21278,VINTAGE KITCHEN PRINT PUDDINGS,2011-11,2011-12,M2_gbm_poisson,2.080312,17.827153,product,18,1.645000,29.325667,32,8.569462,B,0,0.000000,5,24,Forecast,20260818T075922Z-deb02f
21279,VINTAGE KITCHEN PRINT FRUITS,2011-11,2011-12,M2_gbm_poisson,8.098365,15.796732,product,18,1.645000,25.985625,35,1.950608,B,0,4.666667,3,24,Forecast,20260818T075922Z-deb02f
21280,VINTAGE KITCHEN PRINT VEGETABLES,2011-11,2011-12,M2_gbm_poisson,9.458295,16.297184,product,18,1.645000,26.808868,37,1.723057,B,6,2.000000,1,24,Forecast,20260818T075922Z-deb02f
21281,VINTAGE KITCHEN PRINT SEAFOOD,2011-11,2011-12,M2_gbm_poisson,5.663945,4.515851,product,17,1.645000,7.428575,14,0.797298,B,3,1.000000,1,24,Forecast,20260818T075922Z-deb02f
21282,NATURAL BARK CANDLE LARGE,2011-11,2011-12,M2_gbm_poisson,,,,,,,,,B,0,,,,Inactive (no sales in last 6 months),20260818T075922Z-deb02f
21283,NATURAL BARK CANDLE SMALL,2011-11,2011-12,M2_gbm_poisson,,,,,,,,,B,0,,,,Inactive (no sales in last 6 months),20260818T075922Z-deb02f
21284,RETROSPOT CANDLE  SMALL,2011-11,2011-12,M2_gbm_poisson,18.796736,18.619158,product,18,1.645000,30.628515,50,0.990553,B,5,14.333333,1,24,Forecast,20260818T075922Z-deb02f
21285,RETROSPOT CANDLE  MEDIUM,2011-11,2011-12,M2_gbm_poisson,39.532454,19.289886,product,18,1.645000,31.731863,72,0.487951,B,34,20.333333,1,24,Forecast,20260818T075922Z-deb02f
21286,RETROSPOT CANDLE  LARGE,2011-11,2011-12,M2_gbm_poisson,24.643202,28.450575,product,18,1.645000,46.801196,72,1.154500,B,6,18.666667,1,24,Forecast,20260818T075922Z-deb02f
21287,SCENTED VELVET LOUNGE CANDLE,2011-11,2011-12,M2_gbm_poisson,159.461756,95.454310,product,18,1.645000,157.022340,317,0.598603,B,564,314.000000,1,24,Forecast,20260818T075922Z-deb02f
21288,STRIPEY CHOCOLATE NESTING BOXES,2011-11,2011-12,M2_gbm_poisson,40.290596,40.778839,product,18,1.645000,67.081190,108,1.012118,B,22,54.000000,1,24,Forecast,20260818T075922Z-deb02f
21289,LARGE STRIPES CHOCOLATE GIFT BAG,2011-11,2011-12,M2_gbm_poisson,36.062662,32.713198,product,18,1.645000,53.813211,90,0.907121,B,22,53.333333,1,24,Forecast,20260818T075922Z-deb02f
21290,LARGE SPOTTY CHOCOLATE GIFT BAG,2011-11,2011-12,M2_gbm_poisson,,,,,,,,,C,0,,,,Inactive (no sales in last 6 months),20260818T075922Z-deb02f
21291,SMALL SPOTTY CHOCOLATE GIFT BAG,2011-11,2011-12,M2_gbm_poisson,56.111058,65.715133,product,18,1.645000,108.101394,165,1.171162,B,99,71.000000,1,24,Forecast,20260818T075922Z-deb02f
21292,SMALL STRIPES CHOCOLATE GIFT BAG,2011-11,2011-12,M2_gbm_poisson,43.894155,101.569738,product,18,1.645000,167.082220,211,2.313970,B,64,53.666667,1,24,Forecast,20260818T075922Z-deb02f
21293,MIRRORED DOVE WALL DECORATION,2011-11,2011-12,M2_gbm_poisson,39.165841,16.440032,product,18,1.645000,27.043853,67,0.419754,C,37,21.333333,1,24,Forecast,20260818T075922Z-deb02f
21294,ETCHED GLASS COASTER,2011-11,2011-12,M2_gbm_poisson,21.424675,72.745919,product,18,1.645000,119.667036,142,3.395427,B,0,25.333333,2,24,Forecast,20260818T075922Z-deb02f
21298,EDWARDIAN 2 DRAWER WALL CABINET,2011-11,2011-12,M2_gbm_poisson,,,,,,,,,C,0,,,,Inactive (no sales in last 6 months),20260818T075922Z-deb02f
21299,EDWARDIAN TOILET ROLL UNIT,2011-11,2011-12,M2_gbm_poisson,,,,,,,,,B,0,,,,Inactive (no sales in last 6 months),20260818T075922Z-deb02f
21300,ANTIQUE EDWARDIAN DRESSER,2011-11,2011-12,M2_gbm_poisson,,,,,,,,,C,0,,,,Inactive (no sales in last 6 months),20260818T075922Z-deb02f
21303,FILIGREE WALL MIRROR  ANTIQUE WHITE,2011-11,2011-12,M2_gbm_poisson,,,,,,,,,B,0,,,,Inactive (no sales in last 6 months),20260818T075922Z-deb02f
21304,ARCHED GREY MIRROR,2011-11,2011-12,M2_gbm_poisson,,,,,,,,,C,0,,,,Inactive (no sales in last 6 months),20260818T075922Z-deb02f
21306,SET/4 DAISY MIRROR MAGNETS,2011-11,2011-12,M2_gbm_poisson,65.793889,4.975309,product,18,1.645000,8.184383,74,0.075620,C,108,96.000000,1,24,Forecast,20260818T075922Z-deb02f
21307,SET/4 BUTTERFLY MIRROR MAGNETS,2011-11,2011-12,M2_gbm_poisson,2.048169,11.697417,product,18,1.645000,19.242252,22,5.711158,C,0,0.000000,5,24,Forecast,20260818T075922Z-deb02f
21308,LOUVRE VANITY MIRROR,2011-11,2011-12,M2_gbm_poisson,,,,,,,,,C,0,,,,Inactive (no sales in last 6 months),20260818T075922Z-deb02f
21309,LOUVRE CHALKBOARD,2011-11,2011-12,M2_gbm_poisson,,,,,,,,,C,0,,,,Inactive (no sales in last 6 months),20260818T075922Z-deb02f
21310,CAPIZ CHANDELIER,2011-11,2011-12,M2_gbm_poisson,,,,,,,,,C,0,,,,Inactive (no sales in last 6 months),20260818T075922Z-deb02f
21311,SET/4 BIRD MIRROR MAGNETS,2011-11,2011-12,M2_gbm_poisson,42.604581,15.494801,product,18,1.645000,25.488947,69,0.363689,C,45,28.000000,1,24,Forecast,20260818T075922Z-deb02f
21312,LARGE CHUNKY GLASS ROMAN BOWL,2011-11,2011-12,M2_gbm_poisson,,,,,,,,,B,0,,,,Inactive (no sales in last 6 months),20260818T075922Z-deb02f
21313,GLASS HEART T-LIGHT HOLDER,2011-11,2011-12,M2_gbm_poisson,114.174189,122.147782,product,18,1.645000,200.933101,316,1.069837,A,293,284.000000,1,24,Forecast,20260818T075922Z-deb02f
21314,SMALL GLASS HEART TRINKET POT,2011-11,2011-12,M2_gbm_poisson,213.436765,144.276550,product,18,1.645000,237.334925,451,0.675969,A,403,402.333333,1,24,Forecast,20260818T075922Z-deb02f
21316,SMALL CHUNKY GLASS ROMAN  BOWL,2011-11,2011-12,M2_gbm_poisson,,,,,,,,,B,0,,,,Inactive (no sales in last 6 months),20260818T075922Z-deb02f
21317,GLASS SPHERE CANDLE STAND MEDIUM,2011-11,2011-12,M2_gbm_poisson,35.447714,9.139043,product,18,1.645000,15.033726,51,0.257818,B,25,20.333333,1,24,Forecast,20260818T075922Z-deb02f
21318,GLASS CHALICE BLUE SMALL,2011-11,2011-12,M2_gbm_poisson,,,,,,,,,C,0,,,,Inactive (no sales in last 6 months),20260818T075922Z-deb02f
21319,GLASS CHALICE GREEN  SMALL,2011-11,2011-12,M2_gbm_poisson,,,,,,,,,C,0,,,,Inactive (no sales in last 6 months),20260818T075922Z-deb02f
21320,GLASS CHALICE GREEN  LARGE,2011-11,2011-12,M2_gbm_poisson,,,,,,,,,B,0,,,,Inactive (no sales in last 6 months),20260818T075922Z-deb02f
21321,GLASS CHALICE BLUE  LARGE,2011-11,2011-12,M2_gbm_poisson,,,,,,,,,C,0,,,,Inactive (no sales in last 6 months),20260818T075922Z-deb02f
21322,GLASS SPHERE CANDLE STAND LARGE,2011-11,2011-12,M2_gbm_poisson,,,,,,,,,C,0,,,,Inactive (no sales in last 6 months),20260818T075922Z-deb02f
21323,HANGING MEDINA LANTERN LARGE,2011-11,2011-12,M2_gbm_poisson,,,,,,,,,B,0,,,,Inactive (no sales in last 6 months),20260818T075922Z-deb02f
21324,HANGING MEDINA LANTERN SMALL,2011-11,2011-12,M2_gbm_poisson,,,,,,,,,B,0,,,,Inactive (no sales in last 6 months),20260818T075922Z-deb02f
21326,AGED GLASS SILVER T-LIGHT HOLDER,2011-11,2011-12,M2_gbm_poisson,617.502691,368.426693,product,18,1.645000,606.061910,1224,0.596640,A,1141,1149.000000,1,24,Forecast,20260818T075922Z-deb02f
21327,SKULLS WRITING SET,2011-11,2011-12,M2_gbm_poisson,99.370162,30.884782,product,18,1.645000,50.805466,151,0.310805,B,176,102.000000,1,24,Forecast,20260818T075922Z-deb02f
21328,BALLOONS  WRITING SET,2011-11,2011-12,M2_gbm_poisson,110.698949,69.333641,product,18,1.645000,114.053839,225,0.626326,B,222,155.000000,1,24,Forecast,20260818T075922Z-deb02f
21329,DINOSAURS  WRITING SET,2011-11,2011-12,M2_gbm_poisson,104.525775,56.557928,product,18,1.645000,93.037792,198,0.541091,B,221,137.333333,1,24,Forecast,20260818T075922Z-deb02f
21330,WOODLAND ANIMAL  WRITING SET,2011-11,2011-12,M2_gbm_poisson,,,,,,,,,B,0,,,,Inactive (no sales in last 6 months),20260818T075922Z-deb02f
21331,MOROCCAN BEATEN METAL DISH LARGE,2011-11,2011-12,M2_gbm_poisson,4.144187,5.567385,product,18,1.645000,9.158349,14,1.343420,C,1,1.333333,1,24,Forecast,20260818T075922Z-deb02f
21332,MOROCCAN BEATEN METAL MIRROR,2011-11,2011-12,M2_gbm_poisson,2.614460,3.552829,product,18,1.645000,5.844403,9,1.358915,B,0,0.000000,4,24,Forecast,20260818T075922Z-deb02f
21333,CLASSIC WHITE FRAME,2011-11,2011-12,M2_gbm_poisson,,,,,,,,,B,0,,,,Inactive (no sales in last 6 months),20260818T075922Z-deb02f
21335,LIBRARY LAMP,2011-11,2011-12,M2_gbm_poisson,,,,,,,,,B,0,,,,Inactive (no sales in last 6 months),20260818T075922Z-deb02f
21336,GOLD WASHBAG,2011-11,2011-12,M2_gbm_poisson,2.114785,12.810109,product,18,1.645000,21.072629,24,6.057406,C,0,0.000000,6,24,Forecast,20260818T075922Z-deb02f
21337,SILVER WASHBAG,2011-11,2011-12,M2_gbm_poisson,,,,,,,,,C,0,,,,Inactive (no sales in last 6 months),20260818T075922Z-deb02f
21338,MARAKESH LANTERN SMALL,2011-11,2011-12,M2_gbm_poisson,,,,,,,,,C,0,,,,Inactive (no sales in last 6 months),20260818T075922Z-deb02f
21339,MARAKESH LANTERN LARGE,2011-11,2011-12,M2_gbm_poisson,,,,,,,,,C,0,,,,Inactive (no sales in last 6 months),20260818T075922Z-deb02f
21340,CLASSIC METAL BIRDCAGE PLANT HOLDER,2011-11,2011-12,M2_gbm_poisson,69.831972,31.491239,product,18,1.645000,51.803089,122,0.450957,A,86,69.666667,1,24,Forecast,20260818T075922Z-deb02f
21341,KASBAH LANTERN WITH GLASS,2011-11,2011-12,M2_gbm_poisson,,,,,,,,,C,0,,,,Inactive (no sales in last 6 months),20260818T075922Z-deb02f
21343,GOLD JEWELERY BOX,2011-11,2011-12,M2_gbm_poisson,,,,,,,,,C,0,,,,Inactive (no sales in last 6 months),20260818T075922Z-deb02f
21344,MOROCCAN BEATEN METAL DISH,2011-11,2011-12,M2_gbm_poisson,7.268189,2.639473,product,18,1.645000,4.341933,12,0.363154,C,5,3.000000,1,24,Forecast,20260818T075922Z-deb02f
21347,GOTHIC CARRIAGE LANTERN,2011-11,2011-12,M2_gbm_poisson,,,,,,,,,C,0,,,,Inactive (no sales in last 6 months),20260818T075922Z-deb02f
21348,PINK SPOTS CHOCOLATE NESTING BOXES,2011-11,2011-12,M2_gbm_poisson,,,,,,,,,B,0,,,,Inactive (no sales in last 6 months),20260818T075922Z-deb02f
21349,IVY HEART WREATH,2011-11,2011-12,M2_gbm_poisson,5.266984,7.171707,product,14,1.645000,11.797458,18,1.361634,A,1,2.000000,1,24,Forecast,20260818T075922Z-deb02f
21350,GINGHAM HEART WREATH,2011-11,2011-12,M2_gbm_poisson,,,,,,,,,C,0,,,,Inactive (no sales in last 6 months),20260818T075922Z-deb02f
21351,CINAMMON & ORANGE WREATH,2011-11,2011-12,M2_gbm_poisson,27.805747,8.497003,product,16,1.645000,13.977570,42,0.305584,A,22,12.666667,1,24,Forecast,20260818T075922Z-deb02f
21352,EUCALYPTUS & PINECONE  WREATH,2011-11,2011-12,M2_gbm_poisson,38.172303,30.870030,product,16,1.645000,50.781199,89,0.808702,B,22,91.333333,1,24,Forecast,20260818T075922Z-deb02f
21353,SILVER SLEIGHBELL  WREATH,2011-11,2011-12,M2_gbm_poisson,,,,,,,,,C,0,,,,Inactive (no sales in last 6 months),20260818T075922Z-deb02f
21354,TOAST ITS - BEST MUM,2011-11,2011-12,M2_gbm_poisson,63.641981,43.625431,product,18,1.645000,71.763834,136,0.685482,B,96,60.000000,1,24,Forecast,20260818T075922Z-deb02f
21355,TOAST ITS - I LOVE YOU,2011-11,2011-12,M2_gbm_poisson,27.835572,12.999585,product,18,1.645000,21.384317,50,0.467013,A,16,9.333333,1,24,Forecast,20260818T075922Z-deb02f
21356,TOAST ITS - FAIRY FLOWER,2011-11,2011-12,M2_gbm_poisson,85.123968,34.630200,product,18,1.645000,56.966679,143,0.406821,B,157,111.333333,1,24,Forecast,20260818T075922Z-deb02f
21357,TOAST ITS - DINOSAUR,2011-11,2011-12,M2_gbm_poisson,,,,,,,,,B,0,,,,Inactive (no sales in last 6 months),20260818T075922Z-deb02f
21358,TOAST ITS - HAPPY BIRTHDAY,2011-11,2011-12,M2_gbm_poisson,55.202421,27.575915,product,18,1.645000,45.362381,101,0.499542,B,59,43.333333,1,24,Forecast,20260818T075922Z-deb02f
21359,RELAX LARGE WOOD LETTERS,2011-11,2011-12,M2_gbm_poisson,3.046930,5.236988,product,18,1.645000,8.614845,12,1.718775,B,0,0.000000,4,24,Forecast,20260818T075922Z-deb02f
21360,JOY LARGE WOOD LETTERS,2011-11,2011-12,M2_gbm_poisson,2.043711,9.340083,product,18,1.645000,15.364437,18,4.570158,B,0,0.000000,6,24,Forecast,20260818T075922Z-deb02f
21361,LOVE LARGE WOOD LETTERS,2011-11,2011-12,M2_gbm_poisson,2.033330,11.133214,product,18,1.645000,18.314137,21,5.475361,A,0,0.000000,5,22,Forecast,20260818T075922Z-deb02f
21363,HOME SMALL WOOD LETTERS,2011-11,2011-12,M2_gbm_poisson,3.939020,16.619353,product,18,1.645000,27.338836,32,4.219160,A,0,2.000000,3,23,Forecast,20260818T075922Z-deb02f
21364,PEACE SMALL WOOD LETTERS,2011-11,2011-12,M2_gbm_poisson,3.463376,5.930697,product,18,1.645000,9.755996,14,1.712403,A,0,1.666667,2,24,Forecast,20260818T075922Z-deb02f
21365,MIRRORED WALL ART STARS,2011-11,2011-12,M2_gbm_poisson,35.910864,20.241567,product,18,1.645000,33.297378,70,0.563661,C,20,26.333333,1,24,Forecast,20260818T075922Z-deb02f
21366,MIRRORED WALL ART PHOTO FRAMES,2011-11,2011-12,M2_gbm_poisson,10.525403,6.319731,product,18,1.645000,10.395957,21,0.600426,B,4,3.333333,1,24,Forecast,20260818T075922Z-deb02f
21367,MIRRORED WALL ART GENTS,2011-11,2011-12,M2_gbm_poisson,19.392392,13.488102,product,18,1.645000,22.187927,42,0.695536,C,12,13.333333,1,24,Forecast,20260818T075922Z-deb02f
21368,MIRRORED WALL ART LADIES,2011-11,2011-12,M2_gbm_poisson,22.798937,9.962257,product,18,1.645000,16.387912,40,0.436961,C,10,12.333333,1,24,Forecast,20260818T075922Z-deb02f
21369,MIRRORED WALL ART SPLODGES,2011-11,2011-12,M2_gbm_poisson,14.202020,8.859350,product,18,1.645000,14.573631,29,0.623809,C,2,9.666667,1,24,Forecast,20260818T075922Z-deb02f
21370,MIRRORED WALL ART FOXY,2011-11,2011-12,M2_gbm_poisson,12.341805,1.290159,product,13,1.645000,2.122311,15,0.104536,C,7,2.333333,1,24,Forecast,20260818T075922Z-deb02f
21371,MIRRORED WALL ART POPPIES,2011-11,2011-12,M2_gbm_poisson,17.538583,25.308427,product,18,1.645000,41.632362,60,1.443014,C,4,9.333333,1,24,Forecast,20260818T075922Z-deb02f
21372,MIRRORED WALL ART TABLE LAMP,2011-11,2011-12,M2_gbm_poisson,19.558159,12.239456,product,18,1.645000,20.133905,40,0.625798,C,11,11.333333,1,24,Forecast,20260818T075922Z-deb02f
21373,MIRRORED WALL ART SNOWFLAKES,2011-11,2011-12,M2_gbm_poisson,65.833296,31.947361,product,17,1.645000,52.553409,119,0.485277,C,112,73.000000,1,24,Forecast,20260818T075922Z-deb02f
21374,MIRRORED WALL ART SKULLS,2011-11,2011-12,M2_gbm_poisson,38.855492,21.115337,product,18,1.645000,34.734730,74,0.543433,C,27,28.333333,1,24,Forecast,20260818T075922Z-deb02f
21375,LARGE CAMPHOR WOOD FIELD MUSHROOM,2011-11,2011-12,M2_gbm_poisson,5.647323,2.141986,product,18,1.645000,3.523568,10,0.379292,C,1,2.000000,1,24,Forecast,20260818T075922Z-deb02f
21376,LARGE  TALL CAMPHOR WOOD TOADSTOOL,2011-11,2011-12,M2_gbm_poisson,7.149456,6.254496,product,18,1.645000,10.288647,18,0.874821,C,2,2.666667,1,24,Forecast,20260818T075922Z-deb02f
21377,SMALL CAMPHOR WOOD FIELD  MUSHROOM,2011-11,2011-12,M2_gbm_poisson,17.925731,9.542384,product,18,1.645000,15.697222,34,0.532329,C,12,9.000000,1,24,Forecast,20260818T075922Z-deb02f
21378,SMALL TALL CAMPHOR WOOD TOADSTOOL,2011-11,2011-12,M2_gbm_poisson,19.573774,17.161688,product,18,1.645000,28.230977,48,0.876770,C,8,9.666667,1,24,Forecast,20260818T075922Z-deb02f
21379,CAMPHOR WOOD PORTOBELLO MUSHROOM,2011-11,2011-12,M2_gbm_poisson,25.755692,17.070508,product,18,1.645000,28.080986,54,0.662786,C,8,15.666667,1,24,Forecast,20260818T075922Z-deb02f
21380,WOODEN HAPPY BIRTHDAY GARLAND,2011-11,2011-12,M2_gbm_poisson,108.825225,129.898221,product,18,1.645000,213.682574,323,1.193641,A,95,144.000000,1,24,Forecast,20260818T075922Z-deb02f
21381,MINI WOODEN HAPPY BIRTHDAY GARLAND,2011-11,2011-12,M2_gbm_poisson,69.743692,119.985558,product,18,1.645000,197.376243,268,1.720379,A,86,107.666667,1,24,Forecast,20260818T075922Z-deb02f
21382,SET/4 SPRING FLOWER DECORATION,2011-11,2011-12,M2_gbm_poisson,69.035316,35.550228,product,18,1.645000,58.480124,128,0.514957,C,62,129.666667,1,19,Forecast,20260818T075922Z-deb02f
21383,PACK OF 12 STICKY BUNNIES,2011-11,2011-12,M2_gbm_poisson,48.015027,19.413980,product,18,1.645000,31.935997,80,0.404331,B,54,21.333333,1,24,Forecast,20260818T075922Z-deb02f
21384,IVORY HANGING DECORATION  BUTTERFLY,2011-11,2011-12,M2_gbm_poisson,,,,,,,,,B,0,,,,Inactive (no sales in last 6 months),20260818T075922Z-deb02f
21385,IVORY HANGING DECORATION  HEART,2011-11,2011-12,M2_gbm_poisson,116.160677,259.845887,product,18,1.645000,427.446485,544,2.236952,A,121,205.000000,1,24,Forecast,20260818T075922Z-deb02f
21386,IVORY HANGING DECORATION  EGG,2011-11,2011-12,M2_gbm_poisson,80.057926,32.070862,product,18,1.645000,52.756568,133,0.400596,C,76,70.000000,1,23,Forecast,20260818T075922Z-deb02f
21387,IVORY HANGING DECORATION  RABBIT,2011-11,2011-12,M2_gbm_poisson,,,,,,,,,C,0,,,,Inactive (no sales in last 6 months),20260818T075922Z-deb02f
21388,IVORY HANGING DECORATION  CHICKEN,2011-11,2011-12,M2_gbm_poisson,,,,,,,,,C,0,,,,Inactive (no sales in last 6 months),20260818T075922Z-deb02f
21389,IVORY HANGING DECORATION  BIRD,2011-11,2011-12,M2_gbm_poisson,33.647374,52.084331,product,18,1.645000,85.678725,120,1.547946,B,22,19.666667,1,24,Forecast,20260818T075922Z-deb02f
21390,FILIGRIS HEART WITH BUTTERFLY,2011-11,2011-12,M2_gbm_poisson,154.881779,174.616551,product,18,1.645000,287.244226,443,1.127418,A,179,416.666667,1,24,Forecast,20260818T075922Z-deb02f
21391,FRENCH LAVENDER SCENT HEART,2011-11,2011-12,M2_gbm_poisson,21.436549,33.375772,product,18,1.645000,54.903145,77,1.556956,B,1,14.333333,1,24,Forecast,20260818T075922Z-deb02f
21392,RED SPOTTY PUDDING BOWL,2011-11,2011-12,M2_gbm_poisson,,,,,,,,,B,0,,,,Inactive (no sales in last 6 months),20260818T075922Z-deb02f
21393,BLUE  SPOTTY PUDDING BOWL,2011-11,2011-12,M2_gbm_poisson,,,,,,,,,B,0,,,,Inactive (no sales in last 6 months),20260818T075922Z-deb02f
21394,RED POLKADOT BEAKER,2011-11,2011-12,M2_gbm_poisson,125.754806,69.813632,product,18,1.645000,114.843425,241,0.555157,B,28,166.000000,1,23,Forecast,20260818T075922Z-deb02f
21395,BLUE POLKADOT BEAKER,2011-11,2011-12,M2_gbm_poisson,42.438475,20.292124,product,18,1.645000,33.380544,76,0.478154,C,8,9.666667,1,24,Forecast,20260818T075922Z-deb02f
21396,RED SPOTTY EGG CUP,2011-11,2011-12,M2_gbm_poisson,,,,,,,,,B,0,,,,Inactive (no sales in last 6 months),20260818T075922Z-deb02f
21397,BLUE  SPOTTY EGG CUP,2011-11,2011-12,M2_gbm_poisson,,,,,,,,,B,0,,,,Inactive (no sales in last 6 months),20260818T075922Z-deb02f
21398,RED POLKADOT COFFEE  MUG,2011-11,2011-12,M2_gbm_poisson,,,,,,,,,B,0,,,,Inactive (no sales in last 6 months),20260818T075922Z-deb02f
21399,BLUE POLKADOT COFFEE MUG,2011-11,2011-12,M2_gbm_poisson,2.082963,30.715543,product,18,1.645000,50.527068,53,14.746085,B,0,0.000000,6,24,Forecast,20260818T075922Z-deb02f
21400,RED PUDDING SPOON,2011-11,2011-12,M2_gbm_poisson,69.226282,49.341299,product,18,1.645000,81.166436,151,0.712754,C,90,103.333333,1,24,Forecast,20260818T075922Z-deb02f
21401,BLUE PUDDING SPOON,2011-11,2011-12,M2_gbm_poisson,93.367163,55.882826,product,18,1.645000,91.927249,186,0.598528,C,70,98.000000,1,24,Forecast,20260818T075922Z-deb02f
21402,RED  EGG  SPOON,2011-11,2011-12,M2_gbm_poisson,80.962388,43.409416,product,18,1.645000,71.408489,153,0.536168,C,213,145.000000,1,24,Forecast,20260818T075922Z-deb02f
21403,BLUE EGG  SPOON,2011-11,2011-12,M2_gbm_poisson,106.954568,88.068738,product,18,1.645000,144.873074,252,0.823422,C,271,183.666667,1,24,Forecast,20260818T075922Z-deb02f
21406,SPOTTY CAT DOORSTOP,2011-11,2011-12,M2_gbm_poisson,,,,,,,,,C,0,,,,Inactive (no sales in last 6 months),20260818T075922Z-deb02f
21407,BROWN CHECK CAT DOORSTOP,2011-11,2011-12,M2_gbm_poisson,19.489769,21.252181,product,18,1.645000,34.959838,55,1.090428,A,4,24.000000,1,24,Forecast,20260818T075922Z-deb02f
21408,SPOTTY PINK DUCK DOORSTOP,2011-11,2011-12,M2_gbm_poisson,37.153132,17.607654,product,18,1.645000,28.964591,67,0.473921,B,27,21.666667,1,24,Forecast,20260818T075922Z-deb02f
21409,SPOTTY COCKEREL DOORSTOP,2011-11,2011-12,M2_gbm_poisson,,,,,,,,,C,0,,,,Inactive (no sales in last 6 months),20260818T075922Z-deb02f
21410,COUNTRY COTTAGE  DOORSTOP GREEN,2011-11,2011-12,M2_gbm_poisson,,,,,,,,,B,0,,,,Inactive (no sales in last 6 months),20260818T075922Z-deb02f
21411,GINGHAM HEART  DOORSTOP RED,2011-11,2011-12,M2_gbm_poisson,61.246633,16.962427,product,18,1.645000,27.903192,90,0.276953,A,71,56.666667,1,24,Forecast,20260818T075922Z-deb02f
21412,VINTAGE GOLD TINSEL REEL,2011-11,2011-12,M2_gbm_poisson,,,,,,,,,C,0,,,,Inactive (no sales in last 6 months),20260818T075922Z-deb02f
21413,PERIWINKLE T-LIGHT HOLDER,2011-11,2011-12,M2_gbm_poisson,8.860135,9.436823,product,18,1.645000,15.523574,25,1.065088,B,4,2.666667,1,24,Forecast,20260818T075922Z-deb02f
21414,SCALLOP SHELL SOAP DISH,2011-11,2011-12,M2_gbm_poisson,,,,,,,,,C,0,,,,Inactive (no sales in last 6 months),20260818T075922Z-deb02f
21415,CLAM SHELL SMALL,2011-11,2011-12,M2_gbm_poisson,31.450795,17.590308,product,18,1.645000,28.936056,61,0.559296,C,15,26.333333,1,24,Forecast,20260818T075922Z-deb02f
21416,CLAM SHELL LARGE,2011-11,2011-12,M2_gbm_poisson,,,,,,,,,C,0,,,,Inactive (no sales in last 6 months),20260818T075922Z-deb02f
21417,COCKLE SHELL DISH,2011-11,2011-12,M2_gbm_poisson,33.698321,17.893277,product,18,1.645000,29.434441,64,0.530984,C,22,23.666667,1,24,Forecast,20260818T075922Z-deb02f
21418,STARFISH SOAP DISH,2011-11,2011-12,M2_gbm_poisson,8.386569,8.228504,product,18,1.645000,13.535889,22,0.981153,C,0,3.333333,2,24,Forecast,20260818T075922Z-deb02f
21419,CONCH SHELL,2011-11,2011-12,M2_gbm_poisson,,,,,,,,,C,0,,,,Inactive (no sales in last 6 months),20260818T075922Z-deb02f
21420,OYSTER TRINKET BOX,2011-11,2011-12,M2_gbm_poisson,8.731703,5.298368,product,18,1.645000,8.715815,18,0.606797,C,4,2.333333,1,23,Forecast,20260818T075922Z-deb02f
21421,PORCELAIN ROSE LARGE,2011-11,2011-12,M2_gbm_poisson,,,,,,,,,B,0,,,,Inactive (no sales in last 6 months),20260818T075922Z-deb02f
21422,PORCELAIN ROSE SMALL,2011-11,2011-12,M2_gbm_poisson,61.357065,74.591385,product,18,1.645000,122.702829,185,1.215693,B,24,273.666667,1,24,Forecast,20260818T075922Z-deb02f
21424,WOODLAND STORAGE BOX LARGE,2011-11,2011-12,M2_gbm_poisson,19.165212,38.464871,product,18,1.645000,63.274713,83,2.007015,B,0,23.000000,2,24,Forecast,20260818T075922Z-deb02f
21425,SKULLS STORAGE BOX LARGE,2011-11,2011-12,M2_gbm_poisson,25.527980,18.554517,product,18,1.645000,30.522180,57,0.726831,B,16,10.000000,1,24,Forecast,20260818T075922Z-deb02f
21426,WOODLAND STORAGE BOX SMALL,2011-11,2011-12,M2_gbm_poisson,41.209442,41.011755,product,18,1.645000,67.464338,109,0.995203,B,36,26.333333,1,24,Forecast,20260818T075922Z-deb02f
21427,SKULLS STORAGE BOX SMALL,2011-11,2011-12,M2_gbm_poisson,31.705741,12.258804,product,18,1.645000,20.165733,52,0.386643,C,19,16.333333,1,24,Forecast,20260818T075922Z-deb02f
21428,SET3 BOOK BOX GREEN GINGHAM FLOWER,2011-11,2011-12,M2_gbm_poisson,92.585921,55.866740,product,18,1.645000,91.900788,185,0.603404,A,170,124.666667,1,24,Forecast,20260818T075922Z-deb02f
21429,RED GINGHAM ROSE JEWELLERY BOX,2011-11,2011-12,M2_gbm_poisson,185.457612,148.993442,product,18,1.645000,245.094212,431,0.803383,A,318,242.000000,1,24,Forecast,20260818T075922Z-deb02f
21430,SET/3 RED GINGHAM ROSE STORAGE BOX,2011-11,2011-12,M2_gbm_poisson,171.851235,161.176856,product,18,1.645000,265.135928,437,0.937886,A,183,203.000000,1,24,Forecast,20260818T075922Z-deb02f
21431,GREEN GINGHAM FLOWER JEWELLERY BOX,2011-11,2011-12,M2_gbm_poisson,,,,,,,,,B,0,,,,Inactive (no sales in last 6 months),20260818T075922Z-deb02f
21432,SET OF 3 CASES WOODLAND DESIGN,2011-11,2011-12,M2_gbm_poisson,,,,,,,,,A,0,,,,Inactive (no sales in last 6 months),20260818T075922Z-deb02f
21437,24 HANGING EASTER EGGS FLORAL TUB,2011-11,2011-12,M2_gbm_poisson,,,,,,,,,B,0,,,,Inactive (no sales in last 6 months),20260818T075922Z-deb02f
21438,TUB 24 HANGING EASTER EGGS SPOTTY,2011-11,2011-12,M2_gbm_poisson,,,,,,,,,B,0,,,,Inactive (no sales in last 6 months),20260818T075922Z-deb02f
21439,BASKET OF TOADSTOOLS,2011-11,2011-12,M2_gbm_poisson,74.849219,86.048102,product,18,1.645000,141.549129,217,1.149619,B,186,73.000000,1,24,Forecast,20260818T075922Z-deb02f
21440,12 MINI TOADSTOOL PEGS,2011-11,2011-12,M2_gbm_poisson,,,,,,,,,C,0,,,,Inactive (no sales in last 6 months),20260818T075922Z-deb02f
21441,BLUE BIRDHOUSE DECORATION,2011-11,2011-12,M2_gbm_poisson,30.795682,9.578930,product,18,1.645000,15.757340,47,0.311048,C,19,14.666667,1,24,Forecast,20260818T075922Z-deb02f
21442,GREEN BIRDHOUSE DECORATION,2011-11,2011-12,M2_gbm_poisson,32.313921,19.176986,product,18,1.645000,31.546142,64,0.593459,C,17,20.666667,1,24,Forecast,20260818T075922Z-deb02f
21443,OLIVE CHALET BIRDFEEDER,2011-11,2011-12,M2_gbm_poisson,,,,,,,,,C,0,,,,Inactive (no sales in last 6 months),20260818T075922Z-deb02f
21444,BLUE CHALET BIRDFEEDER,2011-11,2011-12,M2_gbm_poisson,,,,,,,,,C,0,,,,Inactive (no sales in last 6 months),20260818T075922Z-deb02f
21445,12 PINK ROSE PEG PLACE SETTINGS,2011-11,2011-12,M2_gbm_poisson,2.192547,33.874074,product,18,1.645000,55.722852,58,15.449646,B,0,0.000000,5,24,Forecast,20260818T075922Z-deb02f
21446,12 RED ROSE PEG PLACE SETTINGS,2011-11,2011-12,M2_gbm_poisson,46.195231,44.491862,product,18,1.645000,73.189113,120,0.963127,B,52,53.000000,1,24,Forecast,20260818T075922Z-deb02f
21447,12 IVORY ROSE PEG PLACE SETTINGS,2011-11,2011-12,M2_gbm_poisson,9.142994,68.487966,product,18,1.645000,112.662704,122,7.490759,A,0,13.666667,3,24,Forecast,20260818T075922Z-deb02f
21448,12 DAISY PEGS IN WOOD BOX,2011-11,2011-12,M2_gbm_poisson,8.251202,23.629901,product,18,1.645000,38.871187,48,2.863813,B,0,3.666667,2,24,Forecast,20260818T075922Z-deb02f
21450,DISTRESSED CANDLE STICK WHITE,2011-11,2011-12,M2_gbm_poisson,,,,,,,,,C,0,,,,Inactive (no sales in last 6 months),20260818T075922Z-deb02f
21452,TOADSTOOL MONEY BOX,2011-11,2011-12,M2_gbm_poisson,62.814432,30.830148,product,18,1.645000,50.715594,114,0.490813,A,76,55.666667,1,21,Forecast,20260818T075922Z-deb02f
21454,PAINTED PINK RABBIT,2011-11,2011-12,M2_gbm_poisson,13.715101,29.385799,product,18,1.645000,48.339640,63,2.142587,C,4,5.000000,1,23,Forecast,20260818T075922Z-deb02f
21455,PAINTED YELLOW WOODEN DAISY,2011-11,2011-12,M2_gbm_poisson,15.120552,34.758074,product,18,1.645000,57.177032,73,2.298731,C,3,4.666667,1,23,Forecast,20260818T075922Z-deb02f
21456,2 PICTURE BOOK EGGS EASTER CHICKS,2011-11,2011-12,M2_gbm_poisson,4.420301,15.817489,product,18,1.645000,26.019769,31,3.578373,C,0,0.000000,4,24,Forecast,20260818T075922Z-deb02f
21457,2 PICTURE BOOK EGGS EASTER DUCKS,2011-11,2011-12,M2_gbm_poisson,18.593941,10.986956,product,17,1.645000,18.073542,37,0.590889,C,12,4.000000,1,24,Forecast,20260818T075922Z-deb02f
21458,2 PICTURE BOOK EGGS EASTER BUNNY,2011-11,2011-12,M2_gbm_poisson,14.985264,16.643964,product,18,1.645000,27.379321,43,1.110689,C,12,4.000000,1,24,Forecast,20260818T075922Z-deb02f
21459,YELLOW EASTER EGG HUNT START POST,2011-11,2011-12,M2_gbm_poisson,,,,,,,,,C,0,,,,Inactive (no sales in last 6 months),20260818T075922Z-deb02f
21460,GREEN EASTER EGG HUNT START POST,2011-11,2011-12,M2_gbm_poisson,,,,,,,,,C,0,,,,Inactive (no sales in last 6 months),20260818T075922Z-deb02f
21461,BLUE EASTER EGG HUNT START POST,2011-11,2011-12,M2_gbm_poisson,,,,,,,,,C,0,,,,Inactive (no sales in last 6 months),20260818T075922Z-deb02f
21462,"NURSERY A,B,C PAINTED LETTERS",2011-11,2011-12,M2_gbm_poisson,15.073923,14.451199,product,18,1.645000,23.772222,39,0.958689,B,5,9.000000,1,24,Forecast,20260818T075922Z-deb02f
21463,MIRRORED DISCO BALL,2011-11,2011-12,M2_gbm_poisson,73.793883,13.095732,product,18,1.645000,21.542479,96,0.177464,A,104,95.666667,1,24,Forecast,20260818T075922Z-deb02f
21464,DISCO BALL ROTATOR BATTERY OPERATED,2011-11,2011-12,M2_gbm_poisson,39.923342,14.609466,product,18,1.645000,24.032572,64,0.365938,B,39,30.000000,1,24,Forecast,20260818T075922Z-deb02f
21465,PINK FLOWER CROCHET FOOD COVER,2011-11,2011-12,M2_gbm_poisson,23.665241,18.349547,product,18,1.645000,30.185005,54,0.775380,B,12,16.666667,1,24,Forecast,20260818T075922Z-deb02f
21466,RED FLOWER CROCHET FOOD COVER,2011-11,2011-12,M2_gbm_poisson,34.559796,36.489529,product,18,1.645000,60.025275,95,1.055838,B,28,15.000000,1,24,Forecast,20260818T075922Z-deb02f
21467,CHERRY CROCHET FOOD COVER,2011-11,2011-12,M2_gbm_poisson,10.654364,15.579457,product,18,1.645000,25.628207,37,1.462261,B,3,5.333333,1,24,Forecast,20260818T075922Z-deb02f
21468,BUTTERFLY CROCHET FOOD COVER,2011-11,2011-12,M2_gbm_poisson,9.166200,14.801018,product,18,1.645000,24.347675,34,1.614739,B,3,3.666667,1,24,Forecast,20260818T075922Z-deb02f
21469,POLKA DOT RAFFIA FOOD COVER,2011-11,2011-12,M2_gbm_poisson,12.576396,26.694658,product,18,1.645000,43.912712,57,2.122600,B,3,6.666667,1,24,Forecast,20260818T075922Z-deb02f
21470,FLOWER VINE RAFFIA FOOD COVER,2011-11,2011-12,M2_gbm_poisson,38.864543,29.054142,product,18,1.645000,47.794063,87,0.747575,A,24,21.000000,1,24,Forecast,20260818T075922Z-deb02f
21471,STRAWBERRY RAFFIA FOOD COVER,2011-11,2011-12,M2_gbm_poisson,46.063104,41.033772,product,18,1.645000,67.500555,114,0.890816,A,26,27.333333,1,24,Forecast,20260818T075922Z-deb02f
21472,LADYBIRD + BEE RAFFIA FOOD COVER,2011-11,2011-12,M2_gbm_poisson,2.043711,14.078547,product,18,1.645000,23.159210,26,6.888716,A,0,0.000000,5,24,Forecast,20260818T075922Z-deb02f
21473,SWEETHEART CREAM STEEL TABLE RECT,2011-11,2011-12,M2_gbm_poisson,3.969030,4.210806,product,18,1.645000,6.926777,11,1.060916,B,1,1.666667,1,24,Forecast,20260818T075922Z-deb02f
21474,SWEETHEART CREAM STEEL FOLDIN BENCH,2011-11,2011-12,M2_gbm_poisson,,,,,,,,,A,0,,,,Inactive (no sales in last 6 months),20260818T075922Z-deb02f
21475,SWEETHEART CREAM STEEL FOLDIN CHAIR,2011-11,2011-12,M2_gbm_poisson,,,,,,,,,C,0,,,,Inactive (no sales in last 6 months),20260818T075922Z-deb02f
21476,STEEL SWEETHEART ROUND TABLE CREAM,2011-11,2011-12,M2_gbm_poisson,3.393239,6.698239,product,18,1.645000,11.018602,15,1.973996,B,0,1.000000,2,23,Forecast,20260818T075922Z-deb02f
21477,STRING OF 20 ROSE LIGHTS,2011-11,2011-12,M2_gbm_poisson,,,,,,,,,A,0,,,,Inactive (no sales in last 6 months),20260818T075922Z-deb02f
21478,SILVER SKULL HOT WATER BOTTLE,2011-11,2011-12,M2_gbm_poisson,,,,,,,,,C,0,,,,Inactive (no sales in last 6 months),20260818T075922Z-deb02f
21479,WHITE SKULL HOT WATER BOTTLE,2011-11,2011-12,M2_gbm_poisson,515.853758,24.457044,product,16,1.645000,40.231837,557,0.047411,A,911,510.000000,1,24,Forecast,20260818T075922Z-deb02f
21480,PINK STRIPE HOT WATER BOTTLE,2011-11,2011-12,M2_gbm_poisson,,,,,,,,,C,0,,,,Inactive (no sales in last 6 months),20260818T075922Z-deb02f
21481,FAWN BLUE HOT WATER BOTTLE,2011-11,2011-12,M2_gbm_poisson,266.041290,166.794427,product,18,1.645000,274.376833,541,0.626949,A,537,421.333333,1,24,Forecast,20260818T075922Z-deb02f
21482,MUSHROOM BLUE HOT WATER BOTTLE,2011-11,2011-12,M2_gbm_poisson,,,,,,,,,B,0,,,,Inactive (no sales in last 6 months),20260818T075922Z-deb02f
21484,CHICK GREY HOT WATER BOTTLE,2011-11,2011-12,M2_gbm_poisson,247.033094,142.817375,product,18,1.645000,234.934583,482,0.578131,A,450,296.333333,1,24,Forecast,20260818T075922Z-deb02f
21485,RETROSPOT HEART HOT WATER BOTTLE,2011-11,2011-12,M2_gbm_poisson,496.726184,258.843502,product,18,1.645000,425.797560,923,0.521099,A,770,656.666667,1,24,Forecast,20260818T075922Z-deb02f
21486,PINK HEART DOTS HOT WATER BOTTLE,2011-11,2011-12,M2_gbm_poisson,,,,,,,,,A,0,,,,Inactive (no sales in last 6 months),20260818T075922Z-deb02f
21488,RED WHITE SCARF  HOT WATER BOTTLE,2011-11,2011-12,M2_gbm_poisson,,,,,,,,,A,0,,,,Inactive (no sales in last 6 months),20260818T075922Z-deb02f
21489,BLUE WHITE SCARF HOT WATER BOTTLE,2011-11,2011-12,M2_gbm_poisson,,,,,,,,,C,0,,,,Inactive (no sales in last 6 months),20260818T075922Z-deb02f
21490,SET OF THREE 50'S GIFT WRAPS,2011-11,2011-12,M2_gbm_poisson,,,,,,,,,B,0,,,,Inactive (no sales in last 6 months),20260818T075922Z-deb02f
21491,SET OF THREE VINTAGE GIFT WRAPS,2011-11,2011-12,M2_gbm_poisson,,,,,,,,,A,0,,,,Inactive (no sales in last 6 months),20260818T075922Z-deb02f
21493,VINTAGE DESIGN GIFT TAGS,2011-11,2011-12,M2_gbm_poisson,,,,,,,,,C,0,,,,Inactive (no sales in last 6 months),20260818T075922Z-deb02f
21494,ROTATING LEAVES T-LIGHT HOLDER,2011-11,2011-12,M2_gbm_poisson,203.706266,57.409682,product,18,1.645000,94.438927,299,0.281826,A,388,357.000000,1,24,Forecast,20260818T075922Z-deb02f
21495,SKULLS AND CROSSBONES WRAP,2011-11,2011-12,M2_gbm_poisson,269.362263,300.366383,product,18,1.645000,494.102701,764,1.115102,A,1075,775.000000,1,24,Forecast,20260818T075922Z-deb02f
21496,WOODLAND CREATURES  WRAP,2011-11,2011-12,M2_gbm_poisson,,,,,,,,,C,0,,,,Inactive (no sales in last 6 months),20260818T075922Z-deb02f
21497,FANCY FONTS BIRTHDAY WRAP,2011-11,2011-12,M2_gbm_poisson,370.949637,361.427561,product,18,1.645000,594.548338,966,0.974331,A,925,1041.666667,1,24,Forecast,20260818T075922Z-deb02f
21498,RED RETROSPOT WRAP,2011-11,2011-12,M2_gbm_poisson,555.937842,326.882240,product,18,1.645000,537.721284,1094,0.587983,A,1200,1058.333333,1,24,Forecast,20260818T075922Z-deb02f
21499,BLUE POLKADOT WRAP,2011-11,2011-12,M2_gbm_poisson,239.284668,272.457921,product,18,1.645000,448.193280,688,1.138635,A,825,683.333333,1,24,Forecast,20260818T075922Z-deb02f
21500,PINK POLKADOT WRAP,2011-11,2011-12,M2_gbm_poisson,184.699148,230.108119,product,18,1.645000,378.527856,564,1.245854,A,650,608.333333,1,24,Forecast,20260818T075922Z-deb02f
21503,TOYBOX  WRAP,2011-11,2011-12,M2_gbm_poisson,41.506565,52.552314,product,18,1.645000,86.448556,128,1.266121,C,50,41.666667,1,24,Forecast,20260818T075922Z-deb02f
21504,SKULLS GREETING CARD,2011-11,2011-12,M2_gbm_poisson,104.169936,221.880801,product,18,1.645000,364.993918,470,2.129989,B,126,225.666667,1,24,Forecast,20260818T075922Z-deb02f
21506,"FANCY FONT BIRTHDAY CARD,",2011-11,2011-12,M2_gbm_poisson,224.673634,175.626794,product,18,1.645000,288.906077,514,0.781697,A,430,536.666667,1,24,Forecast,20260818T075922Z-deb02f
21507,"ELEPHANT, BIRTHDAY CARD,",2011-11,2011-12,M2_gbm_poisson,187.362774,127.728510,product,18,1.645000,210.113400,398,0.681718,B,470,326.000000,1,24,Forecast,20260818T075922Z-deb02f
21508,VINTAGE KID DOLLY CARD,2011-11,2011-12,M2_gbm_poisson,90.846965,68.776554,product,18,1.645000,113.137431,204,0.757059,B,203,166.333333,1,24,Forecast,20260818T075922Z-deb02f
21509,COWBOYS AND INDIANS BIRTHDAY CARD,2011-11,2011-12,M2_gbm_poisson,169.293353,175.170969,product,18,1.645000,288.156244,458,1.034719,B,300,321.333333,1,24,Forecast,20260818T075922Z-deb02f
21511,VINTAGE COLLAGE  GREETING  CARD,2011-11,2011-12,M2_gbm_poisson,,,,,,,,,C,0,,,,Inactive (no sales in last 6 months),20260818T075922Z-deb02f
21518,BANK ACCOUNT  GREETING  CARD,2011-11,2011-12,M2_gbm_poisson,2.192547,18.889065,product,18,1.645000,31.072512,34,8.615124,C,0,0.000000,5,24,Forecast,20260818T075922Z-deb02f
21519,GIN & TONIC DIET GREETING CARD,2011-11,2011-12,M2_gbm_poisson,120.370456,115.027002,product,18,1.645000,189.219418,310,0.955608,B,365,282.333333,1,24,Forecast,20260818T075922Z-deb02f
21520,BOOZE & WOMEN GREETING CARD,2011-11,2011-12,M2_gbm_poisson,31.144145,24.343254,product,18,1.645000,40.044653,72,0.781632,C,14,25.000000,1,24,Forecast,20260818T075922Z-deb02f
21523,DOORMAT FANCY FONT HOME SWEET HOME,2011-11,2011-12,M2_gbm_poisson,194.209969,197.439473,product,18,1.645000,324.787933,519,1.016629,A,226,276.333333,1,24,Forecast,20260818T075922Z-deb02f
21524,DOORMAT SPOTTY HOME SWEET HOME,2011-11,2011-12,M2_gbm_poisson,99.031741,66.881717,product,18,1.645000,110.020424,210,0.675356,A,150,200.666667,1,24,Forecast,20260818T075922Z-deb02f
21525,BEWARE OF THE CAT DOORMAT,2011-11,2011-12,M2_gbm_poisson,,,,,,,,,C,0,,,,Inactive (no sales in last 6 months),20260818T075922Z-deb02f
21527,RED RETROSPOT TRADITIONAL TEAPOT,2011-11,2011-12,M2_gbm_poisson,,,,,,,,,A,0,,,,Inactive (no sales in last 6 months),20260818T075922Z-deb02f
21528,DAIRY MAID TRADITIONAL TEAPOT,2011-11,2011-12,M2_gbm_poisson,21.403877,14.434445,product,18,1.645000,23.744663,46,0.674385,A,10,14.333333,1,24,Forecast,20260818T075922Z-deb02f
21529,RETRO SPOT CERAMIC TOASTRACK,2011-11,2011-12,M2_gbm_poisson,,,,,,,,,B,0,,,,Inactive (no sales in last 6 months),20260818T075922Z-deb02f
21530,DAIRY MAID TOASTRACK,2011-11,2011-12,M2_gbm_poisson,61.997757,47.322961,product,18,1.645000,77.846271,140,0.763301,C,81,84.666667,1,24,Forecast,20260818T075922Z-deb02f
21531,RED RETROSPOT SUGAR JAM BOWL,2011-11,2011-12,M2_gbm_poisson,76.541132,68.908579,product,18,1.645000,113.354613,190,0.900282,A,106,149.000000,1,24,Forecast,20260818T075922Z-deb02f
21532,DAIRY MAID SUGAR JAM BOWL,2011-11,2011-12,M2_gbm_poisson,,,,,,,,,B,0,,,,Inactive (no sales in last 6 months),20260818T075922Z-deb02f
21533,RETRO SPOT LARGE MILK JUG,2011-11,2011-12,M2_gbm_poisson,67.700452,38.601344,product,18,1.645000,63.499211,132,0.570179,A,75,69.333333,1,24,Forecast,20260818T075922Z-deb02f
21534,DAIRY MAID LARGE MILK JUG,2011-11,2011-12,M2_gbm_poisson,44.411040,14.442748,product,18,1.645000,23.758320,69,0.325206,A,24,25.666667,1,24,Forecast,20260818T075922Z-deb02f
21535,RED RETROSPOT SMALL MILK JUG,2011-11,2011-12,M2_gbm_poisson,128.501004,122.746085,product,18,1.645000,201.917310,331,0.955215,A,132,215.000000,1,24,Forecast,20260818T075922Z-deb02f
21536,DAIRY MAID  SMALL  MILK JUG,2011-11,2011-12,M2_gbm_poisson,,,,,,,,,C,0,,,,Inactive (no sales in last 6 months),20260818T075922Z-deb02f
21537,RED RETROSPOT PUDDING BOWL,2011-11,2011-12,M2_gbm_poisson,41.954006,21.696072,product,18,1.645000,35.690038,78,0.517139,A,50,22.000000,1,24,Forecast,20260818T075922Z-deb02f
21538,DAIRY MAID  PUDDING BOWL,2011-11,2011-12,M2_gbm_poisson,,,,,,,,,B,0,,,,Inactive (no sales in last 6 months),20260818T075922Z-deb02f
21539,RED RETROSPOT BUTTER DISH,2011-11,2011-12,M2_gbm_poisson,23.629285,58.468333,product,18,1.645000,96.180407,120,2.474401,A,1,73.333333,1,24,Forecast,20260818T075922Z-deb02f
21540,DAIRY MAID CERAMIC BUTTER DISH,2011-11,2011-12,M2_gbm_poisson,,,,,,,,,B,0,,,,Inactive (no sales in last 6 months),20260818T075922Z-deb02f
21541,DINOSAURS WATER TRANSFER TATTOOS,2011-11,2011-12,M2_gbm_poisson,,,,,,,,,B,0,,,,Inactive (no sales in last 6 months),20260818T075922Z-deb02f
21542,WOODLAND WATER TRANSFER TATTOOS,2011-11,2011-12,M2_gbm_poisson,,,,,,,,,B,0,,,,Inactive (no sales in last 6 months),20260818T075922Z-deb02f
21543,BUTTERFLY WATER TRANSFER TATTOOS,2011-11,2011-12,M2_gbm_poisson,,,,,,,,,C,0,,,,Inactive (no sales in last 6 months),20260818T075922Z-deb02f
21544,SKULLS  WATER TRANSFER TATTOOS,2011-11,2011-12,M2_gbm_poisson,121.512366,123.164252,product,18,1.645000,202.605195,325,1.013594,A,213,202.333333,1,24,Forecast,20260818T075922Z-deb02f
21545,CERAMIC BIRDHOUSE BUTTERFLY SMALL,2011-11,2011-12,M2_gbm_poisson,,,,,,,,,B,0,,,,Inactive (no sales in last 6 months),20260818T075922Z-deb02f
21547,CERAMIC BIRDHOUSE CRESTED TIT SMALL,2011-11,2011-12,M2_gbm_poisson,,,,,,,,,B,0,,,,Inactive (no sales in last 6 months),20260818T075922Z-deb02f
21548,CERAMIC BIRDHOUSE FINCH BLUE ROOF,2011-11,2011-12,M2_gbm_poisson,,,,,,,,,B,0,,,,Inactive (no sales in last 6 months),20260818T075922Z-deb02f
21549,CERAMIC BIRDHOUSE RED ROOF SMALL,2011-11,2011-12,M2_gbm_poisson,,,,,,,,,B,0,,,,Inactive (no sales in last 6 months),20260818T075922Z-deb02f
21550,CERAMIC BIRDHOUSE CRESTED TIT LARGE,2011-11,2011-12,M2_gbm_poisson,,,,,,,,,B,0,,,,Inactive (no sales in last 6 months),20260818T075922Z-deb02f
21551,CERAMIC BIRDHOUSE BUTTERFLY LARGE,2011-11,2011-12,M2_gbm_poisson,,,,,,,,,C,0,,,,Inactive (no sales in last 6 months),20260818T075922Z-deb02f
21552,CERAMIC BIRDHOUSE BLACK ROSE  LARGE,2011-11,2011-12,M2_gbm_poisson,,,,,,,,,C,0,,,,Inactive (no sales in last 6 months),20260818T075922Z-deb02f
21553,CERAMIC BIRDHOUSE FINCH BLUE  LARGE,2011-11,2011-12,M2_gbm_poisson,,,,,,,,,C,0,,,,Inactive (no sales in last 6 months),20260818T075922Z-deb02f
21554,CERAMIC BIRDHOUSE RED ROOF LARGE,2011-11,2011-12,M2_gbm_poisson,,,,,,,,,C,0,,,,Inactive (no sales in last 6 months),20260818T075922Z-deb02f
21555,CERAMIC STRAWBERRY TRINKET TRAY,2011-11,2011-12,M2_gbm_poisson,28.008569,12.549616,product,18,1.645000,20.644118,49,0.448063,B,17,12.666667,1,24,Forecast,20260818T075922Z-deb02f
21556,CERAMIC STRAWBERRY MONEY BOX,2011-11,2011-12,M2_gbm_poisson,6.799749,42.764707,product,18,1.645000,70.347944,78,6.289160,A,4,1.666667,1,24,Forecast,20260818T075922Z-deb02f
21557,SET OF 6 FUNKY BEAKERS,2011-11,2011-12,M2_gbm_poisson,40.346842,17.929971,product,18,1.645000,29.494803,70,0.444396,B,35,19.666667,1,24,Forecast,20260818T075922Z-deb02f
21558,SKULL LUNCH BOX WITH CUTLERY,2011-11,2011-12,M2_gbm_poisson,124.123731,88.773788,product,18,1.645000,146.032882,271,0.715204,A,216,203.000000,1,24,Forecast,20260818T075922Z-deb02f
21559,STRAWBERRY LUNCH BOX WITH CUTLERY,2011-11,2011-12,M2_gbm_poisson,184.481411,211.898752,product,18,1.645000,348.573447,534,1.148618,A,257,322.333333,1,24,Forecast,20260818T075922Z-deb02f
21560,TOADSTOOL  LUNCHBOX WITH CUTLERY,2011-11,2011-12,M2_gbm_poisson,,,,,,,,,C,0,,,,Inactive (no sales in last 6 months),20260818T075922Z-deb02f
21561,DINOSAUR LUNCH BOX WITH CUTLERY,2011-11,2011-12,M2_gbm_poisson,62.179850,105.074160,product,18,1.645000,172.846993,236,1.689843,A,39,99.333333,1,24,Forecast,20260818T075922Z-deb02f
21562,HAWAIIAN GRASS SKIRT,2011-11,2011-12,M2_gbm_poisson,36.676411,35.556084,product,18,1.645000,58.489758,96,0.969454,C,25,40.666667,1,23,Forecast,20260818T075922Z-deb02f
21563,RED HEART SHAPE LOVE BUCKET,2011-11,2011-12,M2_gbm_poisson,68.158812,49.722030,product,18,1.645000,81.792740,150,0.729503,A,127,66.333333,1,24,Forecast,20260818T075922Z-deb02f
21564,PINK  HEART SHAPE LOVE BUCKET,2011-11,2011-12,M2_gbm_poisson,37.926880,34.129674,product,18,1.645000,56.143314,95,0.899881,A,23,18.333333,1,24,Forecast,20260818T075922Z-deb02f
21576,LETS GO SHOPPING COTTON TOTE BAG,2011-11,2011-12,M2_gbm_poisson,33.312311,24.961573,product,18,1.645000,41.061787,75,0.749320,B,18,18.000000,1,24,Forecast,20260818T075922Z-deb02f
21577,SAVE THE PLANET COTTON TOTE BAG,2011-11,2011-12,M2_gbm_poisson,53.016676,53.093240,product,18,1.645000,87.338380,141,1.001444,A,53,42.000000,1,24,Forecast,20260818T075922Z-deb02f
21578,WOODLAND DESIGN  COTTON TOTE BAG,2011-11,2011-12,M2_gbm_poisson,21.018706,20.381006,product,18,1.645000,33.526754,55,0.969660,A,1,3.333333,1,24,Forecast,20260818T075922Z-deb02f
21579,LOLITA  DESIGN  COTTON TOTE BAG,2011-11,2011-12,M2_gbm_poisson,17.532663,15.904591,product,18,1.645000,26.163053,44,0.907141,B,5,11.333333,1,24,Forecast,20260818T075922Z-deb02f
21580,RABBIT  DESIGN  COTTON TOTE BAG,2011-11,2011-12,M2_gbm_poisson,26.436120,17.202608,product,18,1.645000,28.298290,55,0.650724,B,17,12.333333,1,24,Forecast,20260818T075922Z-deb02f
21581,SKULLS  DESIGN  COTTON TOTE BAG,2011-11,2011-12,M2_gbm_poisson,32.687125,20.832383,product,18,1.645000,34.269270,67,0.637327,B,18,28.333333,1,24,Forecast,20260818T075922Z-deb02f
21582,KINGS CHOICE SMALL TUBE MATCHES,2011-11,2011-12,M2_gbm_poisson,,,,,,,,,C,0,,,,Inactive (no sales in last 6 months),20260818T075922Z-deb02f
21584,RETROSPOT SMALL TUBE MATCHES,2011-11,2011-12,M2_gbm_poisson,86.168897,59.768350,product,18,1.645000,98.318936,185,0.693619,A,159,107.333333,1,24,Forecast,20260818T075922Z-deb02f
21585,SWALLOW SMALL TUBE MATCHES,2011-11,2011-12,M2_gbm_poisson,,,,,,,,,C,0,,,,Inactive (no sales in last 6 months),20260818T075922Z-deb02f
21586,KINGS CHOICE GIANT TUBE MATCHES,2011-11,2011-12,M2_gbm_poisson,76.304424,51.523241,product,18,1.645000,84.755732,162,0.675233,A,288,102.000000,1,24,Forecast,20260818T075922Z-deb02f
21587,COSY HOUR GIANT TUBE MATCHES,2011-11,2011-12,M2_gbm_poisson,14.348565,81.378950,product,14,1.645000,133.868373,149,5.671574,A,0,15.000000,2,24,Forecast,20260818T075922Z-deb02f
21588,RETROSPOT GIANT TUBE MATCHES,2011-11,2011-12,M2_gbm_poisson,227.848514,51.426353,product,18,1.645000,84.596351,313,0.225704,A,561,308.000000,1,24,Forecast,20260818T075922Z-deb02f
21589,SWALLOW GIANT TUBE MATCHES,2011-11,2011-12,M2_gbm_poisson,,,,,,,,,B,0,,,,Inactive (no sales in last 6 months),20260818T075922Z-deb02f
21590,KINGS CHOICE CIGAR BOX MATCHES,2011-11,2011-12,M2_gbm_poisson,,,,,,,,,A,0,,,,Inactive (no sales in last 6 months),20260818T075922Z-deb02f
21591,COSY HOUR CIGAR BOX MATCHES,2011-11,2011-12,M2_gbm_poisson,229.456172,58.519037,product,18,1.645000,96.263817,326,0.255034,A,475,351.333333,1,24,Forecast,20260818T075922Z-deb02f
21592,RETROSPOT CIGAR BOX MATCHES,2011-11,2011-12,M2_gbm_poisson,215.696190,60.174583,product,18,1.645000,98.987189,315,0.278978,A,459,232.000000,1,24,Forecast,20260818T075922Z-deb02f
21593,SWALLOW CIGAR BOX MATCHES,2011-11,2011-12,M2_gbm_poisson,,,,,,,,,B,0,,,,Inactive (no sales in last 6 months),20260818T075922Z-deb02f
21594,Dr. Jam's Arouzer Stress Ball,2011-11,2011-12,M2_gbm_poisson,,,,,,,,,C,0,,,,Inactive (no sales in last 6 months),20260818T075922Z-deb02f
21595,Dad's Cab Electronic Meter,2011-11,2011-12,M2_gbm_poisson,,,,,,,,,C,0,,,,Inactive (no sales in last 6 months),20260818T075922Z-deb02f
21596,Hypochondriac Pill Stress Ball,2011-11,2011-12,M2_gbm_poisson,,,,,,,,,C,0,,,,Inactive (no sales in last 6 months),20260818T075922Z-deb02f
21609,SET 12 LAVENDER  BOTANICAL T-LIGHTS,2011-11,2011-12,M2_gbm_poisson,3.894792,38.906463,product,18,1.645000,64.001132,68,9.989356,A,0,0.000000,4,24,Forecast,20260818T075922Z-deb02f
21610,SET 12 PEAR BOTANICAL T-LIGHTS,2011-11,2011-12,M2_gbm_poisson,,,,,,,,,B,0,,,,Inactive (no sales in last 6 months),20260818T075922Z-deb02f
21611,SET OF 12 LILY BOTANICAL T-LIGHTS,2011-11,2011-12,M2_gbm_poisson,,,,,,,,,B,0,,,,Inactive (no sales in last 6 months),20260818T075922Z-deb02f
21612,SET 12 WILDFLOWER BOTANICAL T-LIGHT,2011-11,2011-12,M2_gbm_poisson,,,,,,,,,B,0,,,,Inactive (no sales in last 6 months),20260818T075922Z-deb02f
21613,S/12 VANILLA  BOTANICAL T-LIGHTS,2011-11,2011-12,M2_gbm_poisson,18.613763,21.676057,product,18,1.645000,35.657113,55,1.164518,B,0,18.000000,2,24,Forecast,20260818T075922Z-deb02f
21614,SET OF 12 ROSE BOTANICAL T-LIGHTS,2011-11,2011-12,M2_gbm_poisson,,,,,,,,,A,0,,,,Inactive (no sales in last 6 months),20260818T075922Z-deb02f
21615,4 LAVENDER BOTANICAL DINNER CANDLES,2011-11,2011-12,M2_gbm_poisson,215.895516,19.093812,product,18,1.645000,31.409321,248,0.088440,B,472,202.666667,1,24,Forecast,20260818T075922Z-deb02f
21616,4 PEAR BOTANICAL DINNER CANDLES,2011-11,2011-12,M2_gbm_poisson,215.895516,22.390670,product,18,1.645000,36.832652,253,0.103711,B,457,200.333333,1,24,Forecast,20260818T075922Z-deb02f
21617,4 LILY  BOTANICAL DINNER CANDLES,2011-11,2011-12,M2_gbm_poisson,81.174686,16.593185,product,18,1.645000,27.295789,109,0.204413,B,165,99.000000,1,24,Forecast,20260818T075922Z-deb02f
21618,4 WILDFLOWER BOTANICAL CANDLES,2011-11,2011-12,M2_gbm_poisson,66.271404,20.816816,product,18,1.645000,34.243662,101,0.314115,B,102,69.666667,1,24,Forecast,20260818T075922Z-deb02f
21619,4 VANILLA BOTANICAL CANDLES,2011-11,2011-12,M2_gbm_poisson,242.430213,19.001669,product,18,1.645000,31.257745,274,0.078380,B,510,235.000000,1,24,Forecast,20260818T075922Z-deb02f
21620,SET OF 4 ROSE BOTANICAL CANDLES,2011-11,2011-12,M2_gbm_poisson,183.106965,30.541189,product,18,1.645000,50.240256,234,0.166794,B,337,149.666667,1,24,Forecast,20260818T075922Z-deb02f
21621,VINTAGE UNION JACK BUNTING,2011-11,2011-12,M2_gbm_poisson,93.611325,280.893248,product,18,1.645000,462.069393,556,3.000633,A,120,126.333333,1,24,Forecast,20260818T075922Z-deb02f
21622,VINTAGE UNION JACK CUSHION COVER,2011-11,2011-12,M2_gbm_poisson,12.720065,47.522371,product,18,1.645000,78.174300,91,3.736016,A,3,9.000000,1,24,Forecast,20260818T075922Z-deb02f
21623,VINTAGE UNION JACK MEMOBOARD,2011-11,2011-12,M2_gbm_poisson,77.626807,173.509716,product,18,1.645000,285.423483,364,2.235178,A,173,87.333333,1,22,Forecast,20260818T075922Z-deb02f
21624,VINTAGE UNION JACK DOORSTOP,2011-11,2011-12,M2_gbm_poisson,36.226578,26.446915,product,18,1.645000,43.505176,80,0.730042,A,27,19.666667,1,24,Forecast,20260818T075922Z-deb02f
21625,VINTAGE UNION JACK APRON,2011-11,2011-12,M2_gbm_poisson,43.293125,18.654296,product,18,1.645000,30.686316,74,0.430884,A,42,30.333333,1,24,Forecast,20260818T075922Z-deb02f
21626,VINTAGE UNION JACK PENNANT,2011-11,2011-12,M2_gbm_poisson,23.670285,36.481152,product,18,1.645000,60.011495,84,1.541222,B,12,18.000000,1,24,Forecast,20260818T075922Z-deb02f
21627,ELEPHANT CARNIVAL POUFFE,2011-11,2011-12,M2_gbm_poisson,6.291617,5.707788,product,18,1.645000,9.389311,16,0.907205,B,0,3.333333,2,24,Forecast,20260818T075922Z-deb02f
21628,TRIANGULAR POUFFE VINTAGE,2011-11,2011-12,M2_gbm_poisson,9.967581,7.122040,product,18,1.645000,11.715755,22,0.714520,B,3,7.333333,1,24,Forecast,20260818T075922Z-deb02f
21629,SQUARE FLOOR CUSHION VINTAGE RED,2011-11,2011-12,M2_gbm_poisson,27.151611,10.359149,product,18,1.645000,17.040799,45,0.381530,B,21,13.333333,1,24,Forecast,20260818T075922Z-deb02f
21630,FLOOR CUSHION ELEPHANT CARNIVAL,2011-11,2011-12,M2_gbm_poisson,14.811593,8.444371,product,18,1.645000,13.890990,29,0.570119,B,5,12.000000,1,24,Forecast,20260818T075922Z-deb02f
21631,HIPPY CHIC DECORATIVE PARASOL,2011-11,2011-12,M2_gbm_poisson,3.889151,6.357982,product,18,1.645000,10.458880,15,1.634799,B,1,0.333333,1,24,Forecast,20260818T075922Z-deb02f
21632,VINTAGE PINK DECORATIVE PARASOL,2011-11,2011-12,M2_gbm_poisson,,,,,,,,,B,0,,,,Inactive (no sales in last 6 months),20260818T075922Z-deb02f
21633,SUNFLOWER DECORATIVE PARASOL,2011-11,2011-12,M2_gbm_poisson,10.660029,10.688138,product,18,1.645000,17.581986,29,1.002637,B,6,2.333333,1,24,Forecast,20260818T075922Z-deb02f
21634,ASSORTED MINI MADRAS NOTEBOOK,2011-11,2011-12,M2_gbm_poisson,30.976604,36.603911,product,18,1.645000,60.213434,92,1.181663,B,0,24.000000,2,24,Forecast,20260818T075922Z-deb02f
21635,MADRAS NOTEBOOK LARGE,2011-11,2011-12,M2_gbm_poisson,2.054573,6.402979,product,18,1.645000,10.532900,13,3.116452,C,0,0.000000,5,24,Forecast,20260818T075922Z-deb02f
21636,MADRAS NOTEBOOK MEDIUM,2011-11,2011-12,M2_gbm_poisson,82.599288,10.126825,product,18,1.645000,16.658627,100,0.122602,C,140,148.000000,1,24,Forecast,20260818T075922Z-deb02f
21637,ASSORTED SANSKRIT MINI NOTEBOOK,2011-11,2011-12,M2_gbm_poisson,4.504319,48.421197,product,18,1.645000,79.652869,85,10.749948,B,0,0.333333,2,24,Forecast,20260818T075922Z-deb02f
21638,ASSORTED TUTTI FRUTTI NOTEBOOK,2011-11,2011-12,M2_gbm_poisson,48.267801,34.044277,product,18,1.645000,56.002835,105,0.705321,B,59,43.000000,1,24,Forecast,20260818T075922Z-deb02f
21639,ASSORTED TUTTI FRUTTI KEYRING,2011-11,2011-12,M2_gbm_poisson,,,,,,,,,C,0,,,,Inactive (no sales in last 6 months),20260818T075922Z-deb02f
21640,ASSORTED TUTTI FRUTTI  FOB NOTEBOOK,2011-11,2011-12,M2_gbm_poisson,68.245741,42.945288,product,18,1.645000,70.644999,139,0.629274,B,121,97.666667,1,24,Forecast,20260818T075922Z-deb02f
21641,ASSORTED TUTTI FRUTTI KEYRING BALL,2011-11,2011-12,M2_gbm_poisson,18.449330,36.418216,product,18,1.645000,59.907965,79,1.973959,C,0,208.666667,3,24,Forecast,20260818T075922Z-deb02f
21642,ASSORTED TUTTI FRUTTI PEN,2011-11,2011-12,M2_gbm_poisson,194.918443,148.684246,product,18,1.645000,244.585585,440,0.762802,B,459,455.333333,1,24,Forecast,20260818T075922Z-deb02f
21643,ASSORTED TUTTI FRUTTI MIRROR,2011-11,2011-12,M2_gbm_poisson,49.701066,42.866117,product,18,1.645000,70.514763,121,0.862479,B,106,56.333333,1,24,Forecast,20260818T075922Z-deb02f
21644,ASSORTED TUTTI FRUTTI HEART BOX,2011-11,2011-12,M2_gbm_poisson,25.116920,21.654040,product,18,1.645000,35.620896,61,0.862130,B,18,9.333333,1,24,Forecast,20260818T075922Z-deb02f
21645,ASSORTED TUTTI FRUTTI ROUND BOX,2011-11,2011-12,M2_gbm_poisson,,,,,,,,,B,0,,,,Inactive (no sales in last 6 months),20260818T075922Z-deb02f
21647,ASSORTED TUTTI FRUTTI LARGE PURSE,2011-11,2011-12,M2_gbm_poisson,17.014987,27.851975,product,18,1.645000,45.816499,63,1.636908,B,8,9.000000,1,24,Forecast,20260818T075922Z-deb02f
21648,ASSORTED TUTTI FRUTTI SMALL PURSE,2011-11,2011-12,M2_gbm_poisson,67.093296,59.126681,product,18,1.645000,97.263390,165,0.881261,A,93,117.000000,1,24,Forecast,20260818T075922Z-deb02f
21649,ASSORTED TUTTI FRUTTI PHOTO FRAME,2011-11,2011-12,M2_gbm_poisson,,,,,,,,,B,0,,,,Inactive (no sales in last 6 months),20260818T075922Z-deb02f
21650,ASSORTED TUTTI FRUTTI BRACELET,2011-11,2011-12,M2_gbm_poisson,167.407257,93.407729,product,18,1.645000,153.655714,322,0.557967,C,386,306.000000,1,24,Forecast,20260818T075922Z-deb02f
21651,HANGING GLASS ETCHED TEALIGHT,2011-11,2011-12,M2_gbm_poisson,,,,,,,,,B,0,,,,Inactive (no sales in last 6 months),20260818T075922Z-deb02f
21652,GLASS ETCHED T-LIGHT HOLDER MEDIUM,2011-11,2011-12,M2_gbm_poisson,,,,,,,,,B,0,,,,Inactive (no sales in last 6 months),20260818T075922Z-deb02f
21653,GLASS ETCHED T-LIGHT HOLDER LARGE,2011-11,2011-12,M2_gbm_poisson,,,,,,,,,B,0,,,,Inactive (no sales in last 6 months),20260818T075922Z-deb02f
21654,RIDGED GLASS FINGER BOWL,2011-11,2011-12,M2_gbm_poisson,4.040576,12.484900,product,18,1.645000,20.537661,25,3.089881,C,0,1.333333,3,24,Forecast,20260818T075922Z-deb02f
21655,HANGING RIDGE GLASS T-LIGHT HOLDER,2011-11,2011-12,M2_gbm_poisson,,,,,,,,,B,0,,,,Inactive (no sales in last 6 months),20260818T075922Z-deb02f
21656,RIDGED GLASS POSY VASE,2011-11,2011-12,M2_gbm_poisson,,,,,,,,,B,0,,,,Inactive (no sales in last 6 months),20260818T075922Z-deb02f
21657,MILK BOTTLE WITH GLASS STOPPER,2011-11,2011-12,M2_gbm_poisson,,,,,,,,,B,0,,,,Inactive (no sales in last 6 months),20260818T075922Z-deb02f
21658,GLASS  BEURRE DISH,2011-11,2011-12,M2_gbm_poisson,2.661924,45.771050,product,18,1.645000,75.293377,78,17.194726,A,0,0.000000,4,24,Forecast,20260818T075922Z-deb02f
21659,GLASS CAKE STAND,2011-11,2011-12,M2_gbm_poisson,,,,,,,,,B,0,,,,Inactive (no sales in last 6 months),20260818T075922Z-deb02f
21661,VINTAGE GLASS TEA CADDY,2011-11,2011-12,M2_gbm_poisson,,,,,,,,,B,0,,,,Inactive (no sales in last 6 months),20260818T075922Z-deb02f
21662,VINTAGE GLASS COFFEE CADDY,2011-11,2011-12,M2_gbm_poisson,2.430712,9.012577,product,18,1.645000,14.825689,18,3.707793,B,0,0.000000,4,24,Forecast,20260818T075922Z-deb02f
21663,VINTAGE GLASS SUGAR CADDY,2011-11,2011-12,M2_gbm_poisson,,,,,,,,,C,0,,,,Inactive (no sales in last 6 months),20260818T075922Z-deb02f
21664,RIDGED GLASS STORAGE JAR CREAM LID,2011-11,2011-12,M2_gbm_poisson,3.519253,6.971482,product,18,1.645000,11.468087,15,1.980955,B,0,1.000000,2,24,Forecast,20260818T075922Z-deb02f
21665,TRIANGULAR RIDGED GLASS POSY HOLDER,2011-11,2011-12,M2_gbm_poisson,,,,,,,,,C,0,,,,Inactive (no sales in last 6 months),20260818T075922Z-deb02f
21666,RIDGED GLASS T-LIGHT HOLDER,2011-11,2011-12,M2_gbm_poisson,51.907376,47.487678,product,18,1.645000,78.117230,131,0.914854,B,83,41.000000,1,24,Forecast,20260818T075922Z-deb02f
21667,GLASS CAKE COVER AND PLATE,2011-11,2011-12,M2_gbm_poisson,,,,,,,,,A,0,,,,Inactive (no sales in last 6 months),20260818T075922Z-deb02f
21668,RED STRIPE CERAMIC DRAWER KNOB,2011-11,2011-12,M2_gbm_poisson,286.767158,211.942637,product,18,1.645000,348.645637,636,0.739076,A,438,462.333333,1,24,Forecast,20260818T075922Z-deb02f
21669,BLUE STRIPE CERAMIC DRAWER KNOB,2011-11,2011-12,M2_gbm_poisson,273.301849,193.628079,product,18,1.645000,318.518190,592,0.708477,A,437,471.333333,1,24,Forecast,20260818T075922Z-deb02f
21670,BLUE SPOT CERAMIC DRAWER KNOB,2011-11,2011-12,M2_gbm_poisson,232.709859,189.052034,product,18,1.645000,310.990596,544,0.812394,A,515,444.333333,1,24,Forecast,20260818T075922Z-deb02f
21671,RED SPOT CERAMIC DRAWER KNOB,2011-11,2011-12,M2_gbm_poisson,196.866629,171.560319,product,18,1.645000,282.216725,480,0.871455,A,404,343.333333,1,24,Forecast,20260818T075922Z-deb02f
21672,WHITE SPOT RED CERAMIC DRAWER KNOB,2011-11,2011-12,M2_gbm_poisson,166.467356,285.465364,product,18,1.645000,469.590523,637,1.714843,A,212,354.000000,1,24,Forecast,20260818T075922Z-deb02f
21673,WHITE SPOT BLUE CERAMIC DRAWER KNOB,2011-11,2011-12,M2_gbm_poisson,193.821886,242.312363,product,18,1.645000,398.603838,593,1.250181,A,268,354.666667,1,24,Forecast,20260818T075922Z-deb02f
21674,RIDGED GLASS PENDANT LAMPSHADE,2011-11,2011-12,M2_gbm_poisson,,,,,,,,,C,0,,,,Inactive (no sales in last 6 months),20260818T075922Z-deb02f
21675,BUTTERFLIES STICKERS,2011-11,2011-12,M2_gbm_poisson,62.745806,33.652129,product,18,1.645000,55.357752,119,0.536325,B,88,62.333333,1,24,Forecast,20260818T075922Z-deb02f
21676,FLOWERS  STICKERS,2011-11,2011-12,M2_gbm_poisson,39.815478,35.240142,product,18,1.645000,57.970033,98,0.885086,C,26,19.333333,1,24,Forecast,20260818T075922Z-deb02f
21677,HEARTS  STICKERS,2011-11,2011-12,M2_gbm_poisson,68.045767,46.337403,product,18,1.645000,76.225028,145,0.680974,B,119,88.000000,1,24,Forecast,20260818T075922Z-deb02f
21678,PAISLEY PATTERN  STICKERS,2011-11,2011-12,M2_gbm_poisson,36.273022,14.436150,product,18,1.645000,23.747467,61,0.397986,C,31,17.000000,1,24,Forecast,20260818T075922Z-deb02f
21679,SKULLS  STICKERS,2011-11,2011-12,M2_gbm_poisson,73.680372,124.104739,product,18,1.645000,204.152296,278,1.684366,A,155,138.000000,1,24,Forecast,20260818T075922Z-deb02f
21680,WOODLAND  STICKERS,2011-11,2011-12,M2_gbm_poisson,71.003945,42.163661,product,18,1.645000,69.359223,141,0.593821,B,103,136.333333,1,24,Forecast,20260818T075922Z-deb02f
21681,GIANT MEDINA STAMPED METAL BOWL,2011-11,2011-12,M2_gbm_poisson,,,,,,,,,B,0,,,,Inactive (no sales in last 6 months),20260818T075922Z-deb02f
21682,LARGE MEDINA STAMPED METAL BOWL,2011-11,2011-12,M2_gbm_poisson,33.278507,8.382843,product,18,1.645000,13.789776,48,0.251900,B,16,24.333333,1,24,Forecast,20260818T075922Z-deb02f
21683,MEDIUM MEDINA STAMPED METAL BOWL,2011-11,2011-12,M2_gbm_poisson,28.897283,25.759878,product,18,1.645000,42.375000,72,0.891429,B,10,38.333333,1,24,Forecast,20260818T075922Z-deb02f
21684,SMALL MEDINA STAMPED METAL BOWL,2011-11,2011-12,M2_gbm_poisson,47.313729,45.610929,product,18,1.645000,75.029978,123,0.964010,B,50,33.000000,1,24,Forecast,20260818T075922Z-deb02f
21685,MEDINA STAMPED METAL TRAY,2011-11,2011-12,M2_gbm_poisson,,,,,,,,,C,0,,,,Inactive (no sales in last 6 months),20260818T075922Z-deb02f
21686,MEDINA STAMPED METAL STOOL,2011-11,2011-12,M2_gbm_poisson,2.729033,4.744691,product,18,1.645000,7.805016,11,1.738598,B,0,1.000000,2,24,Forecast,20260818T075922Z-deb02f
21687,SILVER PLATE CANDLE BOWL LARGE,2011-11,2011-12,M2_gbm_poisson,,,,,,,,,B,0,,,,Inactive (no sales in last 6 months),20260818T075922Z-deb02f
21688,SILVER PLATE CANDLE BOWL SMALL,2011-11,2011-12,M2_gbm_poisson,38.104185,23.026557,product,18,1.645000,37.878686,76,0.604305,B,31,20.333333,1,24,Forecast,20260818T075922Z-deb02f
21689,SILVER VANILLA  FLOWER CANDLE POT,2011-11,2011-12,M2_gbm_poisson,11.849363,14.614136,product,18,1.645000,24.040254,36,1.233327,B,3,7.666667,1,24,Forecast,20260818T075922Z-deb02f
21690,SILVER  CANDLEPOT JARDIN,2011-11,2011-12,M2_gbm_poisson,,,,,,,,,B,0,,,,Inactive (no sales in last 6 months),20260818T075922Z-deb02f
21691,SILVER VANILLA FLOWER CANDLE POT,2011-11,2011-12,M2_gbm_poisson,,,,,,,,,B,0,,,,Inactive (no sales in last 6 months),20260818T075922Z-deb02f
21692,SILVER LATTICE VANILLA CANDLE POT,2011-11,2011-12,M2_gbm_poisson,,,,,,,,,B,0,,,,Inactive (no sales in last 6 months),20260818T075922Z-deb02f
21693,SMALL HAMMERED SILVER CANDLEPOT,2011-11,2011-12,M2_gbm_poisson,50.159360,30.865212,product,18,1.645000,50.773273,101,0.615343,B,46,50.333333,1,24,Forecast,20260818T075922Z-deb02f
21694,SMALL REGAL  SILVER CANDLEPOT,2011-11,2011-12,M2_gbm_poisson,31.698627,13.397367,product,18,1.645000,22.038668,54,0.422648,B,32,15.333333,1,24,Forecast,20260818T075922Z-deb02f
21695,SMALL SILVER FLOWER CANDLE POT,2011-11,2011-12,M2_gbm_poisson,50.942297,9.233262,product,18,1.645000,15.188716,67,0.181249,B,49,42.666667,1,24,Forecast,20260818T075922Z-deb02f
21696,SMALL SILVER TRELLIS CANDLEPOT,2011-11,2011-12,M2_gbm_poisson,19.656846,20.105316,product,18,1.645000,33.073245,53,1.022815,B,14,9.666667,1,24,Forecast,20260818T075922Z-deb02f
21697,SET 5 MINI DOUGHNUT FRIDGE MAGNET,2011-11,2011-12,M2_gbm_poisson,,,,,,,,,C,0,,,,Inactive (no sales in last 6 months),20260818T075922Z-deb02f
21698,MOCK LOBSTER FRIDGE MAGNET,2011-11,2011-12,M2_gbm_poisson,53.969002,24.820948,product,18,1.645000,40.830459,95,0.459911,C,56,53.000000,1,24,Forecast,20260818T075922Z-deb02f
21699,SET 5 MINI CHOCOLATE FRIDGE MAGNETS,2011-11,2011-12,M2_gbm_poisson,,,,,,,,,C,0,,,,Inactive (no sales in last 6 months),20260818T075922Z-deb02f
21700,BIG DOUGHNUT FRIDGE MAGNETS,2011-11,2011-12,M2_gbm_poisson,20.929372,74.048160,product,18,1.645000,121.809224,143,3.538002,A,2,11.666667,1,24,Forecast,20260818T075922Z-deb02f
21702,SET 5 MINI GATEAUX  FRIDGE MAGNETS,2011-11,2011-12,M2_gbm_poisson,,,,,,,,,B,0,,,,Inactive (no sales in last 6 months),20260818T075922Z-deb02f
21703,BAG 125g SWIRLY MARBLES,2011-11,2011-12,M2_gbm_poisson,719.678171,502.321559,product,18,1.645000,826.318965,1546,0.697981,A,1711,1267.000000,1,24,Forecast,20260818T075922Z-deb02f
21704,BAG 250g SWIRLY MARBLES,2011-11,2011-12,M2_gbm_poisson,308.972364,394.536762,product,18,1.645000,649.012973,958,1.276932,A,744,573.666667,1,24,Forecast,20260818T075922Z-deb02f
21705,BAG 500g SWIRLY MARBLES,2011-11,2011-12,M2_gbm_poisson,81.348994,42.385607,product,17,1.645000,69.724323,152,0.521034,B,142,96.000000,1,24,Forecast,20260818T075922Z-deb02f
21706,FOLDING UMBRELLA RED/WHITE POLKADOT,2011-11,2011-12,M2_gbm_poisson,32.688427,27.984372,product,18,1.645000,46.034291,79,0.856094,A,18,26.333333,1,24,Forecast,20260818T075922Z-deb02f
21707,FOLDING UMBRELLA BLACKBLUE POLKADOT,2011-11,2011-12,M2_gbm_poisson,31.261651,28.183114,product,18,1.645000,46.361223,78,0.901524,A,27,13.666667,1,24,Forecast,20260818T075922Z-deb02f
21708,FOLDING UMBRELLA CREAM POLKADOT,2011-11,2011-12,M2_gbm_poisson,24.345854,15.260698,product,18,1.645000,25.103849,50,0.626829,B,12,24.000000,1,24,Forecast,20260818T075922Z-deb02f
21709,FOLDING UMBRELLA CHOCOLATE POLKADOT,2011-11,2011-12,M2_gbm_poisson,19.785810,12.695059,product,18,1.645000,20.883372,41,0.641624,B,13,12.000000,1,24,Forecast,20260818T075922Z-deb02f
21710,FOLDING UMBRELLA PINKWHITE POLKADOT,2011-11,2011-12,M2_gbm_poisson,18.906605,14.266541,product,18,1.645000,23.468460,43,0.754580,B,10,10.666667,1,24,Forecast,20260818T075922Z-deb02f
21711,FOLDING UMBRELLA WHITE/RED POLKADOT,2011-11,2011-12,M2_gbm_poisson,20.240696,8.601897,product,18,1.645000,14.150120,35,0.424980,B,7,18.000000,1,24,Forecast,20260818T075922Z-deb02f
21713,CITRONELLA CANDLE FLOWERPOT,2011-11,2011-12,M2_gbm_poisson,35.170895,52.721034,product,18,1.645000,86.726100,122,1.498996,A,21,18.666667,1,24,Forecast,20260818T075922Z-deb02f
21714,CITRONELLA CANDLE GARDEN POT,2011-11,2011-12,M2_gbm_poisson,53.171791,123.571893,product,18,1.645000,203.275764,257,2.324012,A,54,47.666667,1,24,Forecast,20260818T075922Z-deb02f
21715,GIRLS VINTAGE TIN SEASIDE BUCKET,2011-11,2011-12,M2_gbm_poisson,49.632995,75.434836,product,18,1.645000,124.090306,174,1.519853,A,56,40.666667,1,24,Forecast,20260818T075922Z-deb02f
21716,BOYS VINTAGE TIN SEASIDE BUCKET,2011-11,2011-12,M2_gbm_poisson,59.749159,105.202627,product,18,1.645000,173.058322,233,1.760738,A,101,44.000000,1,24,Forecast,20260818T075922Z-deb02f
21717,EASTER TIN BUCKET,2011-11,2011-12,M2_gbm_poisson,,,,,,,,,A,0,,,,Inactive (no sales in last 6 months),20260818T075922Z-deb02f
21718,RED METAL BEACH SPADE,2011-11,2011-12,M2_gbm_poisson,46.198367,67.027679,product,18,1.645000,110.260532,157,1.450867,A,48,28.666667,1,24,Forecast,20260818T075922Z-deb02f
21719,LOVELY BONBON STICKER SHEET,2011-11,2011-12,M2_gbm_poisson,38.525065,28.209282,product,18,1.645000,46.404269,85,0.732232,C,28,23.666667,1,24,Forecast,20260818T075922Z-deb02f
21720,CAKE SHOP  STICKER SHEET,2011-11,2011-12,M2_gbm_poisson,2.054573,20.735866,product,18,1.645000,34.110500,37,10.092540,B,0,0.000000,5,24,Forecast,20260818T075922Z-deb02f
21721,CANDY SHOP  STICKER SHEET,2011-11,2011-12,M2_gbm_poisson,6.203240,36.715625,product,18,1.645000,60.397204,67,5.918782,B,0,1.666667,2,24,Forecast,20260818T075922Z-deb02f
21722,SWEET PUDDING STICKER SHEET,2011-11,2011-12,M2_gbm_poisson,15.342972,19.652234,product,18,1.645000,32.327924,48,1.280862,C,5,4.666667,1,24,Forecast,20260818T075922Z-deb02f
21723,ALPHABET HEARTS STICKER SHEET,2011-11,2011-12,M2_gbm_poisson,31.700434,28.313138,product,18,1.645000,46.575112,79,0.893147,C,20,11.333333,1,24,Forecast,20260818T075922Z-deb02f
21724,PANDA AND BUNNIES STICKER SHEET,2011-11,2011-12,M2_gbm_poisson,57.767054,39.471927,product,18,1.645000,64.931320,123,0.683295,C,93,41.666667,1,24,Forecast,20260818T075922Z-deb02f
21725,SWEETIES  STICKERS,2011-11,2011-12,M2_gbm_poisson,20.558874,27.256489,product,18,1.645000,44.836924,66,1.325777,B,15,6.666667,1,24,Forecast,20260818T075922Z-deb02f
21726,MULTI HEARTS  STICKERS,2011-11,2011-12,M2_gbm_poisson,27.323942,45.351696,product,18,1.645000,74.603540,102,1.659779,C,22,10.333333,1,24,Forecast,20260818T075922Z-deb02f
21728,METAL MEDINA LANTERN,2011-11,2011-12,M2_gbm_poisson,,,,,,,,,B,0,,,,Inactive (no sales in last 6 months),20260818T075922Z-deb02f
21729,SMALL MARAKESH METAL  LANTERN,2011-11,2011-12,M2_gbm_poisson,,,,,,,,,C,0,,,,Inactive (no sales in last 6 months),20260818T075922Z-deb02f
21730,GLASS STAR FROSTED T-LIGHT HOLDER,2011-11,2011-12,M2_gbm_poisson,55.258924,25.472476,product,18,1.645000,41.902224,98,0.460966,A,84,43.666667,1,24,Forecast,20260818T075922Z-deb02f
21731,RED TOADSTOOL LED NIGHT LIGHT,2011-11,2011-12,M2_gbm_poisson,888.508147,639.649534,product,18,1.645000,1052.223483,1941,0.719914,A,1879,1399.333333,1,24,Forecast,20260818T075922Z-deb02f
21732,RED HANGING METAL STAR TLIGHT HLDR,2011-11,2011-12,M2_gbm_poisson,,,,,,,,,B,0,,,,Inactive (no sales in last 6 months),20260818T075922Z-deb02f
21733,RED HANGING HEART T-LIGHT HOLDER,2011-11,2011-12,M2_gbm_poisson,724.592055,482.371249,product,18,1.645000,793.500704,1519,0.665714,A,1546,882.000000,1,24,Forecast,20260818T075922Z-deb02f
21734,SMALL MARAKESH LANTERN ON STICK,2011-11,2011-12,M2_gbm_poisson,,,,,,,,,C,0,,,,Inactive (no sales in last 6 months),20260818T075922Z-deb02f
21735,TWO DOOR CURIO CABINET,2011-11,2011-12,M2_gbm_poisson,5.709153,12.478525,product,18,1.645000,20.527174,27,2.185705,A,0,3.333333,3,24,Forecast,20260818T075922Z-deb02f
21736,GOLD SCROLL GLASS T-LIGHT HOLDER,2011-11,2011-12,M2_gbm_poisson,,,,,,,,,C,0,,,,Inactive (no sales in last 6 months),20260818T075922Z-deb02f
21737,SET 3 WICKER LOG BASKETS,2011-11,2011-12,M2_gbm_poisson,,,,,,,,,A,0,,,,Inactive (no sales in last 6 months),20260818T075922Z-deb02f
21738,COSY SLIPPER SHOES SMALL  RED,2011-11,2011-12,M2_gbm_poisson,3.729263,8.895897,product,18,1.645000,14.633750,19,2.385430,B,0,1.333333,2,24,Forecast,20260818T075922Z-deb02f
21739,COSY SLIPPER SHOES SMALL GREEN,2011-11,2011-12,M2_gbm_poisson,63.913257,17.743460,product,18,1.645000,29.187992,94,0.277618,C,69,51.000000,1,24,Forecast,20260818T075922Z-deb02f
21740,COSY SLIPPER SHOES LARGE RED,2011-11,2011-12,M2_gbm_poisson,,,,,,,,,C,0,,,,Inactive (no sales in last 6 months),20260818T075922Z-deb02f
21741,COSY SLIPPER SHOES LARGE GREEN,2011-11,2011-12,M2_gbm_poisson,20.222030,13.047473,product,18,1.645000,21.463093,42,0.645211,B,9,13.666667,1,24,Forecast,20260818T075922Z-deb02f
21742,LARGE ROUND WICKER PLATTER,2011-11,2011-12,M2_gbm_poisson,49.821113,11.455235,product,18,1.645000,18.843861,69,0.229927,B,68,36.333333,1,24,Forecast,20260818T075922Z-deb02f
21743,STAR PORTABLE TABLE LIGHT,2011-11,2011-12,M2_gbm_poisson,4.082265,23.146129,product,18,1.645000,38.075382,43,5.669923,A,0,0.666667,3,24,Forecast,20260818T075922Z-deb02f
21744,SNOWFLAKE PORTABLE TABLE LIGHT,2011-11,2011-12,M2_gbm_poisson,111.007884,17.676299,product,18,1.645000,29.077511,141,0.159235,B,252,153.000000,1,24,Forecast,20260818T075922Z-deb02f
21745,GAOLERS KEYS DECORATIVE GARDEN,2011-11,2011-12,M2_gbm_poisson,69.793523,66.726118,product,18,1.645000,109.764464,180,0.956050,A,96,108.000000,1,24,Forecast,20260818T075922Z-deb02f
21746,SMALL RED RETROSPOT WINDMILL,2011-11,2011-12,M2_gbm_poisson,53.153481,182.927043,product,18,1.645000,300.914985,355,3.441488,A,52,34.666667,1,24,Forecast,20260818T075922Z-deb02f
21747,SMALL SKULL WINDMILL,2011-11,2011-12,M2_gbm_poisson,23.088893,58.128521,product,18,1.645000,95.621416,119,2.517597,B,14,8.333333,1,24,Forecast,20260818T075922Z-deb02f
21749,LARGE RED RETROSPOT WINDMILL,2011-11,2011-12,M2_gbm_poisson,25.269895,87.359462,product,18,1.645000,143.706315,169,3.457057,A,18,8.666667,1,24,Forecast,20260818T075922Z-deb02f
21750,LARGE SKULL WINDMILL,2011-11,2011-12,M2_gbm_poisson,6.254190,14.430072,product,18,1.645000,23.737468,30,2.307265,C,1,1.333333,1,24,Forecast,20260818T075922Z-deb02f
21752,GLASS CAKE STAND MIRRORED BASE,2011-11,2011-12,M2_gbm_poisson,,,,,,,,,B,0,,,,Inactive (no sales in last 6 months),20260818T075922Z-deb02f
21754,HOME BUILDING BLOCK WORD,2011-11,2011-12,M2_gbm_poisson,120.358966,70.734549,product,18,1.645000,116.358334,237,0.587697,A,236,195.666667,1,24,Forecast,20260818T075922Z-deb02f
21755,LOVE BUILDING BLOCK WORD,2011-11,2011-12,M2_gbm_poisson,111.157624,87.650274,product,18,1.645000,144.184701,256,0.788522,A,180,154.333333,1,24,Forecast,20260818T075922Z-deb02f
21756,BATH BUILDING BLOCK WORD,2011-11,2011-12,M2_gbm_poisson,56.898668,27.529362,product,18,1.645000,45.285800,103,0.483831,A,63,46.666667,1,24,Forecast,20260818T075922Z-deb02f
21757,LIGHTHOUSE PRINTED METAL SIGN,2011-11,2011-12,M2_gbm_poisson,,,,,,,,,C,0,,,,Inactive (no sales in last 6 months),20260818T075922Z-deb02f
21758,VINTAGE SHELLS PRINT,2011-11,2011-12,M2_gbm_poisson,13.626487,6.712546,product,18,1.645000,11.042138,25,0.492610,C,12,5.666667,1,24,Forecast,20260818T075922Z-deb02f
21759,METAL WALL SHELF UNIT WITH HOOKS,2011-11,2011-12,M2_gbm_poisson,,,,,,,,,B,0,,,,Inactive (no sales in last 6 months),20260818T075922Z-deb02f
21760,FRENCH STYLE WALL DRESSER,2011-11,2011-12,M2_gbm_poisson,,,,,,,,,B,0,,,,Inactive (no sales in last 6 months),20260818T075922Z-deb02f
21761,WOOD AND GLASS MEDICINE CABINET,2011-11,2011-12,M2_gbm_poisson,3.339019,1.223590,product,18,1.645000,2.012805,6,0.366452,B,1,0.666667,1,24,Forecast,20260818T075922Z-deb02f
21763,VINTAGE WOODEN BAR STOOL,2011-11,2011-12,M2_gbm_poisson,2.033330,1.312027,product,18,1.645000,2.158284,5,0.645260,B,0,0.000000,5,23,Forecast,20260818T075922Z-deb02f
21764,VINTAGE WOODEN PLATE RACK,2011-11,2011-12,M2_gbm_poisson,,,,,,,,,C,0,,,,Inactive (no sales in last 6 months),20260818T075922Z-deb02f
21765,HANGING METAL BIRD BATH,2011-11,2011-12,M2_gbm_poisson,,,,,,,,,B,0,,,,Inactive (no sales in last 6 months),20260818T075922Z-deb02f
21767,FRENCH STYLE WIRE DOOR CABINET,2011-11,2011-12,M2_gbm_poisson,,,,,,,,,C,0,,,,Inactive (no sales in last 6 months),20260818T075922Z-deb02f
21768,WALL MOUNTED VINTAGE ORGANISER,2011-11,2011-12,M2_gbm_poisson,,,,,,,,,A,0,,,,Inactive (no sales in last 6 months),20260818T075922Z-deb02f
21769,VINTAGE POST OFFICE CABINET,2011-11,2011-12,M2_gbm_poisson,,,,,,,,,A,0,,,,Inactive (no sales in last 6 months),20260818T075922Z-deb02f
21770,OPEN CLOSED METAL SIGN,2011-11,2011-12,M2_gbm_poisson,108.125954,99.179861,product,18,1.645000,163.150872,272,0.917262,A,146,167.333333,1,24,Forecast,20260818T075922Z-deb02f
21772,VINTAGE METAL CAKE STAND CREAM,2011-11,2011-12,M2_gbm_poisson,,,,,,,,,C,0,,,,Inactive (no sales in last 6 months),20260818T075922Z-deb02f
21773,DECORATIVE ROSE BATHROOM BOTTLE,2011-11,2011-12,M2_gbm_poisson,71.619055,38.048853,product,18,1.645000,62.590364,135,0.531267,B,142,73.000000,1,24,Forecast,20260818T075922Z-deb02f
21774,DECORATIVE CATS BATHROOM BOTTLE,2011-11,2011-12,M2_gbm_poisson,63.097635,51.413455,product,18,1.645000,84.575133,148,0.814824,B,59,106.000000,1,24,Forecast,20260818T075922Z-deb02f
21775,DECORATIVE FLORE BATHROOM BOTTLE,2011-11,2011-12,M2_gbm_poisson,52.031380,20.104278,product,18,1.645000,33.071538,86,0.386388,B,46,43.000000,1,24,Forecast,20260818T075922Z-deb02f
21777,RECIPE BOX WITH METAL HEART,2011-11,2011-12,M2_gbm_poisson,,,,,,,,,A,0,,,,Inactive (no sales in last 6 months),20260818T075922Z-deb02f
21779,MA CAMPAGNE MINI WOODEN CHEST,2011-11,2011-12,M2_gbm_poisson,,,,,,,,,B,0,,,,Inactive (no sales in last 6 months),20260818T075922Z-deb02f
21780,MA CAMPAGNE 4 DRAWER WALL SHELF,2011-11,2011-12,M2_gbm_poisson,,,,,,,,,B,0,,,,Inactive (no sales in last 6 months),20260818T075922Z-deb02f
21781,MA CAMPAGNE CUTLERY BOX,2011-11,2011-12,M2_gbm_poisson,2.017532,14.018057,product,18,1.645000,23.059704,26,6.948120,A,0,0.000000,5,24,Forecast,20260818T075922Z-deb02f
21784,SHOE SHINE BOX,2011-11,2011-12,M2_gbm_poisson,2.446845,7.257698,product,18,1.645000,11.938913,15,2.966145,A,0,0.333333,3,24,Forecast,20260818T075922Z-deb02f
21785,RAIN PONCHO,2011-11,2011-12,M2_gbm_poisson,,,,,,,,,B,0,,,,Inactive (no sales in last 6 months),20260818T075922Z-deb02f
21786,POLKADOT RAIN HAT,2011-11,2011-12,M2_gbm_poisson,89.340295,167.751149,product,18,1.645000,275.950640,366,1.877665,B,159,175.000000,1,24,Forecast,20260818T075922Z-deb02f
21787,RAIN PONCHO RETROSPOT,2011-11,2011-12,M2_gbm_poisson,652.164654,519.191175,product,18,1.645000,854.069483,1507,0.796104,A,1641,1671.000000,1,21,Forecast,20260818T075922Z-deb02f
21788,KIDS RAIN MAC BLUE,2011-11,2011-12,M2_gbm_poisson,68.496267,95.466097,product,18,1.645000,157.041729,226,1.393742,B,45,120.333333,1,24,Forecast,20260818T075922Z-deb02f
21789,KIDS RAIN MAC PINK,2011-11,2011-12,M2_gbm_poisson,60.628772,57.441187,product,18,1.645000,94.490753,156,0.947425,B,44,95.000000,1,24,Forecast,20260818T075922Z-deb02f
21790,VINTAGE SNAP CARDS,2011-11,2011-12,M2_gbm_poisson,1050.835389,518.080856,product,18,1.645000,852.243008,1904,0.493018,A,2738,2250.000000,1,24,Forecast,20260818T075922Z-deb02f
21791,VINTAGE HEADS AND TAILS CARD GAME,2011-11,2011-12,M2_gbm_poisson,646.897262,280.139642,product,18,1.645000,460.829711,1108,0.433051,A,1509,962.000000,1,24,Forecast,20260818T075922Z-deb02f
21792,CLASSIC FRENCH STYLE BASKET GREEN,2011-11,2011-12,M2_gbm_poisson,3.046930,10.776130,product,18,1.645000,17.726734,21,3.536717,B,0,0.000000,4,23,Forecast,20260818T075922Z-deb02f
21793,CLASSIC FRENCH STYLE BASKET BROWN,2011-11,2011-12,M2_gbm_poisson,50.887091,8.967506,product,18,1.645000,14.751548,66,0.176224,C,45,36.666667,1,23,Forecast,20260818T075922Z-deb02f
21794,CLASSIC FRENCH STYLE BASKET NATURAL,2011-11,2011-12,M2_gbm_poisson,20.165194,22.651311,product,18,1.645000,37.261407,58,1.123288,B,0,37.000000,2,23,Forecast,20260818T075922Z-deb02f
21795,SET OF 3 BLUE STRIPE BASKET,2011-11,2011-12,M2_gbm_poisson,,,,,,,,,A,0,,,,Inactive (no sales in last 6 months),20260818T075922Z-deb02f
21796,SET OF 3 RED STRIPE BASKETS,2011-11,2011-12,M2_gbm_poisson,,,,,,,,,B,0,,,,Inactive (no sales in last 6 months),20260818T075922Z-deb02f
21801,CHRISTMAS TREE DECORATION WITH BELL,2011-11,2011-12,M2_gbm_poisson,17.664994,159.484690,product,18,1.645000,262.352316,281,9.028290,B,0,110.666667,2,24,Forecast,20260818T075922Z-deb02f
21802,CHRISTMAS TREE HEART DECORATION,2011-11,2011-12,M2_gbm_poisson,70.231254,139.857587,product,18,1.645000,230.065730,301,1.991387,B,71,320.000000,1,24,Forecast,20260818T075922Z-deb02f
21803,CHRISTMAS TREE STAR DECORATION,2011-11,2011-12,M2_gbm_poisson,224.628695,126.994475,product,18,1.645000,208.905912,434,0.565353,B,566,468.000000,1,24,Forecast,20260818T075922Z-deb02f
21804,WHITE CHRISTMAS GARLAND STARS TREES,2011-11,2011-12,M2_gbm_poisson,92.695076,12.987354,product,14,1.645000,21.364197,115,0.140108,B,139,68.333333,1,24,Forecast,20260818T075922Z-deb02f
21805,WHITE CHRISTMAS TREE DECORATION,2011-11,2011-12,M2_gbm_poisson,,,,,,,,,B,0,,,,Inactive (no sales in last 6 months),20260818T075922Z-deb02f
21806,WHITE CHRISTMAS HEART DECORATION,2011-11,2011-12,M2_gbm_poisson,,,,,,,,,B,0,,,,Inactive (no sales in last 6 months),20260818T075922Z-deb02f
21807,WHITE CHRISTMAS STAR DECORATION,2011-11,2011-12,M2_gbm_poisson,40.553140,55.291417,product,18,1.645000,90.954381,132,1.363431,B,12,39.333333,1,24,Forecast,20260818T075922Z-deb02f
21808,"CHRISTMAS GARLAND STARS,TREES",2011-11,2011-12,M2_gbm_poisson,52.691030,10.423197,product,18,1.645000,17.146159,70,0.197817,B,65,48.666667,1,24,Forecast,20260818T075922Z-deb02f
21809,CHRISTMAS HANGING TREE WITH BELL,2011-11,2011-12,M2_gbm_poisson,98.142016,47.124960,product,18,1.645000,77.520559,176,0.480171,B,128,556.666667,1,24,Forecast,20260818T075922Z-deb02f
21810,CHRISTMAS HANGING STAR WITH BELL,2011-11,2011-12,M2_gbm_poisson,1178.459437,62.670910,product,18,1.645000,103.093648,1282,0.053180,B,3177,1688.000000,1,24,Forecast,20260818T075922Z-deb02f
21811,HANGING HEART WITH BELL,2011-11,2011-12,M2_gbm_poisson,698.538930,73.767208,product,18,1.645000,121.347057,820,0.105602,B,1416,1407.666667,1,24,Forecast,20260818T075922Z-deb02f
21812,GARLAND WITH HEARTS AND BELLS,2011-11,2011-12,M2_gbm_poisson,81.995297,11.360941,product,18,1.645000,18.688749,101,0.138556,B,136,95.000000,1,24,Forecast,20260818T075922Z-deb02f
21813,GARLAND WITH STARS AND BELLS,2011-11,2011-12,M2_gbm_poisson,102.219208,23.271260,product,18,1.645000,38.281223,141,0.227660,B,195,123.666667,1,24,Forecast,20260818T075922Z-deb02f
21814,HEART T-LIGHT HOLDER,2011-11,2011-12,M2_gbm_poisson,37.713820,6.038185,product,18,1.645000,9.932814,48,0.160105,B,33,13.000000,1,24,Forecast,20260818T075922Z-deb02f
21815,STAR  T-LIGHT HOLDER,2011-11,2011-12,M2_gbm_poisson,36.222428,15.644173,product,18,1.645000,25.734664,62,0.431892,B,19,16.666667,1,24,Forecast,20260818T075922Z-deb02f
21816,CHRISTMAS TREE T-LIGHT HOLDER,2011-11,2011-12,M2_gbm_poisson,20.938768,12.848212,product,15,1.645000,21.135308,43,0.613609,C,6,10.333333,1,24,Forecast,20260818T075922Z-deb02f
21817,GLITTER CHRISTMAS TREE,2011-11,2011-12,M2_gbm_poisson,72.890412,51.134429,product,15,1.645000,84.116136,158,0.701525,C,170,270.333333,1,24,Forecast,20260818T075922Z-deb02f
21818,GLITTER CHRISTMAS HEART,2011-11,2011-12,M2_gbm_poisson,660.254904,92.416759,product,18,1.645000,152.025569,813,0.139971,B,1253,735.666667,1,24,Forecast,20260818T075922Z-deb02f
21819,GLITTER CHRISTMAS STAR,2011-11,2011-12,M2_gbm_poisson,742.091272,111.482031,product,17,1.645000,183.387942,926,0.150227,B,1462,724.000000,1,24,Forecast,20260818T075922Z-deb02f
21820,GLITTER HEART GARLAND WITH BELLS,2011-11,2011-12,M2_gbm_poisson,79.944375,26.741656,product,18,1.645000,43.990024,124,0.334503,B,146,68.000000,1,24,Forecast,20260818T075922Z-deb02f
21821,GLITTER STAR GARLAND WITH BELLS,2011-11,2011-12,M2_gbm_poisson,70.199719,18.086089,product,17,1.645000,29.751617,100,0.257638,B,125,63.666667,1,24,Forecast,20260818T075922Z-deb02f
21822,GLITTER CHRISTMAS TREE WITH BELLS,2011-11,2011-12,M2_gbm_poisson,252.126277,30.532368,product,13,1.645000,50.225745,303,0.121100,C,443,183.333333,1,24,Forecast,20260818T075922Z-deb02f
21823,PAINTED METAL HEART WITH HOLLY BELL,2011-11,2011-12,M2_gbm_poisson,33.097983,131.253170,product,18,1.645000,215.911464,250,3.965594,B,3,413.666667,1,24,Forecast,20260818T075922Z-deb02f
21824,PAINTED METAL STAR WITH HOLLY BELLS,2011-11,2011-12,M2_gbm_poisson,152.312009,79.670031,product,17,1.645000,131.057202,284,0.523071,B,363,602.000000,1,24,Forecast,20260818T075922Z-deb02f
21825,PAINTED METAL TREE WITH HOLLY BELLS,2011-11,2011-12,M2_gbm_poisson,,,,,,,,,B,0,,,,Inactive (no sales in last 6 months),20260818T075922Z-deb02f
21826,EIGHT PIECE DINOSAUR SET,2011-11,2011-12,M2_gbm_poisson,,,,,,,,,B,0,,,,Inactive (no sales in last 6 months),20260818T075922Z-deb02f
21827,EIGHT PIECE CREEPY CRAWLIE SET,2011-11,2011-12,M2_gbm_poisson,,,,,,,,,B,0,,,,Inactive (no sales in last 6 months),20260818T075922Z-deb02f
21828,EIGHT PIECE SNAKE  SET,2011-11,2011-12,M2_gbm_poisson,61.923648,15.982502,product,18,1.645000,26.291216,89,0.258100,B,85,48.333333,1,24,Forecast,20260818T075922Z-deb02f
21829,DINOSAUR KEYRINGS ASSORTED,2011-11,2011-12,M2_gbm_poisson,128.895275,385.979862,product,18,1.645000,634.936872,764,2.994523,B,0,448.000000,2,24,Forecast,20260818T075922Z-deb02f
21830,ASSORTED CREEPY CRAWLIES,2011-11,2011-12,M2_gbm_poisson,37.522124,147.967409,product,18,1.645000,243.406388,281,3.943471,B,1,98.000000,1,24,Forecast,20260818T075922Z-deb02f
21832,CHOCOLATE CALCULATOR,2011-11,2011-12,M2_gbm_poisson,89.826477,35.992117,product,18,1.645000,59.207032,150,0.400685,A,172,108.666667,1,24,Forecast,20260818T075922Z-deb02f
21833,CAMOUFLAGE LED TORCH,2011-11,2011-12,M2_gbm_poisson,200.274510,170.131760,product,18,1.645000,279.866745,481,0.849493,A,378,408.333333,1,24,Forecast,20260818T075922Z-deb02f
21836,GINGHAM OVEN GLOVE RED HEART,2011-11,2011-12,M2_gbm_poisson,,,,,,,,,B,0,,,,Inactive (no sales in last 6 months),20260818T075922Z-deb02f
21837,CROSS STITCH ALPHABET CUSHION COVER,2011-11,2011-12,M2_gbm_poisson,,,,,,,,,B,0,,,,Inactive (no sales in last 6 months),20260818T075922Z-deb02f
21838,DADDY MOUSE RED GINGHAM BOW TIE,2011-11,2011-12,M2_gbm_poisson,,,,,,,,,C,0,,,,Inactive (no sales in last 6 months),20260818T075922Z-deb02f
21839,MUMMY MOUSE RED GINGHAM RIBBON,2011-11,2011-12,M2_gbm_poisson,,,,,,,,,B,0,,,,Inactive (no sales in last 6 months),20260818T075922Z-deb02f
21841,BABY MOUSE RED GINGHAM DRESS,2011-11,2011-12,M2_gbm_poisson,33.818069,10.891624,product,18,1.645000,17.916722,52,0.322065,B,16,22.333333,1,24,Forecast,20260818T075922Z-deb02f
21842,PINK HEART CANDY BUTTON CALCULATOR,2011-11,2011-12,M2_gbm_poisson,,,,,,,,,B,0,,,,Inactive (no sales in last 6 months),20260818T075922Z-deb02f
21843,RED RETROSPOT CAKE STAND,2011-11,2011-12,M2_gbm_poisson,193.950304,66.730269,product,18,1.645000,109.771293,304,0.344059,A,437,213.000000,1,24,Forecast,20260818T075922Z-deb02f
21844,RED RETROSPOT MUG,2011-11,2011-12,M2_gbm_poisson,78.083023,89.266456,product,18,1.645000,146.843321,225,1.143225,A,112,171.000000,1,24,Forecast,20260818T075922Z-deb02f
21845,DAIRY MAID STRIPE MUG,2011-11,2011-12,M2_gbm_poisson,80.580536,51.008112,product,18,1.645000,83.908344,165,0.633008,B,108,128.000000,1,24,Forecast,20260818T075922Z-deb02f
21846,PINK DIAMANTE PEN IN GIFT BOX,2011-11,2011-12,M2_gbm_poisson,30.648592,32.526242,product,18,1.645000,53.505669,85,1.061264,A,26,12.333333,1,24,Forecast,20260818T075922Z-deb02f
21847,GREEN  DIAMANTE PEN IN GIFT BOX,2011-11,2011-12,M2_gbm_poisson,6.356336,6.976523,product,18,1.645000,11.476380,18,1.097570,C,2,2.000000,1,24,Forecast,20260818T075922Z-deb02f
21849,SILVER DIAMANTE PEN IN GIFT BOX,2011-11,2011-12,M2_gbm_poisson,21.375900,22.510464,product,18,1.645000,37.029713,59,1.053077,B,16,7.000000,1,24,Forecast,20260818T075922Z-deb02f
21850,BLUE  DIAMANTE PEN IN GIFT BOX,2011-11,2011-12,M2_gbm_poisson,16.790278,13.684472,product,18,1.645000,22.510957,40,0.815024,C,11,5.333333,1,24,Forecast,20260818T075922Z-deb02f
21851,LILAC DIAMANTE PEN IN GIFT BOX,2011-11,2011-12,M2_gbm_poisson,11.010031,10.904226,product,18,1.645000,17.937453,29,0.990390,B,5,5.000000,1,24,Forecast,20260818T075922Z-deb02f
21852,EMPIRE TEDDY,2011-11,2011-12,M2_gbm_poisson,,,,,,,,,C,0,,,,Inactive (no sales in last 6 months),20260818T075922Z-deb02f
21853,GUMBALL CUSTOM CARS TOP TRUMPS GAME,2011-11,2011-12,M2_gbm_poisson,,,,,,,,,C,0,,,,Inactive (no sales in last 6 months),20260818T075922Z-deb02f
21854,EURO FOOTBALL STARS TOP TRUMPS GAME,2011-11,2011-12,M2_gbm_poisson,,,,,,,,,C,0,,,,Inactive (no sales in last 6 months),20260818T075922Z-deb02f
21857,STAR WARS TOP TRUMPS GAME,2011-11,2011-12,M2_gbm_poisson,,,,,,,,,C,0,,,,Inactive (no sales in last 6 months),20260818T075922Z-deb02f
21858,HIGH SCHOOL MUSICAL 3 TOP TRUMPS,2011-11,2011-12,M2_gbm_poisson,,,,,,,,,C,0,,,,Inactive (no sales in last 6 months),20260818T075922Z-deb02f
21860,DR WHO TOP TRUMPS GAME,2011-11,2011-12,M2_gbm_poisson,,,,,,,,,C,0,,,,Inactive (no sales in last 6 months),20260818T075922Z-deb02f
21864,UNION JACK FLAG PASSPORT COVER,2011-11,2011-12,M2_gbm_poisson,48.206585,42.688576,product,18,1.645000,70.222707,119,0.885534,A,26,41.666667,1,24,Forecast,20260818T075922Z-deb02f
21865,PINK UNION JACK  PASSPORT COVER,2011-11,2011-12,M2_gbm_poisson,30.452862,26.997627,product,18,1.645000,44.411097,75,0.886538,B,22,10.666667,1,24,Forecast,20260818T075922Z-deb02f
21866,UNION JACK FLAG LUGGAGE TAG,2011-11,2011-12,M2_gbm_poisson,53.828510,41.456535,product,18,1.645000,68.196001,123,0.770159,B,65,52.666667,1,24,Forecast,20260818T075922Z-deb02f
21867,PINK UNION JACK  LUGGAGE TAG,2011-11,2011-12,M2_gbm_poisson,42.097500,37.358481,product,18,1.645000,61.454701,104,0.887428,B,33,18.666667,1,24,Forecast,20260818T075922Z-deb02f
21868,POTTING SHED TEA MUG,2011-11,2011-12,M2_gbm_poisson,82.409674,162.140324,product,18,1.645000,266.720832,350,1.967491,A,137,49.333333,1,24,Forecast,20260818T075922Z-deb02f
21869,POTTING SHED COFFEE MUG,2011-11,2011-12,M2_gbm_poisson,,,,,,,,,B,0,,,,Inactive (no sales in last 6 months),20260818T075922Z-deb02f
21870,I CAN ONLY PLEASE ONE PERSON MUG,2011-11,2011-12,M2_gbm_poisson,2.614460,41.437187,product,18,1.645000,68.164173,71,15.849234,A,0,0.000000,4,24,Forecast,20260818T075922Z-deb02f
21871,SAVE THE PLANET MUG,2011-11,2011-12,M2_gbm_poisson,365.533574,355.991311,product,18,1.645000,585.605707,952,0.973895,A,747,553.000000,1,24,Forecast,20260818T075922Z-deb02f
21872,GLAMOROUS  MUG,2011-11,2011-12,M2_gbm_poisson,180.145482,120.893206,product,18,1.645000,198.869323,380,0.671087,A,495,269.333333,1,24,Forecast,20260818T075922Z-deb02f
21873,IF YOU CAN'T STAND THE HEAT MUG,2011-11,2011-12,M2_gbm_poisson,101.120167,33.572439,product,18,1.645000,55.226662,157,0.332005,B,33,244.333333,1,24,Forecast,20260818T075922Z-deb02f
21874,GIN AND TONIC MUG,2011-11,2011-12,M2_gbm_poisson,258.640254,83.986918,product,18,1.645000,138.158480,397,0.324725,A,661,548.333333,1,24,Forecast,20260818T075922Z-deb02f
21875,KINGS CHOICE MUG,2011-11,2011-12,M2_gbm_poisson,78.928854,118.784800,product,18,1.645000,195.400996,275,1.504960,A,108,72.333333,1,24,Forecast,20260818T075922Z-deb02f
21876,POTTERING MUG,2011-11,2011-12,M2_gbm_poisson,160.479849,107.201839,product,18,1.645000,176.347026,337,0.668008,A,245,387.333333,1,24,Forecast,20260818T075922Z-deb02f
21877,HOME SWEET HOME MUG,2011-11,2011-12,M2_gbm_poisson,295.222608,338.692038,product,18,1.645000,557.148403,853,1.147243,A,378,646.666667,1,24,Forecast,20260818T075922Z-deb02f
21878,PACK OF 6 SANDCASTLE FLAGS ASSORTED,2011-11,2011-12,M2_gbm_poisson,46.418292,163.505798,product,18,1.645000,268.967038,316,3.522443,A,40,23.000000,1,21,Forecast,20260818T075922Z-deb02f
21879,HEARTS GIFT TAPE,2011-11,2011-12,M2_gbm_poisson,32.690319,31.243719,product,18,1.645000,51.395918,85,0.955748,C,7,23.000000,1,24,Forecast,20260818T075922Z-deb02f
21880,RED RETROSPOT TAPE,2011-11,2011-12,M2_gbm_poisson,72.489853,28.941538,product,18,1.645000,47.608830,121,0.399250,C,124,177.000000,1,24,Forecast,20260818T075922Z-deb02f
21881,CUTE CATS TAPE,2011-11,2011-12,M2_gbm_poisson,39.873870,20.254540,product,18,1.645000,33.318718,74,0.507965,C,32,28.000000,1,24,Forecast,20260818T075922Z-deb02f
21882,SKULLS TAPE,2011-11,2011-12,M2_gbm_poisson,44.578111,29.510856,product,18,1.645000,48.545359,94,0.662003,C,50,32.000000,1,24,Forecast,20260818T075922Z-deb02f
21883,STARS GIFT TAPE,2011-11,2011-12,M2_gbm_poisson,68.910337,36.785011,product,18,1.645000,60.511343,130,0.533810,B,97,103.000000,1,24,Forecast,20260818T075922Z-deb02f
21884,CAKES AND BOWS GIFT  TAPE,2011-11,2011-12,M2_gbm_poisson,38.125616,48.723054,product,18,1.645000,80.149425,119,1.277961,C,28,27.666667,1,24,Forecast,20260818T075922Z-deb02f
21888,BINGO SET,2011-11,2011-12,M2_gbm_poisson,171.070752,93.739238,product,18,1.645000,154.201047,326,0.547956,A,306,281.000000,1,24,Forecast,20260818T075922Z-deb02f
21889,WOODEN BOX OF DOMINOES,2011-11,2011-12,M2_gbm_poisson,694.463037,419.489216,product,18,1.645000,690.059761,1385,0.604048,A,1463,1100.000000,1,24,Forecast,20260818T075922Z-deb02f
21890,S/6 WOODEN SKITTLES IN COTTON BAG,2011-11,2011-12,M2_gbm_poisson,94.351140,81.223648,product,18,1.645000,133.612901,228,0.860866,A,152,116.333333,1,24,Forecast,20260818T075922Z-deb02f
21891,TRADITIONAL WOODEN SKIPPING ROPE,2011-11,2011-12,M2_gbm_poisson,649.807562,253.342463,product,18,1.645000,416.748351,1067,0.389873,A,1422,990.333333,1,24,Forecast,20260818T075922Z-deb02f
21892,TRADITIONAL WOODEN CATCH CUP GAME,2011-11,2011-12,M2_gbm_poisson,271.768217,178.623870,product,18,1.645000,293.836267,566,0.657265,A,614,419.000000,1,24,Forecast,20260818T075922Z-deb02f
21893,POTTING SHED SEED TIN,2011-11,2011-12,M2_gbm_poisson,,,,,,,,,C,0,,,,Inactive (no sales in last 6 months),20260818T075922Z-deb02f
21894,POTTING SHED SEED ENVELOPES,2011-11,2011-12,M2_gbm_poisson,59.517924,34.796622,product,18,1.645000,57.240443,117,0.584641,B,70,46.333333,1,24,Forecast,20260818T075922Z-deb02f
21895,POTTING SHED SOW 'N' GROW SET,2011-11,2011-12,M2_gbm_poisson,,,,,,,,,B,0,,,,Inactive (no sales in last 6 months),20260818T075922Z-deb02f
21896,POTTING SHED TWINE,2011-11,2011-12,M2_gbm_poisson,34.048730,50.214624,product,18,1.645000,82.603057,117,1.474787,A,25,12.333333,1,24,Forecast,20260818T075922Z-deb02f
21897,POTTING SHED CANDLE CITRONELLA,2011-11,2011-12,M2_gbm_poisson,,,,,,,,,B,0,,,,Inactive (no sales in last 6 months),20260818T075922Z-deb02f
21898,POTTING SHED ROSE CANDLE,2011-11,2011-12,M2_gbm_poisson,,,,,,,,,B,0,,,,Inactive (no sales in last 6 months),20260818T075922Z-deb02f
21899,"KEY FOB , GARAGE DESIGN",2011-11,2011-12,M2_gbm_poisson,102.352594,134.115848,product,18,1.645000,220.620570,323,1.310332,A,127,139.666667,1,24,Forecast,20260818T075922Z-deb02f
21900,"KEY FOB , SHED",2011-11,2011-12,M2_gbm_poisson,140.990262,190.522551,product,18,1.645000,313.409596,455,1.351317,A,173,185.666667,1,24,Forecast,20260818T075922Z-deb02f
21901,"KEY FOB , BACK DOOR",2011-11,2011-12,M2_gbm_poisson,102.352594,129.487615,product,18,1.645000,213.007127,316,1.265113,A,130,138.666667,1,24,Forecast,20260818T075922Z-deb02f
21902,"KEY FOB , FRONT  DOOR",2011-11,2011-12,M2_gbm_poisson,86.854006,67.974764,product,18,1.645000,111.818486,199,0.782632,B,156,134.000000,1,24,Forecast,20260818T075922Z-deb02f
21903,MAN FLU METAL SIGN,2011-11,2011-12,M2_gbm_poisson,66.644987,54.212010,product,18,1.645000,89.178757,156,0.813445,A,103,78.000000,1,24,Forecast,20260818T075922Z-deb02f
21904,HOUSE WRECKING METAL SIGN,2011-11,2011-12,M2_gbm_poisson,,,,,,,,,B,0,,,,Inactive (no sales in last 6 months),20260818T075922Z-deb02f
21905,MORE BUTTER METAL SIGN,2011-11,2011-12,M2_gbm_poisson,65.392542,27.272130,product,18,1.645000,44.862655,111,0.417053,B,110,86.666667,1,24,Forecast,20260818T075922Z-deb02f
21906,PHARMACIE FIRST AID TIN,2011-11,2011-12,M2_gbm_poisson,32.635396,47.475224,product,18,1.645000,78.096744,111,1.454716,A,18,53.333333,1,24,Forecast,20260818T075922Z-deb02f
21907,I'M ON HOLIDAY METAL SIGN,2011-11,2011-12,M2_gbm_poisson,108.998419,118.506590,product,18,1.645000,194.943341,304,1.087232,A,94,126.666667,1,23,Forecast,20260818T075922Z-deb02f
21908,CHOCOLATE THIS WAY METAL SIGN,2011-11,2011-12,M2_gbm_poisson,187.597590,166.638829,product,18,1.645000,274.120873,462,0.888278,A,248,409.666667,1,24,Forecast,20260818T075922Z-deb02f
21910,WAY OUT METAL SIGN,2011-11,2011-12,M2_gbm_poisson,,,,,,,,,B,0,,,,Inactive (no sales in last 6 months),20260818T075922Z-deb02f
21911,GARDEN METAL SIGN,2011-11,2011-12,M2_gbm_poisson,,,,,,,,,A,0,,,,Inactive (no sales in last 6 months),20260818T075922Z-deb02f
21912,VINTAGE SNAKES & LADDERS,2011-11,2011-12,M2_gbm_poisson,119.039130,40.934512,product,18,1.645000,67.337272,187,0.343874,A,176,140.666667,1,24,Forecast,20260818T075922Z-deb02f
21913,VINTAGE SEASIDE JIGSAW PUZZLES,2011-11,2011-12,M2_gbm_poisson,44.627948,40.380983,product,18,1.645000,66.426717,112,0.904836,A,25,31.333333,1,24,Forecast,20260818T075922Z-deb02f
21914,BLUE HARMONICA IN BOX,2011-11,2011-12,M2_gbm_poisson,709.902140,384.325799,product,18,1.645000,632.215939,1343,0.541379,A,1662,1116.666667,1,24,Forecast,20260818T075922Z-deb02f
21915,RED  HARMONICA IN BOX,2011-11,2011-12,M2_gbm_poisson,1659.141269,659.012883,product,18,1.645000,1084.076193,2744,0.397201,A,3644,3327.666667,1,24,Forecast,20260818T075922Z-deb02f
21916,SET 12 RETRO WHITE CHALK STICKS,2011-11,2011-12,M2_gbm_poisson,189.998079,368.511127,product,18,1.645000,606.200804,797,1.939552,A,231,393.333333,1,24,Forecast,20260818T075922Z-deb02f
21917,SET 12 KIDS  WHITE CHALK STICKS,2011-11,2011-12,M2_gbm_poisson,172.787791,234.708627,product,18,1.645000,386.095691,559,1.358363,B,215,473.333333,1,24,Forecast,20260818T075922Z-deb02f
21918,SET 12 KIDS COLOUR  CHALK STICKS,2011-11,2011-12,M2_gbm_poisson,317.172441,470.123639,product,18,1.645000,773.353385,1091,1.482234,A,425,394.333333,1,24,Forecast,20260818T075922Z-deb02f
21919,Electronic Talking Breath-A-Loser,2011-11,2011-12,M2_gbm_poisson,,,,,,,,,C,0,,,,Inactive (no sales in last 6 months),20260818T075922Z-deb02f
21922,UNION STRIPE WITH FRINGE  HAMMOCK,2011-11,2011-12,M2_gbm_poisson,19.049840,50.434864,product,18,1.645000,82.965352,103,2.647522,A,6,11.333333,1,20,Forecast,20260818T075922Z-deb02f
21923,RED/CREAM STRIPE FRINGE HAMMOCK,2011-11,2011-12,M2_gbm_poisson,,,,,,,,,B,0,,,,Inactive (no sales in last 6 months),20260818T075922Z-deb02f
21924,BLUE/CREAM STRIPE FRINGE HAMMOCK,2011-11,2011-12,M2_gbm_poisson,,,,,,,,,B,0,,,,Inactive (no sales in last 6 months),20260818T075922Z-deb02f
21925,UNION STRIPE CUSHION COVER,2011-11,2011-12,M2_gbm_poisson,17.189264,37.766196,product,18,1.645000,62.125392,80,2.197081,B,1,12.666667,1,20,Forecast,20260818T075922Z-deb02f
21926,RED/CREAM STRIPE CUSHION COVER,2011-11,2011-12,M2_gbm_poisson,39.923415,41.607390,product,18,1.645000,68.444156,109,1.042180,B,25,32.000000,1,20,Forecast,20260818T075922Z-deb02f
21927,BLUE/CREAM STRIPE CUSHION COVER,2011-11,2011-12,M2_gbm_poisson,44.139699,31.779012,product,18,1.645000,52.276475,97,0.719964,B,39,53.000000,1,20,Forecast,20260818T075922Z-deb02f
21928,JUMBO BAG SCANDINAVIAN PAISLEY,2011-11,2011-12,M2_gbm_poisson,404.989927,496.347793,product,18,1.645000,816.492120,1222,1.225581,A,765,803.666667,1,24,Forecast,20260818T075922Z-deb02f
21929,JUMBO BAG PINK VINTAGE PAISLEY,2011-11,2011-12,M2_gbm_poisson,380.668235,471.044778,product,18,1.645000,774.868660,1156,1.237416,A,716,759.666667,1,24,Forecast,20260818T075922Z-deb02f
21930,JUMBO STORAGE BAG SKULLS,2011-11,2011-12,M2_gbm_poisson,327.668304,331.620703,product,18,1.645000,545.516057,874,1.012062,A,617,694.666667,1,24,Forecast,20260818T075922Z-deb02f
21931,JUMBO STORAGE BAG SUKI,2011-11,2011-12,M2_gbm_poisson,854.260747,537.645320,product,18,1.645000,884.426551,1739,0.629369,A,1177,1249.000000,1,24,Forecast,20260818T075922Z-deb02f
21932,SCANDINAVIAN PAISLEY PICNIC BAG,2011-11,2011-12,M2_gbm_poisson,145.360249,68.133180,product,18,1.645000,112.079080,258,0.468719,A,182,128.000000,1,24,Forecast,20260818T075922Z-deb02f
21933,PINK VINTAGE PAISLEY PICNIC BAG,2011-11,2011-12,M2_gbm_poisson,126.967803,66.395424,product,18,1.645000,109.220473,237,0.522931,A,131,103.666667,1,24,Forecast,20260818T075922Z-deb02f
21934,SKULL SHOULDER BAG,2011-11,2011-12,M2_gbm_poisson,231.590677,78.180834,product,18,1.645000,128.607472,361,0.337582,A,492,288.000000,1,24,Forecast,20260818T075922Z-deb02f
21935,SUKI  SHOULDER BAG,2011-11,2011-12,M2_gbm_poisson,259.042796,113.774650,product,18,1.645000,187.159299,447,0.439212,A,546,372.666667,1,24,Forecast,20260818T075922Z-deb02f
21936,RED RETROSPOT PICNIC BAG,2011-11,2011-12,M2_gbm_poisson,72.438558,183.743659,product,18,1.645000,302.258319,375,2.536545,A,45,92.000000,1,24,Forecast,20260818T075922Z-deb02f
21937,STRAWBERRY   PICNIC BAG,2011-11,2011-12,M2_gbm_poisson,5.265464,132.103441,product,18,1.645000,217.310160,223,25.088663,A,1,0.333333,1,24,Forecast,20260818T075922Z-deb02f
21942,SKULLS DESIGN FLANNEL,2011-11,2011-12,M2_gbm_poisson,54.505000,21.676650,product,18,1.645000,35.658089,91,0.397700,B,83,40.333333,1,24,Forecast,20260818T075922Z-deb02f
21943,CAKES AND RABBITS DESIGN FLANNEL,2011-11,2011-12,M2_gbm_poisson,22.395186,25.870999,product,18,1.645000,42.557794,65,1.155204,C,6,9.000000,1,24,Forecast,20260818T075922Z-deb02f
21944,KITTENS DESIGN FLANNEL,2011-11,2011-12,M2_gbm_poisson,53.366796,26.738765,product,18,1.645000,43.985269,98,0.501037,C,72,32.000000,1,24,Forecast,20260818T075922Z-deb02f
21945,STRAWBERRIES  DESIGN FLANNEL,2011-11,2011-12,M2_gbm_poisson,60.787318,21.822686,product,18,1.645000,35.898318,97,0.359001,B,80,53.000000,1,24,Forecast,20260818T075922Z-deb02f
21946,PARTY TIME DESIGN FLANNEL,2011-11,2011-12,M2_gbm_poisson,13.458412,18.886990,product,18,1.645000,31.069098,45,1.403359,C,3,5.666667,1,24,Forecast,20260818T075922Z-deb02f
21947,SET OF 6 HEART CHOPSTICKS,2011-11,2011-12,M2_gbm_poisson,56.136178,35.606715,product,18,1.645000,58.573046,115,0.634292,B,60,49.666667,1,24,Forecast,20260818T075922Z-deb02f
21948,SET OF 6 CAKE CHOPSTICKS,2011-11,2011-12,M2_gbm_poisson,51.329348,38.171687,product,18,1.645000,62.792425,115,0.743662,B,48,36.666667,1,24,Forecast,20260818T075922Z-deb02f
21949,SET OF 6 STRAWBERRY CHOPSTICKS,2011-11,2011-12,M2_gbm_poisson,52.599482,70.566793,product,18,1.645000,116.082375,169,1.341587,B,52,42.333333,1,24,Forecast,20260818T075922Z-deb02f
21950,SET OF 6 DOTS CHOPSTICKS,2011-11,2011-12,M2_gbm_poisson,,,,,,,,,C,0,,,,Inactive (no sales in last 6 months),20260818T075922Z-deb02f
21955,DOORMAT UNION JACK GUNS AND ROSES,2011-11,2011-12,M2_gbm_poisson,40.972204,62.864167,product,18,1.645000,103.411555,145,1.534313,A,27,58.000000,1,24,Forecast,20260818T075922Z-deb02f
21967,PACK OF 12 SKULL TISSUES,2011-11,2011-12,M2_gbm_poisson,150.444929,297.122084,product,18,1.645000,488.765828,640,1.974956,A,277,328.333333,1,24,Forecast,20260818T075922Z-deb02f
21972,SET OF 36 DINOSAUR PAPER DOILIES,2011-11,2011-12,M2_gbm_poisson,47.606956,17.326776,product,18,1.645000,28.502546,77,0.363955,B,57,29.333333,1,24,Forecast,20260818T075922Z-deb02f
21973,SET OF 36 MUSHROOM PAPER DOILIES,2011-11,2011-12,M2_gbm_poisson,19.287069,32.036984,product,18,1.645000,52.700839,72,1.661060,B,5,8.666667,1,24,Forecast,20260818T075922Z-deb02f
21974,SET OF 36 PAISLEY FLOWER DOILIES,2011-11,2011-12,M2_gbm_poisson,165.627009,147.702765,product,18,1.645000,242.971048,409,0.891779,A,276,269.333333,1,24,Forecast,20260818T075922Z-deb02f
21975,PACK OF 60 DINOSAUR CAKE CASES,2011-11,2011-12,M2_gbm_poisson,499.839666,458.428519,product,18,1.645000,754.114914,1254,0.917151,A,756,1040.333333,1,24,Forecast,20260818T075922Z-deb02f
21976,PACK OF 60 MUSHROOM CAKE CASES,2011-11,2011-12,M2_gbm_poisson,269.683479,227.845153,product,18,1.645000,374.805276,645,0.844861,A,271,353.000000,1,24,Forecast,20260818T075922Z-deb02f
21977,PACK OF 60 PINK PAISLEY CAKE CASES,2011-11,2011-12,M2_gbm_poisson,979.569205,950.765509,product,18,1.645000,1564.009262,2544,0.970596,A,1426,1700.000000,1,24,Forecast,20260818T075922Z-deb02f
21980,PACK OF 12 RED RETROSPOT TISSUES,2011-11,2011-12,M2_gbm_poisson,253.903166,612.588007,product,18,1.645000,1007.707271,1262,2.412684,A,326,622.000000,1,24,Forecast,20260818T075922Z-deb02f
21981,PACK OF 12 WOODLAND TISSUES,2011-11,2011-12,M2_gbm_poisson,159.299627,297.290952,product,18,1.645000,489.043616,649,1.866238,A,252,329.333333,1,24,Forecast,20260818T075922Z-deb02f
21982,PACK OF 12 SUKI TISSUES,2011-11,2011-12,M2_gbm_poisson,325.847520,627.772870,product,18,1.645000,1032.686371,1359,1.926585,A,924,552.000000,1,24,Forecast,20260818T075922Z-deb02f
21983,PACK OF 12 BLUE PAISLEY TISSUES,2011-11,2011-12,M2_gbm_poisson,99.446174,64.085756,product,18,1.645000,105.421068,205,0.644427,B,177,240.000000,1,24,Forecast,20260818T075922Z-deb02f
21984,PACK OF 12 PINK PAISLEY TISSUES,2011-11,2011-12,M2_gbm_poisson,130.065197,258.682195,product,18,1.645000,425.532210,556,1.988866,A,142,301.333333,1,24,Forecast,20260818T075922Z-deb02f
21985,PACK OF 12 HEARTS DESIGN TISSUES,2011-11,2011-12,M2_gbm_poisson,298.457914,441.597006,product,18,1.645000,726.427075,1025,1.479596,A,500,639.666667,1,24,Forecast,20260818T075922Z-deb02f
21986,PACK OF 12 PINK POLKADOT TISSUES,2011-11,2011-12,M2_gbm_poisson,109.775335,216.183540,product,18,1.645000,355.621923,466,1.969327,A,144,233.666667,1,24,Forecast,20260818T075922Z-deb02f
21987,PACK OF 6 SKULL PAPER CUPS,2011-11,2011-12,M2_gbm_poisson,111.084132,119.593336,product,18,1.645000,196.731038,308,1.076601,B,381,235.333333,1,24,Forecast,20260818T075922Z-deb02f
21988,PACK OF 6 SKULL PAPER PLATES,2011-11,2011-12,M2_gbm_poisson,116.773093,293.114764,product,18,1.645000,482.173787,599,2.510122,A,337,209.666667,1,24,Forecast,20260818T075922Z-deb02f
21989,PACK OF 20 SKULL PAPER NAPKINS,2011-11,2011-12,M2_gbm_poisson,118.047864,120.674744,product,18,1.645000,198.509955,317,1.022253,A,193,177.000000,1,24,Forecast,20260818T075922Z-deb02f
21990,MODERN FLORAL STATIONERY SET,2011-11,2011-12,M2_gbm_poisson,189.326277,81.109636,product,18,1.645000,133.425351,323,0.428412,B,342,250.666667,1,24,Forecast,20260818T075922Z-deb02f
21991,BOHEMIAN COLLAGE STATIONERY SET,2011-11,2011-12,M2_gbm_poisson,73.697982,41.592786,product,18,1.645000,68.420133,143,0.564368,B,126,75.333333,1,24,Forecast,20260818T075922Z-deb02f
21992,VINTAGE PAISLEY STATIONERY SET,2011-11,2011-12,M2_gbm_poisson,143.058344,71.057830,product,18,1.645000,116.890131,260,0.496705,A,153,277.333333,1,24,Forecast,20260818T075922Z-deb02f
21993,FLORAL FOLK STATIONERY SET,2011-11,2011-12,M2_gbm_poisson,213.495139,76.638782,product,18,1.645000,126.070796,340,0.358972,B,435,277.333333,1,24,Forecast,20260818T075922Z-deb02f
22016,Dotcomgiftshop Gift Voucher £100.00,2011-11,2011-12,M2_gbm_poisson,4.285763,8.023905,abc_group,3,1.645000,13.199324,18,1.872223,C,0,0.000000,4,4,Forecast,20260818T075922Z-deb02f
22021,BLUE FELT EASTER EGG BASKET,2011-11,2011-12,M2_gbm_poisson,,,,,,,,,B,0,,,,Inactive (no sales in last 6 months),20260818T075922Z-deb02f
22023,EMPIRE BIRTHDAY CARD,2011-11,2011-12,M2_gbm_poisson,68.801441,98.642271,product,18,1.645000,162.266535,232,1.433724,B,129,91.000000,1,24,Forecast,20260818T075922Z-deb02f
22024,RAINY LADIES BIRTHDAY CARD,2011-11,2011-12,M2_gbm_poisson,86.153630,75.373976,product,18,1.645000,123.990190,211,0.874879,B,203,201.333333,1,24,Forecast,20260818T075922Z-deb02f
22025,RING OF ROSES BIRTHDAY CARD,2011-11,2011-12,M2_gbm_poisson,76.748328,58.294349,product,18,1.645000,95.894205,173,0.759552,B,109,145.000000,1,24,Forecast,20260818T075922Z-deb02f
22026,BANQUET BIRTHDAY  CARD,2011-11,2011-12,M2_gbm_poisson,81.831971,98.717661,product,18,1.645000,162.390552,245,1.206346,B,143,135.666667,1,24,Forecast,20260818T075922Z-deb02f
22027,TEA PARTY BIRTHDAY CARD,2011-11,2011-12,M2_gbm_poisson,222.223551,192.614129,product,18,1.645000,316.850242,540,0.866758,A,477,460.000000,1,24,Forecast,20260818T075922Z-deb02f
22028,PENNY FARTHING BIRTHDAY CARD,2011-11,2011-12,M2_gbm_poisson,167.148235,156.474716,product,18,1.645000,257.400908,425,0.936143,B,406,303.000000,1,24,Forecast,20260818T075922Z-deb02f
22029,SPACEBOY BIRTHDAY CARD,2011-11,2011-12,M2_gbm_poisson,304.955655,188.028892,product,18,1.645000,309.307527,615,0.616578,A,676,776.666667,1,24,Forecast,20260818T075922Z-deb02f
22030,SWALLOWS GREETING CARD,2011-11,2011-12,M2_gbm_poisson,523.983710,431.648760,product,18,1.645000,710.062210,1235,0.823783,A,1010,421.666667,1,24,Forecast,20260818T075922Z-deb02f
22031,BOTANICAL LAVENDER BIRTHDAY CARD,2011-11,2011-12,M2_gbm_poisson,45.529387,36.797391,product,18,1.645000,60.531708,107,0.808212,C,51,29.666667,1,24,Forecast,20260818T075922Z-deb02f
22032,BOTANICAL LILY GREETING CARD,2011-11,2011-12,M2_gbm_poisson,51.418295,24.790703,product,18,1.645000,40.780706,93,0.482138,C,50,41.000000,1,24,Forecast,20260818T075922Z-deb02f
22033,BOTANICAL ROSE GREETING CARD,2011-11,2011-12,M2_gbm_poisson,6.306988,32.881992,product,18,1.645000,54.090877,61,5.213581,C,1,0.333333,1,24,Forecast,20260818T075922Z-deb02f
22034,ROBIN CHRISTMAS CARD,2011-11,2011-12,M2_gbm_poisson,6.978807,56.965347,product,13,1.645000,93.707995,101,8.162620,C,2,0.666667,1,24,Forecast,20260818T075922Z-deb02f
22035,VINTAGE CARAVAN GREETING CARD,2011-11,2011-12,M2_gbm_poisson,14.296236,80.085159,product,18,1.645000,131.740087,147,5.601835,B,0,30.666667,2,24,Forecast,20260818T075922Z-deb02f
22036,DINOSAUR BIRTHDAY CARD,2011-11,2011-12,M2_gbm_poisson,,,,,,,,,C,0,,,,Inactive (no sales in last 6 months),20260818T075922Z-deb02f
22037,ROBOT BIRTHDAY CARD,2011-11,2011-12,M2_gbm_poisson,202.865840,183.726238,product,18,1.645000,302.229662,506,0.905654,B,310,350.666667,1,24,Forecast,20260818T075922Z-deb02f
22038,BOTANICAL LAVENDER GIFT WRAP,2011-11,2011-12,M2_gbm_poisson,42.243701,48.761528,product,18,1.645000,80.212713,123,1.154291,C,50,41.666667,1,24,Forecast,20260818T075922Z-deb02f
22039,BOTANICAL LILY GIFT WRAP,2011-11,2011-12,M2_gbm_poisson,16.497899,40.339248,product,18,1.645000,66.358063,83,2.445114,C,0,58.333333,2,24,Forecast,20260818T075922Z-deb02f
22040,BOTANICAL ROSE GIFT WRAP,2011-11,2011-12,M2_gbm_poisson,50.661470,74.385452,product,18,1.645000,122.364069,174,1.468285,B,50,41.666667,1,24,Forecast,20260818T075922Z-deb02f
22041,"RECORD FRAME 7"" SINGLE SIZE",2011-11,2011-12,M2_gbm_poisson,291.459140,147.097197,product,18,1.645000,241.974889,534,0.504692,A,644,493.333333,1,24,Forecast,20260818T075922Z-deb02f
22042,CHRISTMAS CARD SINGING ANGEL,2011-11,2011-12,M2_gbm_poisson,57.249106,28.456876,product,18,1.645000,46.811561,105,0.497071,C,73,60.333333,1,24,Forecast,20260818T075922Z-deb02f
22043,CHRISTMAS CARD SCREEN PRINT,2011-11,2011-12,M2_gbm_poisson,133.295872,43.223053,product,18,1.645000,71.101923,205,0.324264,C,434,348.000000,1,24,Forecast,20260818T075922Z-deb02f
22044,CHRISTMAS CARD STACK OF PRESENTS,2011-11,2011-12,M2_gbm_poisson,65.330311,29.316191,product,17,1.645000,48.225134,114,0.448738,C,36,216.000000,1,24,Forecast,20260818T075922Z-deb02f
22045,SPACEBOY GIFT WRAP,2011-11,2011-12,M2_gbm_poisson,260.294668,228.438563,product,18,1.645000,375.781436,637,0.877615,A,875,816.666667,1,24,Forecast,20260818T075922Z-deb02f
22046,TEA PARTY  WRAPPING PAPER,2011-11,2011-12,M2_gbm_poisson,95.059192,66.734346,product,18,1.645000,109.778000,205,0.702029,B,275,216.666667,1,24,Forecast,20260818T075922Z-deb02f
22047,EMPIRE GIFT WRAP,2011-11,2011-12,M2_gbm_poisson,150.498408,212.103869,product,18,1.645000,348.910865,500,1.409343,B,500,358.333333,1,24,Forecast,20260818T075922Z-deb02f
22048,BIRTHDAY BANQUET GIFT WRAP,2011-11,2011-12,M2_gbm_poisson,56.692176,100.278320,product,18,1.645000,164.957836,222,1.768821,B,75,83.333333,1,24,Forecast,20260818T075922Z-deb02f
22049,WRAP CHRISTMAS SCREEN PRINT,2011-11,2011-12,M2_gbm_poisson,28.634485,172.011400,product,16,1.645000,282.958753,312,6.007141,C,0,225.000000,2,24,Forecast,20260818T075922Z-deb02f
22050,PINK PAISLEY ROSE GIFT WRAP,2011-11,2011-12,M2_gbm_poisson,64.248664,95.614579,product,18,1.645000,157.285982,222,1.488196,B,50,100.000000,1,24,Forecast,20260818T075922Z-deb02f
22051,BLUE SCANDINAVIAN PAISLEY WRAP,2011-11,2011-12,M2_gbm_poisson,59.100959,53.025560,product,18,1.645000,87.227046,147,0.897203,B,125,75.000000,1,24,Forecast,20260818T075922Z-deb02f
22052,VINTAGE CARAVAN GIFT WRAP,2011-11,2011-12,M2_gbm_poisson,2.062682,68.861877,product,18,1.645000,113.277788,116,33.384631,B,0,0.000000,5,24,Forecast,20260818T075922Z-deb02f
22053,EMPIRE DESIGN ROSETTE,2011-11,2011-12,M2_gbm_poisson,22.112021,15.979982,product,18,1.645000,26.287070,49,0.722683,A,11,10.333333,1,24,Forecast,20260818T075922Z-deb02f
22054,MINI CAKE STAND HANGING HEARTS,2011-11,2011-12,M2_gbm_poisson,,,,,,,,,C,0,,,,Inactive (no sales in last 6 months),20260818T075922Z-deb02f
22055,MINI CAKE STAND  HANGING STRAWBERY,2011-11,2011-12,M2_gbm_poisson,57.695268,86.183316,product,18,1.645000,141.771554,200,1.493767,A,82,81.333333,1,24,Forecast,20260818T075922Z-deb02f
22056,CERAMIC PLATE LOVE HEART DESIGN,2011-11,2011-12,M2_gbm_poisson,,,,,,,,,C,0,,,,Inactive (no sales in last 6 months),20260818T075922Z-deb02f
22057,CERAMIC PLATE STRAWBERRY DESIGN,2011-11,2011-12,M2_gbm_poisson,58.033693,51.659047,product,18,1.645000,84.979133,144,0.890156,A,67,37.000000,1,24,Forecast,20260818T075922Z-deb02f
22058,CERAMIC LOVE HEARTS DESIGN MUG,2011-11,2011-12,M2_gbm_poisson,,,,,,,,,C,0,,,,Inactive (no sales in last 6 months),20260818T075922Z-deb02f
22059,CERAMIC STRAWBERRY DESIGN MUG,2011-11,2011-12,M2_gbm_poisson,73.021923,49.542932,product,18,1.645000,81.498124,155,0.678467,A,135,65.666667,1,24,Forecast,20260818T075922Z-deb02f
22060,LARGE CAKE STAND HANGING HEARTS,2011-11,2011-12,M2_gbm_poisson,,,,,,,,,A,0,,,,Inactive (no sales in last 6 months),20260818T075922Z-deb02f
22061,LARGE CAKE STAND  HANGING STRAWBERY,2011-11,2011-12,M2_gbm_poisson,41.050413,44.314321,product,18,1.645000,72.897058,114,1.079510,A,45,24.333333,1,24,Forecast,20260818T075922Z-deb02f
22062,CERAMIC BOWL WITH LOVE HEART DESIGN,2011-11,2011-12,M2_gbm_poisson,18.560224,63.274180,product,18,1.645000,104.086027,123,3.409128,B,0,34.666667,2,24,Forecast,20260818T075922Z-deb02f
22063,CERAMIC BOWL WITH STRAWBERRY DESIGN,2011-11,2011-12,M2_gbm_poisson,35.338043,34.016330,product,18,1.645000,55.956862,92,0.962598,A,26,14.666667,1,24,Forecast,20260818T075922Z-deb02f
22064,PINK DOUGHNUT TRINKET POT,2011-11,2011-12,M2_gbm_poisson,100.576871,67.065263,product,18,1.645000,110.322357,211,0.666806,A,232,122.000000,1,24,Forecast,20260818T075922Z-deb02f
22065,CHRISTMAS PUDDING TRINKET POT,2011-11,2011-12,M2_gbm_poisson,822.047848,184.747379,product,18,1.645000,303.909439,1126,0.224740,B,1804,1984.333333,1,24,Forecast,20260818T075922Z-deb02f
22066,LOVE HEART TRINKET POT,2011-11,2011-12,M2_gbm_poisson,124.269017,70.145587,product,18,1.645000,115.389490,240,0.564466,B,401,273.666667,1,24,Forecast,20260818T075922Z-deb02f
22067,CHOC TRUFFLE GOLD TRINKET POT,2011-11,2011-12,M2_gbm_poisson,45.074268,35.392850,product,18,1.645000,58.221238,104,0.785212,B,52,30.000000,1,24,Forecast,20260818T075922Z-deb02f
22068,BLACK PIRATE TREASURE CHEST,2011-11,2011-12,M2_gbm_poisson,56.289352,36.191378,product,18,1.645000,59.534817,116,0.642952,B,56,54.000000,1,24,Forecast,20260818T075922Z-deb02f
22069,BROWN  PIRATE TREASURE CHEST,2011-11,2011-12,M2_gbm_poisson,63.160007,26.505849,product,18,1.645000,43.602121,107,0.419662,B,75,46.000000,1,24,Forecast,20260818T075922Z-deb02f
22070,SMALL RED RETROSPOT MUG IN BOX,2011-11,2011-12,M2_gbm_poisson,217.518868,30.366984,product,18,1.645000,49.953688,268,0.139606,A,529,213.666667,1,24,Forecast,20260818T075922Z-deb02f
22071,SMALL WHITE RETROSPOT MUG IN BOX,2011-11,2011-12,M2_gbm_poisson,185.148810,18.238352,product,18,1.645000,30.002089,216,0.098506,A,507,200.333333,1,24,Forecast,20260818T075922Z-deb02f
22072,RED RETROSPOT TEA CUP AND SAUCER,2011-11,2011-12,M2_gbm_poisson,46.962896,38.314758,product,18,1.645000,63.027776,110,0.815852,A,40,31.333333,1,24,Forecast,20260818T075922Z-deb02f
22073,RED RETROSPOT STORAGE JAR,2011-11,2011-12,M2_gbm_poisson,,,,,,,,,A,0,,,,Inactive (no sales in last 6 months),20260818T075922Z-deb02f
22074,6 RIBBONS SHIMMERING PINKS,2011-11,2011-12,M2_gbm_poisson,69.024248,37.945887,product,18,1.645000,62.420984,132,0.549747,B,79,75.000000,1,24,Forecast,20260818T075922Z-deb02f
22075,6 RIBBONS ELEGANT CHRISTMAS,2011-11,2011-12,M2_gbm_poisson,164.349305,78.493514,product,18,1.645000,129.121831,294,0.477602,B,343,229.000000,1,24,Forecast,20260818T075922Z-deb02f
22076,6 RIBBONS EMPIRE,2011-11,2011-12,M2_gbm_poisson,88.869929,37.300437,product,18,1.645000,61.359219,151,0.419719,B,152,135.000000,1,24,Forecast,20260818T075922Z-deb02f
22077,6 RIBBONS RUSTIC CHARM,2011-11,2011-12,M2_gbm_poisson,668.498939,432.139575,product,18,1.645000,710.869601,1380,0.646433,A,1177,1166.333333,1,24,Forecast,20260818T075922Z-deb02f
22078,RIBBON REEL LACE DESIGN,2011-11,2011-12,M2_gbm_poisson,104.377701,121.474014,product,18,1.645000,199.824753,305,1.163793,A,213,161.666667,1,24,Forecast,20260818T075922Z-deb02f
22079,RIBBON REEL HEARTS DESIGN,2011-11,2011-12,M2_gbm_poisson,113.795775,107.031711,product,18,1.645000,176.067164,290,0.940560,A,172,195.333333,1,24,Forecast,20260818T075922Z-deb02f
22080,RIBBON REEL SPOTS DESIGN,2011-11,2011-12,M2_gbm_poisson,120.859595,31.387976,product,18,1.645000,51.633221,173,0.259706,A,215,203.666667,1,24,Forecast,20260818T075922Z-deb02f
22081,RIBBON REEL FLORA + FAUNA,2011-11,2011-12,M2_gbm_poisson,63.368610,41.823998,product,18,1.645000,68.800476,133,0.660011,B,69,77.000000,1,24,Forecast,20260818T075922Z-deb02f
22082,RIBBON REEL STRIPES DESIGN,2011-11,2011-12,M2_gbm_poisson,194.350735,111.062900,product,18,1.645000,182.698471,378,0.571456,A,394,324.000000,1,24,Forecast,20260818T075922Z-deb02f
22083,PAPER CHAIN KIT RETROSPOT,2011-11,2011-12,M2_gbm_poisson,294.506489,85.099535,product,18,1.645000,139.988735,435,0.288956,A,653,462.000000,1,24,Forecast,20260818T075922Z-deb02f
22084,PAPER CHAIN KIT EMPIRE,2011-11,2011-12,M2_gbm_poisson,8.325591,247.814070,product,18,1.645000,407.654144,416,29.765344,A,0,3.666667,3,24,Forecast,20260818T075922Z-deb02f
22085,PAPER CHAIN KIT SKULLS,2011-11,2011-12,M2_gbm_poisson,39.076099,47.649726,product,18,1.645000,78.383800,118,1.219408,A,28,32.333333,1,24,Forecast,20260818T075922Z-deb02f
22086,PAPER CHAIN KIT 50'S CHRISTMAS,2011-11,2011-12,M2_gbm_poisson,1967.639643,551.454553,product,18,1.645000,907.142739,2875,0.280262,A,7898,4475.666667,1,24,Forecast,20260818T075922Z-deb02f
22087,PAPER BUNTING WHITE LACE,2011-11,2011-12,M2_gbm_poisson,367.644615,535.433206,product,18,1.645000,880.787624,1249,1.456388,A,580,193.333333,1,24,Forecast,20260818T075922Z-deb02f
22088,PAPER BUNTING COLOURED LACE,2011-11,2011-12,M2_gbm_poisson,2.502422,144.657282,product,18,1.645000,237.961229,241,57.806908,A,0,0.000000,5,24,Forecast,20260818T075922Z-deb02f
22089,PAPER BUNTING VINTAGE PAISLEY,2011-11,2011-12,M2_gbm_poisson,65.781021,99.640060,product,18,1.645000,163.907899,230,1.514724,A,111,76.666667,1,24,Forecast,20260818T075922Z-deb02f
22090,PAPER BUNTING RETROSPOT,2011-11,2011-12,M2_gbm_poisson,307.084136,330.135953,product,18,1.645000,543.073643,851,1.075067,A,327,313.666667,1,24,Forecast,20260818T075922Z-deb02f
22091,EMPIRE TISSUE BOX,2011-11,2011-12,M2_gbm_poisson,194.555307,108.693261,product,18,1.645000,178.800414,374,0.558675,B,338,377.333333,1,24,Forecast,20260818T075922Z-deb02f
22092,BLUE PAISLEY TISSUE BOX,2011-11,2011-12,M2_gbm_poisson,71.477939,53.635353,product,18,1.645000,88.230156,160,0.750376,C,155,130.000000,1,24,Forecast,20260818T075922Z-deb02f
22093,MOTORING TISSUE BOX,2011-11,2011-12,M2_gbm_poisson,171.179941,45.880317,product,18,1.645000,75.473122,247,0.268024,C,287,349.333333,1,24,Forecast,20260818T075922Z-deb02f
22094,RED RETROSPOT TISSUE BOX,2011-11,2011-12,M2_gbm_poisson,223.419913,104.405433,product,18,1.645000,171.746938,396,0.467306,B,525,422.000000,1,24,Forecast,20260818T075922Z-deb02f
22095,LADS ONLY TISSUE BOX,2011-11,2011-12,M2_gbm_poisson,184.436193,99.743842,product,18,1.645000,164.078621,349,0.540804,B,409,258.666667,1,24,Forecast,20260818T075922Z-deb02f
22096,PINK PAISLEY SQUARE TISSUE BOX,2011-11,2011-12,M2_gbm_poisson,85.485656,14.945201,product,18,1.645000,24.584856,111,0.174827,C,168,306.666667,1,24,Forecast,20260818T075922Z-deb02f
22097,SWALLOW SQUARE TISSUE BOX,2011-11,2011-12,M2_gbm_poisson,132.779193,53.248987,product,18,1.645000,87.594584,221,0.401034,C,147,256.666667,1,24,Forecast,20260818T075922Z-deb02f
22098,BOUDOIR SQUARE TISSUE BOX,2011-11,2011-12,M2_gbm_poisson,145.845104,52.905840,product,18,1.645000,87.030106,233,0.362754,B,226,435.333333,1,24,Forecast,20260818T075922Z-deb02f
22099,CARAVAN SQUARE TISSUE BOX,2011-11,2011-12,M2_gbm_poisson,110.252973,66.331005,product,18,1.645000,109.114503,220,0.601626,B,124,245.666667,1,24,Forecast,20260818T075922Z-deb02f
22100,SKULLS SQUARE TISSUE BOX,2011-11,2011-12,M2_gbm_poisson,71.716059,34.587872,product,18,1.645000,56.897049,129,0.482289,C,195,117.000000,1,24,Forecast,20260818T075922Z-deb02f
22101,MIRROR MOSAIC VOTIVE HOLDER,2011-11,2011-12,M2_gbm_poisson,77.265107,36.226367,product,18,1.645000,59.592374,137,0.468858,B,102,287.666667,1,24,Forecast,20260818T075922Z-deb02f
22102,MIRROR MOSAIC T-LIGHT HOLDER,2011-11,2011-12,M2_gbm_poisson,44.485558,15.228452,product,18,1.645000,25.050803,70,0.342323,C,22,510.000000,1,24,Forecast,20260818T075922Z-deb02f
22103,MIRROR MOSAIC T-LIGHT HOLDER ROUND,2011-11,2011-12,M2_gbm_poisson,29.212473,54.459456,product,18,1.645000,89.585806,119,1.864254,B,0,330.666667,2,24,Forecast,20260818T075922Z-deb02f
22104,MIRROR MOSAIC CANDLE PLATE,2011-11,2011-12,M2_gbm_poisson,41.136660,28.629377,product,18,1.645000,47.095325,89,0.695958,C,22,29.333333,1,24,Forecast,20260818T075922Z-deb02f
22105,MIRROR MOSAIC GOBLET CANDLE HOLDER,2011-11,2011-12,M2_gbm_poisson,27.250072,16.674580,product,18,1.645000,27.429684,55,0.611910,C,4,166.333333,1,24,Forecast,20260818T075922Z-deb02f
22106,MIRROR MOSAIC HURRICANE LAMP,2011-11,2011-12,M2_gbm_poisson,29.769212,5.775098,product,18,1.645000,9.500036,40,0.193996,B,14,91.000000,1,23,Forecast,20260818T075922Z-deb02f
22107,PIZZA PLATE IN BOX,2011-11,2011-12,M2_gbm_poisson,90.563880,16.290364,product,18,1.645000,26.797649,118,0.179877,A,162,96.333333,1,24,Forecast,20260818T075922Z-deb02f
22108,PING! MICROWAVE PLATE,2011-11,2011-12,M2_gbm_poisson,33.352953,22.030028,product,18,1.645000,36.239395,70,0.660512,C,27,16.000000,1,24,Forecast,20260818T075922Z-deb02f
22109,FULL ENGLISH BREAKFAST PLATE,2011-11,2011-12,M2_gbm_poisson,113.754851,65.481994,product,18,1.645000,107.717880,222,0.575641,A,248,176.666667,1,24,Forecast,20260818T075922Z-deb02f
22110,BIRD HOUSE HOT WATER BOTTLE,2011-11,2011-12,M2_gbm_poisson,135.214941,53.346098,product,18,1.645000,87.754331,223,0.394528,A,277,162.666667,1,24,Forecast,20260818T075922Z-deb02f
22111,SCOTTIE DOG HOT WATER BOTTLE,2011-11,2011-12,M2_gbm_poisson,650.674338,161.647433,product,18,1.645000,265.910028,917,0.248431,A,982,837.000000,1,24,Forecast,20260818T075922Z-deb02f
22112,CHOCOLATE HOT WATER BOTTLE,2011-11,2011-12,M2_gbm_poisson,831.589660,239.531673,product,18,1.645000,394.029602,1226,0.288041,A,1600,1063.666667,1,24,Forecast,20260818T075922Z-deb02f
22113,GREY HEART HOT WATER BOTTLE,2011-11,2011-12,M2_gbm_poisson,347.465517,127.752232,product,15,1.645000,210.152422,558,0.367669,A,681,563.000000,1,24,Forecast,20260818T075922Z-deb02f
22114,HOT WATER BOTTLE TEA AND SYMPATHY,2011-11,2011-12,M2_gbm_poisson,884.664479,290.104419,product,18,1.645000,477.221770,1362,0.327926,A,1815,1276.333333,1,24,Forecast,20260818T075922Z-deb02f
22115,METAL SIGN EMPIRE TEA,2011-11,2011-12,M2_gbm_poisson,138.209316,35.802344,product,18,1.645000,58.894855,198,0.259044,A,204,233.333333,1,24,Forecast,20260818T075922Z-deb02f
22116,METAL SIGN HIS DINNER IS SERVED,2011-11,2011-12,M2_gbm_poisson,72.407421,14.989012,product,18,1.645000,24.656925,98,0.207009,C,93,75.000000,1,24,Forecast,20260818T075922Z-deb02f
22117,METAL SIGN HER DINNER IS SERVED,2011-11,2011-12,M2_gbm_poisson,28.429529,35.913465,product,18,1.645000,59.077649,88,1.263245,B,12,270.666667,1,24,Forecast,20260818T075922Z-deb02f
22118,JOY WOODEN BLOCK LETTERS,2011-11,2011-12,M2_gbm_poisson,37.555523,15.614595,product,18,1.645000,25.686009,64,0.415774,B,31,29.000000,1,24,Forecast,20260818T075922Z-deb02f
22119,PEACE WOODEN BLOCK LETTERS,2011-11,2011-12,M2_gbm_poisson,42.837224,17.341527,product,18,1.645000,28.526813,72,0.404824,A,30,31.000000,1,24,Forecast,20260818T075922Z-deb02f
22120,WELCOME  WOODEN BLOCK LETTERS,2011-11,2011-12,M2_gbm_poisson,51.618283,29.340580,product,18,1.645000,48.265254,100,0.568414,A,80,44.666667,1,24,Forecast,20260818T075922Z-deb02f
22121,NOEL WOODEN BLOCK LETTERS,2011-11,2011-12,M2_gbm_poisson,65.140224,29.426200,product,18,1.645000,48.406099,114,0.451736,A,87,57.333333,1,24,Forecast,20260818T075922Z-deb02f
22122,SET OF 2 FANCY FONT TEA TOWELS,2011-11,2011-12,M2_gbm_poisson,,,,,,,,,A,0,,,,Inactive (no sales in last 6 months),20260818T075922Z-deb02f
22123,PING MICROWAVE APRON,2011-11,2011-12,M2_gbm_poisson,53.097489,19.279656,product,18,1.645000,31.715035,85,0.363099,B,54,50.666667,1,24,Forecast,20260818T075922Z-deb02f
22124,SET OF 2 TEA TOWELS PING MICROWAVE,2011-11,2011-12,M2_gbm_poisson,21.762595,10.171822,product,18,1.645000,16.732647,39,0.467399,C,14,13.000000,1,24,Forecast,20260818T075922Z-deb02f
22125,UNION JACK HOT WATER BOTTLE,2011-11,2011-12,M2_gbm_poisson,16.164527,1.094455,product,10,1.645000,1.800379,18,0.067707,A,12,4.000000,1,24,Forecast,20260818T075922Z-deb02f
22127,PARTY CONES CARNIVAL ASSORTED,2011-11,2011-12,M2_gbm_poisson,,,,,,,,,A,0,,,,Inactive (no sales in last 6 months),20260818T075922Z-deb02f
22128,PARTY CONES CANDY ASSORTED,2011-11,2011-12,M2_gbm_poisson,60.730156,85.669150,product,18,1.645000,140.925752,202,1.410653,A,133,202.333333,1,24,Forecast,20260818T075922Z-deb02f
22129,PARTY CONES CANDY TREE DECORATION,2011-11,2011-12,M2_gbm_poisson,139.556409,76.527735,product,18,1.645000,125.888124,266,0.548364,B,295,140.666667,1,24,Forecast,20260818T075922Z-deb02f
22130,PARTY CONE CHRISTMAS DECORATION,2011-11,2011-12,M2_gbm_poisson,333.319937,189.064414,product,18,1.645000,311.010961,645,0.567216,A,960,526.000000,1,24,Forecast,20260818T075922Z-deb02f
22131,FOOD CONTAINER SET 3 LOVE HEART,2011-11,2011-12,M2_gbm_poisson,102.194418,143.080537,product,18,1.645000,235.367483,338,1.400082,A,201,197.000000,1,24,Forecast,20260818T075922Z-deb02f
22132,RED LOVE HEART SHAPE CUP,2011-11,2011-12,M2_gbm_poisson,70.045294,97.711346,product,18,1.645000,160.735164,231,1.394974,B,153,107.666667,1,24,Forecast,20260818T075922Z-deb02f
22133,PINK LOVE HEART SHAPE CUP,2011-11,2011-12,M2_gbm_poisson,56.086336,78.707009,product,18,1.645000,129.473029,186,1.403319,B,37,80.333333,1,24,Forecast,20260818T075922Z-deb02f
22134,MINI LADLE LOVE HEART RED,2011-11,2011-12,M2_gbm_poisson,59.084876,33.610468,product,18,1.645000,55.289220,115,0.568851,C,59,38.000000,1,24,Forecast,20260818T075922Z-deb02f
22135,MINI LADLE LOVE HEART PINK,2011-11,2011-12,M2_gbm_poisson,54.822125,31.243126,product,18,1.645000,51.394943,107,0.569900,C,65,53.333333,1,24,Forecast,20260818T075922Z-deb02f
22136,LOVE HEART SOCK HANGER,2011-11,2011-12,M2_gbm_poisson,8.900296,32.333875,product,18,1.645000,53.189225,63,3.632899,B,0,6.666667,2,24,Forecast,20260818T075922Z-deb02f
22137,BATHROOM SET LOVE HEART DESIGN,2011-11,2011-12,M2_gbm_poisson,2.614460,6.917737,product,18,1.645000,11.379678,14,2.645953,B,0,0.000000,4,24,Forecast,20260818T075922Z-deb02f
22138,BAKING SET 9 PIECE RETROSPOT,2011-11,2011-12,M2_gbm_poisson,681.601926,108.331358,product,18,1.645000,178.205084,860,0.158936,A,1145,854.666667,1,24,Forecast,20260818T075922Z-deb02f
22139,RETROSPOT TEA SET CERAMIC 11 PC,2011-11,2011-12,M2_gbm_poisson,503.349618,136.214172,product,18,1.645000,224.072312,728,0.270615,A,830,589.333333,1,24,Forecast,20260818T075922Z-deb02f
22141,CHRISTMAS CRAFT TREE TOP ANGEL,2011-11,2011-12,M2_gbm_poisson,486.010137,38.906241,product,13,1.645000,64.000766,551,0.080052,B,969,712.333333,1,24,Forecast,20260818T075922Z-deb02f
22142,CHRISTMAS CRAFT WHITE FAIRY,2011-11,2011-12,M2_gbm_poisson,433.819074,96.536904,product,14,1.645000,158.803208,593,0.222528,B,888,916.333333,1,24,Forecast,20260818T075922Z-deb02f
22143,CHRISTMAS CRAFT HEART DECORATIONS,2011-11,2011-12,M2_gbm_poisson,,,,,,,,,B,0,,,,Inactive (no sales in last 6 months),20260818T075922Z-deb02f
22144,CHRISTMAS CRAFT LITTLE FRIENDS,2011-11,2011-12,M2_gbm_poisson,748.969587,25.048008,product,18,1.645000,41.203973,791,0.033443,A,1428,1027.000000,1,24,Forecast,20260818T075922Z-deb02f
22145,CHRISTMAS CRAFT HEART STOCKING,2011-11,2011-12,M2_gbm_poisson,,,,,,,,,B,0,,,,Inactive (no sales in last 6 months),20260818T075922Z-deb02f
22146,EASTER CRAFT IVY WREATH WITH CHICK,2011-11,2011-12,M2_gbm_poisson,,,,,,,,,B,0,,,,Inactive (no sales in last 6 months),20260818T075922Z-deb02f
22147,FELTCRAFT BUTTERFLY HEARTS,2011-11,2011-12,M2_gbm_poisson,157.576342,259.354702,product,18,1.645000,426.638485,585,1.645899,A,72,981.000000,1,24,Forecast,20260818T075922Z-deb02f
22148,EASTER CRAFT 4 CHICKS,2011-11,2011-12,M2_gbm_poisson,24.371813,20.020882,product,18,1.645000,32.934351,58,0.821477,A,15,10.333333,1,24,Forecast,20260818T075922Z-deb02f
22149,FELTCRAFT 6 FLOWER FRIENDS,2011-11,2011-12,M2_gbm_poisson,257.872272,254.420683,product,18,1.645000,418.522024,677,0.986615,A,40,788.000000,1,24,Forecast,20260818T075922Z-deb02f
22150,3 STRIPEY MICE FELTCRAFT,2011-11,2011-12,M2_gbm_poisson,219.199296,169.153096,product,18,1.645000,278.256842,498,0.771686,A,419,331.333333,1,24,Forecast,20260818T075922Z-deb02f
22151,PLACE SETTING WHITE HEART,2011-11,2011-12,M2_gbm_poisson,408.006271,703.318234,product,18,1.645000,1156.958495,1565,1.723793,A,687,785.000000,1,24,Forecast,20260818T075922Z-deb02f
22152,PLACE SETTING WHITE STAR,2011-11,2011-12,M2_gbm_poisson,249.127653,168.738635,product,18,1.645000,277.575054,527,0.677318,B,931,487.333333,1,24,Forecast,20260818T075922Z-deb02f
22153,ANGEL DECORATION STARS ON DRESS,2011-11,2011-12,M2_gbm_poisson,301.031341,104.332341,product,18,1.645000,171.626701,473,0.346583,B,814,595.333333,1,24,Forecast,20260818T075922Z-deb02f
22154,ANGEL DECORATION 3 BUTTONS,2011-11,2011-12,M2_gbm_poisson,392.227450,162.643370,product,18,1.645000,267.548343,660,0.414666,B,1083,674.666667,1,24,Forecast,20260818T075922Z-deb02f
22155,STAR DECORATION RUSTIC,2011-11,2011-12,M2_gbm_poisson,333.706649,224.016338,product,18,1.645000,368.506876,703,0.671297,B,846,566.666667,1,24,Forecast,20260818T075922Z-deb02f
22156,HEART DECORATION WITH PEARLS,2011-11,2011-12,M2_gbm_poisson,150.077137,167.995926,product,18,1.645000,276.353299,427,1.119397,A,263,198.333333,1,24,Forecast,20260818T075922Z-deb02f
22157,ANGEL DECORATION WITH LACE PADDED,2011-11,2011-12,M2_gbm_poisson,3.637277,17.295567,product,16,1.645000,28.451207,33,4.755086,B,0,0.000000,4,24,Forecast,20260818T075922Z-deb02f
22158,3 HEARTS HANGING DECORATION RUSTIC,2011-11,2011-12,M2_gbm_poisson,625.564173,307.478564,product,18,1.645000,505.802237,1132,0.491522,A,1295,762.000000,1,24,Forecast,20260818T075922Z-deb02f
22161,HEART DECORATION RUSTIC HANGING,2011-11,2011-12,M2_gbm_poisson,325.439261,195.578587,product,18,1.645000,321.726776,648,0.600968,B,626,821.000000,1,24,Forecast,20260818T075922Z-deb02f
22162,HEART GARLAND RUSTIC PADDED,2011-11,2011-12,M2_gbm_poisson,35.657517,17.638344,product,18,1.645000,29.015076,65,0.494660,A,34,12.666667,1,24,Forecast,20260818T075922Z-deb02f
22163,HEART STRING MEMO HOLDER HANGING,2011-11,2011-12,M2_gbm_poisson,176.923535,36.317621,product,18,1.645000,59.742487,237,0.205273,B,393,253.666667,1,24,Forecast,20260818T075922Z-deb02f
22164,STRING OF STARS CARD HOLDER,2011-11,2011-12,M2_gbm_poisson,36.882278,14.176325,product,18,1.645000,23.320054,61,0.384367,C,37,16.333333,1,24,Forecast,20260818T075922Z-deb02f
22165,"DIAMANTE HEART SHAPED WALL MIRROR,",2011-11,2011-12,M2_gbm_poisson,32.171266,26.812747,product,18,1.645000,44.106969,77,0.833438,A,22,18.000000,1,24,Forecast,20260818T075922Z-deb02f
22166,WALL MIRROR RECTANGLE DIAMANTE PINK,2011-11,2011-12,M2_gbm_poisson,15.785943,5.132094,product,18,1.645000,8.442295,25,0.325105,B,11,9.000000,1,24,Forecast,20260818T075922Z-deb02f
22167,OVAL WALL MIRROR DIAMANTE,2011-11,2011-12,M2_gbm_poisson,26.997811,21.971094,product,18,1.645000,36.142450,64,0.813810,A,20,12.000000,1,24,Forecast,20260818T075922Z-deb02f
22168,ORGANISER WOOD ANTIQUE WHITE,2011-11,2011-12,M2_gbm_poisson,,,,,,,,,A,0,,,,Inactive (no sales in last 6 months),20260818T075922Z-deb02f
22169,FAMILY ALBUM WHITE PICTURE FRAME,2011-11,2011-12,M2_gbm_poisson,77.143924,35.085210,product,18,1.645000,57.715171,135,0.454802,A,123,152.666667,1,24,Forecast,20260818T075922Z-deb02f
22170,PICTURE FRAME WOOD TRIPLE PORTRAIT,2011-11,2011-12,M2_gbm_poisson,76.533024,48.299179,product,18,1.645000,79.452150,156,0.631089,A,110,117.333333,1,24,Forecast,20260818T075922Z-deb02f
22171,3 HOOK PHOTO SHELF ANTIQUE WHITE,2011-11,2011-12,M2_gbm_poisson,67.207462,95.255642,product,18,1.645000,156.695530,224,1.417337,A,101,46.666667,1,24,Forecast,20260818T075922Z-deb02f
22172,METAL SHELF WITH RAIL,2011-11,2011-12,M2_gbm_poisson,,,,,,,,,A,0,,,,Inactive (no sales in last 6 months),20260818T075922Z-deb02f
22173,METAL 4 HOOK HANGER FRENCH CHATEAU,2011-11,2011-12,M2_gbm_poisson,175.377425,108.632993,product,18,1.645000,178.701274,355,0.619424,A,319,221.333333,1,24,Forecast,20260818T075922Z-deb02f
22174,PHOTO CUBE,2011-11,2011-12,M2_gbm_poisson,197.559599,173.742188,product,18,1.645000,285.805898,484,0.879442,A,417,275.333333,1,24,Forecast,20260818T075922Z-deb02f
22175,PINK OWL SOFT TOY,2011-11,2011-12,M2_gbm_poisson,141.396002,33.813139,product,18,1.645000,55.622614,198,0.239138,A,292,161.666667,1,24,Forecast,20260818T075922Z-deb02f
22176,BLUE OWL SOFT TOY,2011-11,2011-12,M2_gbm_poisson,24.859201,26.667230,product,18,1.645000,43.867593,69,1.072731,B,0,64.000000,2,24,Forecast,20260818T075922Z-deb02f
22177,5 HOOK BLACKBOARD ORGANISER,2011-11,2011-12,M2_gbm_poisson,,,,,,,,,B,0,,,,Inactive (no sales in last 6 months),20260818T075922Z-deb02f
22178,VICTORIAN GLASS HANGING T-LIGHT,2011-11,2011-12,M2_gbm_poisson,1027.950640,975.436195,product,18,1.645000,1604.592541,2633,0.948913,A,1806,2125.333333,1,24,Forecast,20260818T075922Z-deb02f
22179,SET 10 LIGHTS NIGHT OWL,2011-11,2011-12,M2_gbm_poisson,79.463900,48.201921,product,18,1.645000,79.292159,159,0.606589,A,138,104.666667,1,24,Forecast,20260818T075922Z-deb02f
22180,RETROSPOT LAMP,2011-11,2011-12,M2_gbm_poisson,14.428641,13.283725,product,18,1.645000,21.851728,37,0.920650,A,1,26.000000,1,24,Forecast,20260818T075922Z-deb02f
22181,SNOWSTORM PHOTO FRAME FRIDGE MAGNET,2011-11,2011-12,M2_gbm_poisson,65.664403,63.867888,product,18,1.645000,105.062675,171,0.972641,B,137,76.000000,1,24,Forecast,20260818T075922Z-deb02f
22182,CAKE STAND VICTORIAN FILIGREE SMALL,2011-11,2011-12,M2_gbm_poisson,30.992200,10.081977,product,18,1.645000,16.584851,48,0.325307,B,18,23.000000,1,24,Forecast,20260818T075922Z-deb02f
22183,CAKE STAND VICTORIAN FILIGREE MED,2011-11,2011-12,M2_gbm_poisson,3.978728,18.796329,product,18,1.645000,30.919961,35,4.724205,A,1,0.333333,1,24,Forecast,20260818T075922Z-deb02f
22184,CAKE STAND VICTORIAN FILIGREE LARGE,2011-11,2011-12,M2_gbm_poisson,,,,,,,,,B,0,,,,Inactive (no sales in last 6 months),20260818T075922Z-deb02f
22185,SLATE TILE NATURAL HANGING,2011-11,2011-12,M2_gbm_poisson,89.123813,67.657561,product,18,1.645000,111.296689,201,0.759141,A,197,134.000000,1,24,Forecast,20260818T075922Z-deb02f
22186,RED STAR CARD HOLDER,2011-11,2011-12,M2_gbm_poisson,149.634490,53.345653,product,18,1.645000,87.753599,238,0.356506,A,288,252.333333,1,24,Forecast,20260818T075922Z-deb02f
22187,GREEN CHRISTMAS TREE CARD HOLDER,2011-11,2011-12,M2_gbm_poisson,264.721377,37.398882,product,18,1.645000,61.521160,327,0.141276,A,565,382.000000,1,24,Forecast,20260818T075922Z-deb02f
22188,BLACK HEART CARD HOLDER,2011-11,2011-12,M2_gbm_poisson,136.732229,292.004742,product,18,1.645000,480.347800,618,2.135596,A,232,251.000000,1,24,Forecast,20260818T075922Z-deb02f
22189,CREAM HEART CARD HOLDER,2011-11,2011-12,M2_gbm_poisson,282.788267,277.880753,product,18,1.645000,457.113838,740,0.982646,A,458,523.666667,1,24,Forecast,20260818T075922Z-deb02f
22190,LOCAL CAFE MUG,2011-11,2011-12,M2_gbm_poisson,48.397076,55.024030,product,18,1.645000,90.514530,139,1.136929,B,55,40.333333,1,24,Forecast,20260818T075922Z-deb02f
22191,IVORY DINER WALL CLOCK,2011-11,2011-12,M2_gbm_poisson,77.483183,48.108962,product,18,1.645000,79.139242,157,0.620896,A,98,114.000000,1,24,Forecast,20260818T075922Z-deb02f
22192,BLUE DINER WALL CLOCK,2011-11,2011-12,M2_gbm_poisson,73.447014,18.716417,product,18,1.645000,30.788505,105,0.254829,A,71,92.333333,1,24,Forecast,20260818T075922Z-deb02f
22193,RED DINER WALL CLOCK,2011-11,2011-12,M2_gbm_poisson,77.958225,41.691453,product,18,1.645000,68.582441,147,0.534792,A,116,201.666667,1,24,Forecast,20260818T075922Z-deb02f
22194,BLACK DINER WALL CLOCK,2011-11,2011-12,M2_gbm_poisson,2.391857,8.793301,product,18,1.645000,14.464979,17,3.676348,B,0,0.000000,4,24,Forecast,20260818T075922Z-deb02f
22195,LARGE HEART MEASURING SPOONS,2011-11,2011-12,M2_gbm_poisson,158.957355,84.889895,product,18,1.645000,139.643878,299,0.534042,A,294,216.000000,1,24,Forecast,20260818T075922Z-deb02f
22196,SMALL HEART MEASURING SPOONS,2011-11,2011-12,M2_gbm_poisson,196.388914,91.794808,product,18,1.645000,151.002460,348,0.467413,A,423,337.666667,1,24,Forecast,20260818T075922Z-deb02f
22197,SMALL POPCORN HOLDER,2011-11,2011-12,M2_gbm_poisson,2275.858765,2106.886981,product,18,1.645000,3465.829084,5742,0.925755,A,12452,7517.000000,1,24,Forecast,20260818T075922Z-deb02f
22198,LARGE POPCORN HOLDER,2011-11,2011-12,M2_gbm_poisson,,,,,,,,,A,0,,,,Inactive (no sales in last 6 months),20260818T075922Z-deb02f
22199,FRYING PAN RED RETROSPOT,2011-11,2011-12,M2_gbm_poisson,39.941111,26.378271,product,18,1.645000,43.392256,84,0.660429,A,35,33.000000,1,24,Forecast,20260818T075922Z-deb02f
22200,FRYING PAN PINK POLKADOT,2011-11,2011-12,M2_gbm_poisson,39.950289,38.851978,product,18,1.645000,63.911503,104,0.972508,A,34,37.333333,1,24,Forecast,20260818T075922Z-deb02f
22201,FRYING PAN BLUE POLKADOT,2011-11,2011-12,M2_gbm_poisson,19.296723,17.802319,product,18,1.645000,29.284816,49,0.922557,B,9,13.000000,1,24,Forecast,20260818T075922Z-deb02f
22202,MILK PAN PINK RETROSPOT,2011-11,2011-12,M2_gbm_poisson,,,,,,,,,A,0,,,,Inactive (no sales in last 6 months),20260818T075922Z-deb02f
22203,MILK PAN RED RETROSPOT,2011-11,2011-12,M2_gbm_poisson,40.346842,19.476175,product,18,1.645000,32.038308,73,0.482719,A,33,24.000000,1,24,Forecast,20260818T075922Z-deb02f
22204,MILK PAN BLUE POLKADOT,2011-11,2011-12,M2_gbm_poisson,13.744887,25.593679,product,18,1.645000,42.101602,56,1.862051,B,4,6.333333,1,24,Forecast,20260818T075922Z-deb02f
22206,"MUG , DOTCOMGIFTSHOP.COM",2011-11,2011-12,M2_gbm_poisson,5.342957,1.265399,product,17,1.645000,2.081582,8,0.236835,C,1,0.333333,1,18,Forecast,20260818T075922Z-deb02f
22207,FRYING PAN UNION FLAG,2011-11,2011-12,M2_gbm_poisson,102.077781,81.949900,product,18,1.645000,134.807585,237,0.802818,A,188,158.666667,1,24,Forecast,20260818T075922Z-deb02f
22208,WOOD STAMP SET THANK YOU,2011-11,2011-12,M2_gbm_poisson,177.774579,80.484275,product,18,1.645000,132.396633,311,0.452732,B,367,209.333333,1,24,Forecast,20260818T075922Z-deb02f
22209,WOOD STAMP SET HAPPY BIRTHDAY,2011-11,2011-12,M2_gbm_poisson,74.143637,29.807747,product,18,1.645000,49.033744,124,0.402027,B,88,84.000000,1,24,Forecast,20260818T075922Z-deb02f
22210,WOOD STAMP SET BEST WISHES,2011-11,2011-12,M2_gbm_poisson,92.782240,55.840646,product,18,1.645000,91.857863,185,0.601846,B,155,183.666667,1,24,Forecast,20260818T075922Z-deb02f
22211,WOOD STAMP SET FLOWERS,2011-11,2011-12,M2_gbm_poisson,95.373092,57.105971,product,18,1.645000,93.939323,190,0.598764,B,202,131.333333,1,24,Forecast,20260818T075922Z-deb02f
22212,FOUR HOOK  WHITE LOVEBIRDS,2011-11,2011-12,M2_gbm_poisson,85.315956,89.490329,product,18,1.645000,147.211591,233,1.048928,A,130,109.000000,1,24,Forecast,20260818T075922Z-deb02f
22214,CANDLE PLATE LACE WHITE,2011-11,2011-12,M2_gbm_poisson,8.632509,12.120033,product,18,1.645000,19.937454,29,1.403999,B,2,2.666667,1,24,Forecast,20260818T075922Z-deb02f
22215,CAKE STAND WHITE TWO TIER LACE,2011-11,2011-12,M2_gbm_poisson,21.161883,15.533645,product,18,1.645000,25.552846,47,0.734039,A,11,24.000000,1,24,Forecast,20260818T075922Z-deb02f
22216,T-LIGHT HOLDER WHITE LACE,2011-11,2011-12,M2_gbm_poisson,30.057686,34.817823,product,18,1.645000,57.275319,88,1.158367,B,16,16.000000,1,24,Forecast,20260818T075922Z-deb02f
22217,T-LIGHT HOLDER HANGING LACE,2011-11,2011-12,M2_gbm_poisson,55.645158,38.219278,product,18,1.645000,62.870713,119,0.686839,B,93,45.333333,1,24,Forecast,20260818T075922Z-deb02f
22218,CAKE STAND LACE WHITE,2011-11,2011-12,M2_gbm_poisson,,,,,,,,,A,0,,,,Inactive (no sales in last 6 months),20260818T075922Z-deb02f
22219,LOVEBIRD HANGING DECORATION WHITE,2011-11,2011-12,M2_gbm_poisson,274.023057,179.713359,product,18,1.645000,295.628476,570,0.655833,A,683,395.000000,1,24,Forecast,20260818T075922Z-deb02f
22220,CAKE STAND LOVEBIRD 2 TIER WHITE,2011-11,2011-12,M2_gbm_poisson,31.665552,13.760678,product,18,1.645000,22.636315,55,0.434563,A,27,16.000000,1,24,Forecast,20260818T075922Z-deb02f
22221,CAKE STAND LOVEBIRD 2 TIER PINK,2011-11,2011-12,M2_gbm_poisson,13.544348,9.924747,product,18,1.645000,16.326208,30,0.732759,A,6,6.333333,1,24,Forecast,20260818T075922Z-deb02f
22222,CAKE PLATE LOVEBIRD WHITE,2011-11,2011-12,M2_gbm_poisson,53.105980,34.054284,product,18,1.645000,56.019297,110,0.641251,A,41,38.333333,1,24,Forecast,20260818T075922Z-deb02f
22223,CAKE PLATE LOVEBIRD PINK,2011-11,2011-12,M2_gbm_poisson,15.978221,20.448983,product,18,1.645000,33.638577,50,1.279803,B,9,7.666667,1,24,Forecast,20260818T075922Z-deb02f
22224,WHITE LOVEBIRD LANTERN,2011-11,2011-12,M2_gbm_poisson,57.483852,53.613485,product,18,1.645000,88.194182,146,0.932670,A,77,54.666667,1,24,Forecast,20260818T075922Z-deb02f
22227,HANGING HEART MIRROR DECORATION,2011-11,2011-12,M2_gbm_poisson,103.792773,105.213006,product,18,1.645000,173.075394,277,1.013683,A,233,178.666667,1,24,Forecast,20260818T075922Z-deb02f
22228,BUNNY WOODEN PAINTED WITH BIRD,2011-11,2011-12,M2_gbm_poisson,57.246869,60.470954,product,18,1.645000,99.474720,157,1.056319,B,33,54.666667,1,24,Forecast,20260818T075922Z-deb02f
22229,BUNNY WOODEN PAINTED WITH FLOWER,2011-11,2011-12,M2_gbm_poisson,43.263178,39.047162,product,18,1.645000,64.232582,108,0.902550,C,8,35.333333,1,24,Forecast,20260818T075922Z-deb02f
22230,JIGSAW TREE WITH WATERING CAN,2011-11,2011-12,M2_gbm_poisson,99.090719,58.178262,product,18,1.645000,95.703241,195,0.587121,C,71,146.333333,1,24,Forecast,20260818T075922Z-deb02f
22231,JIGSAW TREE WITH BIRDHOUSE,2011-11,2011-12,M2_gbm_poisson,56.525690,45.084680,product,18,1.645000,74.164298,131,0.797596,B,59,57.333333,1,24,Forecast,20260818T075922Z-deb02f
22232,JIGSAW TOADSTOOLS 3 PIECE,2011-11,2011-12,M2_gbm_poisson,56.173736,53.167148,product,18,1.645000,87.459958,144,0.946477,B,58,68.000000,1,24,Forecast,20260818T075922Z-deb02f
22233,JIGSAW RABBIT AND BIRDHOUSE,2011-11,2011-12,M2_gbm_poisson,48.759559,55.213803,product,18,1.645000,90.826706,140,1.132369,B,19,52.000000,1,24,Forecast,20260818T075922Z-deb02f
22236,CAKE STAND 3 TIER MAGIC GARDEN,2011-11,2011-12,M2_gbm_poisson,39.915134,26.144613,product,18,1.645000,43.007889,83,0.655005,A,46,21.666667,1,24,Forecast,20260818T075922Z-deb02f
22241,GARLAND WOODEN HAPPY EASTER,2011-11,2011-12,M2_gbm_poisson,23.110034,60.655464,product,18,1.645000,99.778238,123,2.624638,A,15,8.666667,1,24,Forecast,20260818T075922Z-deb02f
22242,"HOOK, 5 HANGER , MAGIC TOADSTOOL",2011-11,2011-12,M2_gbm_poisson,,,,,,,,,A,0,,,,Inactive (no sales in last 6 months),20260818T075922Z-deb02f
22243,5 HOOK HANGER RED MAGIC TOADSTOOL,2011-11,2011-12,M2_gbm_poisson,34.921908,172.256252,product,18,1.645000,283.361534,319,4.932613,A,27,16.333333,1,24,Forecast,20260818T075922Z-deb02f
22244,3 HOOK HANGER MAGIC GARDEN,2011-11,2011-12,M2_gbm_poisson,10.526462,114.053230,product,18,1.645000,187.617564,199,10.834906,A,0,46.333333,3,24,Forecast,20260818T075922Z-deb02f
22245,"HOOK, 1 HANGER ,MAGIC GARDEN",2011-11,2011-12,M2_gbm_poisson,3.694567,130.528771,product,18,1.645000,214.719829,219,35.329928,A,0,0.333333,3,24,Forecast,20260818T075922Z-deb02f
22246,"GARLAND, MAGIC GARDEN 1.8M",2011-11,2011-12,M2_gbm_poisson,53.750863,38.272207,product,18,1.645000,62.957781,117,0.712030,B,53,29.000000,1,24,Forecast,20260818T075922Z-deb02f
22247,BUNNY DECORATION MAGIC GARDEN,2011-11,2011-12,M2_gbm_poisson,8.169621,16.907645,product,18,1.645000,27.813075,36,2.069575,B,4,1.666667,1,24,Forecast,20260818T075922Z-deb02f
22248,DECORATION  PINK CHICK MAGIC GARDEN,2011-11,2011-12,M2_gbm_poisson,28.587808,27.443816,product,18,1.645000,45.145077,74,0.959983,C,17,11.666667,1,24,Forecast,20260818T075922Z-deb02f
22249,DECORATION WHITE CHICK MAGIC GARDEN,2011-11,2011-12,M2_gbm_poisson,14.468449,38.864357,product,18,1.645000,63.931868,79,2.686145,B,6,2.333333,1,24,Forecast,20260818T075922Z-deb02f
22250,DECORATION  BUTTERFLY  MAGIC GARDEN,2011-11,2011-12,M2_gbm_poisson,14.036947,69.478565,product,18,1.645000,114.292239,129,4.949692,B,7,4.000000,1,24,Forecast,20260818T075922Z-deb02f
22251,BIRDHOUSE DECORATION MAGIC GARDEN,2011-11,2011-12,M2_gbm_poisson,32.804491,50.342498,product,18,1.645000,82.813410,116,1.534622,B,23,9.666667,1,24,Forecast,20260818T075922Z-deb02f
22252,BIRDCAGE DECORATION TEALIGHT HOLDER,2011-11,2011-12,M2_gbm_poisson,57.822863,28.752655,product,18,1.645000,47.298117,106,0.497254,C,82,59.666667,1,24,Forecast,20260818T075922Z-deb02f
22253,6 CROCHET STRAWBERRIES,2011-11,2011-12,M2_gbm_poisson,,,,,,,,,B,0,,,,Inactive (no sales in last 6 months),20260818T075922Z-deb02f
22254,FELT TOADSTOOL LARGE,2011-11,2011-12,M2_gbm_poisson,35.589794,15.573156,product,18,1.645000,25.617842,62,0.437574,B,30,16.333333,1,24,Forecast,20260818T075922Z-deb02f
22255,FELT TOADSTOOL  SMALL,2011-11,2011-12,M2_gbm_poisson,57.767054,20.652173,product,18,1.645000,33.972825,92,0.357508,B,100,52.666667,1,24,Forecast,20260818T075922Z-deb02f
22256,FELT FARM ANIMAL CHICKEN,2011-11,2011-12,M2_gbm_poisson,4.489924,12.904550,product,18,1.645000,21.227985,26,2.874113,B,0,0.333333,3,24,Forecast,20260818T075922Z-deb02f
22257,FELT FARM ANIMAL SHEEP,2011-11,2011-12,M2_gbm_poisson,4.909044,8.326578,product,17,1.645000,13.697221,19,1.696171,C,0,2.000000,2,23,Forecast,20260818T075922Z-deb02f
22258,FELT FARM ANIMAL RABBIT,2011-11,2011-12,M2_gbm_poisson,18.986101,14.866178,product,17,1.645000,24.454864,44,0.783003,B,13,4.333333,1,24,Forecast,20260818T075922Z-deb02f
22259,FELT FARM ANIMAL HEN,2011-11,2011-12,M2_gbm_poisson,,,,,,,,,C,0,,,,Inactive (no sales in last 6 months),20260818T075922Z-deb02f
22260,FELT EGG COSY BLUE RABBIT,2011-11,2011-12,M2_gbm_poisson,40.383987,20.314733,product,18,1.645000,33.417737,74,0.503039,B,35,17.333333,1,24,Forecast,20260818T075922Z-deb02f
22261,FELT EGG COSY WHITE RABBIT,2011-11,2011-12,M2_gbm_poisson,32.381903,37.248546,product,18,1.645000,61.273858,94,1.150289,B,26,13.000000,1,24,Forecast,20260818T075922Z-deb02f
22262,FELT EGG COSY CHICKEN,2011-11,2011-12,M2_gbm_poisson,54.483077,47.380115,product,18,1.645000,77.940290,133,0.869630,B,45,42.333333,1,24,Forecast,20260818T075922Z-deb02f
22263,FELT EGG COSY LADYBIRD,2011-11,2011-12,M2_gbm_poisson,22.953471,21.513341,product,18,1.645000,35.389447,59,0.937259,C,16,7.333333,1,24,Forecast,20260818T075922Z-deb02f
22264,FELT FARM ANIMAL WHITE BUNNY,2011-11,2011-12,M2_gbm_poisson,4.038763,37.594807,product,18,1.645000,61.843458,66,9.308494,B,0,0.333333,2,24,Forecast,20260818T075922Z-deb02f
22265,EASTER DECORATION NATURAL CHICK,2011-11,2011-12,M2_gbm_poisson,19.061427,28.028034,product,18,1.645000,46.106116,66,1.470406,B,14,8.000000,1,24,Forecast,20260818T075922Z-deb02f
22266,EASTER DECORATION HANGING BUNNY,2011-11,2011-12,M2_gbm_poisson,94.083834,68.047634,product,17,1.645000,111.938357,207,0.723266,C,137,339.333333,1,24,Forecast,20260818T075922Z-deb02f
22267,EASTER DECORATION EGG BUNNY,2011-11,2011-12,M2_gbm_poisson,61.025782,47.499984,product,14,1.645000,78.137473,140,0.778359,B,70,90.666667,1,24,Forecast,20260818T075922Z-deb02f
22268,EASTER DECORATION SITTING BUNNY,2011-11,2011-12,M2_gbm_poisson,145.169683,93.156132,product,18,1.645000,153.241837,299,0.641705,B,98,127.000000,1,24,Forecast,20260818T075922Z-deb02f
22269,EGG CUP NATURAL CHICKEN,2011-11,2011-12,M2_gbm_poisson,69.057989,38.162272,product,18,1.645000,62.776938,132,0.552612,B,94,154.666667,1,24,Forecast,20260818T075922Z-deb02f
22270,HAPPY EASTER HANGING DECORATION,2011-11,2011-12,M2_gbm_poisson,14.898723,14.643344,product,18,1.645000,24.088300,39,0.982859,B,6,9.666667,1,24,Forecast,20260818T075922Z-deb02f
22271,FELTCRAFT DOLL ROSIE,2011-11,2011-12,M2_gbm_poisson,149.499951,73.659793,product,18,1.645000,121.170360,271,0.492708,A,269,222.333333,1,24,Forecast,20260818T075922Z-deb02f
22272,FELTCRAFT DOLL MARIA,2011-11,2011-12,M2_gbm_poisson,,,,,,,,,A,0,,,,Inactive (no sales in last 6 months),20260818T075922Z-deb02f
22273,FELTCRAFT DOLL MOLLY,2011-11,2011-12,M2_gbm_poisson,322.158614,150.263437,product,18,1.645000,247.183354,570,0.466427,A,302,979.666667,1,24,Forecast,20260818T075922Z-deb02f
22274,FELTCRAFT DOLL EMILY,2011-11,2011-12,M2_gbm_poisson,112.509574,65.053671,product,18,1.645000,107.013289,220,0.578206,A,252,188.000000,1,24,Forecast,20260818T075922Z-deb02f
22275,WEEKEND BAG VINTAGE ROSE PAISLEY,2011-11,2011-12,M2_gbm_poisson,,,,,,,,,A,0,,,,Inactive (no sales in last 6 months),20260818T075922Z-deb02f
22276,WASH BAG VINTAGE ROSE PAISLEY,2011-11,2011-12,M2_gbm_poisson,15.558136,17.279184,product,18,1.645000,28.424258,44,1.110620,A,3,11.666667,1,24,Forecast,20260818T075922Z-deb02f
22277,COSMETIC BAG VINTAGE ROSE PAISLEY,2011-11,2011-12,M2_gbm_poisson,48.608309,39.503136,product,18,1.645000,64.982658,114,0.812683,B,25,59.333333,1,24,Forecast,20260818T075922Z-deb02f
22278,OVERNIGHT BAG VINTAGE ROSE PAISLEY,2011-11,2011-12,M2_gbm_poisson,61.346776,14.066464,product,18,1.645000,23.139333,85,0.229294,A,71,49.666667,1,24,Forecast,20260818T075922Z-deb02f
22279,POCKET BAG BLUE PAISLEY RED SPOT,2011-11,2011-12,M2_gbm_poisson,71.109933,65.853311,product,18,1.645000,108.328697,180,0.926078,B,146,57.666667,1,24,Forecast,20260818T075922Z-deb02f
22280,POCKET BAG PINK PAISELY BROWN SPOT,2011-11,2011-12,M2_gbm_poisson,45.363051,38.091923,product,18,1.645000,62.661213,109,0.839713,B,47,22.333333,1,24,Forecast,20260818T075922Z-deb02f
22281,EASTER TREE YELLOW BIRDS,2011-11,2011-12,M2_gbm_poisson,4.397964,6.163094,product,18,1.645000,10.138290,15,1.401352,A,2,0.666667,1,24,Forecast,20260818T075922Z-deb02f
22282,12 EGG HOUSE PAINTED WOOD,2011-11,2011-12,M2_gbm_poisson,31.368954,8.766466,product,18,1.645000,14.420836,46,0.279463,A,22,17.000000,1,24,Forecast,20260818T075922Z-deb02f
22283,6 EGG HOUSE PAINTED WOOD,2011-11,2011-12,M2_gbm_poisson,32.765114,17.643533,product,18,1.645000,29.023612,62,0.538485,A,22,20.666667,1,24,Forecast,20260818T075922Z-deb02f
22284,HEN HOUSE DECORATION,2011-11,2011-12,M2_gbm_poisson,51.151150,54.469093,product,18,1.645000,89.601658,141,1.064865,A,43,53.666667,1,24,Forecast,20260818T075922Z-deb02f
22285,"DECORATION HEN ON NEST, HANGING",2011-11,2011-12,M2_gbm_poisson,33.180628,38.416390,product,18,1.645000,63.194961,97,1.157796,A,21,35.666667,1,24,Forecast,20260818T075922Z-deb02f
22286,"DECORATION , WOBBLY RABBIT , METAL",2011-11,2011-12,M2_gbm_poisson,70.021404,59.160633,product,18,1.645000,97.319241,168,0.844894,B,61,94.000000,1,24,Forecast,20260818T075922Z-deb02f
22287,"DECORATION , WOBBLY CHICKEN, METAL",2011-11,2011-12,M2_gbm_poisson,61.185755,37.269525,product,18,1.645000,61.308368,123,0.609121,B,66,75.333333,1,24,Forecast,20260818T075922Z-deb02f
22288,HANGING METAL RABBIT DECORATION,2011-11,2011-12,M2_gbm_poisson,8.169621,23.355101,product,18,1.645000,38.419142,47,2.858774,B,3,1.333333,1,24,Forecast,20260818T075922Z-deb02f
22289,"DECORATION , HANGING METAL CHICKEN",2011-11,2011-12,M2_gbm_poisson,6.135229,23.763261,product,18,1.645000,39.090564,46,3.873248,C,1,0.333333,1,24,Forecast,20260818T075922Z-deb02f
22290,STANDING METAL RABBIT WITH EGG,2011-11,2011-12,M2_gbm_poisson,,,,,,,,,B,0,,,,Inactive (no sales in last 6 months),20260818T075922Z-deb02f
22291,"SPRING DEC , HANGING CHICK CREAM",2011-11,2011-12,M2_gbm_poisson,18.513302,76.645750,product,18,1.645000,126.082258,145,4.140037,A,2,18.666667,1,24,Forecast,20260818T075922Z-deb02f
22292,HANGING CHICK  YELLOW DECORATION,2011-11,2011-12,M2_gbm_poisson,21.191167,23.710258,product,18,1.645000,39.003375,61,1.118875,A,9,13.333333,1,24,Forecast,20260818T075922Z-deb02f
22293,HANGING CHICK GREEN DECORATION,2011-11,2011-12,M2_gbm_poisson,25.260164,49.542858,product,18,1.645000,81.498002,107,1.961304,B,8,16.666667,1,24,Forecast,20260818T075922Z-deb02f
22294,HEART FILIGREE DOVE  SMALL,2011-11,2011-12,M2_gbm_poisson,255.065142,318.543059,product,18,1.645000,524.003333,780,1.248869,A,428,577.333333,1,24,Forecast,20260818T075922Z-deb02f
22295,HEART FILIGREE DOVE LARGE,2011-11,2011-12,M2_gbm_poisson,139.222651,195.827071,product,18,1.645000,322.135532,462,1.406575,A,337,261.666667,1,24,Forecast,20260818T075922Z-deb02f
22296,HEART IVORY TRELLIS LARGE,2011-11,2011-12,M2_gbm_poisson,130.255589,241.169649,product,18,1.645000,396.724073,527,1.851511,A,202,188.333333,1,24,Forecast,20260818T075922Z-deb02f
22297,HEART IVORY TRELLIS SMALL,2011-11,2011-12,M2_gbm_poisson,191.561253,330.159156,product,18,1.645000,543.111812,735,1.723517,A,314,299.666667,1,24,Forecast,20260818T075922Z-deb02f
22299,PIG KEYRING WITH LIGHT & SOUND,2011-11,2011-12,M2_gbm_poisson,107.678593,90.345270,product,18,1.645000,148.617970,257,0.839027,A,260,135.666667,1,24,Forecast,20260818T075922Z-deb02f
22300,COFFEE MUG DOG + BALL DESIGN,2011-11,2011-12,M2_gbm_poisson,199.453087,44.256648,product,18,1.645000,72.802186,273,0.221890,A,524,228.666667,1,24,Forecast,20260818T075922Z-deb02f
22301,COFFEE MUG CAT + BIRD DESIGN,2011-11,2011-12,M2_gbm_poisson,198.315254,142.490388,product,18,1.645000,234.396688,433,0.718504,A,527,271.000000,1,24,Forecast,20260818T075922Z-deb02f
22302,COFFEE MUG PEARS  DESIGN,2011-11,2011-12,M2_gbm_poisson,192.390336,131.323222,product,18,1.645000,216.026701,409,0.682587,A,588,291.333333,1,24,Forecast,20260818T075922Z-deb02f
22303,COFFEE MUG APPLES DESIGN,2011-11,2011-12,M2_gbm_poisson,233.600927,100.180097,product,18,1.645000,164.796260,399,0.428851,A,629,311.333333,1,24,Forecast,20260818T075922Z-deb02f
22304,COFFEE MUG BLUE PAISLEY DESIGN,2011-11,2011-12,M2_gbm_poisson,174.711607,39.194236,product,18,1.645000,64.474518,240,0.224337,A,466,162.333333,1,24,Forecast,20260818T075922Z-deb02f
22305,COFFEE MUG PINK PAISLEY DESIGN,2011-11,2011-12,M2_gbm_poisson,32.845648,30.006564,product,18,1.645000,49.360797,83,0.913563,A,23,14.666667,1,24,Forecast,20260818T075922Z-deb02f
22306,SILVER MUG BONE CHINA TREE OF LIFE,2011-11,2011-12,M2_gbm_poisson,187.449434,14.412503,product,17,1.645000,23.708567,212,0.076887,B,406,327.666667,1,24,Forecast,20260818T075922Z-deb02f
22307,GOLD MUG BONE CHINA TREE OF LIFE,2011-11,2011-12,M2_gbm_poisson,138.766482,28.130556,product,17,1.645000,46.274764,186,0.202719,B,302,213.333333,1,24,Forecast,20260818T075922Z-deb02f
22308,TEA COSY BLUE STRIPE,2011-11,2011-12,M2_gbm_poisson,43.353303,29.586988,product,18,1.645000,48.670595,93,0.682462,B,42,25.333333,1,24,Forecast,20260818T075922Z-deb02f
22309,TEA COSY RED  STRIPE,2011-11,2011-12,M2_gbm_poisson,55.796350,37.950260,product,18,1.645000,62.428178,119,0.680157,B,47,71.000000,1,24,Forecast,20260818T075922Z-deb02f
22310,IVORY KNITTED MUG COSY,2011-11,2011-12,M2_gbm_poisson,89.191961,53.478939,product,18,1.645000,87.972854,178,0.599594,B,234,112.333333,1,24,Forecast,20260818T075922Z-deb02f
22311,OFFICE MUG WARMER BLACK+SILVER,2011-11,2011-12,M2_gbm_poisson,151.885241,87.029435,product,18,1.645000,143.163421,296,0.572995,A,410,212.000000,1,24,Forecast,20260818T075922Z-deb02f
22312,OFFICE MUG WARMER POLKADOT,2011-11,2011-12,M2_gbm_poisson,83.507466,13.402926,product,18,1.645000,22.047814,106,0.160500,A,161,75.000000,1,24,Forecast,20260818T075922Z-deb02f
22313,OFFICE MUG WARMER PINK,2011-11,2011-12,M2_gbm_poisson,59.614820,13.332132,product,18,1.645000,21.931358,82,0.223638,B,42,110.333333,1,24,Forecast,20260818T075922Z-deb02f
22314,OFFICE MUG WARMER CHOC+BLUE,2011-11,2011-12,M2_gbm_poisson,51.272673,18.364521,product,18,1.645000,30.209638,82,0.358174,B,42,43.000000,1,24,Forecast,20260818T075922Z-deb02f
22315,200 RED + WHITE BENDY STRAWS,2011-11,2011-12,M2_gbm_poisson,59.057736,59.047955,product,18,1.645000,97.133886,157,0.999834,B,70,79.000000,1,24,Forecast,20260818T075922Z-deb02f
22316,200 BENDY SKULL STRAWS,2011-11,2011-12,M2_gbm_poisson,32.112285,46.359494,product,18,1.645000,76.261367,109,1.443668,B,28,10.666667,1,24,Forecast,20260818T075922Z-deb02f
22317,FIVE CATS HANGING DECORATION,2011-11,2011-12,M2_gbm_poisson,19.707901,11.817953,product,18,1.645000,19.440532,40,0.599656,B,11,14.000000,1,24,Forecast,20260818T075922Z-deb02f
22318,FIVE HEART HANGING DECORATION,2011-11,2011-12,M2_gbm_poisson,26.469261,23.486311,product,18,1.645000,38.634982,66,0.887305,A,11,22.666667,1,24,Forecast,20260818T075922Z-deb02f
22319,HAIRCLIPS FORTIES FABRIC ASSORTED,2011-11,2011-12,M2_gbm_poisson,56.898823,48.172343,product,18,1.645000,79.243504,137,0.846632,B,60,72.333333,1,24,Forecast,20260818T075922Z-deb02f
22320,BIRDS MOBILE VINTAGE DESIGN,2011-11,2011-12,M2_gbm_poisson,43.084466,12.199871,product,18,1.645000,20.068787,64,0.283162,B,23,24.666667,1,24,Forecast,20260818T075922Z-deb02f
22321,BIRD DECORATION RED RETROSPOT,2011-11,2011-12,M2_gbm_poisson,56.351061,61.350581,product,18,1.645000,100.921706,158,1.088721,B,81,68.333333,1,24,Forecast,20260818T075922Z-deb02f
22322,BIRD DECORATION GREEN POLKADOT,2011-11,2011-12,M2_gbm_poisson,22.882493,27.446410,product,18,1.645000,45.149345,69,1.199450,B,6,11.333333,1,24,Forecast,20260818T075922Z-deb02f
22323,PINK POLKADOT KIDS BAG,2011-11,2011-12,M2_gbm_poisson,,,,,,,,,B,0,,,,Inactive (no sales in last 6 months),20260818T075922Z-deb02f
22324,BLUE POLKADOT KIDS BAG,2011-11,2011-12,M2_gbm_poisson,27.053661,27.025352,product,18,1.645000,44.456704,72,0.998954,B,12,42.666667,1,24,Forecast,20260818T075922Z-deb02f
22325,MOBILE VINTAGE HEARTS,2011-11,2011-12,M2_gbm_poisson,37.604392,20.376558,product,18,1.645000,33.519438,72,0.541866,B,31,18.333333,1,24,Forecast,20260818T075922Z-deb02f
22326,ROUND SNACK BOXES SET OF4 WOODLAND,2011-11,2011-12,M2_gbm_poisson,478.744147,407.461994,product,18,1.645000,670.274981,1150,0.851106,A,952,818.000000,1,23,Forecast,20260818T075922Z-deb02f
22327,ROUND SNACK BOXES SET OF 4 SKULLS,2011-11,2011-12,M2_gbm_poisson,94.431115,60.851760,product,18,1.645000,100.101146,195,0.644404,A,155,137.666667,1,23,Forecast,20260818T075922Z-deb02f
22328,ROUND SNACK BOXES SET OF 4 FRUITS,2011-11,2011-12,M2_gbm_poisson,299.635989,301.958103,product,18,1.645000,496.721079,797,1.007750,A,546,458.666667,1,23,Forecast,20260818T075922Z-deb02f
22329,ROUND CONTAINER SET OF 5 RETROSPOT,2011-11,2011-12,M2_gbm_poisson,69.743692,144.000638,product,18,1.645000,236.881050,307,2.064712,A,89,108.333333,1,23,Forecast,20260818T075922Z-deb02f
22330,72 ROUND PINK DOILIES,2011-11,2011-12,M2_gbm_poisson,,,,,,,,,C,0,,,,Inactive (no sales in last 6 months),20260818T075922Z-deb02f
22331,WOODLAND PARTY BAG + STICKER SET,2011-11,2011-12,M2_gbm_poisson,97.690598,91.051803,product,18,1.645000,149.780217,248,0.932043,A,146,189.333333,1,24,Forecast,20260818T075922Z-deb02f
22332,SKULLS PARTY BAG + STICKER SET,2011-11,2011-12,M2_gbm_poisson,67.657955,163.990608,product,18,1.645000,269.764551,338,2.423819,A,90,90.000000,1,24,Forecast,20260818T075922Z-deb02f
22333,RETROSPOT PARTY BAG + STICKER SET,2011-11,2011-12,M2_gbm_poisson,226.658093,302.508666,product,18,1.645000,497.626756,725,1.334648,A,400,387.000000,1,24,Forecast,20260818T075922Z-deb02f
22334,DINOSAUR PARTY BAG + STICKER SET,2011-11,2011-12,M2_gbm_poisson,53.992293,49.876443,product,18,1.645000,82.046749,137,0.923770,B,57,46.000000,1,24,Forecast,20260818T075922Z-deb02f
22335,HEART DECORATION PAINTED ZINC,2011-11,2011-12,M2_gbm_poisson,127.153320,235.251184,product,18,1.645000,386.988198,515,1.850138,A,152,157.333333,1,24,Forecast,20260818T075922Z-deb02f
22336,DOVE DECORATION PAINTED ZINC,2011-11,2011-12,M2_gbm_poisson,39.505167,103.501640,product,18,1.645000,170.260198,210,2.619952,B,0,610.666667,2,24,Forecast,20260818T075922Z-deb02f
22337,ANGEL DECORATION PAINTED ZINC,2011-11,2011-12,M2_gbm_poisson,133.579005,72.616562,product,17,1.645000,119.454244,254,0.543623,B,255,171.666667,1,24,Forecast,20260818T075922Z-deb02f
22338,STAR DECORATION PAINTED ZINC,2011-11,2011-12,M2_gbm_poisson,930.809597,76.335367,product,18,1.645000,125.571680,1057,0.082010,B,2000,1322.666667,1,24,Forecast,20260818T075922Z-deb02f
22339,CHRISTMAS TREE PAINTED ZINC,2011-11,2011-12,M2_gbm_poisson,199.075179,124.445070,product,18,1.645000,204.712141,404,0.625116,C,546,706.000000,1,24,Forecast,20260818T075922Z-deb02f
22340,NOEL GARLAND PAINTED ZINC,2011-11,2011-12,M2_gbm_poisson,304.699565,18.740064,product,17,1.645000,30.827405,336,0.061503,C,722,408.333333,1,24,Forecast,20260818T075922Z-deb02f
22341,LOVE GARLAND PAINTED ZINC,2011-11,2011-12,M2_gbm_poisson,25.029381,33.017650,product,18,1.645000,54.314035,80,1.319156,A,11,26.000000,1,24,Forecast,20260818T075922Z-deb02f
22342,HOME GARLAND PAINTED ZINC,2011-11,2011-12,M2_gbm_poisson,61.836718,62.427171,product,18,1.645000,102.692696,165,1.009549,B,62,106.333333,1,24,Forecast,20260818T075922Z-deb02f
22343,PARTY PIZZA DISH RED RETROSPOT,2011-11,2011-12,M2_gbm_poisson,54.387965,33.551535,product,18,1.645000,55.192274,110,0.616893,B,56,58.666667,1,24,Forecast,20260818T075922Z-deb02f
22344,PARTY PIZZA DISH PINK POLKADOT,2011-11,2011-12,M2_gbm_poisson,29.441161,27.410531,product,18,1.645000,45.090324,75,0.931028,C,19,14.666667,1,24,Forecast,20260818T075922Z-deb02f
22345,PARTY PIZZA DISH BLUE POLKADOT,2011-11,2011-12,M2_gbm_poisson,26.670904,25.326440,product,18,1.645000,41.661994,69,0.949591,C,18,10.666667,1,24,Forecast,20260818T075922Z-deb02f
22346,PARTY PIZZA DISH GREEN POLKADOT,2011-11,2011-12,M2_gbm_poisson,22.465121,27.789929,product,18,1.645000,45.714432,69,1.237026,C,21,7.000000,1,24,Forecast,20260818T075922Z-deb02f
22347,PIZZA SLICE DISH,2011-11,2011-12,M2_gbm_poisson,,,,,,,,,B,0,,,,Inactive (no sales in last 6 months),20260818T075922Z-deb02f
22348,TEA BAG PLATE RED RETROSPOT,2011-11,2011-12,M2_gbm_poisson,223.907056,169.630048,product,18,1.645000,279.041429,503,0.757591,A,462,332.000000,1,24,Forecast,20260818T075922Z-deb02f
22349,DOG BOWL CHASING BALL DESIGN,2011-11,2011-12,M2_gbm_poisson,52.600419,32.266491,product,18,1.645000,53.078378,106,0.613426,A,37,78.000000,1,24,Forecast,20260818T075922Z-deb02f
22350,ILLUSTRATED CAT BOWL,2011-11,2011-12,M2_gbm_poisson,50.091750,49.775033,product,18,1.645000,81.879930,132,0.993677,A,33,57.666667,1,24,Forecast,20260818T075922Z-deb02f
22351,DOTCOMGIFTSHOP TEA TOWEL,2011-11,2011-12,M2_gbm_poisson,2.043711,2.235316,product,15,1.645000,3.677095,6,1.093753,C,0,0.000000,6,16,Forecast,20260818T075922Z-deb02f
22352,LUNCH BOX WITH CUTLERY RETROSPOT,2011-11,2011-12,M2_gbm_poisson,144.917510,171.866624,product,18,1.645000,282.720597,428,1.185962,A,181,295.000000,1,24,Forecast,20260818T075922Z-deb02f
22353,LUNCH BOX WITH CUTLERY FAIRY CAKES,2011-11,2011-12,M2_gbm_poisson,,,,,,,,,A,0,,,,Inactive (no sales in last 6 months),20260818T075922Z-deb02f
22354,RETROSPOT PADDED SEAT CUSHION,2011-11,2011-12,M2_gbm_poisson,35.781190,45.644436,product,18,1.645000,75.085096,111,1.275655,A,16,33.666667,1,24,Forecast,20260818T075922Z-deb02f
22355,CHARLOTTE BAG SUKI DESIGN,2011-11,2011-12,M2_gbm_poisson,833.326747,541.945453,product,18,1.645000,891.500270,1725,0.650340,A,2088,1615.333333,1,24,Forecast,20260818T075922Z-deb02f
22356,CHARLOTTE BAG PINK POLKADOT,2011-11,2011-12,M2_gbm_poisson,654.605349,401.065910,product,18,1.645000,659.753421,1315,0.612684,A,1384,965.666667,1,24,Forecast,20260818T075922Z-deb02f
22357,KINGS CHOICE BISCUIT TIN,2011-11,2011-12,M2_gbm_poisson,57.177951,42.337126,product,18,1.645000,69.644572,127,0.740445,A,79,39.000000,1,23,Forecast,20260818T075922Z-deb02f
22358,KINGS CHOICE TEA CADDY,2011-11,2011-12,M2_gbm_poisson,50.611570,42.293982,product,18,1.645000,69.573600,121,0.835658,A,63,41.666667,1,23,Forecast,20260818T075922Z-deb02f
22359,GLASS JAR KINGS CHOICE,2011-11,2011-12,M2_gbm_poisson,28.342215,21.576426,product,18,1.645000,35.493221,64,0.761282,A,15,16.000000,1,21,Forecast,20260818T075922Z-deb02f
22360,GLASS JAR ENGLISH CONFECTIONERY,2011-11,2011-12,M2_gbm_poisson,64.502373,84.190331,product,18,1.645000,138.493094,203,1.305228,A,50,71.666667,1,24,Forecast,20260818T075922Z-deb02f
22361,GLASS JAR DAISY FRESH COTTON WOOL,2011-11,2011-12,M2_gbm_poisson,64.684332,42.647804,product,18,1.645000,70.155638,135,0.659322,A,75,65.000000,1,21,Forecast,20260818T075922Z-deb02f
22362,GLASS JAR PEACOCK BATH SALTS,2011-11,2011-12,M2_gbm_poisson,43.743045,12.595651,product,18,1.645000,20.719845,65,0.287946,B,31,31.333333,1,21,Forecast,20260818T075922Z-deb02f
22363,GLASS JAR MARMALADE,2011-11,2011-12,M2_gbm_poisson,21.722289,24.614570,product,18,1.645000,40.490968,63,1.133148,B,8,14.333333,1,21,Forecast,20260818T075922Z-deb02f
22364,GLASS JAR DIGESTIVE BISCUITS,2011-11,2011-12,M2_gbm_poisson,48.908222,56.700332,product,18,1.645000,93.272046,143,1.159321,A,40,58.666667,1,21,Forecast,20260818T075922Z-deb02f
22365,DOORMAT RESPECTABLE HOUSE,2011-11,2011-12,M2_gbm_poisson,70.950361,88.938876,product,18,1.645000,146.304451,218,1.253537,A,135,150.666667,1,23,Forecast,20260818T075922Z-deb02f
22366,DOORMAT AIRMAIL,2011-11,2011-12,M2_gbm_poisson,72.880295,40.076828,product,18,1.645000,65.926382,139,0.549899,A,82,132.000000,1,23,Forecast,20260818T075922Z-deb02f
22367,CHILDRENS APRON SPACEBOY DESIGN,2011-11,2011-12,M2_gbm_poisson,303.227297,127.740890,product,18,1.645000,210.133764,514,0.421271,A,675,457.333333,1,23,Forecast,20260818T075922Z-deb02f
22371,AIRLINE BAG VINTAGE TOKYO 78,2011-11,2011-12,M2_gbm_poisson,100.695578,37.658559,product,18,1.645000,61.948329,163,0.373984,A,175,130.666667,1,22,Forecast,20260818T075922Z-deb02f
22372,AIRLINE BAG VINTAGE WORLD CHAMPION,2011-11,2011-12,M2_gbm_poisson,45.562351,22.939084,product,18,1.645000,37.734793,84,0.503466,B,49,37.666667,1,22,Forecast,20260818T075922Z-deb02f
22374,AIRLINE BAG VINTAGE JET SET RED,2011-11,2011-12,M2_gbm_poisson,68.231191,27.685479,product,18,1.645000,45.542614,114,0.405760,A,75,72.666667,1,22,Forecast,20260818T075922Z-deb02f
22375,AIRLINE BAG VINTAGE JET SET BROWN,2011-11,2011-12,M2_gbm_poisson,48.002067,16.339809,product,18,1.645000,26.878985,75,0.340398,B,36,42.666667,1,22,Forecast,20260818T075922Z-deb02f
22376,AIRLINE BAG VINTAGE JET SET WHITE,2011-11,2011-12,M2_gbm_poisson,43.387676,16.674432,product,18,1.645000,27.429440,71,0.384313,B,28,31.333333,1,22,Forecast,20260818T075922Z-deb02f
22377,BOTTLE BAG RETROSPOT,2011-11,2011-12,M2_gbm_poisson,38.894684,78.405818,product,18,1.645000,128.977571,168,2.015849,A,19,45.000000,1,23,Forecast,20260818T075922Z-deb02f
22378,WALL TIDY RETROSPOT,2011-11,2011-12,M2_gbm_poisson,59.706875,66.469258,product,18,1.645000,109.341929,170,1.113260,A,89,49.666667,1,23,Forecast,20260818T075922Z-deb02f
22379,RECYCLING BAG RETROSPOT,2011-11,2011-12,M2_gbm_poisson,317.832339,277.209876,product,18,1.645000,456.010247,774,0.872189,A,396,687.333333,1,23,Forecast,20260818T075922Z-deb02f
22380,TOY TIDY SPACEBOY,2011-11,2011-12,M2_gbm_poisson,75.811428,38.103042,product,18,1.645000,62.679505,139,0.502603,A,107,95.666667,1,23,Forecast,20260818T075922Z-deb02f
22381,TOY TIDY PINK POLKADOT,2011-11,2011-12,M2_gbm_poisson,159.169565,241.473879,product,18,1.645000,397.224531,557,1.517086,A,161,369.666667,1,23,Forecast,20260818T075922Z-deb02f
22382,LUNCH BAG SPACEBOY DESIGN,2011-11,2011-12,M2_gbm_poisson,713.835807,255.387783,product,18,1.645000,420.112904,1134,0.357768,A,1529,1090.333333,1,23,Forecast,20260818T075922Z-deb02f
22383,LUNCH BAG SUKI  DESIGN,2011-11,2011-12,M2_gbm_poisson,524.922475,430.969433,product,18,1.645000,708.944717,1234,0.821015,A,947,885.000000,1,23,Forecast,20260818T075922Z-deb02f
22384,LUNCH BAG PINK POLKADOT,2011-11,2011-12,M2_gbm_poisson,520.745098,617.433144,product,18,1.645000,1015.677521,1537,1.185673,A,912,719.666667,1,23,Forecast,20260818T075922Z-deb02f
22385,JUMBO BAG SPACEBOY DESIGN,2011-11,2011-12,M2_gbm_poisson,414.938477,323.226519,product,18,1.645000,531.707623,947,0.778975,A,773,748.333333,1,23,Forecast,20260818T075922Z-deb02f
22386,JUMBO BAG PINK POLKADOT,2011-11,2011-12,M2_gbm_poisson,1603.516351,537.170517,product,18,1.645000,883.645501,2488,0.334995,A,1641,2519.333333,1,23,Forecast,20260818T075922Z-deb02f
22389,PAPERWEIGHT SAVE THE PLANET,2011-11,2011-12,M2_gbm_poisson,35.498983,20.675450,product,18,1.645000,34.011115,70,0.582424,C,17,50.666667,1,21,Forecast,20260818T075922Z-deb02f
22390,PAPERWEIGHT CHILDHOOD MEMORIES,2011-11,2011-12,M2_gbm_poisson,32.922301,17.577483,product,18,1.645000,28.914960,62,0.533908,B,25,15.666667,1,21,Forecast,20260818T075922Z-deb02f
22391,PAPERWEIGHT HOME SWEET HOME,2011-11,2011-12,M2_gbm_poisson,14.449176,9.099976,product,18,1.645000,14.969461,30,0.629792,C,11,7.333333,1,21,Forecast,20260818T075922Z-deb02f
22393,PAPERWEIGHT VINTAGE COLLAGE,2011-11,2011-12,M2_gbm_poisson,43.398844,23.759851,product,18,1.645000,39.084955,83,0.547477,B,31,24.333333,1,21,Forecast,20260818T075922Z-deb02f
22394,PAPERWEIGHT KINGS CHOICE,2011-11,2011-12,M2_gbm_poisson,14.199395,8.699452,product,18,1.645000,14.310599,29,0.612664,C,11,7.000000,1,20,Forecast,20260818T075922Z-deb02f
22395,PAPERWEIGHT VINTAGE PAISLEY,2011-11,2011-12,M2_gbm_poisson,14.449176,9.586640,product,18,1.645000,15.770023,31,0.663473,C,11,6.333333,1,20,Forecast,20260818T075922Z-deb02f
22396,MAGNETS PACK OF 4 RETRO PHOTO,2011-11,2011-12,M2_gbm_poisson,74.062379,37.607113,product,18,1.645000,61.863700,136,0.507776,B,132,127.333333,1,21,Forecast,20260818T075922Z-deb02f
22398,MAGNETS PACK OF 4 SWALLOWS,2011-11,2011-12,M2_gbm_poisson,189.293990,79.523402,product,18,1.645000,130.815997,321,0.420105,B,376,382.000000,1,21,Forecast,20260818T075922Z-deb02f
22399,MAGNETS PACK OF 4 CHILDHOOD MEMORY,2011-11,2011-12,M2_gbm_poisson,29.730629,140.797926,product,18,1.645000,231.612588,262,4.735787,A,5,24.000000,1,21,Forecast,20260818T075922Z-deb02f
22400,MAGNETS PACK OF 4 HOME SWEET HOME,2011-11,2011-12,M2_gbm_poisson,116.279946,67.838883,product,18,1.645000,111.594963,228,0.583410,B,248,196.000000,1,21,Forecast,20260818T075922Z-deb02f
22402,MAGNETS PACK OF 4 VINTAGE COLLAGE,2011-11,2011-12,M2_gbm_poisson,107.273288,52.089965,product,18,1.645000,85.687992,193,0.485582,B,245,225.333333,1,21,Forecast,20260818T075922Z-deb02f
22403,MAGNETS PACK OF 4 VINTAGE LABELS,2011-11,2011-12,M2_gbm_poisson,67.623571,52.188706,product,18,1.645000,85.850422,154,0.771753,C,117,113.666667,1,21,Forecast,20260818T075922Z-deb02f
22405,MONEY BOX POCKET MONEY DESIGN,2011-11,2011-12,M2_gbm_poisson,34.703398,39.296758,product,18,1.645000,64.643167,100,1.132361,B,22,17.333333,1,21,Forecast,20260818T075922Z-deb02f
22406,MONEY BOX KINGS CHOICE DESIGN,2011-11,2011-12,M2_gbm_poisson,43.252777,41.703388,product,18,1.645000,68.602074,112,0.964178,B,43,26.333333,1,21,Forecast,20260818T075922Z-deb02f
22407,MONEY BOX FIRST ADE DESIGN,2011-11,2011-12,M2_gbm_poisson,15.777011,8.211009,product,18,1.645000,13.507111,30,0.520441,C,8,3.666667,1,21,Forecast,20260818T075922Z-deb02f
22408,MONEY BOX CONFECTIONERY DESIGN,2011-11,2011-12,M2_gbm_poisson,35.751419,12.845246,product,18,1.645000,21.130430,57,0.359293,C,26,18.333333,1,21,Forecast,20260818T075922Z-deb02f
22409,MONEY BOX BISCUITS DESIGN,2011-11,2011-12,M2_gbm_poisson,23.113813,27.271463,product,18,1.645000,44.861557,68,1.179877,B,4,19.000000,1,21,Forecast,20260818T075922Z-deb02f
22410,MONEY BOX HOUSEKEEPING DESIGN,2011-11,2011-12,M2_gbm_poisson,24.164301,24.665942,product,18,1.645000,40.575475,65,1.020760,B,8,23.000000,1,21,Forecast,20260818T075922Z-deb02f
22411,JUMBO SHOPPER VINTAGE RED PAISLEY,2011-11,2011-12,M2_gbm_poisson,837.777877,532.358739,product,18,1.645000,875.730125,1714,0.635441,A,1475,1324.333333,1,23,Forecast,20260818T075922Z-deb02f
22412,METAL SIGN NEIGHBOURHOOD WITCH,2011-11,2011-12,M2_gbm_poisson,40.200561,45.898850,product,18,1.645000,75.503608,116,1.141747,A,20,57.000000,1,23,Forecast,20260818T075922Z-deb02f
22413,METAL SIGN TAKE IT OR LEAVE IT,2011-11,2011-12,M2_gbm_poisson,142.673381,95.813470,product,18,1.645000,157.613158,301,0.671558,A,126,213.666667,1,23,Forecast,20260818T075922Z-deb02f
22414,DOORMAT NEIGHBOURHOOD WITCH,2011-11,2011-12,M2_gbm_poisson,30.525956,20.212805,product,18,1.645000,33.250064,64,0.662151,A,17,51.666667,1,23,Forecast,20260818T075922Z-deb02f
22415,WHITE TISSUE REAM,2011-11,2011-12,M2_gbm_poisson,,,,,,,,,B,0,,,,Inactive (no sales in last 6 months),20260818T075922Z-deb02f
22416,SET OF 36 DOILIES SPACEBOY DESIGN,2011-11,2011-12,M2_gbm_poisson,37.621993,41.074692,product,18,1.645000,67.567868,106,1.091773,B,30,42.000000,1,22,Forecast,20260818T075922Z-deb02f
22417,PACK OF 60 SPACEBOY CAKE CASES,2011-11,2011-12,M2_gbm_poisson,326.690684,279.792195,product,18,1.645000,460.258161,787,0.856444,A,673,665.333333,1,23,Forecast,20260818T075922Z-deb02f
22418,10 COLOUR SPACEBOY PEN,2011-11,2011-12,M2_gbm_poisson,358.884782,278.797148,product,18,1.645000,458.621308,818,0.776843,A,805,740.666667,1,19,Forecast,20260818T075922Z-deb02f
22419,LIPSTICK PEN RED,2011-11,2011-12,M2_gbm_poisson,270.924959,290.087073,product,18,1.645000,477.193235,749,1.070728,B,637,377.333333,1,19,Forecast,20260818T075922Z-deb02f
22420,LIPSTICK PEN BABY PINK,2011-11,2011-12,M2_gbm_poisson,153.811409,97.112450,product,18,1.645000,159.749980,314,0.631374,C,329,176.000000,1,19,Forecast,20260818T075922Z-deb02f
22421,LIPSTICK PEN FUSCHIA,2011-11,2011-12,M2_gbm_poisson,256.197588,236.226364,product,18,1.645000,388.592370,645,0.922048,B,517,433.333333,1,19,Forecast,20260818T075922Z-deb02f
22422,TOOTHPASTE TUBE PEN,2011-11,2011-12,M2_gbm_poisson,103.795649,94.626871,product,18,1.645000,155.661203,260,0.911665,B,210,117.333333,1,19,Forecast,20260818T075922Z-deb02f
22423,REGENCY CAKESTAND 3 TIER,2011-11,2011-12,M2_gbm_poisson,522.834078,397.917905,product,18,1.645000,654.574954,1178,0.761079,A,1052,969.000000,1,21,Forecast,20260818T075922Z-deb02f
22424,ENAMEL BREAD BIN CREAM,2011-11,2011-12,M2_gbm_poisson,68.548578,33.095264,product,18,1.645000,54.441710,123,0.482800,A,73,84.333333,1,19,Forecast,20260818T075922Z-deb02f
22425,ENAMEL COLANDER CREAM,2011-11,2011-12,M2_gbm_poisson,48.052192,18.200768,product,18,1.645000,29.940264,78,0.378771,B,44,38.666667,1,19,Forecast,20260818T075922Z-deb02f
22426,ENAMEL WASH BOWL CREAM,2011-11,2011-12,M2_gbm_poisson,50.213023,27.010229,product,18,1.645000,44.431827,95,0.537913,A,47,58.666667,1,20,Forecast,20260818T075922Z-deb02f
22427,ENAMEL FLOWER JUG CREAM,2011-11,2011-12,M2_gbm_poisson,30.523260,86.889330,product,18,1.645000,142.932947,174,2.846660,A,12,115.000000,1,19,Forecast,20260818T075922Z-deb02f
22428,ENAMEL FIRE BUCKET CREAM,2011-11,2011-12,M2_gbm_poisson,33.159387,18.669270,product,18,1.645000,30.710949,64,0.563016,B,20,19.000000,1,20,Forecast,20260818T075922Z-deb02f
22429,ENAMEL MEASURING JUG CREAM,2011-11,2011-12,M2_gbm_poisson,74.162226,59.635361,product,18,1.645000,98.100169,173,0.804120,A,73,104.000000,1,21,Forecast,20260818T075922Z-deb02f
22430,ENAMEL WATERING CAN CREAM,2011-11,2011-12,M2_gbm_poisson,42.283925,35.866837,product,18,1.645000,59.000947,102,0.848238,A,40,32.333333,1,19,Forecast,20260818T075922Z-deb02f
22431,WATERING CAN BLUE ELEPHANT,2011-11,2011-12,M2_gbm_poisson,88.800682,85.219626,product,18,1.645000,140.186284,229,0.959673,A,130,67.666667,1,22,Forecast,20260818T075922Z-deb02f
22432,WATERING CAN PINK BUNNY,2011-11,2011-12,M2_gbm_poisson,43.892903,84.109825,product,18,1.645000,138.360663,183,1.916251,A,61,38.666667,1,22,Forecast,20260818T075922Z-deb02f
22433,WATERING CAN GREEN DINOSAUR,2011-11,2011-12,M2_gbm_poisson,56.424826,68.169874,product,18,1.645000,112.139443,169,1.208154,A,115,53.666667,1,22,Forecast,20260818T075922Z-deb02f
22434,BALLOON PUMP WITH 10 BALLOONS,2011-11,2011-12,M2_gbm_poisson,55.489712,63.374849,product,18,1.645000,104.251627,160,1.142101,A,61,63.666667,1,20,Forecast,20260818T075922Z-deb02f
22435,SET OF 9 HEART SHAPED BALLOONS,2011-11,2011-12,M2_gbm_poisson,110.454692,141.991493,product,18,1.645000,233.576006,345,1.285518,A,252,138.333333,1,20,Forecast,20260818T075922Z-deb02f
22436,12 COLOURED PARTY BALLOONS,2011-11,2011-12,M2_gbm_poisson,120.097665,72.302399,product,18,1.645000,118.937446,240,0.602030,B,330,215.333333,1,20,Forecast,20260818T075922Z-deb02f
22437,SET OF 9 BLACK SKULL BALLOONS,2011-11,2011-12,M2_gbm_poisson,119.374678,158.355468,product,18,1.645000,260.494745,380,1.326542,A,256,228.333333,1,20,Forecast,20260818T075922Z-deb02f
22438,BALLOON ART MAKE YOUR OWN FLOWERS,2011-11,2011-12,M2_gbm_poisson,43.252777,33.817513,product,18,1.645000,55.629809,99,0.781858,B,44,20.333333,1,20,Forecast,20260818T075922Z-deb02f
22439,6 ROCKET BALLOONS,2011-11,2011-12,M2_gbm_poisson,100.851740,107.124448,product,18,1.645000,176.219716,278,1.062197,B,182,191.666667,1,20,Forecast,20260818T075922Z-deb02f
22440,BALLOON WATER BOMB PACK OF 35,2011-11,2011-12,M2_gbm_poisson,128.741076,220.279964,product,18,1.645000,362.360540,492,1.711031,B,298,169.666667,1,20,Forecast,20260818T075922Z-deb02f
22441,GROW YOUR OWN BASIL IN ENAMEL MUG,2011-11,2011-12,M2_gbm_poisson,89.655708,66.202538,product,18,1.645000,108.903175,199,0.738409,A,165,129.333333,1,21,Forecast,20260818T075922Z-deb02f
22442,GROW YOUR OWN FLOWERS SET OF 3,2011-11,2011-12,M2_gbm_poisson,17.375971,14.799313,product,18,1.645000,24.344870,42,0.851711,A,13,8.000000,1,21,Forecast,20260818T075922Z-deb02f
22443,GROW YOUR OWN HERBS SET OF 3,2011-11,2011-12,M2_gbm_poisson,2.724830,14.429553,product,18,1.645000,23.736614,27,5.295580,A,0,0.000000,4,21,Forecast,20260818T075922Z-deb02f
22444,GROW YOUR OWN PLANT IN A CAN,2011-11,2011-12,M2_gbm_poisson,,,,,,,,,A,0,,,,Inactive (no sales in last 6 months),20260818T075922Z-deb02f
22445,PENCIL CASE LIFE IS BEAUTIFUL,2011-11,2011-12,M2_gbm_poisson,54.807740,25.008942,product,18,1.645000,41.139709,96,0.456303,A,60,42.333333,1,21,Forecast,20260818T075922Z-deb02f
22446,PIN CUSHION BABUSHKA PINK,2011-11,2011-12,M2_gbm_poisson,63.693123,25.151123,product,18,1.645000,41.373597,106,0.394880,B,82,60.333333,1,21,Forecast,20260818T075922Z-deb02f
22447,PIN CUSHION BABUSHKA BLUE,2011-11,2011-12,M2_gbm_poisson,6.461605,9.232966,product,18,1.645000,15.188228,22,1.428897,C,3,2.000000,1,21,Forecast,20260818T075922Z-deb02f
22448,PIN CUSHION BABUSHKA RED,2011-11,2011-12,M2_gbm_poisson,22.676304,20.208728,product,18,1.645000,33.243357,56,0.891183,B,14,14.333333,1,21,Forecast,20260818T075922Z-deb02f
22449,SILK PURSE BABUSHKA PINK,2011-11,2011-12,M2_gbm_poisson,47.457146,46.537702,product,18,1.645000,76.554520,125,0.980626,A,28,54.000000,1,21,Forecast,20260818T075922Z-deb02f
22450,SILK PURSE BABUSHKA BLUE,2011-11,2011-12,M2_gbm_poisson,29.993203,24.709531,product,18,1.645000,40.647178,71,0.823838,B,20,10.333333,1,21,Forecast,20260818T075922Z-deb02f
22451,SILK PURSE BABUSHKA RED,2011-11,2011-12,M2_gbm_poisson,,,,,,,,,A,0,,,,Inactive (no sales in last 6 months),20260818T075922Z-deb02f
22452,MEASURING TAPE BABUSHKA PINK,2011-11,2011-12,M2_gbm_poisson,48.859242,46.779143,product,18,1.645000,76.951691,126,0.957427,B,24,82.666667,1,21,Forecast,20260818T075922Z-deb02f
22453,MEASURING TAPE BABUSHKA BLUE,2011-11,2011-12,M2_gbm_poisson,38.013466,22.030472,product,18,1.645000,36.240127,75,0.579544,B,31,19.000000,1,21,Forecast,20260818T075922Z-deb02f
22454,MEASURING TAPE BABUSHKA RED,2011-11,2011-12,M2_gbm_poisson,26.440040,19.145110,product,18,1.645000,31.493706,58,0.724095,A,16,11.000000,1,21,Forecast,20260818T075922Z-deb02f
22456,NATURAL SLATE CHALKBOARD LARGE,2011-11,2011-12,M2_gbm_poisson,107.675718,114.246710,product,18,1.645000,187.935837,296,1.061026,A,145,169.333333,1,21,Forecast,20260818T075922Z-deb02f
22457,NATURAL SLATE HEART CHALKBOARD,2011-11,2011-12,M2_gbm_poisson,463.818835,276.161307,product,18,1.645000,454.285351,919,0.595408,A,804,738.666667,1,21,Forecast,20260818T075922Z-deb02f
22458,CAST IRON HOOK GARDEN FORK,2011-11,2011-12,M2_gbm_poisson,,,,,,,,,A,0,,,,Inactive (no sales in last 6 months),20260818T075922Z-deb02f
22459,CAST IRON HOOK GARDEN TROWEL,2011-11,2011-12,M2_gbm_poisson,,,,,,,,,A,0,,,,Inactive (no sales in last 6 months),20260818T075922Z-deb02f
22460,EMBOSSED GLASS TEALIGHT HOLDER,2011-11,2011-12,M2_gbm_poisson,164.361928,166.363436,product,18,1.645000,273.667851,439,1.012177,A,377,255.666667,1,21,Forecast,20260818T075922Z-deb02f
22461,SAVOY ART DECO CLOCK,2011-11,2011-12,M2_gbm_poisson,3.104723,6.809063,product,18,1.645000,11.200908,15,2.193131,B,0,0.000000,4,21,Forecast,20260818T075922Z-deb02f
22464,HANGING METAL HEART LANTERN,2011-11,2011-12,M2_gbm_poisson,170.758956,82.719591,product,18,1.645000,136.073728,307,0.484423,A,347,280.666667,1,21,Forecast,20260818T075922Z-deb02f
22465,HANGING METAL STAR LANTERN,2011-11,2011-12,M2_gbm_poisson,146.831263,56.803002,product,18,1.645000,93.440938,241,0.386859,A,310,269.000000,1,21,Forecast,20260818T075922Z-deb02f
22466,FAIRY TALE COTTAGE NIGHTLIGHT,2011-11,2011-12,M2_gbm_poisson,217.608011,107.507255,product,18,1.645000,176.849434,395,0.494041,A,442,298.333333,1,21,Forecast,20260818T075922Z-deb02f
22467,GUMBALL COAT RACK,2011-11,2011-12,M2_gbm_poisson,444.037527,266.120992,product,18,1.645000,437.769032,882,0.599321,A,1007,882.666667,1,21,Forecast,20260818T075922Z-deb02f
22468,BABUSHKA LIGHTS STRING OF 10,2011-11,2011-12,M2_gbm_poisson,60.277290,46.747045,product,18,1.645000,76.898889,138,0.775533,A,90,63.000000,1,21,Forecast,20260818T075922Z-deb02f
22469,HEART OF WICKER SMALL,2011-11,2011-12,M2_gbm_poisson,878.946164,671.426100,product,18,1.645000,1104.495934,1984,0.763899,A,2625,1894.333333,1,20,Forecast,20260818T075922Z-deb02f
22470,HEART OF WICKER LARGE,2011-11,2011-12,M2_gbm_poisson,723.614540,704.376069,product,18,1.645000,1158.698634,1883,0.973413,A,1716,1158.000000,1,20,Forecast,20260818T075922Z-deb02f
22471,TV DINNER TRAY AIR HOSTESS,2011-11,2011-12,M2_gbm_poisson,42.420680,17.959994,product,18,1.645000,29.544190,72,0.423378,B,23,28.666667,1,21,Forecast,20260818T075922Z-deb02f
22472,TV DINNER TRAY DOLLY GIRL,2011-11,2011-12,M2_gbm_poisson,35.973531,15.294650,product,18,1.645000,25.159699,62,0.425164,A,32,16.333333,1,21,Forecast,20260818T075922Z-deb02f
22473,TV DINNER TRAY VINTAGE PAISLEY,2011-11,2011-12,M2_gbm_poisson,38.999129,13.734881,product,18,1.645000,22.593878,62,0.352184,B,35,23.000000,1,21,Forecast,20260818T075922Z-deb02f
22474,SPACEBOY TV DINNER TRAY,2011-11,2011-12,M2_gbm_poisson,42.354908,20.790352,product,18,1.645000,34.200128,77,0.490861,A,44,24.333333,1,21,Forecast,20260818T075922Z-deb02f
22475,SKULL DESIGN TV DINNER TRAY,2011-11,2011-12,M2_gbm_poisson,58.376278,10.234017,product,18,1.645000,16.834958,76,0.175311,B,71,46.666667,1,21,Forecast,20260818T075922Z-deb02f
22476,EMPIRE UNION JACK TV DINNER TRAY,2011-11,2011-12,M2_gbm_poisson,46.590750,21.231054,product,18,1.645000,34.925084,82,0.455692,A,45,31.000000,1,21,Forecast,20260818T075922Z-deb02f
22477,WATERING CAN GARDEN MARKER,2011-11,2011-12,M2_gbm_poisson,63.036195,60.222619,product,18,1.645000,99.066208,163,0.955366,B,110,48.666667,1,21,Forecast,20260818T075922Z-deb02f
22478,BIRDHOUSE GARDEN MARKER,2011-11,2011-12,M2_gbm_poisson,55.259050,47.093455,product,18,1.645000,77.468733,133,0.852231,A,61,68.000000,1,21,Forecast,20260818T075922Z-deb02f
22479,DAISY GARDEN MARKER,2011-11,2011-12,M2_gbm_poisson,30.387975,53.938322,product,18,1.645000,88.728540,120,1.774989,B,19,15.333333,1,21,Forecast,20260818T075922Z-deb02f
22480,RED TEA TOWEL CLASSIC DESIGN,2011-11,2011-12,M2_gbm_poisson,3.637277,58.483603,product,18,1.645000,96.205527,100,16.078952,B,0,0.000000,4,21,Forecast,20260818T075922Z-deb02f
22481,BLACK TEA TOWEL CLASSIC DESIGN,2011-11,2011-12,M2_gbm_poisson,52.232068,35.544890,product,18,1.645000,58.471344,111,0.680519,C,52,51.333333,1,21,Forecast,20260818T075922Z-deb02f
22482,BLUE TEA TOWEL CLASSIC DESIGN,2011-11,2011-12,M2_gbm_poisson,2.054573,57.757278,product,18,1.645000,95.010722,98,28.111566,B,0,0.000000,5,21,Forecast,20260818T075922Z-deb02f
22483,RED GINGHAM TEDDY BEAR,2011-11,2011-12,M2_gbm_poisson,73.215403,44.351089,product,18,1.645000,72.957542,147,0.605762,A,109,76.666667,1,21,Forecast,20260818T075922Z-deb02f
22485,SET OF 2 WOODEN MARKET CRATES,2011-11,2011-12,M2_gbm_poisson,46.877942,34.549547,product,18,1.645000,56.834004,104,0.737011,A,58,43.333333,1,21,Forecast,20260818T075922Z-deb02f
22486,PLASMATRONIC LAMP,2011-11,2011-12,M2_gbm_poisson,10.525767,4.578788,product,18,1.645000,7.532106,19,0.435008,C,5,4.666667,1,21,Forecast,20260818T075922Z-deb02f
22487,WHITE WOOD GARDEN PLANT LADDER,2011-11,2011-12,M2_gbm_poisson,56.682585,38.092738,product,18,1.645000,62.662555,120,0.672036,A,65,62.000000,1,21,Forecast,20260818T075922Z-deb02f
22488,NATURAL SLATE RECTANGLE CHALKBOARD,2011-11,2011-12,M2_gbm_poisson,195.657825,87.255680,product,18,1.645000,143.535594,340,0.445961,A,323,298.333333,1,21,Forecast,20260818T075922Z-deb02f
22489,PACK OF 12 TRADITIONAL CRAYONS,2011-11,2011-12,M2_gbm_poisson,397.186734,327.563717,product,18,1.645000,538.842314,937,0.824710,A,999,979.000000,1,21,Forecast,20260818T075922Z-deb02f
22491,PACK OF 12 COLOURED PENCILS,2011-11,2011-12,M2_gbm_poisson,196.167421,227.612162,product,18,1.645000,374.422006,571,1.160295,A,477,298.333333,1,19,Forecast,20260818T075922Z-deb02f
22492,MINI PAINT SET VINTAGE,2011-11,2011-12,M2_gbm_poisson,1561.927732,843.836468,product,18,1.645000,1388.110989,2951,0.540253,A,3188,3258.666667,1,19,Forecast,20260818T075922Z-deb02f
22493,PAINT YOUR OWN CANVAS SET,2011-11,2011-12,M2_gbm_poisson,161.955834,97.634918,product,18,1.645000,160.609440,323,0.602849,A,204,164.000000,1,19,Forecast,20260818T075922Z-deb02f
22494,EMERGENCY FIRST AID TIN,2011-11,2011-12,M2_gbm_poisson,73.026635,96.887762,product,18,1.645000,159.380368,233,1.326746,B,94,76.666667,1,23,Forecast,20260818T075922Z-deb02f
22495,SET OF 2 ROUND TINS CAMEMBERT,2011-11,2011-12,M2_gbm_poisson,37.986386,21.463971,product,18,1.645000,35.308232,74,0.565044,B,25,23.000000,1,23,Forecast,20260818T075922Z-deb02f
22496,SET OF 2 ROUND TINS DUTCH CHEESE,2011-11,2011-12,M2_gbm_poisson,37.953720,12.935092,product,18,1.645000,21.278226,60,0.340812,B,25,23.000000,1,23,Forecast,20260818T075922Z-deb02f
22497,SET OF 2 TINS VINTAGE BATHROOM,2011-11,2011-12,M2_gbm_poisson,15.481281,18.169708,product,18,1.645000,29.889169,46,1.173657,A,5,10.666667,1,23,Forecast,20260818T075922Z-deb02f
22498,WOODEN REGATTA BUNTING,2011-11,2011-12,M2_gbm_poisson,27.706294,23.786167,product,18,1.645000,39.128245,67,0.858511,A,17,13.333333,1,22,Forecast,20260818T075922Z-deb02f
22499,WOODEN UNION JACK BUNTING,2011-11,2011-12,M2_gbm_poisson,45.946313,103.313054,product,18,1.645000,169.949973,216,2.248560,A,46,31.666667,1,22,Forecast,20260818T075922Z-deb02f
22500,SET OF 2 TINS JARDIN DE PROVENCE,2011-11,2011-12,M2_gbm_poisson,15.937000,10.332091,product,18,1.645000,16.996290,33,0.648308,B,11,11.333333,1,23,Forecast,20260818T075922Z-deb02f
22501,PICNIC BASKET WICKER LARGE,2011-11,2011-12,M2_gbm_poisson,29.429771,85.069438,product,18,1.645000,139.939226,170,2.890591,A,16,23.000000,1,19,Forecast,20260818T075922Z-deb02f
22502,PICNIC BASKET WICKER SMALL,2011-11,2011-12,M2_gbm_poisson,5.045424,117.976042,product,18,1.645000,194.070589,200,23.382779,A,0,2.333333,3,19,Forecast,20260818T075922Z-deb02f
22503,CABIN BAG VINTAGE PAISLEY,2011-11,2011-12,M2_gbm_poisson,9.406790,7.540726,product,18,1.645000,12.404494,22,0.801626,B,3,6.333333,1,20,Forecast,20260818T075922Z-deb02f
22504,CABIN BAG VINTAGE RETROSPOT,2011-11,2011-12,M2_gbm_poisson,20.262481,12.201057,product,18,1.645000,20.070738,41,0.602150,A,25,10.333333,1,19,Forecast,20260818T075922Z-deb02f
22505,MEMO BOARD COTTAGE DESIGN,2011-11,2011-12,M2_gbm_poisson,88.366515,85.994729,product,18,1.645000,141.461329,230,0.973160,A,152,118.666667,1,21,Forecast,20260818T075922Z-deb02f
22507,MEMO BOARD RETROSPOT  DESIGN,2011-11,2011-12,M2_gbm_poisson,142.380851,195.749902,product,18,1.645000,322.008589,465,1.374833,A,186,279.000000,1,21,Forecast,20260818T075922Z-deb02f
22508,DOORSTOP RETROSPOT HEART,2011-11,2011-12,M2_gbm_poisson,110.678589,26.033418,product,18,1.645000,42.824973,154,0.235216,A,138,346.000000,1,21,Forecast,20260818T075922Z-deb02f
22509,SEWING BOX RETROSPOT DESIGN,2011-11,2011-12,M2_gbm_poisson,15.867504,8.736443,product,18,1.645000,14.371449,31,0.550587,A,13,8.333333,1,21,Forecast,20260818T075922Z-deb02f
22510,GINGHAM BABUSHKA DOORSTOP,2011-11,2011-12,M2_gbm_poisson,24.041861,12.000757,product,18,1.645000,19.741246,44,0.499161,C,16,10.666667,1,21,Forecast,20260818T075922Z-deb02f
22511,RETROSPOT BABUSHKA DOORSTOP,2011-11,2011-12,M2_gbm_poisson,21.225522,21.178496,product,18,1.645000,34.838626,57,0.997784,C,22,7.666667,1,21,Forecast,20260818T075922Z-deb02f
22512,DOORSTOP RACING CAR DESIGN,2011-11,2011-12,M2_gbm_poisson,15.116951,7.387129,product,18,1.645000,12.151827,28,0.488665,C,12,9.000000,1,21,Forecast,20260818T075922Z-deb02f
22513,DOORSTOP FOOTBALL DESIGN,2011-11,2011-12,M2_gbm_poisson,16.824245,11.283846,product,18,1.645000,18.561927,36,0.670690,B,10,12.000000,1,21,Forecast,20260818T075922Z-deb02f
22514,CHILDS GARDEN SPADE BLUE,2011-11,2011-12,M2_gbm_poisson,32.289656,27.599933,product,18,1.645000,45.401890,78,0.854761,B,23,10.000000,1,21,Forecast,20260818T075922Z-deb02f
22515,CHILDS GARDEN SPADE PINK,2011-11,2011-12,M2_gbm_poisson,26.505204,29.550145,product,18,1.645000,48.609989,76,1.114881,B,18,9.333333,1,21,Forecast,20260818T075922Z-deb02f
22516,CHILDS GARDEN RAKE BLUE,2011-11,2011-12,M2_gbm_poisson,20.922797,22.052563,product,18,1.645000,36.276466,58,1.053997,B,15,5.000000,1,21,Forecast,20260818T075922Z-deb02f
22517,CHILDS GARDEN RAKE PINK,2011-11,2011-12,M2_gbm_poisson,18.548647,18.417450,product,18,1.645000,30.296706,49,0.992927,B,13,6.666667,1,21,Forecast,20260818T075922Z-deb02f
22518,CHILDS GARDEN BRUSH BLUE,2011-11,2011-12,M2_gbm_poisson,,,,,,,,,B,0,,,,Inactive (no sales in last 6 months),20260818T075922Z-deb02f
22519,CHILDS GARDEN BRUSH PINK,2011-11,2011-12,M2_gbm_poisson,2.069452,27.502971,product,18,1.645000,45.242388,48,13.289975,B,0,0.000000,6,21,Forecast,20260818T075922Z-deb02f
22520,CHILDS GARDEN TROWEL BLUE,2011-11,2011-12,M2_gbm_poisson,,,,,,,,,B,0,,,,Inactive (no sales in last 6 months),20260818T075922Z-deb02f
22521,CHILDS GARDEN TROWEL PINK,2011-11,2011-12,M2_gbm_poisson,,,,,,,,,B,0,,,,Inactive (no sales in last 6 months),20260818T075922Z-deb02f
22522,CHILDS GARDEN FORK BLUE,2011-11,2011-12,M2_gbm_poisson,37.937467,60.619289,product,18,1.645000,99.718730,138,1.597874,B,18,19.000000,1,21,Forecast,20260818T075922Z-deb02f
22523,CHILDS GARDEN FORK PINK,2011-11,2011-12,M2_gbm_poisson,45.846623,73.307454,product,18,1.645000,120.590761,167,1.598972,B,27,23.000000,1,21,Forecast,20260818T075922Z-deb02f
22524,CHILDRENS GARDEN GLOVES BLUE,2011-11,2011-12,M2_gbm_poisson,,,,,,,,,B,0,,,,Inactive (no sales in last 6 months),20260818T075922Z-deb02f
22525,CHILDRENS GARDEN GLOVES PINK,2011-11,2011-12,M2_gbm_poisson,,,,,,,,,B,0,,,,Inactive (no sales in last 6 months),20260818T075922Z-deb02f
22526,WHEELBARROW FOR CHILDREN,2011-11,2011-12,M2_gbm_poisson,14.263658,16.201408,product,18,1.645000,26.651316,41,1.135852,A,7,7.666667,1,21,Forecast,20260818T075922Z-deb02f
22528,GARDENERS KNEELING PAD,2011-11,2011-12,M2_gbm_poisson,,,,,,,,,A,0,,,,Inactive (no sales in last 6 months),20260818T075922Z-deb02f
22529,MAGIC DRAWING SLATE GO TO THE FAIR,2011-11,2011-12,M2_gbm_poisson,75.626767,43.475318,product,18,1.645000,71.516897,148,0.574867,C,160,148.000000,1,21,Forecast,20260818T075922Z-deb02f
22530,MAGIC DRAWING SLATE DOLLY GIRL,2011-11,2011-12,M2_gbm_poisson,277.673378,245.563631,product,18,1.645000,403.952173,682,0.884361,A,744,584.666667,1,21,Forecast,20260818T075922Z-deb02f
22531,MAGIC DRAWING SLATE CIRCUS PARADE,2011-11,2011-12,M2_gbm_poisson,193.337191,271.972295,product,18,1.645000,447.394426,641,1.406725,B,448,332.666667,1,21,Forecast,20260818T075922Z-deb02f
22532,MAGIC DRAWING SLATE LEAP FROG,2011-11,2011-12,M2_gbm_poisson,79.169390,180.747250,product,18,1.645000,297.329226,377,2.283045,C,69,150.666667,1,21,Forecast,20260818T075922Z-deb02f
22533,MAGIC DRAWING SLATE BAKE A CAKE,2011-11,2011-12,M2_gbm_poisson,77.792929,261.865263,product,18,1.645000,430.768357,509,3.366183,B,72,122.000000,1,21,Forecast,20260818T075922Z-deb02f
22534,MAGIC DRAWING SLATE SPACEBOY,2011-11,2011-12,M2_gbm_poisson,253.199293,320.692533,product,18,1.645000,527.539216,781,1.266562,A,507,559.333333,1,21,Forecast,20260818T075922Z-deb02f
22535,MAGIC DRAWING SLATE BUNNIES,2011-11,2011-12,M2_gbm_poisson,96.267866,107.067367,product,18,1.645000,176.125819,273,1.112182,B,181,247.000000,1,21,Forecast,20260818T075922Z-deb02f
22536,MAGIC DRAWING SLATE PURDEY,2011-11,2011-12,M2_gbm_poisson,122.189349,247.904953,product,18,1.645000,407.803648,530,2.028859,B,116,286.666667,1,21,Forecast,20260818T075922Z-deb02f
22537,MAGIC DRAWING SLATE DINOSAUR,2011-11,2011-12,M2_gbm_poisson,137.290723,118.041795,product,18,1.645000,194.178753,332,0.859794,B,338,266.000000,1,21,Forecast,20260818T075922Z-deb02f
22538,MINI JIGSAW GO TO THE FAIR,2011-11,2011-12,M2_gbm_poisson,22.696091,46.186252,product,18,1.645000,75.976384,99,2.034987,C,12,13.333333,1,21,Forecast,20260818T075922Z-deb02f
22539,MINI JIGSAW DOLLY GIRL,2011-11,2011-12,M2_gbm_poisson,112.984142,179.929893,product,18,1.645000,295.984674,409,1.592523,B,359,370.000000,1,21,Forecast,20260818T075922Z-deb02f
22540,MINI JIGSAW CIRCUS PARADE,2011-11,2011-12,M2_gbm_poisson,64.653597,199.493467,product,18,1.645000,328.166753,393,3.085574,B,128,82.333333,1,21,Forecast,20260818T075922Z-deb02f
22541,MINI JIGSAW LEAP FROG,2011-11,2011-12,M2_gbm_poisson,52.208779,54.032171,product,18,1.645000,88.882921,142,1.034925,C,31,30.666667,1,21,Forecast,20260818T075922Z-deb02f
22543,MINI JIGSAW BAKE A CAKE,2011-11,2011-12,M2_gbm_poisson,65.085802,82.047381,product,18,1.645000,134.967941,201,1.260603,B,10,109.666667,1,21,Forecast,20260818T075922Z-deb02f
22544,MINI JIGSAW SPACEBOY,2011-11,2011-12,M2_gbm_poisson,206.724714,237.957152,product,18,1.645000,391.439515,599,1.151082,B,484,420.000000,1,21,Forecast,20260818T075922Z-deb02f
22545,MINI JIGSAW BUNNIES,2011-11,2011-12,M2_gbm_poisson,66.000899,72.623530,product,18,1.645000,119.465707,186,1.100342,B,48,123.666667,1,21,Forecast,20260818T075922Z-deb02f
22546,MINI JIGSAW PURDEY,2011-11,2011-12,M2_gbm_poisson,111.181745,199.705998,product,18,1.645000,328.516366,440,1.796212,B,323,246.666667,1,21,Forecast,20260818T075922Z-deb02f
22547,MINI JIGSAW DINOSAUR,2011-11,2011-12,M2_gbm_poisson,48.812925,47.217845,product,18,1.645000,77.673355,127,0.967323,C,56,32.666667,1,21,Forecast,20260818T075922Z-deb02f
22548,HEADS AND TAILS SPORTING FUN,2011-11,2011-12,M2_gbm_poisson,123.112584,157.033730,product,18,1.645000,258.320486,382,1.275529,B,75,264.333333,1,21,Forecast,20260818T075922Z-deb02f
22549,PICTURE DOMINOES,2011-11,2011-12,M2_gbm_poisson,319.050479,202.325900,product,18,1.645000,332.826106,652,0.634150,A,757,459.000000,1,21,Forecast,20260818T075922Z-deb02f
22550,HOLIDAY FUN LUDO,2011-11,2011-12,M2_gbm_poisson,74.447544,73.846453,product,18,1.645000,121.477415,196,0.991926,A,80,110.666667,1,21,Forecast,20260818T075922Z-deb02f
22551,PLASTERS IN TIN SPACEBOY,2011-11,2011-12,M2_gbm_poisson,535.467524,336.836787,product,18,1.645000,554.096514,1090,0.629052,A,1249,874.666667,1,21,Forecast,20260818T075922Z-deb02f
22553,PLASTERS IN TIN SKULLS,2011-11,2011-12,M2_gbm_poisson,273.805540,144.779745,product,18,1.645000,238.162680,512,0.528768,A,622,586.333333,1,21,Forecast,20260818T075922Z-deb02f
22554,PLASTERS IN TIN WOODLAND ANIMALS,2011-11,2011-12,M2_gbm_poisson,551.749147,326.825752,product,18,1.645000,537.628363,1090,0.592345,A,1173,948.666667,1,21,Forecast,20260818T075922Z-deb02f
22555,PLASTERS IN TIN STRONGMAN,2011-11,2011-12,M2_gbm_poisson,289.366418,240.544437,product,18,1.645000,395.695599,686,0.831280,A,643,638.666667,1,21,Forecast,20260818T075922Z-deb02f
22556,PLASTERS IN TIN CIRCUS PARADE,2011-11,2011-12,M2_gbm_poisson,329.515755,296.300946,product,18,1.645000,487.415056,817,0.899201,A,735,645.333333,1,21,Forecast,20260818T075922Z-deb02f
22557,PLASTERS IN TIN VINTAGE PAISLEY,2011-11,2011-12,M2_gbm_poisson,266.953477,200.108449,product,18,1.645000,329.178399,597,0.749600,A,599,502.333333,1,21,Forecast,20260818T075922Z-deb02f
22558,CLOTHES PEGS RETROSPOT PACK 24,2011-11,2011-12,M2_gbm_poisson,312.719731,316.590623,product,18,1.645000,520.791575,834,1.012378,A,634,724.666667,1,20,Forecast,20260818T075922Z-deb02f
22559,SEASIDE FLYING DISC,2011-11,2011-12,M2_gbm_poisson,35.635302,28.803211,product,18,1.645000,47.381283,84,0.808277,B,28,15.666667,1,21,Forecast,20260818T075922Z-deb02f
22560,TRADITIONAL MODELLING CLAY,2011-11,2011-12,M2_gbm_poisson,595.294000,333.641487,product,18,1.645000,548.840246,1145,0.560465,A,1307,972.666667,1,21,Forecast,20260818T075922Z-deb02f
22561,WOODEN SCHOOL COLOURING SET,2011-11,2011-12,M2_gbm_poisson,400.508930,111.483662,product,18,1.645000,183.390624,584,0.278355,A,847,703.666667,1,21,Forecast,20260818T075922Z-deb02f
22562,MONSTERS STENCIL CRAFT,2011-11,2011-12,M2_gbm_poisson,108.392812,94.562452,product,18,1.645000,155.555233,264,0.872405,A,223,206.333333,1,21,Forecast,20260818T075922Z-deb02f
22563,HAPPY STENCIL CRAFT,2011-11,2011-12,M2_gbm_poisson,178.944005,204.141863,product,18,1.645000,335.813364,515,1.140814,A,306,281.666667,1,21,Forecast,20260818T075922Z-deb02f
22564,ALPHABET STENCIL CRAFT,2011-11,2011-12,M2_gbm_poisson,269.762536,236.545198,product,18,1.645000,389.116850,659,0.876865,B,556,256.000000,1,21,Forecast,20260818T075922Z-deb02f
22565,FELTCRAFT HAIRBANDS PINK AND WHITE,2011-11,2011-12,M2_gbm_poisson,92.091193,51.503893,product,18,1.645000,84.723904,177,0.559271,B,179,104.000000,1,21,Forecast,20260818T075922Z-deb02f
22566,FELTCRAFT HAIRBAND PINK AND PURPLE,2011-11,2011-12,M2_gbm_poisson,98.663200,57.434812,product,18,1.645000,94.480266,194,0.582130,B,243,122.333333,1,21,Forecast,20260818T075922Z-deb02f
22567,20 DOLLY PEGS RETROSPOT,2011-11,2011-12,M2_gbm_poisson,82.843620,152.055901,product,18,1.645000,250.131957,333,1.835457,A,120,149.333333,1,21,Forecast,20260818T075922Z-deb02f
22568,FELTCRAFT CUSHION OWL,2011-11,2011-12,M2_gbm_poisson,269.504603,173.781995,product,18,1.645000,285.871382,556,0.644820,A,468,519.333333,1,21,Forecast,20260818T075922Z-deb02f
22569,FELTCRAFT CUSHION BUTTERFLY,2011-11,2011-12,M2_gbm_poisson,42.273860,130.046481,product,18,1.645000,213.926462,257,3.076286,A,0,264.333333,2,21,Forecast,20260818T075922Z-deb02f
22570,FELTCRAFT CUSHION RABBIT,2011-11,2011-12,M2_gbm_poisson,67.174057,155.594496,product,18,1.645000,255.952946,324,2.316288,A,41,320.333333,1,21,Forecast,20260818T075922Z-deb02f
22571,ROCKING HORSE RED CHRISTMAS,2011-11,2011-12,M2_gbm_poisson,312.673792,195.933003,product,16,1.645000,322.309790,635,0.626637,A,757,510.666667,1,17,Forecast,20260818T075922Z-deb02f
22572,ROCKING HORSE GREEN CHRISTMAS,2011-11,2011-12,M2_gbm_poisson,230.127239,107.026077,product,16,1.645000,176.057897,407,0.465073,B,486,344.000000,1,17,Forecast,20260818T075922Z-deb02f
22573,STAR WOODEN CHRISTMAS DECORATION,2011-11,2011-12,M2_gbm_poisson,301.365465,258.392717,product,16,1.645000,425.056020,727,0.857407,B,731,672.666667,1,17,Forecast,20260818T075922Z-deb02f
22574,HEART WOODEN CHRISTMAS DECORATION,2011-11,2011-12,M2_gbm_poisson,372.862743,215.253505,product,16,1.645000,354.092016,727,0.577300,B,918,490.333333,1,17,Forecast,20260818T075922Z-deb02f
22575,METAL MERRY CHRISTMAS WREATH,2011-11,2011-12,M2_gbm_poisson,80.186338,160.022355,product,16,1.645000,263.236775,344,1.995631,A,146,158.333333,1,17,Forecast,20260818T075922Z-deb02f
22576,SWALLOW WOODEN CHRISTMAS DECORATION,2011-11,2011-12,M2_gbm_poisson,245.716152,144.762769,product,16,1.645000,238.134755,484,0.589146,B,542,317.333333,1,17,Forecast,20260818T075922Z-deb02f
22577,WOODEN HEART CHRISTMAS SCANDINAVIAN,2011-11,2011-12,M2_gbm_poisson,2008.824321,278.390100,product,16,1.645000,457.951715,2467,0.138584,A,5001,3109.666667,1,17,Forecast,20260818T075922Z-deb02f
22578,WOODEN STAR CHRISTMAS SCANDINAVIAN,2011-11,2011-12,M2_gbm_poisson,1927.844226,283.688912,product,16,1.645000,466.668261,2395,0.147153,B,5365,2982.666667,1,17,Forecast,20260818T075922Z-deb02f
22579,WOODEN TREE CHRISTMAS SCANDINAVIAN,2011-11,2011-12,M2_gbm_poisson,822.852069,161.604067,product,16,1.645000,265.838690,1089,0.196395,B,2503,1643.333333,1,17,Forecast,20260818T075922Z-deb02f
22580,ADVENT CALENDAR GINGHAM SACK,2011-11,2011-12,M2_gbm_poisson,271.061557,42.861595,product,16,1.645000,70.507324,342,0.158125,A,559,372.333333,1,17,Forecast,20260818T075922Z-deb02f
22581,WOOD STOCKING CHRISTMAS SCANDISPOT,2011-11,2011-12,M2_gbm_poisson,246.336202,169.053465,product,16,1.645000,278.092950,525,0.686271,B,521,342.000000,1,17,Forecast,20260818T075922Z-deb02f
22582,PACK OF 6 SWEETIE GIFT BOXES,2011-11,2011-12,M2_gbm_poisson,59.203573,61.316185,product,18,1.645000,100.865124,161,1.035684,A,37,119.000000,1,21,Forecast,20260818T075922Z-deb02f
22583,PACK OF 6 HANDBAG GIFT BOXES,2011-11,2011-12,M2_gbm_poisson,42.091084,16.832180,product,18,1.645000,27.688936,70,0.399899,A,29,30.333333,1,21,Forecast,20260818T075922Z-deb02f
22584,PACK OF 6 PANNETONE GIFT BOXES,2011-11,2011-12,M2_gbm_poisson,143.737983,142.074815,product,18,1.645000,233.713071,378,0.988429,A,270,271.333333,1,21,Forecast,20260818T075922Z-deb02f
22585,PACK OF 6 BIRDY GIFT TAGS,2011-11,2011-12,M2_gbm_poisson,384.629047,522.944822,product,18,1.645000,860.244232,1245,1.359608,A,790,792.000000,1,21,Forecast,20260818T075922Z-deb02f
22586,FELTCRAFT HAIRBAND PINK AND BLUE,2011-11,2011-12,M2_gbm_poisson,76.741657,67.778912,product,18,1.645000,111.496311,189,0.883209,B,101,92.666667,1,21,Forecast,20260818T075922Z-deb02f
22587,FELTCRAFT HAIRBAND RED AND BLUE,2011-11,2011-12,M2_gbm_poisson,103.471716,39.030853,product,18,1.645000,64.205754,168,0.377213,B,248,152.333333,1,21,Forecast,20260818T075922Z-deb02f
22588,CARD HOLDER GINGHAM HEART,2011-11,2011-12,M2_gbm_poisson,80.848246,74.999693,product,16,1.645000,123.374495,205,0.927660,A,131,124.000000,1,17,Forecast,20260818T075922Z-deb02f
22589,CARDHOLDER GINGHAM STAR,2011-11,2011-12,M2_gbm_poisson,70.266049,58.860999,product,16,1.645000,96.826344,168,0.837688,B,126,90.666667,1,17,Forecast,20260818T075922Z-deb02f
22591,CARDHOLDER GINGHAM CHRISTMAS TREE,2011-11,2011-12,M2_gbm_poisson,92.333476,33.172211,product,16,1.645000,54.568288,147,0.359265,B,175,121.666667,1,17,Forecast,20260818T075922Z-deb02f
22592,CARDHOLDER HOLLY WREATH METAL,2011-11,2011-12,M2_gbm_poisson,126.770183,76.052117,product,16,1.645000,125.105732,252,0.599921,A,271,174.333333,1,17,Forecast,20260818T075922Z-deb02f
22593,CHRISTMAS GINGHAM STAR,2011-11,2011-12,M2_gbm_poisson,282.854179,237.942845,product,16,1.645000,391.415979,675,0.841221,B,694,513.666667,1,17,Forecast,20260818T075922Z-deb02f
22594,CHRISTMAS GINGHAM TREE,2011-11,2011-12,M2_gbm_poisson,371.421369,125.804615,product,16,1.645000,206.948591,579,0.338711,B,773,453.333333,1,17,Forecast,20260818T075922Z-deb02f
22595,GINGHAM HEART DECORATION,2011-11,2011-12,M2_gbm_poisson,581.903492,563.426770,product,16,1.645000,926.837037,1509,0.968248,A,953,1429.333333,1,17,Forecast,20260818T075922Z-deb02f
22596,CHRISTMAS STAR WISH LIST CHALKBOARD,2011-11,2011-12,M2_gbm_poisson,354.791735,247.965295,product,15,1.645000,407.902910,763,0.698904,B,890,787.333333,1,17,Forecast,20260818T075922Z-deb02f
22597,MUSICAL ZINC HEART DECORATION,2011-11,2011-12,M2_gbm_poisson,635.094368,135.526468,product,16,1.645000,222.941039,859,0.213396,B,1275,748.666667,1,17,Forecast,20260818T075922Z-deb02f
22598,CHRISTMAS MUSICAL ZINC TREE,2011-11,2011-12,M2_gbm_poisson,168.364200,36.402352,product,16,1.645000,59.881869,229,0.216212,C,392,288.333333,1,17,Forecast,20260818T075922Z-deb02f
22599,CHRISTMAS MUSICAL ZINC STAR,2011-11,2011-12,M2_gbm_poisson,334.477200,60.015574,product,16,1.645000,98.725619,434,0.179431,B,836,562.333333,1,17,Forecast,20260818T075922Z-deb02f
22600,CHRISTMAS RETROSPOT STAR WOOD,2011-11,2011-12,M2_gbm_poisson,222.336996,216.054035,product,16,1.645000,355.408887,578,0.971741,B,455,379.666667,1,17,Forecast,20260818T075922Z-deb02f
22601,CHRISTMAS RETROSPOT ANGEL WOOD,2011-11,2011-12,M2_gbm_poisson,244.581805,266.054053,product,16,1.645000,437.658917,683,1.087792,B,455,621.000000,1,17,Forecast,20260818T075922Z-deb02f
22602,CHRISTMAS RETROSPOT HEART WOOD,2011-11,2011-12,M2_gbm_poisson,192.556136,175.788101,product,16,1.645000,289.171427,482,0.912919,A,399,370.666667,1,17,Forecast,20260818T075922Z-deb02f
22603,CHRISTMAS RETROSPOT TREE WOOD,2011-11,2011-12,M2_gbm_poisson,195.017112,119.679772,product,16,1.645000,196.873224,392,0.613689,B,426,320.333333,1,17,Forecast,20260818T075922Z-deb02f
22604,SET OF 4 NAPKIN CHARMS CUTLERY,2011-11,2011-12,M2_gbm_poisson,60.625376,67.330426,product,16,1.645000,110.758550,172,1.110598,A,91,60.666667,1,17,Forecast,20260818T075922Z-deb02f
22605,WOODEN CROQUET GARDEN SET,2011-11,2011-12,M2_gbm_poisson,48.085311,49.172579,product,18,1.645000,80.888892,129,1.022611,A,54,36.333333,1,20,Forecast,20260818T075922Z-deb02f
22606,WOODEN SKITTLES GARDEN SET,2011-11,2011-12,M2_gbm_poisson,10.139803,24.128203,product,18,1.645000,39.690894,50,2.379553,A,1,6.333333,1,20,Forecast,20260818T075922Z-deb02f
22607,WOODEN ROUNDERS GARDEN SET,2011-11,2011-12,M2_gbm_poisson,55.542139,91.732836,product,18,1.645000,150.900515,207,1.651590,A,67,37.333333,1,20,Forecast,20260818T075922Z-deb02f
22608,PENS ASSORTED FUNKY JEWELED,2011-11,2011-12,M2_gbm_poisson,255.770792,111.797084,product,18,1.645000,183.906203,440,0.437099,C,681,541.000000,1,22,Forecast,20260818T075922Z-deb02f
22609,PENS ASSORTED SPACEBALL,2011-11,2011-12,M2_gbm_poisson,465.750211,253.291239,product,18,1.645000,416.664088,883,0.543835,B,1228,752.333333,1,22,Forecast,20260818T075922Z-deb02f
22610,PENS ASSORTED FUNNY FACE,2011-11,2011-12,M2_gbm_poisson,920.887890,571.683518,product,18,1.645000,940.419387,1862,0.620796,A,1658,1345.000000,1,22,Forecast,20260818T075922Z-deb02f
22611,VINTAGE UNION JACK SHOPPING BAG,2011-11,2011-12,M2_gbm_poisson,20.910490,32.269975,product,18,1.645000,53.084109,74,1.543243,A,5,19.333333,1,21,Forecast,20260818T075922Z-deb02f
22612,TEA COSY VINTAGE UNION JACK,2011-11,2011-12,M2_gbm_poisson,,,,,,,,,A,0,,,,Inactive (no sales in last 6 months),20260818T075922Z-deb02f
22613,PACK OF 20 SPACEBOY NAPKINS,2011-11,2011-12,M2_gbm_poisson,60.281515,137.412631,product,18,1.645000,226.043778,287,2.279515,B,54,85.000000,1,19,Forecast,20260818T075922Z-deb02f
22614,PACK OF 12 SPACEBOY TISSUES,2011-11,2011-12,M2_gbm_poisson,185.313725,93.177926,product,18,1.645000,153.277688,339,0.502812,B,298,396.666667,1,19,Forecast,20260818T075922Z-deb02f
22615,PACK OF 12 CIRCUS PARADE TISSUES,2011-11,2011-12,M2_gbm_poisson,84.119459,121.984622,product,18,1.645000,200.664702,285,1.450136,C,80,195.666667,1,19,Forecast,20260818T075922Z-deb02f
22616,PACK OF 12 LONDON TISSUES,2011-11,2011-12,M2_gbm_poisson,1015.434985,1151.262547,product,18,1.645000,1893.826891,2910,1.133763,A,2979,2044.000000,1,19,Forecast,20260818T075922Z-deb02f
22617,BAKING SET SPACEBOY DESIGN,2011-11,2011-12,M2_gbm_poisson,349.356857,129.732318,product,18,1.645000,213.409664,563,0.371346,A,679,337.000000,1,21,Forecast,20260818T075922Z-deb02f
22618,COOKING SET RETROSPOT,2011-11,2011-12,M2_gbm_poisson,,,,,,,,,A,0,,,,Inactive (no sales in last 6 months),20260818T075922Z-deb02f
22619,SET OF 6 SOLDIER SKITTLES,2011-11,2011-12,M2_gbm_poisson,209.227098,87.414986,product,18,1.645000,143.797651,354,0.417800,A,419,297.000000,1,19,Forecast,20260818T075922Z-deb02f
22620,4 TRADITIONAL SPINNING TOPS,2011-11,2011-12,M2_gbm_poisson,282.568077,165.810871,product,18,1.645000,272.758882,556,0.586800,A,674,468.333333,1,19,Forecast,20260818T075922Z-deb02f
22621,TRADITIONAL KNITTING NANCY,2011-11,2011-12,M2_gbm_poisson,685.795503,154.689962,product,18,1.645000,254.464988,941,0.225563,A,1425,907.666667,1,19,Forecast,20260818T075922Z-deb02f
22622,BOX OF VINTAGE ALPHABET BLOCKS,2011-11,2011-12,M2_gbm_poisson,92.583152,60.926483,product,18,1.645000,100.224065,193,0.658073,A,194,152.666667,1,19,Forecast,20260818T075922Z-deb02f
22623,BOX OF VINTAGE JIGSAW BLOCKS,2011-11,2011-12,M2_gbm_poisson,82.127500,51.628950,product,18,1.645000,84.929623,168,0.628644,A,126,137.333333,1,19,Forecast,20260818T075922Z-deb02f
22624,IVORY KITCHEN SCALES,2011-11,2011-12,M2_gbm_poisson,135.578886,99.264592,product,18,1.645000,163.290254,299,0.732154,A,154,197.000000,1,19,Forecast,20260818T075922Z-deb02f
22625,RED KITCHEN SCALES,2011-11,2011-12,M2_gbm_poisson,102.275387,90.223326,product,18,1.645000,148.417372,251,0.882161,A,147,162.333333,1,19,Forecast,20260818T075922Z-deb02f
22626,BLACK KITCHEN SCALES,2011-11,2011-12,M2_gbm_poisson,43.542159,15.638761,product,18,1.645000,25.725762,70,0.359164,A,26,36.000000,1,20,Forecast,20260818T075922Z-deb02f
22627,MINT KITCHEN SCALES,2011-11,2011-12,M2_gbm_poisson,75.766572,42.876495,product,18,1.645000,70.531835,147,0.565903,A,104,109.000000,1,19,Forecast,20260818T075922Z-deb02f
22628,PICNIC BOXES SET OF 3 RETROSPOT,2011-11,2011-12,M2_gbm_poisson,44.391041,45.052508,product,16,1.645000,74.111375,119,1.014901,A,51,46.333333,1,17,Forecast,20260818T075922Z-deb02f
22629,SPACEBOY LUNCH BOX,2011-11,2011-12,M2_gbm_poisson,664.364338,666.827594,product,16,1.645000,1096.931391,1762,1.003708,A,1460,1140.000000,1,17,Forecast,20260818T075922Z-deb02f
22630,DOLLY GIRL LUNCH BOX,2011-11,2011-12,M2_gbm_poisson,509.025324,584.225795,product,16,1.645000,961.051432,1471,1.147734,A,884,929.000000,1,17,Forecast,20260818T075922Z-deb02f
22631,CIRCUS PARADE LUNCH BOX,2011-11,2011-12,M2_gbm_poisson,227.409453,244.656947,product,18,1.645000,402.460678,630,1.075843,A,410,385.666667,1,21,Forecast,20260818T075922Z-deb02f
22632,HAND WARMER RED RETROSPOT,2011-11,2011-12,M2_gbm_poisson,629.957974,538.212785,product,14,1.645000,885.360031,1516,0.854363,A,1352,1035.000000,1,15,Forecast,20260818T075922Z-deb02f
22633,HAND WARMER UNION JACK,2011-11,2011-12,M2_gbm_poisson,681.802805,317.156458,product,13,1.645000,521.722373,1204,0.465173,A,1129,1086.666667,1,14,Forecast,20260818T075922Z-deb02f
22634,CHILDS BREAKFAST SET SPACEBOY,2011-11,2011-12,M2_gbm_poisson,69.326003,27.659905,product,18,1.645000,45.500543,115,0.398983,A,107,69.000000,1,19,Forecast,20260818T075922Z-deb02f
22635,CHILDS BREAKFAST SET DOLLY GIRL,2011-11,2011-12,M2_gbm_poisson,56.655901,29.546068,product,18,1.645000,48.603282,106,0.521500,A,86,55.333333,1,19,Forecast,20260818T075922Z-deb02f
22636,CHILDS BREAKFAST SET CIRCUS PARADE,2011-11,2011-12,M2_gbm_poisson,60.463707,16.466423,product,18,1.645000,27.087265,88,0.272336,A,89,52.333333,1,19,Forecast,20260818T075922Z-deb02f
22637,PIGGY BANK RETROSPOT,2011-11,2011-12,M2_gbm_poisson,141.999223,110.204475,product,18,1.645000,181.286361,324,0.776092,A,124,470.666667,1,19,Forecast,20260818T075922Z-deb02f
22638,SET OF 4 NAPKIN CHARMS CROWNS,2011-11,2011-12,M2_gbm_poisson,33.074493,14.159349,product,16,1.645000,23.292129,57,0.428105,C,20,16.666667,1,17,Forecast,20260818T075922Z-deb02f
22639,SET OF 4 NAPKIN CHARMS HEARTS,2011-11,2011-12,M2_gbm_poisson,67.225135,52.034812,product,16,1.645000,85.597266,153,0.774038,B,85,81.666667,1,17,Forecast,20260818T075922Z-deb02f
22640,SET OF 4 NAPKIN CHARMS 3 KEYS,2011-11,2011-12,M2_gbm_poisson,27.310311,14.375734,product,17,1.645000,23.648083,51,0.526385,C,17,13.666667,1,18,Forecast,20260818T075922Z-deb02f
22641,SET OF 4 NAPKIN CHARMS INSTRUMENT,2011-11,2011-12,M2_gbm_poisson,20.666345,20.290715,product,16,1.645000,33.378227,55,0.981824,C,11,13.333333,1,17,Forecast,20260818T075922Z-deb02f
22642,SET OF 4 NAPKIN CHARMS STARS,2011-11,2011-12,M2_gbm_poisson,47.219113,23.898104,product,16,1.645000,39.312380,87,0.506111,B,37,40.666667,1,17,Forecast,20260818T075922Z-deb02f
22643,SET OF 4 NAPKIN CHARMS LEAVES,2011-11,2011-12,M2_gbm_poisson,34.001489,16.790816,product,16,1.645000,27.620892,62,0.493826,C,32,14.333333,1,17,Forecast,20260818T075922Z-deb02f
22644,CERAMIC CHERRY CAKE MONEY BANK,2011-11,2011-12,M2_gbm_poisson,96.441370,115.773862,product,18,1.645000,190.448003,287,1.200458,A,214,145.333333,1,19,Forecast,20260818T075922Z-deb02f
22645,CERAMIC HEART FAIRY CAKE MONEY BANK,2011-11,2011-12,M2_gbm_poisson,118.220542,125.356943,product,18,1.645000,206.212172,325,1.060365,A,257,193.333333,1,19,Forecast,20260818T075922Z-deb02f
22646,CERAMIC STRAWBERRY CAKE MONEY BANK,2011-11,2011-12,M2_gbm_poisson,254.509372,126.282086,product,18,1.645000,207.734031,463,0.496179,A,581,409.666667,1,19,Forecast,20260818T075922Z-deb02f
22647,CERAMIC LOVE HEART MONEY BANK,2011-11,2011-12,M2_gbm_poisson,24.475325,23.065772,product,18,1.645000,37.943195,63,0.942409,C,15,12.666667,1,19,Forecast,20260818T075922Z-deb02f
22649,STRAWBERRY FAIRY CAKE TEAPOT,2011-11,2011-12,M2_gbm_poisson,52.676059,41.409537,product,18,1.645000,68.118688,121,0.786117,A,55,45.333333,1,19,Forecast,20260818T075922Z-deb02f
22650,CERAMIC PIRATE CHEST MONEY BANK,2011-11,2011-12,M2_gbm_poisson,85.566996,27.403341,product,18,1.645000,45.078495,131,0.320256,B,153,102.000000,1,19,Forecast,20260818T075922Z-deb02f
22651,GENTLEMAN SHIRT REPAIR KIT,2011-11,2011-12,M2_gbm_poisson,91.492027,180.625825,product,16,1.645000,297.129482,389,1.974225,B,136,175.333333,1,17,Forecast,20260818T075922Z-deb02f
22652,TRAVEL SEWING KIT,2011-11,2011-12,M2_gbm_poisson,79.005433,484.837850,product,16,1.645000,797.558264,877,6.136766,A,40,419.666667,1,17,Forecast,20260818T075922Z-deb02f
22653,BUTTON BOX,2011-11,2011-12,M2_gbm_poisson,164.092999,126.899589,product,16,1.645000,208.749824,373,0.773339,A,325,257.333333,1,17,Forecast,20260818T075922Z-deb02f
22654,DELUXE SEWING KIT,2011-11,2011-12,M2_gbm_poisson,91.569663,83.818272,product,16,1.645000,137.881058,230,0.915350,A,177,120.333333,1,17,Forecast,20260818T075922Z-deb02f
22655,VINTAGE RED KITCHEN CABINET,2011-11,2011-12,M2_gbm_poisson,5.876718,3.786264,product,16,1.645000,6.228404,13,0.644282,A,1,2.333333,1,17,Forecast,20260818T075922Z-deb02f
22656,VINTAGE BLUE KITCHEN CABINET,2011-11,2011-12,M2_gbm_poisson,2.583201,5.003775,product,16,1.645000,8.231210,11,1.937044,A,0,0.333333,2,17,Forecast,20260818T075922Z-deb02f
22657,HEN & 2 CHICKS IN BASKET,2011-11,2011-12,M2_gbm_poisson,,,,,,,,,C,0,,,,Inactive (no sales in last 6 months),20260818T075922Z-deb02f
22659,LUNCH BOX I LOVE LONDON,2011-11,2011-12,M2_gbm_poisson,396.517582,526.587422,product,18,1.645000,866.236309,1263,1.328030,A,965,899.333333,1,21,Forecast,20260818T075922Z-deb02f
22660,DOORMAT I LOVE LONDON,2011-11,2011-12,M2_gbm_poisson,52.010326,23.557624,product,17,1.645000,38.752292,91,0.452941,A,66,69.000000,1,18,Forecast,20260818T075922Z-deb02f
22661,CHARLOTTE BAG DOLLY GIRL DESIGN,2011-11,2011-12,M2_gbm_poisson,291.214651,283.285200,product,16,1.645000,466.004155,758,0.972771,A,424,416.333333,1,17,Forecast,20260818T075922Z-deb02f
22662,LUNCH BAG DOLLY GIRL DESIGN,2011-11,2011-12,M2_gbm_poisson,343.697248,431.896577,product,16,1.645000,710.469869,1055,1.256619,A,551,507.000000,1,17,Forecast,20260818T075922Z-deb02f
22663,JUMBO BAG DOLLY GIRL DESIGN,2011-11,2011-12,M2_gbm_poisson,200.380758,271.375697,product,16,1.645000,446.413022,647,1.354300,A,290,283.666667,1,17,Forecast,20260818T075922Z-deb02f
22664,TOY TIDY DOLLY GIRL DESIGN,2011-11,2011-12,M2_gbm_poisson,54.885939,47.292716,product,16,1.645000,77.796518,133,0.861654,B,65,46.333333,1,17,Forecast,20260818T075922Z-deb02f
22665,RECIPE BOX BLUE SKETCHBOOK DESIGN,2011-11,2011-12,M2_gbm_poisson,62.640566,88.190978,product,16,1.645000,145.074159,208,1.407889,A,57,105.666667,1,17,Forecast,20260818T075922Z-deb02f
22666,RECIPE BOX PANTRY YELLOW DESIGN,2011-11,2011-12,M2_gbm_poisson,742.113472,346.165602,product,16,1.645000,569.442416,1312,0.466459,A,1219,1011.333333,1,17,Forecast,20260818T075922Z-deb02f
22667,RECIPE BOX RETROSPOT,2011-11,2011-12,M2_gbm_poisson,206.336916,131.473929,product,16,1.645000,216.274613,423,0.637181,A,328,296.333333,1,17,Forecast,20260818T075922Z-deb02f
22668,PINK BABY BUNTING,2011-11,2011-12,M2_gbm_poisson,87.285704,129.968941,product,16,1.645000,213.798909,302,1.489006,A,76,166.666667,1,17,Forecast,20260818T075922Z-deb02f
22669,RED BABY BUNTING,2011-11,2011-12,M2_gbm_poisson,69.980047,46.677066,product,16,1.645000,76.783774,147,0.667005,A,86,111.000000,1,17,Forecast,20260818T075922Z-deb02f
22670,FRENCH WC SIGN BLUE METAL,2011-11,2011-12,M2_gbm_poisson,102.498883,69.173520,product,15,1.645000,113.790440,217,0.674871,A,154,149.333333,1,16,Forecast,20260818T075922Z-deb02f
22671,FRENCH LAUNDRY SIGN BLUE METAL,2011-11,2011-12,M2_gbm_poisson,52.149536,56.122192,product,15,1.645000,92.321006,145,1.076178,B,39,43.000000,1,16,Forecast,20260818T075922Z-deb02f
22672,FRENCH BATHROOM SIGN BLUE METAL,2011-11,2011-12,M2_gbm_poisson,66.875941,116.984998,product,15,1.645000,192.440321,260,1.749284,A,80,70.000000,1,16,Forecast,20260818T075922Z-deb02f
22673,FRENCH GARDEN SIGN BLUE METAL,2011-11,2011-12,M2_gbm_poisson,41.995043,17.720183,product,15,1.645000,29.149702,72,0.421959,B,33,45.666667,1,16,Forecast,20260818T075922Z-deb02f
22674,FRENCH TOILET SIGN BLUE METAL,2011-11,2011-12,M2_gbm_poisson,59.807199,130.512388,product,15,1.645000,214.692879,275,2.182219,B,66,52.333333,1,16,Forecast,20260818T075922Z-deb02f
22675,FRENCH KITCHEN SIGN BLUE METAL,2011-11,2011-12,M2_gbm_poisson,55.514381,96.296056,product,15,1.645000,158.407012,214,1.734615,B,43,42.666667,1,16,Forecast,20260818T075922Z-deb02f
22676,FRENCH BLUE METAL DOOR SIGN 1,2011-11,2011-12,M2_gbm_poisson,72.332685,54.165160,product,15,1.645000,89.101688,162,0.748834,B,141,116.333333,1,16,Forecast,20260818T075922Z-deb02f
22677,FRENCH BLUE METAL DOOR SIGN 2,2011-11,2011-12,M2_gbm_poisson,66.703914,55.927082,product,15,1.645000,92.000050,159,0.838438,B,82,94.666667,1,16,Forecast,20260818T075922Z-deb02f
22678,FRENCH BLUE METAL DOOR SIGN 3,2011-11,2011-12,M2_gbm_poisson,60.021751,52.329701,product,15,1.645000,86.082359,147,0.871846,B,57,73.666667,1,16,Forecast,20260818T075922Z-deb02f
22679,FRENCH BLUE METAL DOOR SIGN 4,2011-11,2011-12,M2_gbm_poisson,56.283901,54.151075,product,15,1.645000,89.078519,146,0.962106,B,61,61.666667,1,16,Forecast,20260818T075922Z-deb02f
22680,FRENCH BLUE METAL DOOR SIGN 5,2011-11,2011-12,M2_gbm_poisson,66.472286,51.652005,product,15,1.645000,84.967548,152,0.777046,B,101,78.333333,1,16,Forecast,20260818T075922Z-deb02f
22681,FRENCH BLUE METAL DOOR SIGN 6,2011-11,2011-12,M2_gbm_poisson,63.299484,40.387655,product,15,1.645000,66.437692,130,0.638041,B,95,61.333333,1,16,Forecast,20260818T075922Z-deb02f
22682,FRENCH BLUE METAL DOOR SIGN 7,2011-11,2011-12,M2_gbm_poisson,56.486559,42.105692,product,15,1.645000,69.263863,126,0.745411,B,68,54.333333,1,16,Forecast,20260818T075922Z-deb02f
22683,FRENCH BLUE METAL DOOR SIGN 8,2011-11,2011-12,M2_gbm_poisson,51.917567,46.322651,product,15,1.645000,76.200761,129,0.892235,B,47,51.666667,1,16,Forecast,20260818T075922Z-deb02f
22684,FRENCH BLUE METAL DOOR SIGN 9,2011-11,2011-12,M2_gbm_poisson,49.713294,37.814306,product,15,1.645000,62.204533,112,0.760648,B,44,35.333333,1,16,Forecast,20260818T075922Z-deb02f
22685,FRENCH BLUE METAL DOOR SIGN 0,2011-11,2011-12,M2_gbm_poisson,44.197916,39.407508,product,15,1.645000,64.825351,110,0.891615,B,54,35.666667,1,16,Forecast,20260818T075922Z-deb02f
22686,FRENCH BLUE METAL DOOR SIGN No,2011-11,2011-12,M2_gbm_poisson,61.439612,69.871083,product,15,1.645000,114.937932,177,1.137232,B,52,97.666667,1,16,Forecast,20260818T075922Z-deb02f
22687,DOORMAT CHRISTMAS VILLAGE,2011-11,2011-12,M2_gbm_poisson,121.378708,15.593394,product,17,1.645000,25.651133,148,0.128469,B,22,178.666667,1,18,Forecast,20260818T075922Z-deb02f
22688,DOORMAT PEACE ON EARTH BLUE,2011-11,2011-12,M2_gbm_poisson,49.518796,19.248966,product,16,1.645000,31.664550,82,0.388720,B,12,217.333333,1,18,Forecast,20260818T075922Z-deb02f
22689,DOORMAT MERRY CHRISTMAS RED,2011-11,2011-12,M2_gbm_poisson,83.018996,56.508558,product,17,1.645000,92.956577,176,0.680670,A,72,185.666667,1,18,Forecast,20260818T075922Z-deb02f
22690,DOORMAT HOME SWEET HOME BLUE,2011-11,2011-12,M2_gbm_poisson,78.208439,197.182538,product,17,1.645000,324.365275,403,2.521244,A,74,140.000000,1,18,Forecast,20260818T075922Z-deb02f
22691,DOORMAT WELCOME SUNRISE,2011-11,2011-12,M2_gbm_poisson,39.133998,19.775808,product,17,1.645000,32.531205,72,0.505336,A,35,62.333333,1,18,Forecast,20260818T075922Z-deb02f
22692,DOORMAT WELCOME TO OUR HOME,2011-11,2011-12,M2_gbm_poisson,71.773178,90.267508,product,17,1.645000,148.490051,221,1.257677,A,76,186.333333,1,18,Forecast,20260818T075922Z-deb02f
22693,GROW A FLYTRAP OR SUNFLOWER IN TIN,2011-11,2011-12,M2_gbm_poisson,543.560952,314.989341,product,15,1.645000,518.157466,1062,0.579492,A,1133,818.000000,1,16,Forecast,20260818T075922Z-deb02f
22694,WICKER STAR,2011-11,2011-12,M2_gbm_poisson,258.426118,175.519528,product,16,1.645000,288.729624,548,0.679186,A,594,358.333333,1,17,Forecast,20260818T075922Z-deb02f
22695,WICKER WREATH SMALL,2011-11,2011-12,M2_gbm_poisson,74.549241,44.342416,product,16,1.645000,72.943275,148,0.594807,B,104,129.333333,1,17,Forecast,20260818T075922Z-deb02f
22696,WICKER WREATH LARGE,2011-11,2011-12,M2_gbm_poisson,83.270556,62.254819,product,16,1.645000,102.409177,186,0.747621,B,140,145.000000,1,17,Forecast,20260818T075922Z-deb02f
22697,GREEN REGENCY TEACUP AND SAUCER,2011-11,2011-12,M2_gbm_poisson,336.503154,183.604146,product,15,1.645000,302.028820,639,0.545624,A,523,658.666667,1,16,Forecast,20260818T075922Z-deb02f
22698,PINK REGENCY TEACUP AND SAUCER,2011-11,2011-12,M2_gbm_poisson,301.065709,322.039697,product,15,1.645000,529.755302,831,1.069666,A,453,603.666667,1,16,Forecast,20260818T075922Z-deb02f
22699,ROSES REGENCY TEACUP AND SAUCER,2011-11,2011-12,M2_gbm_poisson,418.074556,361.344609,product,15,1.645000,594.411882,1013,0.864307,A,614,832.000000,1,16,Forecast,20260818T075922Z-deb02f
22700,BLACK AND WHITE DOG BOWL,2011-11,2011-12,M2_gbm_poisson,3.494671,32.100069,product,16,1.645000,52.804614,57,9.185435,B,0,1.000000,2,17,Forecast,20260818T075922Z-deb02f
22701,PINK DOG BOWL,2011-11,2011-12,M2_gbm_poisson,42.055387,32.312229,product,17,1.645000,53.153617,96,0.768326,B,35,22.000000,1,18,Forecast,20260818T075922Z-deb02f
22702,BLACK AND WHITE CAT BOWL,2011-11,2011-12,M2_gbm_poisson,11.830528,17.283706,product,17,1.645000,28.431696,41,1.460941,B,6,6.333333,1,18,Forecast,20260818T075922Z-deb02f
22703,PINK CAT BOWL,2011-11,2011-12,M2_gbm_poisson,54.814971,20.406655,product,17,1.645000,33.568947,89,0.372283,C,58,42.000000,1,18,Forecast,20260818T075922Z-deb02f
22704,WRAP RED APPLES,2011-11,2011-12,M2_gbm_poisson,193.425277,214.106788,product,18,1.645000,352.205666,546,1.106922,B,350,441.666667,1,19,Forecast,20260818T075922Z-deb02f
22705,WRAP GREEN PEARS,2011-11,2011-12,M2_gbm_poisson,87.286898,175.940290,product,18,1.645000,289.421777,377,2.015655,B,100,166.666667,1,19,Forecast,20260818T075922Z-deb02f
22706,WRAP COWBOYS,2011-11,2011-12,M2_gbm_poisson,70.924585,229.644362,product,17,1.645000,377.764975,449,3.237867,B,25,125.000000,1,18,Forecast,20260818T075922Z-deb02f
22707,WRAP MONSTER FUN,2011-11,2011-12,M2_gbm_poisson,70.336247,69.589093,product,18,1.645000,114.474058,185,0.989377,C,200,125.000000,1,19,Forecast,20260818T075922Z-deb02f
22708,WRAP DOLLY GIRL,2011-11,2011-12,M2_gbm_poisson,115.567036,147.177109,product,17,1.645000,242.106344,358,1.273522,B,375,308.333333,1,18,Forecast,20260818T075922Z-deb02f
22709,WRAP WEDDING DAY,2011-11,2011-12,M2_gbm_poisson,35.747399,114.497343,product,17,1.645000,188.348130,225,3.202956,C,0,125.000000,2,18,Forecast,20260818T075922Z-deb02f
22710,WRAP I LOVE LONDON,2011-11,2011-12,M2_gbm_poisson,140.550053,246.327392,product,18,1.645000,405.208561,546,1.752596,B,275,500.000000,1,19,Forecast,20260818T075922Z-deb02f
22711,WRAP CIRCUS PARADE,2011-11,2011-12,M2_gbm_poisson,97.180229,216.163525,product,18,1.645000,355.588998,453,2.224357,B,150,241.666667,1,19,Forecast,20260818T075922Z-deb02f
22712,CARD DOLLY GIRL,2011-11,2011-12,M2_gbm_poisson,254.623144,199.434015,product,18,1.645000,328.068954,583,0.783252,B,399,439.333333,1,19,Forecast,20260818T075922Z-deb02f
22713,CARD I LOVE LONDON,2011-11,2011-12,M2_gbm_poisson,108.190592,229.975649,product,18,1.645000,378.309942,487,2.125653,B,133,322.333333,1,19,Forecast,20260818T075922Z-deb02f
22714,CARD BIRTHDAY COWBOY,2011-11,2011-12,M2_gbm_poisson,191.263598,137.482165,product,18,1.645000,226.158162,418,0.718810,B,659,372.000000,1,19,Forecast,20260818T075922Z-deb02f
22715,CARD WEDDING DAY,2011-11,2011-12,M2_gbm_poisson,51.479727,92.937671,product,17,1.645000,152.882468,205,1.805326,C,6,87.000000,1,18,Forecast,20260818T075922Z-deb02f
22716,CARD CIRCUS PARADE,2011-11,2011-12,M2_gbm_poisson,106.829298,139.798654,product,17,1.645000,229.968785,337,1.308617,B,110,244.666667,1,18,Forecast,20260818T075922Z-deb02f
22717,CARD DOG AND BALL,2011-11,2011-12,M2_gbm_poisson,66.836108,93.098088,product,17,1.645000,153.146355,220,1.392931,C,88,94.333333,1,18,Forecast,20260818T075922Z-deb02f
22718,CARD CAT AND TREE,2011-11,2011-12,M2_gbm_poisson,65.895897,93.213879,product,17,1.645000,153.336831,220,1.414563,C,109,140.333333,1,18,Forecast,20260818T075922Z-deb02f
22719,GUMBALL MONOCHROME COAT RACK,2011-11,2011-12,M2_gbm_poisson,,,,,,,,,B,0,,,,Inactive (no sales in last 6 months),20260818T075922Z-deb02f
22720,SET OF 3 CAKE TINS PANTRY DESIGN,2011-11,2011-12,M2_gbm_poisson,361.654348,309.360354,product,11,1.645000,508.897782,871,0.855403,A,574,806.666667,1,12,Forecast,20260818T075922Z-deb02f
22721,SET OF 3 CAKE TINS SKETCHBOOK,2011-11,2011-12,M2_gbm_poisson,52.408616,21.589473,product,11,1.645000,35.514683,88,0.411945,B,51,44.000000,1,12,Forecast,20260818T075922Z-deb02f
22722,SET OF 6 SPICE TINS PANTRY DESIGN,2011-11,2011-12,M2_gbm_poisson,318.579379,320.579633,product,12,1.645000,527.353496,846,1.006279,A,529,821.333333,1,13,Forecast,20260818T075922Z-deb02f
22723,SET OF 6 HERB TINS SKETCHBOOK,2011-11,2011-12,M2_gbm_poisson,45.782054,35.888853,product,11,1.645000,59.037164,105,0.783907,B,44,27.000000,1,12,Forecast,20260818T075922Z-deb02f
22725,ALARM CLOCK BAKELIKE CHOCOLATE,2011-11,2011-12,M2_gbm_poisson,157.830432,65.005338,product,14,1.645000,106.933782,265,0.411868,A,259,273.000000,1,15,Forecast,20260818T075922Z-deb02f
22726,ALARM CLOCK BAKELIKE GREEN,2011-11,2011-12,M2_gbm_poisson,517.748515,119.944119,product,14,1.645000,197.308076,716,0.231665,A,1002,915.000000,1,15,Forecast,20260818T075922Z-deb02f
22727,ALARM CLOCK BAKELIKE RED,2011-11,2011-12,M2_gbm_poisson,486.907861,269.791168,product,14,1.645000,443.806472,931,0.554091,A,958,936.333333,1,15,Forecast,20260818T075922Z-deb02f
22728,ALARM CLOCK BAKELIKE PINK,2011-11,2011-12,M2_gbm_poisson,386.018981,233.320320,product,14,1.645000,383.811927,770,0.604427,A,545,696.666667,1,15,Forecast,20260818T075922Z-deb02f
22729,ALARM CLOCK BAKELIKE ORANGE,2011-11,2011-12,M2_gbm_poisson,53.177322,105.933253,product,14,1.645000,174.260201,228,1.992076,A,24,146.333333,1,15,Forecast,20260818T075922Z-deb02f
22730,ALARM CLOCK BAKELIKE IVORY,2011-11,2011-12,M2_gbm_poisson,236.785774,93.027516,product,14,1.645000,153.030264,390,0.392876,A,438,418.000000,1,15,Forecast,20260818T075922Z-deb02f
22731,3D CHRISTMAS STAMPS STICKERS,2011-11,2011-12,M2_gbm_poisson,113.821977,145.091684,product,14,1.645000,238.675820,353,1.274725,B,217,302.000000,1,15,Forecast,20260818T075922Z-deb02f
22732,3D VINTAGE CHRISTMAS STICKERS,2011-11,2011-12,M2_gbm_poisson,251.978573,103.387628,product,14,1.645000,170.072649,423,0.410303,B,519,432.333333,1,15,Forecast,20260818T075922Z-deb02f
22733,3D TRADITIONAL CHRISTMAS STICKERS,2011-11,2011-12,M2_gbm_poisson,225.764546,104.081856,product,14,1.645000,171.214653,397,0.461019,B,478,423.000000,1,15,Forecast,20260818T075922Z-deb02f
22734,SET OF 6 RIBBONS VINTAGE CHRISTMAS,2011-11,2011-12,M2_gbm_poisson,620.672630,127.749563,product,14,1.645000,210.148032,831,0.205824,A,1214,915.000000,1,15,Forecast,20260818T075922Z-deb02f
22735,RIBBON REEL SOCKS AND MITTENS,2011-11,2011-12,M2_gbm_poisson,106.868786,25.483892,product,14,1.645000,41.921003,149,0.238460,B,200,166.333333,1,15,Forecast,20260818T075922Z-deb02f
22736,RIBBON REEL MAKING SNOWMEN,2011-11,2011-12,M2_gbm_poisson,181.292886,70.098811,product,14,1.645000,115.312543,297,0.386661,B,353,276.000000,1,15,Forecast,20260818T075922Z-deb02f
22737,RIBBON REEL CHRISTMAS PRESENT,2011-11,2011-12,M2_gbm_poisson,206.009125,77.839391,product,14,1.645000,128.045798,335,0.377844,A,434,347.333333,1,15,Forecast,20260818T075922Z-deb02f
22738,RIBBON REEL SNOWY VILLAGE,2011-11,2011-12,M2_gbm_poisson,237.335822,173.932405,product,14,1.645000,286.118806,524,0.732854,A,420,533.000000,1,15,Forecast,20260818T075922Z-deb02f
22739,RIBBON REEL CHRISTMAS SOCK BAUBLE,2011-11,2011-12,M2_gbm_poisson,236.382499,154.871951,product,14,1.645000,254.764360,492,0.655175,A,449,399.666667,1,15,Forecast,20260818T075922Z-deb02f
22740,POLKADOT PEN,2011-11,2011-12,M2_gbm_poisson,18.715761,639.276289,product,14,1.645000,1051.609496,1071,34.157108,A,0,29.666667,3,15,Forecast,20260818T075922Z-deb02f
22741,FUNKY DIVA PEN,2011-11,2011-12,M2_gbm_poisson,402.819248,327.002108,product,14,1.645000,537.918467,941,0.811784,A,692,873.666667,1,15,Forecast,20260818T075922Z-deb02f
22742,MAKE YOUR OWN PLAYTIME CARD KIT,2011-11,2011-12,M2_gbm_poisson,47.596651,28.489197,product,15,1.645000,46.864729,95,0.598555,B,38,38.333333,1,16,Forecast,20260818T075922Z-deb02f
22743,MAKE YOUR OWN FLOWERPOWER CARD KIT,2011-11,2011-12,M2_gbm_poisson,56.290769,44.627446,product,15,1.645000,73.412149,130,0.792802,A,57,59.333333,1,16,Forecast,20260818T075922Z-deb02f
22744,MAKE YOUR OWN MONSOON CARD KIT,2011-11,2011-12,M2_gbm_poisson,59.860970,28.208541,product,15,1.645000,46.403049,107,0.471234,A,78,55.333333,1,16,Forecast,20260818T075922Z-deb02f
22745,POPPY'S PLAYHOUSE BEDROOM,2011-11,2011-12,M2_gbm_poisson,127.988488,78.441920,product,14,1.645000,129.036958,258,0.612883,A,247,194.333333,1,15,Forecast,20260818T075922Z-deb02f
22746,POPPY'S PLAYHOUSE LIVINGROOM,2011-11,2011-12,M2_gbm_poisson,83.553483,110.629092,product,14,1.645000,181.984856,266,1.324051,A,147,127.333333,1,15,Forecast,20260818T075922Z-deb02f
22747,POPPY'S PLAYHOUSE BATHROOM,2011-11,2011-12,M2_gbm_poisson,68.734310,91.744993,product,14,1.645000,150.920513,220,1.334777,A,73,79.000000,1,15,Forecast,20260818T075922Z-deb02f
22748,POPPY'S PLAYHOUSE KITCHEN,2011-11,2011-12,M2_gbm_poisson,148.583975,98.816180,product,14,1.645000,162.552615,312,0.665053,A,282,213.666667,1,15,Forecast,20260818T075922Z-deb02f
22749,FELTCRAFT PRINCESS CHARLOTTE DOLL,2011-11,2011-12,M2_gbm_poisson,200.364559,86.070490,product,14,1.645000,141.585956,342,0.429569,A,361,327.000000,1,15,Forecast,20260818T075922Z-deb02f
22750,FELTCRAFT PRINCESS LOLA DOLL,2011-11,2011-12,M2_gbm_poisson,184.631588,92.681700,product,14,1.645000,152.461396,338,0.501982,A,291,279.666667,1,15,Forecast,20260818T075922Z-deb02f
22751,FELTCRAFT PRINCESS OLIVIA DOLL,2011-11,2011-12,M2_gbm_poisson,112.735087,89.655046,product,14,1.645000,147.482551,261,0.795272,A,161,263.000000,1,15,Forecast,20260818T075922Z-deb02f
22752,SET 7 BABUSHKA NESTING BOXES,2011-11,2011-12,M2_gbm_poisson,101.866790,130.361756,product,15,1.645000,214.445089,317,1.279728,A,253,158.666667,1,16,Forecast,20260818T075922Z-deb02f
22753,SMALL YELLOW BABUSHKA NOTEBOOK,2011-11,2011-12,M2_gbm_poisson,95.323306,35.462161,product,15,1.645000,58.335255,154,0.372020,B,181,79.000000,1,16,Forecast,20260818T075922Z-deb02f
22754,SMALL RED BABUSHKA NOTEBOOK,2011-11,2011-12,M2_gbm_poisson,103.795649,153.266740,product,15,1.645000,252.123788,356,1.476620,B,220,129.000000,1,16,Forecast,20260818T075922Z-deb02f
22755,SMALL PURPLE BABUSHKA NOTEBOOK,2011-11,2011-12,M2_gbm_poisson,94.706899,67.707970,product,15,1.645000,111.379610,207,0.714921,B,203,97.666667,1,16,Forecast,20260818T075922Z-deb02f
22756,LARGE YELLOW BABUSHKA NOTEBOOK,2011-11,2011-12,M2_gbm_poisson,51.675075,59.504003,product,15,1.645000,97.884085,150,1.151503,B,71,32.666667,1,16,Forecast,20260818T075922Z-deb02f
22757,LARGE RED BABUSHKA NOTEBOOK,2011-11,2011-12,M2_gbm_poisson,54.472473,100.980479,product,15,1.645000,166.112888,221,1.853789,B,87,53.000000,1,16,Forecast,20260818T075922Z-deb02f
22758,LARGE PURPLE BABUSHKA NOTEBOOK,2011-11,2011-12,M2_gbm_poisson,68.665814,46.387589,product,15,1.645000,76.307584,145,0.675556,B,111,62.666667,1,16,Forecast,20260818T075922Z-deb02f
22759,SET OF 3 NOTEBOOKS IN PARCEL,2011-11,2011-12,M2_gbm_poisson,482.494447,362.079682,product,15,1.645000,595.621078,1079,0.750433,A,911,926.000000,1,16,Forecast,20260818T075922Z-deb02f
22760,"TRAY, BREAKFAST IN BED",2011-11,2011-12,M2_gbm_poisson,7.337464,20.041639,product,13,1.645000,32.968495,41,2.731412,B,0,18.000000,3,14,Forecast,20260818T075922Z-deb02f
22761,CHEST 7 DRAWER MA CAMPAGNE,2011-11,2011-12,M2_gbm_poisson,7.541420,2.709452,product,13,1.645000,4.457048,12,0.359276,C,3,3.333333,1,14,Forecast,20260818T075922Z-deb02f
22762,CUPBOARD 3 DRAWER MA CAMPAGNE,2011-11,2011-12,M2_gbm_poisson,19.287083,6.843089,product,13,1.645000,11.256881,31,0.354802,B,13,11.666667,1,14,Forecast,20260818T075922Z-deb02f
22763,KEY CABINET MA CAMPAGNE,2011-11,2011-12,M2_gbm_poisson,31.638843,10.491174,product,13,1.645000,17.257981,49,0.331592,A,22,18.666667,1,14,Forecast,20260818T075922Z-deb02f
22764,"RUSTIC WOODEN CABINET, GLASS DOORS",2011-11,2011-12,M2_gbm_poisson,,,,,,,,,A,0,,,,Inactive (no sales in last 6 months),20260818T075922Z-deb02f
22765,NEWSPAPER STAND,2011-11,2011-12,M2_gbm_poisson,,,,,,,,,A,0,,,,Inactive (no sales in last 6 months),20260818T075922Z-deb02f
22766,PHOTO FRAME CORNICE,2011-11,2011-12,M2_gbm_poisson,199.926582,121.056366,product,13,1.645000,199.137721,400,0.605504,A,264,412.333333,1,14,Forecast,20260818T075922Z-deb02f
22767,TRIPLE PHOTO FRAME CORNICE,2011-11,2011-12,M2_gbm_poisson,63.354659,30.843269,product,13,1.645000,50.737178,115,0.486835,A,75,106.333333,1,14,Forecast,20260818T075922Z-deb02f
22768,FAMILY PHOTO FRAME CORNICE,2011-11,2011-12,M2_gbm_poisson,72.988929,18.663858,product,13,1.645000,30.702047,104,0.255708,A,94,126.000000,1,14,Forecast,20260818T075922Z-deb02f
22769,CHALKBOARD KITCHEN ORGANISER,2011-11,2011-12,M2_gbm_poisson,,,,,,,,,A,0,,,,Inactive (no sales in last 6 months),20260818T075922Z-deb02f
22770,MIRROR CORNICE,2011-11,2011-12,M2_gbm_poisson,14.322076,7.095872,product,13,1.645000,11.672709,26,0.495450,B,7,9.666667,1,14,Forecast,20260818T075922Z-deb02f
22771,CLEAR DRAWER KNOB ACRYLIC EDWARDIAN,2011-11,2011-12,M2_gbm_poisson,289.918426,142.507809,product,13,1.645000,234.425345,525,0.491545,A,585,541.333333,1,14,Forecast,20260818T075922Z-deb02f
22772,PINK DRAWER KNOB ACRYLIC EDWARDIAN,2011-11,2011-12,M2_gbm_poisson,134.941853,34.659333,product,13,1.645000,57.014603,192,0.256846,A,248,244.333333,1,14,Forecast,20260818T075922Z-deb02f
22773,GREEN DRAWER KNOB ACRYLIC EDWARDIAN,2011-11,2011-12,M2_gbm_poisson,74.471851,49.489633,product,13,1.645000,81.410446,156,0.664541,B,116,144.333333,1,14,Forecast,20260818T075922Z-deb02f
22774,RED DRAWER KNOB ACRYLIC EDWARDIAN,2011-11,2011-12,M2_gbm_poisson,101.593580,164.486464,product,13,1.645000,270.580233,373,1.619064,B,189,173.666667,1,14,Forecast,20260818T075922Z-deb02f
22775,PURPLE DRAWERKNOB ACRYLIC EDWARDIAN,2011-11,2011-12,M2_gbm_poisson,171.242581,192.479879,product,13,1.645000,316.629402,488,1.124019,B,375,284.333333,1,14,Forecast,20260818T075922Z-deb02f
22776,SWEETHEART CAKESTAND 3 TIER,2011-11,2011-12,M2_gbm_poisson,73.126262,31.023702,product,13,1.645000,51.033989,125,0.424248,A,84,88.333333,1,14,Forecast,20260818T075922Z-deb02f
22777,GLASS CLOCHE LARGE,2011-11,2011-12,M2_gbm_poisson,2.058940,18.318561,product,13,1.645000,30.134033,33,8.897084,B,0,0.000000,5,14,Forecast,20260818T075922Z-deb02f
22778,GLASS CLOCHE SMALL,2011-11,2011-12,M2_gbm_poisson,57.908425,51.920504,product,13,1.645000,85.409229,144,0.896597,B,83,63.666667,1,14,Forecast,20260818T075922Z-deb02f
22779,WOODEN OWLS LIGHT GARLAND,2011-11,2011-12,M2_gbm_poisson,70.493130,50.089641,product,13,1.645000,82.397459,153,0.710561,A,99,108.333333,1,14,Forecast,20260818T075922Z-deb02f
22780,LIGHT GARLAND BUTTERFILES PINK,2011-11,2011-12,M2_gbm_poisson,64.695984,80.716450,product,13,1.645000,132.778561,198,1.247627,A,84,80.000000,1,14,Forecast,20260818T075922Z-deb02f
22781,GUMBALL MAGAZINE RACK,2011-11,2011-12,M2_gbm_poisson,54.198206,29.401885,product,13,1.645000,48.366101,103,0.542488,A,62,53.000000,1,14,Forecast,20260818T075922Z-deb02f
22782,SET 3 WICKER STORAGE BASKETS,2011-11,2011-12,M2_gbm_poisson,10.994878,10.370046,product,13,1.645000,17.058725,29,0.943171,B,8,5.333333,1,14,Forecast,20260818T075922Z-deb02f
22783,SET 3 WICKER OVAL BASKETS W LIDS,2011-11,2011-12,M2_gbm_poisson,2.055800,13.673872,product,13,1.645000,22.493519,25,6.651363,B,0,0.000000,6,14,Forecast,20260818T075922Z-deb02f
22784,LANTERN CREAM GAZEBO,2011-11,2011-12,M2_gbm_poisson,81.443233,70.580952,product,13,1.645000,116.105666,198,0.866628,A,130,96.333333,1,14,Forecast,20260818T075922Z-deb02f
22785,SQUARECUSHION COVER PINK UNION FLAG,2011-11,2011-12,M2_gbm_poisson,13.656536,17.586008,product,13,1.645000,28.928983,43,1.287736,B,8,7.333333,1,14,Forecast,20260818T075922Z-deb02f
22786,CUSHION COVER PINK UNION JACK,2011-11,2011-12,M2_gbm_poisson,10.913201,11.546192,product,13,1.645000,18.993486,30,1.058002,B,7,7.333333,1,14,Forecast,20260818T075922Z-deb02f
22788,BROCANTE COAT RACK,2011-11,2011-12,M2_gbm_poisson,2.033330,16.338104,product,13,1.645000,26.876181,29,8.035148,A,0,0.000000,6,14,Forecast,20260818T075922Z-deb02f
22789,T-LIGHT HOLDER SWEETHEART HANGING,2011-11,2011-12,M2_gbm_poisson,29.387979,26.070187,product,13,1.645000,42.885457,73,0.887104,B,12,34.000000,1,14,Forecast,20260818T075922Z-deb02f
22790,"MIRROR, ARCHED GEORGIAN",2011-11,2011-12,M2_gbm_poisson,,,,,,,,,A,0,,,,Inactive (no sales in last 6 months),20260818T075922Z-deb02f
22791,T-LIGHT GLASS FLUTED ANTIQUE,2011-11,2011-12,M2_gbm_poisson,589.663886,504.218324,product,13,1.645000,829.439142,1420,0.855094,A,1325,942.666667,1,14,Forecast,20260818T075922Z-deb02f
22792,FLUTED ANTIQUE CANDLE HOLDER,2011-11,2011-12,M2_gbm_poisson,356.282806,272.338201,product,13,1.645000,447.996341,805,0.764388,B,819,442.666667,1,14,Forecast,20260818T075922Z-deb02f
22794,SWEETHEART WIRE MAGAZINE RACK,2011-11,2011-12,M2_gbm_poisson,30.301179,8.354748,product,13,1.645000,13.743560,45,0.275724,B,18,18.333333,1,14,Forecast,20260818T075922Z-deb02f
22795,SWEETHEART RECIPE BOOK STAND,2011-11,2011-12,M2_gbm_poisson,88.046174,58.223629,product,13,1.645000,95.777870,184,0.661285,A,155,141.000000,1,14,Forecast,20260818T075922Z-deb02f
22796,PHOTO FRAME 3 CLASSIC HANGING,2011-11,2011-12,M2_gbm_poisson,55.823597,14.487226,product,13,1.645000,23.831487,80,0.259518,A,67,52.666667,1,14,Forecast,20260818T075922Z-deb02f
22797,CHEST OF DRAWERS GINGHAM HEART,2011-11,2011-12,M2_gbm_poisson,23.319154,15.490205,product,13,1.645000,25.481387,49,0.664270,B,16,11.333333,1,14,Forecast,20260818T075922Z-deb02f
22798,ANTIQUE GLASS DRESSING TABLE POT,2011-11,2011-12,M2_gbm_poisson,111.100012,96.696062,product,13,1.645000,159.065021,271,0.870351,A,156,188.666667,1,14,Forecast,20260818T075922Z-deb02f
22799,SWEETHEART WIRE FRUIT BOWL,2011-11,2011-12,M2_gbm_poisson,18.166645,10.192282,product,13,1.645000,16.766304,35,0.561044,B,12,9.666667,1,14,Forecast,20260818T075922Z-deb02f
22800,ANTIQUE TALL SWIRLGLASS TRINKET POT,2011-11,2011-12,M2_gbm_poisson,70.523011,33.049230,product,13,1.645000,54.365983,125,0.468630,B,89,70.333333,1,14,Forecast,20260818T075922Z-deb02f
22801,ANTIQUE GLASS PEDESTAL BOWL,2011-11,2011-12,M2_gbm_poisson,80.586959,39.917967,product,13,1.645000,65.665056,147,0.495340,B,137,107.000000,1,14,Forecast,20260818T075922Z-deb02f
22802,FAUX FUR CHOCOLATE THROW,2011-11,2011-12,M2_gbm_poisson,12.555209,5.636549,product,13,1.645000,9.272123,22,0.448941,B,9,5.666667,1,14,Forecast,20260818T075922Z-deb02f
22803,IVORY EMBROIDERED QUILT,2011-11,2011-12,M2_gbm_poisson,3.327568,3.989380,product,13,1.645000,6.562530,10,1.198888,B,1,0.666667,1,14,Forecast,20260818T075922Z-deb02f
22804,CANDLEHOLDER PINK HANGING HEART,2011-11,2011-12,M2_gbm_poisson,358.094732,146.744412,product,14,1.645000,241.394558,600,0.409792,A,787,358.333333,1,15,Forecast,20260818T075922Z-deb02f
22805,BLUE DRAWER KNOB ACRYLIC EDWARDIAN,2011-11,2011-12,M2_gbm_poisson,95.233944,60.807653,product,13,1.645000,100.028589,196,0.638508,B,147,159.333333,1,14,Forecast,20260818T075922Z-deb02f
22806,SET OF 6 T-LIGHTS WEDDING CAKE,2011-11,2011-12,M2_gbm_poisson,31.307065,29.141763,product,14,1.645000,47.938200,80,0.930837,C,19,19.000000,1,15,Forecast,20260818T075922Z-deb02f
22807,SET OF 6 T-LIGHTS TOADSTOOLS,2011-11,2011-12,M2_gbm_poisson,63.598645,55.313879,product,14,1.645000,90.991330,155,0.869734,B,78,51.000000,1,15,Forecast,20260818T075922Z-deb02f
22808,SET OF 6 T-LIGHTS EASTER CHICKS,2011-11,2011-12,M2_gbm_poisson,5.198616,14.278328,product,14,1.645000,23.487849,29,2.746563,B,4,1.666667,1,15,Forecast,20260818T075922Z-deb02f
22809,SET OF 6 T-LIGHTS SANTA,2011-11,2011-12,M2_gbm_poisson,238.125079,114.679407,product,14,1.645000,188.647624,427,0.481593,A,468,308.666667,1,15,Forecast,20260818T075922Z-deb02f
22810,SET OF 6 T-LIGHTS SNOWMEN,2011-11,2011-12,M2_gbm_poisson,179.060451,80.647510,product,14,1.645000,132.665153,312,0.450393,A,360,217.666667,1,15,Forecast,20260818T075922Z-deb02f
22811,SET OF 6 T-LIGHTS CACTI,2011-11,2011-12,M2_gbm_poisson,86.813853,55.816628,product,14,1.645000,91.818354,179,0.642946,C,195,152.333333,1,15,Forecast,20260818T075922Z-deb02f
22812,PACK 3 BOXES CHRISTMAS PANNETONE,2011-11,2011-12,M2_gbm_poisson,116.705514,166.781529,product,14,1.645000,274.355615,392,1.429080,A,136,435.666667,1,15,Forecast,20260818T075922Z-deb02f
22813,PACK 3 BOXES BIRD PANNETONE,2011-11,2011-12,M2_gbm_poisson,144.915729,187.822143,product,14,1.645000,308.967426,454,1.296078,A,244,343.000000,1,15,Forecast,20260818T075922Z-deb02f
22814,CARD PARTY GAMES,2011-11,2011-12,M2_gbm_poisson,100.369579,81.088287,product,14,1.645000,133.390231,234,0.807897,C,190,164.666667,1,15,Forecast,20260818T075922Z-deb02f
22815,CARD PSYCHEDELIC APPLES,2011-11,2011-12,M2_gbm_poisson,150.807203,150.445575,product,14,1.645000,247.482971,399,0.997602,C,290,282.000000,1,15,Forecast,20260818T075922Z-deb02f
22816,CARD MOTORBIKE SANTA,2011-11,2011-12,M2_gbm_poisson,633.215095,313.699553,product,14,1.645000,516.035765,1150,0.495408,B,1482,987.000000,1,15,Forecast,20260818T075922Z-deb02f
22817,CARD SUKI BIRTHDAY,2011-11,2011-12,M2_gbm_poisson,161.457187,112.784718,product,14,1.645000,185.530861,347,0.698543,C,380,227.333333,1,15,Forecast,20260818T075922Z-deb02f
22818,CARD CHRISTMAS VILLAGE,2011-11,2011-12,M2_gbm_poisson,633.215095,494.266890,product,14,1.645000,813.069034,1447,0.780567,B,1376,947.666667,1,15,Forecast,20260818T075922Z-deb02f
22819,"BIRTHDAY CARD, RETRO SPOT",2011-11,2011-12,M2_gbm_poisson,155.967885,119.810389,product,14,1.645000,197.088089,354,0.768173,C,337,294.333333,1,15,Forecast,20260818T075922Z-deb02f
22820,GIFT BAG BIRTHDAY,2011-11,2011-12,M2_gbm_poisson,40.523861,26.422452,product,14,1.645000,43.464934,84,0.652022,C,16,38.000000,1,15,Forecast,20260818T075922Z-deb02f
22821,GIFT BAG PSYCHEDELIC APPLES,2011-11,2011-12,M2_gbm_poisson,65.283026,63.435561,product,14,1.645000,104.351499,170,0.971701,C,106,91.000000,1,15,Forecast,20260818T075922Z-deb02f
22822,CREAM WALL PLANTER HEART SHAPED,2011-11,2011-12,M2_gbm_poisson,18.853041,24.596186,product,12,1.645000,40.460726,60,1.304627,B,11,9.333333,1,13,Forecast,20260818T075922Z-deb02f
22823,CHEST NATURAL WOOD 20 DRAWERS,2011-11,2011-12,M2_gbm_poisson,5.680325,4.083229,product,13,1.645000,6.716911,13,0.718837,B,4,2.333333,1,14,Forecast,20260818T075922Z-deb02f
22824,3 TIER SWEETHEART GARDEN SHELF,2011-11,2011-12,M2_gbm_poisson,5.947606,2.533912,product,12,1.645000,4.168285,11,0.426039,B,1,2.333333,1,13,Forecast,20260818T075922Z-deb02f
22825,DECORATIVE PLANT POT WITH FRIEZE,2011-11,2011-12,M2_gbm_poisson,11.253784,7.677199,product,13,1.645000,12.628993,24,0.682188,C,2,4.333333,1,14,Forecast,20260818T075922Z-deb02f
22826,LOVE SEAT ANTIQUE WHITE METAL,2011-11,2011-12,M2_gbm_poisson,19.182067,3.858318,product,11,1.645000,6.346934,26,0.201142,B,16,10.666667,1,12,Forecast,20260818T075922Z-deb02f
22827,RUSTIC  SEVENTEEN DRAWER SIDEBOARD,2011-11,2011-12,M2_gbm_poisson,6.885666,5.032834,product,13,1.645000,8.279012,16,0.730915,A,2,3.333333,1,14,Forecast,20260818T075922Z-deb02f
22828,REGENCY MIRROR WITH SHUTTERS,2011-11,2011-12,M2_gbm_poisson,3.532644,2.053846,product,13,1.645000,3.378576,7,0.581390,B,2,1.000000,1,14,Forecast,20260818T075922Z-deb02f
22829,SWEETHEART WIRE WALL TIDY,2011-11,2011-12,M2_gbm_poisson,13.833249,8.508197,product,12,1.645000,13.995983,28,0.615054,B,1,8.333333,1,13,Forecast,20260818T075922Z-deb02f
22830,UTILTY CABINET WITH HOOKS,2011-11,2011-12,M2_gbm_poisson,,,,,,,,,A,0,,,,Inactive (no sales in last 6 months),20260818T075922Z-deb02f
22831,WHITE BROCANTE SOAP DISH,2011-11,2011-12,M2_gbm_poisson,41.196496,40.234428,product,12,1.645000,66.185634,108,0.976647,B,29,34.000000,1,13,Forecast,20260818T075922Z-deb02f
22832,BROCANTE SHELF WITH HOOKS,2011-11,2011-12,M2_gbm_poisson,26.508114,7.179935,product,12,1.645000,11.810994,39,0.270858,B,21,11.333333,1,13,Forecast,20260818T075922Z-deb02f
22833,HALL CABINET WITH 3 DRAWERS,2011-11,2011-12,M2_gbm_poisson,,,,,,,,,A,0,,,,Inactive (no sales in last 6 months),20260818T075922Z-deb02f
22834,HAND WARMER BABUSHKA DESIGN,2011-11,2011-12,M2_gbm_poisson,109.198597,95.458980,product,14,1.645000,157.030022,267,0.874178,A,252,177.000000,1,15,Forecast,20260818T075922Z-deb02f
22835,HOT WATER BOTTLE I AM SO POORLY,2011-11,2011-12,M2_gbm_poisson,524.111886,151.085836,product,14,1.645000,248.536200,773,0.288270,A,996,599.666667,1,15,Forecast,20260818T075922Z-deb02f
22837,HOT WATER BOTTLE BABUSHKA,2011-11,2011-12,M2_gbm_poisson,4.873413,20.303910,product,13,1.645000,33.399933,39,4.166261,A,0,3.000000,3,14,Forecast,20260818T075922Z-deb02f
22838,3 TIER CAKE TIN RED AND CREAM,2011-11,2011-12,M2_gbm_poisson,50.264226,82.924042,product,13,1.645000,136.410049,187,1.649763,A,95,64.666667,1,14,Forecast,20260818T075922Z-deb02f
22839,3 TIER CAKE TIN GREEN AND CREAM,2011-11,2011-12,M2_gbm_poisson,38.152118,29.066966,product,13,1.645000,47.815159,86,0.761870,A,40,43.666667,1,14,Forecast,20260818T075922Z-deb02f
22840,ROUND CAKE TIN VINTAGE RED,2011-11,2011-12,M2_gbm_poisson,68.577080,76.477994,product,13,1.645000,125.806300,195,1.115212,A,76,77.333333,1,14,Forecast,20260818T075922Z-deb02f
22841,ROUND CAKE TIN VINTAGE GREEN,2011-11,2011-12,M2_gbm_poisson,40.599909,33.498457,product,13,1.645000,55.104962,96,0.825087,A,38,47.333333,1,14,Forecast,20260818T075922Z-deb02f
22842,BISCUIT TIN VINTAGE RED,2011-11,2011-12,M2_gbm_poisson,43.006917,33.262428,product,13,1.645000,54.716693,98,0.773420,A,42,47.333333,1,14,Forecast,20260818T075922Z-deb02f
22843,BISCUIT TIN VINTAGE GREEN,2011-11,2011-12,M2_gbm_poisson,31.669837,31.789761,product,13,1.645000,52.294157,84,1.003787,B,17,30.333333,1,14,Forecast,20260818T075922Z-deb02f
22844,VINTAGE CREAM DOG FOOD CONTAINER,2011-11,2011-12,M2_gbm_poisson,69.712131,43.567387,product,13,1.645000,71.668352,142,0.624961,A,98,69.666667,1,14,Forecast,20260818T075922Z-deb02f
22845,VINTAGE CREAM CAT FOOD CONTAINER,2011-11,2011-12,M2_gbm_poisson,58.006790,23.832943,product,13,1.645000,39.205192,98,0.410865,A,64,53.333333,1,14,Forecast,20260818T075922Z-deb02f
22846,BREAD BIN DINER STYLE RED,2011-11,2011-12,M2_gbm_poisson,53.669062,44.762956,product,13,1.645000,73.635062,128,0.834055,A,69,66.000000,1,14,Forecast,20260818T075922Z-deb02f
22847,BREAD BIN DINER STYLE IVORY,2011-11,2011-12,M2_gbm_poisson,65.772924,40.617013,product,13,1.645000,66.814987,133,0.617534,A,91,108.333333,1,14,Forecast,20260818T075922Z-deb02f
22848,BREAD BIN DINER STYLE PINK,2011-11,2011-12,M2_gbm_poisson,8.513567,18.468007,product,13,1.645000,30.379871,39,2.169244,A,0,13.666667,2,14,Forecast,20260818T075922Z-deb02f
22849,BREAD BIN DINER STYLE MINT,2011-11,2011-12,M2_gbm_poisson,3.164731,31.149574,product,13,1.645000,51.241050,55,9.842725,A,0,0.333333,2,14,Forecast,20260818T075922Z-deb02f
22850,BREAD BIN DINER STYLE BLACK,2011-11,2011-12,M2_gbm_poisson,,,,,,,,,C,0,,,,Inactive (no sales in last 6 months),20260818T075922Z-deb02f
22851,SET 20 NAPKINS FAIRY CAKES DESIGN,2011-11,2011-12,M2_gbm_poisson,126.372644,122.262312,product,15,1.645000,201.121504,328,0.967475,B,214,176.000000,1,16,Forecast,20260818T075922Z-deb02f
22852,DOG BOWL VINTAGE CREAM,2011-11,2011-12,M2_gbm_poisson,42.545611,26.193539,product,13,1.645000,43.088372,86,0.615658,B,33,33.666667,1,14,Forecast,20260818T075922Z-deb02f
22853,CAT BOWL VINTAGE CREAM,2011-11,2011-12,M2_gbm_poisson,44.778691,23.017365,product,13,1.645000,37.863565,83,0.514025,B,44,35.000000,1,14,Forecast,20260818T075922Z-deb02f
22854,CREAM SWEETHEART EGG HOLDER,2011-11,2011-12,M2_gbm_poisson,3.141141,87.388299,product,14,1.645000,143.753751,147,27.820562,A,0,0.666667,3,15,Forecast,20260818T075922Z-deb02f
22855,FINE WICKER HEART,2011-11,2011-12,M2_gbm_poisson,3.708816,162.195106,product,14,1.645000,266.810949,271,43.732313,A,0,0.000000,4,15,Forecast,20260818T075922Z-deb02f
22856,ASSORTED EASTER DECORATIONS  BELLS,2011-11,2011-12,M2_gbm_poisson,30.802350,29.569271,product,13,1.645000,48.641451,80,0.959968,B,26,16.000000,1,14,Forecast,20260818T075922Z-deb02f
22857,ASSORTED EASTER GIFT TAGS,2011-11,2011-12,M2_gbm_poisson,9.066296,132.375424,product,13,1.645000,217.757572,227,14.600827,B,0,4.000000,2,14,Forecast,20260818T075922Z-deb02f
22858,EASTER TIN KEEPSAKE,2011-11,2011-12,M2_gbm_poisson,5.587675,51.908643,product,12,1.645000,85.389718,91,9.289847,B,0,1.000000,2,13,Forecast,20260818T075922Z-deb02f
22859,EASTER TIN BUNNY BOUQUET,2011-11,2011-12,M2_gbm_poisson,41.862815,69.315108,product,13,1.645000,114.023353,156,1.655768,B,31,52.333333,1,14,Forecast,20260818T075922Z-deb02f
22860,EASTER TIN CHICKS PINK DAISY,2011-11,2011-12,M2_gbm_poisson,10.060839,19.281213,product,13,1.645000,31.717595,42,1.916462,B,6,3.000000,1,14,Forecast,20260818T075922Z-deb02f
22861,EASTER TIN CHICKS IN GARDEN,2011-11,2011-12,M2_gbm_poisson,,,,,,,,,C,0,,,,Inactive (no sales in last 6 months),20260818T075922Z-deb02f
22862,LOVE HEART NAPKIN BOX,2011-11,2011-12,M2_gbm_poisson,,,,,,,,,A,0,,,,Inactive (no sales in last 6 months),20260818T075922Z-deb02f
22863,SOAP DISH BROCANTE,2011-11,2011-12,M2_gbm_poisson,45.919502,73.295593,product,14,1.645000,120.571250,167,1.596176,B,43,24.333333,1,15,Forecast,20260818T075922Z-deb02f
22864,MUG AND COASTER SET RED CIRCLES,2011-11,2011-12,M2_gbm_poisson,,,,,,,,,C,0,,,,Inactive (no sales in last 6 months),20260818T075922Z-deb02f
22865,HAND WARMER OWL DESIGN,2011-11,2011-12,M2_gbm_poisson,914.232799,493.828708,product,14,1.645000,812.348224,1727,0.540156,A,2523,2092.000000,1,15,Forecast,20260818T075922Z-deb02f
22866,HAND WARMER SCOTTY DOG DESIGN,2011-11,2011-12,M2_gbm_poisson,857.752235,830.222716,product,14,1.645000,1365.716367,2224,0.967905,A,2360,1647.000000,1,15,Forecast,20260818T075922Z-deb02f
22867,HAND WARMER BIRD DESIGN,2011-11,2011-12,M2_gbm_poisson,810.364091,529.979092,product,14,1.645000,871.815606,1683,0.654001,A,1655,1326.333333,1,15,Forecast,20260818T075922Z-deb02f
22868,NUMBER TILE COTTAGE GARDEN 0,2011-11,2011-12,M2_gbm_poisson,6.496591,11.393781,product,13,1.645000,18.742770,26,1.753809,C,3,2.000000,1,14,Forecast,20260818T075922Z-deb02f
22869,NUMBER TILE COTTAGE GARDEN 1,2011-11,2011-12,M2_gbm_poisson,10.359749,7.615227,product,13,1.645000,12.527048,23,0.735078,C,3,3.333333,1,14,Forecast,20260818T075922Z-deb02f
22870,NUMBER TILE COTTAGE GARDEN 2,2011-11,2011-12,M2_gbm_poisson,8.694116,11.030841,product,13,1.645000,18.145733,27,1.268771,C,3,3.333333,1,14,Forecast,20260818T075922Z-deb02f
22871,NUMBER TILE COTTAGE GARDEN 3,2011-11,2011-12,M2_gbm_poisson,5.107578,9.825783,product,13,1.645000,16.163413,22,1.923766,C,1,1.000000,1,14,Forecast,20260818T075922Z-deb02f
22872,NUMBER TILE COTTAGE GARDEN 4,2011-11,2011-12,M2_gbm_poisson,4.574959,9.253944,product,13,1.645000,15.222739,20,2.022738,C,1,1.000000,1,14,Forecast,20260818T075922Z-deb02f
22873,NUMBER TILE COTTAGE GARDEN 5,2011-11,2011-12,M2_gbm_poisson,4.270564,12.461846,product,13,1.645000,20.499737,25,2.918079,C,1,0.666667,1,14,Forecast,20260818T075922Z-deb02f
22874,NUMBER TILE COTTAGE GARDEN 6,2011-11,2011-12,M2_gbm_poisson,5.635364,9.364102,product,13,1.645000,15.403947,22,1.661668,C,1,1.333333,1,14,Forecast,20260818T075922Z-deb02f
22875,NUMBER TILE COTTAGE GARDEN 7,2011-11,2011-12,M2_gbm_poisson,3.312705,10.276197,product,13,1.645000,16.904344,21,3.102056,C,0,0.333333,3,14,Forecast,20260818T075922Z-deb02f
22876,NUMBER TILE COTTAGE GARDEN 8,2011-11,2011-12,M2_gbm_poisson,5.302020,13.547406,product,13,1.645000,22.285482,28,2.555141,C,0,0.666667,3,14,Forecast,20260818T075922Z-deb02f
22877,NUMBER TILE COTTAGE GARDEN 9,2011-11,2011-12,M2_gbm_poisson,3.356385,9.221624,product,13,1.645000,15.169571,19,2.747487,C,0,1.000000,2,14,Forecast,20260818T075922Z-deb02f
22878,NUMBER TILE COTTAGE GARDEN No,2011-11,2011-12,M2_gbm_poisson,5.202025,13.113597,product,13,1.645000,21.571867,27,2.520864,C,2,1.666667,1,14,Forecast,20260818T075922Z-deb02f
22879,NUMBER TILE VINTAGE FONT 0,2011-11,2011-12,M2_gbm_poisson,3.740480,6.248418,product,13,1.645000,10.278647,15,1.670486,C,0,1.666667,2,14,Forecast,20260818T075922Z-deb02f
22880,NUMBER TILE VINTAGE FONT 1,2011-11,2011-12,M2_gbm_poisson,9.612238,6.167171,product,13,1.645000,10.144997,20,0.641596,C,2,3.666667,1,14,Forecast,20260818T075922Z-deb02f
22881,NUMBER TILE VINTAGE FONT 2,2011-11,2011-12,M2_gbm_poisson,10.640924,10.901261,product,13,1.645000,17.932575,29,1.024466,C,2,4.000000,1,14,Forecast,20260818T075922Z-deb02f
22882,NUMBER TILE VINTAGE FONT 3,2011-11,2011-12,M2_gbm_poisson,8.884730,8.062824,product,13,1.645000,13.263345,23,0.907492,C,3,2.333333,1,14,Forecast,20260818T075922Z-deb02f
22883,NUMBER TILE VINTAGE FONT 4,2011-11,2011-12,M2_gbm_poisson,7.424858,5.767462,product,13,1.645000,9.487475,17,0.776777,C,2,2.333333,1,14,Forecast,20260818T075922Z-deb02f
22884,NUMBER TILE VINTAGE FONT 5,2011-11,2011-12,M2_gbm_poisson,9.645716,7.991807,product,13,1.645000,13.146523,23,0.828534,C,5,3.000000,1,14,Forecast,20260818T075922Z-deb02f
22885,NUMBER TILE VINTAGE FONT 6,2011-11,2011-12,M2_gbm_poisson,7.467359,8.661942,product,13,1.645000,14.248895,22,1.159974,C,3,2.000000,1,14,Forecast,20260818T075922Z-deb02f
22886,NUMBER TILE VINTAGE FONT 7,2011-11,2011-12,M2_gbm_poisson,6.490753,6.533818,product,13,1.645000,10.748131,18,1.006635,C,1,2.000000,1,14,Forecast,20260818T075922Z-deb02f
22887,NUMBER TILE VINTAGE FONT 8,2011-11,2011-12,M2_gbm_poisson,4.180645,9.388416,product,13,1.645000,15.443945,20,2.245686,C,0,1.666667,2,14,Forecast,20260818T075922Z-deb02f
22888,NUMBER TILE VINTAGE FONT 9,2011-11,2011-12,M2_gbm_poisson,6.548022,7.917455,product,12,1.645000,13.024213,20,1.209137,C,2,2.000000,1,13,Forecast,20260818T075922Z-deb02f
22889,NUMBER TILE VINTAGE FONT No,2011-11,2011-12,M2_gbm_poisson,11.955108,9.895021,product,13,1.645000,16.277309,29,0.827681,C,4,4.000000,1,14,Forecast,20260818T075922Z-deb02f
22890,NOVELTY BISCUITS CAKE STAND 3 TIER,2011-11,2011-12,M2_gbm_poisson,48.313846,29.594179,product,13,1.645000,48.682424,97,0.612540,A,60,35.666667,1,14,Forecast,20260818T075922Z-deb02f
22891,TEA FOR ONE POLKADOT,2011-11,2011-12,M2_gbm_poisson,43.255058,17.006015,product,13,1.645000,27.974895,72,0.393157,B,50,37.000000,1,14,Forecast,20260818T075922Z-deb02f
22892,SET OF SALT AND PEPPER TOADSTOOLS,2011-11,2011-12,M2_gbm_poisson,87.196353,130.362201,product,13,1.645000,214.445821,302,1.495042,B,78,178.666667,1,14,Forecast,20260818T075922Z-deb02f
22893,MINI CAKE STAND T-LIGHT HOLDER,2011-11,2011-12,M2_gbm_poisson,60.965847,192.926142,product,13,1.645000,317.363503,379,3.164495,C,62,135.666667,1,14,Forecast,20260818T075922Z-deb02f
22894,TABLECLOTH RED APPLES DESIGN,2011-11,2011-12,M2_gbm_poisson,18.847151,18.522641,product,14,1.645000,30.469744,50,0.982782,A,11,13.000000,1,15,Forecast,20260818T075922Z-deb02f
22895,SET OF 2 TEA TOWELS APPLE AND PEARS,2011-11,2011-12,M2_gbm_poisson,105.900144,110.878984,product,14,1.645000,182.395928,289,1.047014,A,163,165.333333,1,15,Forecast,20260818T075922Z-deb02f
22896,PEG BAG APPLES DESIGN,2011-11,2011-12,M2_gbm_poisson,69.817272,82.990018,product,14,1.645000,136.518579,207,1.188675,A,106,88.666667,1,15,Forecast,20260818T075922Z-deb02f
22897,OVEN MITT APPLES DESIGN,2011-11,2011-12,M2_gbm_poisson,95.896709,57.364463,product,14,1.645000,94.364541,191,0.598190,B,187,146.333333,1,15,Forecast,20260818T075922Z-deb02f
22898,CHILDRENS APRON APPLES DESIGN,2011-11,2011-12,M2_gbm_poisson,194.750035,126.098392,product,14,1.645000,207.431854,403,0.647488,A,422,255.666667,1,15,Forecast,20260818T075922Z-deb02f
22899,CHILDREN'S APRON DOLLY GIRL,2011-11,2011-12,M2_gbm_poisson,165.371190,72.622863,product,14,1.645000,119.464610,285,0.439151,A,335,236.333333,1,15,Forecast,20260818T075922Z-deb02f
22900,SET 2 TEA TOWELS I LOVE LONDON,2011-11,2011-12,M2_gbm_poisson,220.362677,221.866272,product,14,1.645000,364.970017,586,1.006823,A,407,353.666667,1,15,Forecast,20260818T075922Z-deb02f
22902,TOTE BAG I LOVE LONDON,2011-11,2011-12,M2_gbm_poisson,69.108738,86.598518,product,14,1.645000,142.454562,212,1.253076,B,116,124.333333,1,15,Forecast,20260818T075922Z-deb02f
22903,CALENDAR FAMILY FAVOURITES,2011-11,2011-12,M2_gbm_poisson,43.875976,23.364442,product,14,1.645000,38.434507,83,0.532511,B,50,24.000000,1,15,Forecast,20260818T075922Z-deb02f
22904,CALENDAR PAPER CUT DESIGN,2011-11,2011-12,M2_gbm_poisson,103.559071,97.281911,product,14,1.645000,160.028744,264,0.939386,A,125,183.666667,1,15,Forecast,20260818T075922Z-deb02f
22905,CALENDAR IN SEASON DESIGN,2011-11,2011-12,M2_gbm_poisson,83.812094,42.435422,product,14,1.645000,69.806269,154,0.506316,B,151,95.000000,1,15,Forecast,20260818T075922Z-deb02f
22906,12 MESSAGE CARDS WITH ENVELOPES,2011-11,2011-12,M2_gbm_poisson,100.493201,52.367508,product,14,1.645000,86.144550,187,0.521105,A,235,161.333333,1,15,Forecast,20260818T075922Z-deb02f
22907,PACK OF 20 NAPKINS PANTRY DESIGN,2011-11,2011-12,M2_gbm_poisson,287.360813,351.919721,product,14,1.645000,578.907941,867,1.224661,A,288,467.000000,1,15,Forecast,20260818T075922Z-deb02f
22908,PACK OF 20 NAPKINS RED APPLES,2011-11,2011-12,M2_gbm_poisson,150.651680,195.583332,product,14,1.645000,321.734581,473,1.298249,B,148,215.000000,1,15,Forecast,20260818T075922Z-deb02f
22909,SET OF 20 VINTAGE CHRISTMAS NAPKINS,2011-11,2011-12,M2_gbm_poisson,923.870815,245.322634,product,14,1.645000,403.555734,1328,0.265538,A,2395,2070.333333,1,15,Forecast,20260818T075922Z-deb02f
22910,PAPER CHAIN KIT VINTAGE CHRISTMAS,2011-11,2011-12,M2_gbm_poisson,1860.341116,381.113153,product,14,1.645000,626.931137,2488,0.204862,A,3822,2384.666667,1,15,Forecast,20260818T075922Z-deb02f
22911,PAPER CHAIN KIT LONDON,2011-11,2011-12,M2_gbm_poisson,63.115672,63.134149,product,14,1.645000,103.855675,167,1.000293,B,112,52.333333,1,15,Forecast,20260818T075922Z-deb02f
22912,YELLOW COAT RACK PARIS FASHION,2011-11,2011-12,M2_gbm_poisson,20.902787,17.325886,product,12,1.645000,28.501082,50,0.828879,B,13,13.333333,1,13,Forecast,20260818T075922Z-deb02f
22913,RED COAT RACK PARIS FASHION,2011-11,2011-12,M2_gbm_poisson,17.829725,11.455309,product,12,1.645000,18.843983,37,0.642484,B,8,9.000000,1,13,Forecast,20260818T075922Z-deb02f
22914,BLUE COAT RACK PARIS FASHION,2011-11,2011-12,M2_gbm_poisson,18.316662,19.056970,product,12,1.645000,31.348715,50,1.040417,B,11,13.000000,1,13,Forecast,20260818T075922Z-deb02f
22915,ASSORTED BOTTLE TOP  MAGNETS,2011-11,2011-12,M2_gbm_poisson,113.596806,180.858742,product,12,1.645000,297.512630,412,1.592111,C,285,190.666667,1,13,Forecast,20260818T075922Z-deb02f
22916,HERB MARKER THYME,2011-11,2011-12,M2_gbm_poisson,59.557897,116.928437,product,12,1.645000,192.347278,252,1.963273,C,75,66.666667,1,13,Forecast,20260818T075922Z-deb02f
22917,HERB MARKER ROSEMARY,2011-11,2011-12,M2_gbm_poisson,63.703354,125.908471,product,12,1.645000,207.119434,271,1.976481,C,90,71.000000,1,13,Forecast,20260818T075922Z-deb02f
22918,HERB MARKER PARSLEY,2011-11,2011-12,M2_gbm_poisson,63.703354,124.745667,product,12,1.645000,205.206623,269,1.958228,C,89,68.333333,1,13,Forecast,20260818T075922Z-deb02f
22919,HERB MARKER MINT,2011-11,2011-12,M2_gbm_poisson,57.659754,122.680702,product,12,1.645000,201.809755,260,2.127666,C,72,61.000000,1,13,Forecast,20260818T075922Z-deb02f
22920,HERB MARKER BASIL,2011-11,2011-12,M2_gbm_poisson,71.899723,127.468314,product,12,1.645000,209.685377,282,1.772862,C,81,59.333333,1,13,Forecast,20260818T075922Z-deb02f
22921,HERB MARKER CHIVES,2011-11,2011-12,M2_gbm_poisson,61.034328,105.454150,product,12,1.645000,173.472077,235,1.727784,C,72,72.333333,1,13,Forecast,20260818T075922Z-deb02f
22922,FRIDGE MAGNETS US DINER ASSORTED,2011-11,2011-12,M2_gbm_poisson,67.786881,86.499554,product,12,1.645000,142.291767,211,1.276052,B,88,115.000000,1,13,Forecast,20260818T075922Z-deb02f
22923,FRIDGE MAGNETS LES ENFANTS ASSORTED,2011-11,2011-12,M2_gbm_poisson,60.815436,67.849558,product,12,1.645000,111.612523,173,1.115663,C,87,83.000000,1,13,Forecast,20260818T075922Z-deb02f
22924,FRIDGE MAGNETS LA VIE EN ROSE,2011-11,2011-12,M2_gbm_poisson,68.068900,93.419219,product,12,1.645000,153.674615,222,1.372421,C,90,114.000000,1,13,Forecast,20260818T075922Z-deb02f
22925,BLUE GIANT GARDEN THERMOMETER,2011-11,2011-12,M2_gbm_poisson,12.297611,35.708199,product,12,1.645000,58.739987,72,2.903670,B,0,22.333333,2,13,Forecast,20260818T075922Z-deb02f
22926,IVORY GIANT GARDEN THERMOMETER,2011-11,2011-12,M2_gbm_poisson,,,,,,,,,A,0,,,,Inactive (no sales in last 6 months),20260818T075922Z-deb02f
22927,GREEN GIANT GARDEN THERMOMETER,2011-11,2011-12,M2_gbm_poisson,6.676423,19.166237,product,12,1.645000,31.528460,39,2.870734,B,0,8.666667,3,13,Forecast,20260818T075922Z-deb02f
22928,YELLOW GIANT GARDEN THERMOMETER,2011-11,2011-12,M2_gbm_poisson,49.763488,22.455311,product,12,1.645000,36.938987,87,0.451241,C,53,34.333333,1,13,Forecast,20260818T075922Z-deb02f
22929,SCHOOL DESK AND CHAIR,2011-11,2011-12,M2_gbm_poisson,3.456466,5.106371,product,12,1.645000,8.399980,12,1.477339,C,0,2.000000,2,13,Forecast,20260818T075922Z-deb02f
22930,BAKING MOULD HEART MILK CHOCOLATE,2011-11,2011-12,M2_gbm_poisson,61.605227,38.114088,product,11,1.645000,62.697674,125,0.618683,B,92,66.000000,1,12,Forecast,20260818T075922Z-deb02f
22931,BAKING MOULD HEART WHITE CHOCOLATE,2011-11,2011-12,M2_gbm_poisson,32.157646,25.039335,product,11,1.645000,41.189706,74,0.778643,B,18,18.000000,1,12,Forecast,20260818T075922Z-deb02f
22932,BAKING MOULD TOFFEE CUP CHOCOLATE,2011-11,2011-12,M2_gbm_poisson,20.297093,18.637913,product,11,1.645000,30.659367,51,0.918255,B,7,13.000000,1,12,Forecast,20260818T075922Z-deb02f
22933,BAKING MOULD EASTER EGG MILK CHOC,2011-11,2011-12,M2_gbm_poisson,4.545637,32.326759,product,11,1.645000,53.177518,58,7.111602,B,1,1.333333,1,12,Forecast,20260818T075922Z-deb02f
22934,BAKING MOULD EASTER EGG WHITE CHOC,2011-11,2011-12,M2_gbm_poisson,8.047768,52.090558,product,11,1.645000,85.688968,94,6.472671,B,1,3.000000,1,12,Forecast,20260818T075922Z-deb02f
22935,BAKING MOULD ROSE MILK CHOCOLATE,2011-11,2011-12,M2_gbm_poisson,26.071063,28.255391,product,11,1.645000,46.480118,73,1.083784,B,15,9.333333,1,12,Forecast,20260818T075922Z-deb02f
22936,BAKING MOULD ROSE WHITE CHOCOLATE,2011-11,2011-12,M2_gbm_poisson,15.696971,19.243258,product,11,1.645000,31.655160,48,1.225922,C,7,8.000000,1,12,Forecast,20260818T075922Z-deb02f
22937,BAKING MOULD CHOCOLATE CUPCAKES,2011-11,2011-12,M2_gbm_poisson,29.160950,40.180091,product,11,1.645000,66.096249,96,1.377873,B,12,38.000000,1,12,Forecast,20260818T075922Z-deb02f
22938,CUPCAKE LACE PAPER SET 6,2011-11,2011-12,M2_gbm_poisson,148.626005,90.519921,product,14,1.645000,148.905269,298,0.609045,A,398,222.000000,1,15,Forecast,20260818T075922Z-deb02f
22939,APRON APPLE DELIGHT,2011-11,2011-12,M2_gbm_poisson,51.482799,34.626494,product,14,1.645000,56.960582,109,0.672584,B,57,37.000000,1,15,Forecast,20260818T075922Z-deb02f
22940,FELTCRAFT CHRISTMAS FAIRY,2011-11,2011-12,M2_gbm_poisson,214.322502,111.824883,product,14,1.645000,183.951932,399,0.521760,A,395,366.000000,1,15,Forecast,20260818T075922Z-deb02f
22941,CHRISTMAS LIGHTS 10 REINDEER,2011-11,2011-12,M2_gbm_poisson,218.524795,21.620014,product,13,1.645000,35.564924,255,0.098936,A,432,441.000000,1,14,Forecast,20260818T075922Z-deb02f
22942,CHRISTMAS LIGHTS 10 SANTAS,2011-11,2011-12,M2_gbm_poisson,77.147522,40.175347,product,11,1.645000,66.088445,144,0.520760,A,134,134.666667,1,14,Forecast,20260818T075922Z-deb02f
22943,CHRISTMAS LIGHTS 10 VINTAGE BAUBLES,2011-11,2011-12,M2_gbm_poisson,97.180907,135.281468,product,13,1.645000,222.538015,320,1.392058,A,162,314.000000,1,14,Forecast,20260818T075922Z-deb02f
22944,CHRISTMAS METAL POSTCARD WITH BELLS,2011-11,2011-12,M2_gbm_poisson,596.075249,96.064103,product,14,1.645000,158.025450,755,0.161161,B,1464,1063.666667,1,15,Forecast,20260818T075922Z-deb02f
22945,CHRISTMAS METAL TAGS ASSORTED,2011-11,2011-12,M2_gbm_poisson,343.853774,248.371675,product,14,1.645000,408.571406,753,0.722318,A,772,647.000000,1,15,Forecast,20260818T075922Z-deb02f
22946,WOODEN ADVENT CALENDAR CREAM,2011-11,2011-12,M2_gbm_poisson,72.101256,21.217044,product,14,1.645000,34.902037,108,0.294267,A,109,95.000000,1,15,Forecast,20260818T075922Z-deb02f
22947,WOODEN ADVENT CALENDAR RED,2011-11,2011-12,M2_gbm_poisson,216.870081,14.151714,product,14,1.645000,23.279569,241,0.065254,A,511,236.000000,1,15,Forecast,20260818T075922Z-deb02f
22948,METAL DECORATION NAUGHTY CHILDREN,2011-11,2011-12,M2_gbm_poisson,98.674008,101.589976,product,14,1.645000,167.115510,266,1.029552,B,207,150.333333,1,15,Forecast,20260818T075922Z-deb02f
22949,36 DOILIES DOLLY GIRL,2011-11,2011-12,M2_gbm_poisson,58.910610,74.668999,product,14,1.645000,122.830504,182,1.267497,B,65,80.666667,1,15,Forecast,20260818T075922Z-deb02f
22950,36 DOILIES VINTAGE CHRISTMAS,2011-11,2011-12,M2_gbm_poisson,379.835238,429.125968,product,13,1.645000,705.912217,1086,1.129769,A,17,1113.666667,1,15,Forecast,20260818T075922Z-deb02f
22951,60 CAKE CASES DOLLY GIRL DESIGN,2011-11,2011-12,M2_gbm_poisson,331.483124,275.312371,product,14,1.645000,452.888850,785,0.830547,A,735,812.000000,1,15,Forecast,20260818T075922Z-deb02f
22952,60 CAKE CASES VINTAGE CHRISTMAS,2011-11,2011-12,M2_gbm_poisson,1964.435991,1474.978546,product,14,1.645000,2426.339709,4391,0.750841,A,4347,3952.000000,1,15,Forecast,20260818T075922Z-deb02f
22953,BIRTHDAY PARTY CORDON BARRIER TAPE,2011-11,2011-12,M2_gbm_poisson,42.146098,21.439434,product,12,1.645000,35.267869,78,0.508693,C,39,31.333333,1,13,Forecast,20260818T075922Z-deb02f
22954,HEN PARTY CORDON BARRIER TAPE,2011-11,2011-12,M2_gbm_poisson,21.161781,23.650139,product,12,1.645000,38.904478,61,1.117587,C,7,12.333333,1,13,Forecast,20260818T075922Z-deb02f
22955,36 FOIL STAR CAKE CASES,2011-11,2011-12,M2_gbm_poisson,104.627055,73.088696,product,12,1.645000,120.230905,225,0.698564,B,271,149.000000,1,13,Forecast,20260818T075922Z-deb02f
22956,36 FOIL HEART CAKE CASES,2011-11,2011-12,M2_gbm_poisson,67.986295,81.551896,product,12,1.645000,134.152868,203,1.199534,B,73,101.666667,1,13,Forecast,20260818T075922Z-deb02f
22957,SET 3 PAPER VINTAGE CHICK PAPER EGG,2011-11,2011-12,M2_gbm_poisson,4.307757,67.271937,product,10,1.645000,110.662337,115,15.616466,A,0,2.000000,3,11,Forecast,20260818T075922Z-deb02f
22959,WRAP CHRISTMAS VILLAGE,2011-11,2011-12,M2_gbm_poisson,709.730679,351.893331,product,13,1.645000,578.864529,1289,0.495812,B,1950,1316.666667,1,15,Forecast,20260818T075922Z-deb02f
22960,JAM MAKING SET WITH JARS,2011-11,2011-12,M2_gbm_poisson,474.524114,342.637237,product,12,1.645000,563.638254,1039,0.722065,A,1036,858.333333,1,13,Forecast,20260818T075922Z-deb02f
22961,JAM MAKING SET PRINTED,2011-11,2011-12,M2_gbm_poisson,937.880607,451.992330,product,16,1.645000,743.527383,1682,0.481929,A,1574,1607.333333,1,17,Forecast,20260818T075922Z-deb02f
22962,JAM JAR WITH PINK LID,2011-11,2011-12,M2_gbm_poisson,146.821030,129.428089,product,12,1.645000,212.909206,360,0.881536,B,311,255.666667,1,13,Forecast,20260818T075922Z-deb02f
22963,JAM JAR WITH GREEN LID,2011-11,2011-12,M2_gbm_poisson,107.666560,107.107027,product,16,1.645000,176.191059,284,0.994803,B,175,221.666667,1,17,Forecast,20260818T075922Z-deb02f
22964,3 PIECE SPACEBOY COOKIE CUTTER SET,2011-11,2011-12,M2_gbm_poisson,137.136587,152.600534,product,12,1.645000,251.027878,389,1.112763,A,276,230.666667,1,13,Forecast,20260818T075922Z-deb02f
22965,3 TRADITIONAl BISCUIT CUTTERS  SET,2011-11,2011-12,M2_gbm_poisson,88.989691,68.063942,product,12,1.645000,111.965185,201,0.764852,B,178,132.666667,1,13,Forecast,20260818T075922Z-deb02f
22966,GINGERBREAD MAN COOKIE CUTTER,2011-11,2011-12,M2_gbm_poisson,552.284941,122.956466,product,12,1.645000,202.263386,755,0.222632,A,1146,922.666667,1,13,Forecast,20260818T075922Z-deb02f
22967,SET 3 SONG BIRD PAPER EGGS ASSORTED,2011-11,2011-12,M2_gbm_poisson,2.219331,29.988698,product,10,1.645000,49.331409,52,13.512492,A,0,0.000000,6,11,Forecast,20260818T075922Z-deb02f
22968,ROSE COTTAGE KEEPSAKE BOX,2011-11,2011-12,M2_gbm_poisson,38.727969,30.742452,product,13,1.645000,50.571334,90,0.793805,A,40,18.666667,1,14,Forecast,20260818T075922Z-deb02f
22969,HOMEMADE JAM SCENTED CANDLES,2011-11,2011-12,M2_gbm_poisson,422.618617,297.584581,product,12,1.645000,489.526636,913,0.704145,A,608,1132.000000,1,13,Forecast,20260818T075922Z-deb02f
22970,LONDON BUS COFFEE MUG,2011-11,2011-12,M2_gbm_poisson,179.445920,176.104118,product,11,1.645000,289.691273,470,0.981377,A,302,332.666667,1,12,Forecast,20260818T075922Z-deb02f
22971,QUEENS GUARD COFFEE MUG,2011-11,2011-12,M2_gbm_poisson,108.819115,97.321274,product,11,1.645000,160.093496,269,0.894340,A,231,162.000000,1,12,Forecast,20260818T075922Z-deb02f
22972,CHILDREN'S SPACEBOY MUG,2011-11,2011-12,M2_gbm_poisson,79.882181,103.409200,product,12,1.645000,170.108134,250,1.294521,B,122,146.666667,1,13,Forecast,20260818T075922Z-deb02f
22973,CHILDREN'S CIRCUS PARADE MUG,2011-11,2011-12,M2_gbm_poisson,70.430147,40.377796,product,12,1.645000,66.421474,137,0.573303,B,130,92.000000,1,13,Forecast,20260818T075922Z-deb02f
22974,CHILDRENS DOLLY GIRL MUG,2011-11,2011-12,M2_gbm_poisson,74.297574,43.635216,product,12,1.645000,71.779930,147,0.587303,B,121,101.000000,1,13,Forecast,20260818T075922Z-deb02f
22975,SPACEBOY CHILDRENS EGG CUP,2011-11,2011-12,M2_gbm_poisson,67.728493,38.789857,product,12,1.645000,63.809315,132,0.572726,B,96,69.000000,1,13,Forecast,20260818T075922Z-deb02f
22976,CIRCUS PARADE CHILDRENS EGG CUP,2011-11,2011-12,M2_gbm_poisson,59.960675,59.074568,product,12,1.645000,97.177664,158,0.985222,B,86,51.000000,1,13,Forecast,20260818T075922Z-deb02f
22977,DOLLY GIRL CHILDRENS EGG CUP,2011-11,2011-12,M2_gbm_poisson,50.267413,36.718813,product,12,1.645000,60.402447,111,0.730470,B,40,36.000000,1,13,Forecast,20260818T075922Z-deb02f
22978,PANTRY ROLLING PIN,2011-11,2011-12,M2_gbm_poisson,124.940347,158.119735,product,9,1.645000,260.106964,386,1.265562,B,88,359.333333,1,10,Forecast,20260818T075922Z-deb02f
22979,PANTRY WASHING UP BRUSH,2011-11,2011-12,M2_gbm_poisson,304.544957,233.199711,product,8,1.645000,383.613524,689,0.765732,B,379,488.000000,1,9,Forecast,20260818T075922Z-deb02f
22980,PANTRY SCRUBBING BRUSH,2011-11,2011-12,M2_gbm_poisson,92.179744,118.479310,product,9,1.645000,194.898465,288,1.285307,B,120,139.666667,1,10,Forecast,20260818T075922Z-deb02f
22981,PANTRY APPLE CORER,2011-11,2011-12,M2_gbm_poisson,47.114820,34.741469,product,8,1.645000,57.149717,105,0.737379,C,43,30.666667,1,9,Forecast,20260818T075922Z-deb02f
22982,PANTRY PASTRY BRUSH,2011-11,2011-12,M2_gbm_poisson,72.395392,50.246500,product,8,1.645000,82.655493,156,0.694057,C,103,82.666667,1,9,Forecast,20260818T075922Z-deb02f
22983,CARD BILLBOARD FONT,2011-11,2011-12,M2_gbm_poisson,257.953501,132.130795,product,14,1.645000,217.355157,476,0.512227,B,405,488.666667,1,15,Forecast,20260818T075922Z-deb02f
22984,CARD GINGHAM ROSE,2011-11,2011-12,M2_gbm_poisson,97.315153,125.652945,product,14,1.645000,206.699094,305,1.291196,C,113,226.333333,1,15,Forecast,20260818T075922Z-deb02f
22985,"WRAP, BILLBOARD FONTS DESIGN",2011-11,2011-12,M2_gbm_poisson,88.684906,148.657040,product,14,1.645000,244.540831,334,1.676238,B,175,183.333333,1,15,Forecast,20260818T075922Z-deb02f
22986,GINGHAM ROSE WRAP,2011-11,2011-12,M2_gbm_poisson,112.372264,83.145023,product,14,1.645000,136.773564,250,0.739907,B,400,341.666667,1,15,Forecast,20260818T075922Z-deb02f
22987,"WRAP , SUMMER ROSE DESIGN",2011-11,2011-12,M2_gbm_poisson,10.041441,24.718723,product,14,1.645000,40.662299,51,2.461671,C,0,9.000000,2,15,Forecast,20260818T075922Z-deb02f
22988,SOLDIERS EGG CUP,2011-11,2011-12,M2_gbm_poisson,407.611574,335.390140,product,12,1.645000,551.716780,960,0.822818,A,908,788.000000,1,13,Forecast,20260818T075922Z-deb02f
22989,SET 2 PANTRY DESIGN TEA TOWELS,2011-11,2011-12,M2_gbm_poisson,109.301181,159.773279,product,9,1.645000,262.827043,373,1.461771,A,104,181.666667,1,10,Forecast,20260818T075922Z-deb02f
22990,COTTON APRON PANTRY DESIGN,2011-11,2011-12,M2_gbm_poisson,45.612728,15.662779,product,9,1.645000,25.765272,72,0.343386,B,36,34.000000,1,10,Forecast,20260818T075922Z-deb02f
22991,GIRAFFE WOODEN RULER,2011-11,2011-12,M2_gbm_poisson,305.523398,168.995940,product,9,1.645000,277.998321,584,0.553136,B,430,510.000000,1,10,Forecast,20260818T075922Z-deb02f
22992,REVOLVER WOODEN RULER,2011-11,2011-12,M2_gbm_poisson,417.199795,115.020849,product,9,1.645000,189.209297,607,0.275697,B,901,751.333333,1,10,Forecast,20260818T075922Z-deb02f
22993,SET OF 4 PANTRY JELLY MOULDS,2011-11,2011-12,M2_gbm_poisson,846.648403,405.551294,product,9,1.645000,667.131878,1514,0.479008,A,1687,1397.333333,1,10,Forecast,20260818T075922Z-deb02f
22994,TRAVEL CARD WALLET RETROSPOT,2011-11,2011-12,M2_gbm_poisson,144.386157,133.898795,product,9,1.645000,220.263518,365,0.927366,C,289,263.333333,1,10,Forecast,20260818T075922Z-deb02f
22995,TRAVEL CARD WALLET SUKI,2011-11,2011-12,M2_gbm_poisson,143.844064,119.882295,product,9,1.645000,197.206375,342,0.833418,C,192,203.000000,1,10,Forecast,20260818T075922Z-deb02f
22996,TRAVEL CARD WALLET VINTAGE TICKET,2011-11,2011-12,M2_gbm_poisson,273.799170,180.089198,product,9,1.645000,296.246731,571,0.657742,C,586,530.666667,1,10,Forecast,20260818T075922Z-deb02f
22997,TRAVEL CARD WALLET UNION JACK,2011-11,2011-12,M2_gbm_poisson,163.567873,85.633790,product,9,1.645000,140.867584,305,0.523537,C,373,302.000000,1,10,Forecast,20260818T075922Z-deb02f
22998,TRAVEL CARD WALLET KEEP CALM,2011-11,2011-12,M2_gbm_poisson,968.853201,599.989094,product,9,1.645000,986.982060,1956,0.619278,B,1656,1519.000000,1,10,Forecast,20260818T075922Z-deb02f
22999,TRAVEL CARD WALLET VINTAGE LEAF,2011-11,2011-12,M2_gbm_poisson,100.547251,75.188576,product,9,1.645000,123.685208,225,0.747793,C,237,269.666667,1,10,Forecast,20260818T075922Z-deb02f
23000,TRAVEL CARD WALLET TRANSPORT,2011-11,2011-12,M2_gbm_poisson,180.522732,64.866270,product,9,1.645000,106.705015,288,0.359325,C,330,371.000000,1,10,Forecast,20260818T075922Z-deb02f
23002,TRAVEL CARD WALLET SKULLS,2011-11,2011-12,M2_gbm_poisson,133.832763,119.671617,product,9,1.645000,196.859810,331,0.894188,C,319,289.000000,1,10,Forecast,20260818T075922Z-deb02f
23003,TRAVEL CARD WALLET VINTAGE ROSE,2011-11,2011-12,M2_gbm_poisson,2.182114,99.208772,product,9,1.645000,163.198430,166,45.464532,C,0,0.000000,6,10,Forecast,20260818T075922Z-deb02f
23004,TRAVEL CARD WALLET PANTRY,2011-11,2011-12,M2_gbm_poisson,143.786334,97.725431,product,9,1.645000,160.758334,305,0.679657,C,270,231.333333,1,10,Forecast,20260818T075922Z-deb02f
23005,TRAVEL CARD WALLET I LOVE LONDON,2011-11,2011-12,M2_gbm_poisson,542.588424,367.774646,product,9,1.645000,604.989292,1148,0.677815,C,1276,924.000000,1,10,Forecast,20260818T075922Z-deb02f
23006,TRAVEL CARD WALLET FLOWER MEADOW,2011-11,2011-12,M2_gbm_poisson,86.549164,17.948504,product,9,1.645000,29.525289,117,0.207379,C,156,179.333333,1,10,Forecast,20260818T075922Z-deb02f
23007,SPACEBOY BABY GIFT SET,2011-11,2011-12,M2_gbm_poisson,54.845166,23.206471,product,8,1.645000,38.174644,94,0.423127,A,61,58.666667,1,9,Forecast,20260818T075922Z-deb02f
23008,DOLLY GIRL BABY GIFT SET,2011-11,2011-12,M2_gbm_poisson,38.301249,15.557070,product,8,1.645000,25.591380,64,0.406177,A,37,37.333333,1,9,Forecast,20260818T075922Z-deb02f
23009,I LOVE LONDON BABY GIFT SET,2011-11,2011-12,M2_gbm_poisson,50.268615,18.914566,product,8,1.645000,31.114461,82,0.376270,B,54,42.333333,1,9,Forecast,20260818T075922Z-deb02f
23010,CIRCUS PARADE BABY GIFT SET,2011-11,2011-12,M2_gbm_poisson,40.322382,13.062818,product,8,1.645000,21.488336,62,0.323959,B,46,25.666667,1,9,Forecast,20260818T075922Z-deb02f
23012,GLASS APOTHECARY BOTTLE PERFUME,2011-11,2011-12,M2_gbm_poisson,118.445825,8.023905,abc_group,5,1.645000,13.199324,132,0.067743,C,213,227.333333,1,6,Forecast,20260818T075922Z-deb02f
23013,GLASS APOTHECARY BOTTLE TONIC,2011-11,2011-12,M2_gbm_poisson,119.747513,8.023905,abc_group,5,1.645000,13.199324,133,0.067007,C,180,196.000000,1,6,Forecast,20260818T075922Z-deb02f
23014,GLASS APOTHECARY BOTTLE ELIXIR,2011-11,2011-12,M2_gbm_poisson,80.901721,8.023905,abc_group,5,1.645000,13.199324,95,0.099181,C,108,171.666667,1,6,Forecast,20260818T075922Z-deb02f
23015,CORDIAL GLASS JUG,2011-11,2011-12,M2_gbm_poisson,11.552401,8.023905,abc_group,5,1.645000,13.199324,25,0.694566,C,4,3.666667,1,6,Forecast,20260818T075922Z-deb02f
23016,GLASS TWIST BON BON JAR,2011-11,2011-12,M2_gbm_poisson,23.348027,8.023905,abc_group,5,1.645000,13.199324,37,0.343665,C,9,15.666667,1,6,Forecast,20260818T075922Z-deb02f
23017,APOTHECARY MEASURING JAR,2011-11,2011-12,M2_gbm_poisson,16.454058,8.023905,abc_group,5,1.645000,13.199324,30,0.487655,C,11,12.333333,1,6,Forecast,20260818T075922Z-deb02f
23018,LARGE APOTHECARY MEASURING JAR,2011-11,2011-12,M2_gbm_poisson,12.962232,8.023905,abc_group,5,1.645000,13.199324,27,0.619022,C,3,6.333333,1,6,Forecast,20260818T075922Z-deb02f
23019,SMALL APOTHECARY MEASURING JAR,2011-11,2011-12,M2_gbm_poisson,18.705683,8.023905,abc_group,5,1.645000,13.199324,32,0.428955,C,5,10.666667,1,6,Forecast,20260818T075922Z-deb02f
23020,GLASS  SONGBIRD STORAGE JAR,2011-11,2011-12,M2_gbm_poisson,36.468254,8.023905,abc_group,5,1.645000,13.199324,50,0.220024,C,20,28.333333,1,6,Forecast,20260818T075922Z-deb02f
23021,GLASS BONNE JAM JAR,2011-11,2011-12,M2_gbm_poisson,25.447605,8.023905,abc_group,5,1.645000,13.199324,39,0.315311,C,8,23.333333,1,6,Forecast,20260818T075922Z-deb02f
23022,SMALL BONNE JAM JAR  T-LIGHT HOLDER,2011-11,2011-12,M2_gbm_poisson,51.793453,8.023905,abc_group,5,1.645000,13.199324,65,0.154921,C,79,55.666667,1,6,Forecast,20260818T075922Z-deb02f
23023,RIDGED BONNE JAM JAR T-LIGHT HOLDER,2011-11,2011-12,M2_gbm_poisson,45.094891,8.023905,abc_group,5,1.645000,13.199324,59,0.177934,C,55,47.000000,1,6,Forecast,20260818T075922Z-deb02f
23024,LARGE BONNE JAM JAR  T-LIGHT HOLDER,2011-11,2011-12,M2_gbm_poisson,37.506992,8.023905,abc_group,5,1.645000,13.199324,51,0.213931,C,36,37.333333,1,6,Forecast,20260818T075922Z-deb02f
23025,DRAWER KNOB VINTAGE GLASS BALL,2011-11,2011-12,M2_gbm_poisson,54.770539,8.023905,abc_group,5,1.645000,13.199324,68,0.146500,C,47,77.000000,1,6,Forecast,20260818T075922Z-deb02f
23026,DRAWER KNOB VINTAGE GLASS STAR,2011-11,2011-12,M2_gbm_poisson,61.268014,8.023905,abc_group,5,1.645000,13.199324,75,0.130964,C,63,83.666667,1,6,Forecast,20260818T075922Z-deb02f
23027,DRAWER KNOB VINTAGE GLASS HEXAGON,2011-11,2011-12,M2_gbm_poisson,49.648411,8.023905,abc_group,5,1.645000,13.199324,63,0.161615,C,66,61.333333,1,6,Forecast,20260818T075922Z-deb02f
23028,DRAWER KNOB CRACKLE GLAZE BLUE,2011-11,2011-12,M2_gbm_poisson,42.488744,8.023905,abc_group,5,1.645000,13.199324,56,0.188848,C,2,139.000000,1,6,Forecast,20260818T075922Z-deb02f
23029,DRAWER KNOB CRACKLE GLAZE GREEN,2011-11,2011-12,M2_gbm_poisson,116.176892,8.023905,abc_group,5,1.645000,13.199324,130,0.069066,C,171,219.000000,1,6,Forecast,20260818T075922Z-deb02f
23031,DRAWER KNOB CRACKLE GLAZE PINK,2011-11,2011-12,M2_gbm_poisson,114.354272,8.023905,abc_group,5,1.645000,13.199324,128,0.070167,C,158,230.333333,1,6,Forecast,20260818T075922Z-deb02f
23032,DRAWER KNOB CRACKLE GLAZE IVORY,2011-11,2011-12,M2_gbm_poisson,148.522848,8.023905,abc_group,5,1.645000,13.199324,162,0.054025,C,137,418.666667,1,6,Forecast,20260818T075922Z-deb02f
23033,DRAWER KNOB CERAMIC RED,2011-11,2011-12,M2_gbm_poisson,78.245580,8.023905,abc_group,5,1.645000,13.199324,92,0.102548,C,152,154.000000,1,6,Forecast,20260818T075922Z-deb02f
23034,DRAWER KNOB CERAMIC BLACK,2011-11,2011-12,M2_gbm_poisson,91.238063,8.023905,abc_group,5,1.645000,13.199324,105,0.087945,C,130,178.333333,1,6,Forecast,20260818T075922Z-deb02f
23035,DRAWER KNOB CERAMIC IVORY,2011-11,2011-12,M2_gbm_poisson,218.313045,8.023905,abc_group,5,1.645000,13.199324,232,0.036754,C,464,359.333333,1,6,Forecast,20260818T075922Z-deb02f
23036,T-LIGHT HOLDER SILVER PETIT FOUR,2011-11,2011-12,M2_gbm_poisson,50.783463,8.023905,abc_group,5,1.645000,13.199324,64,0.158002,C,51,41.333333,1,6,Forecast,20260818T075922Z-deb02f
23037,CANDLE HOLDER SILVER MADELINE,2011-11,2011-12,M2_gbm_poisson,44.100109,8.023905,abc_group,5,1.645000,13.199324,58,0.181948,C,28,33.000000,1,6,Forecast,20260818T075922Z-deb02f
23038,T-LIGHT HOLDER SILVER SAUCER,2011-11,2011-12,M2_gbm_poisson,15.857637,8.023905,abc_group,4,1.645000,13.199324,30,0.505996,C,3,5.666667,1,5,Forecast,20260818T075922Z-deb02f
23039,T-LIGHT HOLDER SILVER HEART HANDLE,2011-11,2011-12,M2_gbm_poisson,53.967966,8.023905,abc_group,5,1.645000,13.199324,68,0.148679,C,57,37.666667,1,6,Forecast,20260818T075922Z-deb02f
23040,PAPER LANTERN 9 POINT SNOW STAR,2011-11,2011-12,M2_gbm_poisson,46.751205,12.514330,product,7,1.645000,20.586073,68,0.267679,C,27,65.666667,1,8,Forecast,20260818T075922Z-deb02f
23041,PAPER LANTERN 9 POINT SNOW STAR,2011-11,2011-12,M2_gbm_poisson,50.521113,27.651083,product,7,1.645000,45.486032,97,0.547317,C,51,65.333333,1,8,Forecast,20260818T075922Z-deb02f
23042,PAPER LANTERN 7 POINT SNOW STAR,2011-11,2011-12,M2_gbm_poisson,36.987119,9.458247,product,7,1.645000,15.558816,53,0.255717,C,35,24.000000,1,8,Forecast,20260818T075922Z-deb02f
23043,PAPER LANTERN 9 POINT HOLLY STAR L,2011-11,2011-12,M2_gbm_poisson,36.552725,15.676938,product,6,1.645000,25.788563,63,0.428886,C,33,20.666667,1,7,Forecast,20260818T075922Z-deb02f
23044,PAPER LANTERN 9 POINT HOLLY STAR S,2011-11,2011-12,M2_gbm_poisson,26.398979,17.290155,product,6,1.645000,28.442306,55,0.654955,C,15,19.666667,1,7,Forecast,20260818T075922Z-deb02f
23045,PAPER LANTERN 5 POINT STAR MOON,2011-11,2011-12,M2_gbm_poisson,40.691244,29.252069,product,6,1.645000,48.119653,89,0.718879,C,43,32.000000,1,7,Forecast,20260818T075922Z-deb02f
23046,PAPER LANTERN 9 POINT DELUXE STAR,2011-11,2011-12,M2_gbm_poisson,47.791675,47.260840,product,6,1.645000,77.744082,126,0.988893,C,23,104.666667,1,7,Forecast,20260818T075922Z-deb02f
23047,PAPER LANTERN 5 POINT SEQUIN STAR,2011-11,2011-12,M2_gbm_poisson,16.324245,10.187538,product,6,1.645000,16.758499,34,0.624074,C,6,9.333333,1,7,Forecast,20260818T075922Z-deb02f
23048,SET OF 10 LANTERNS FAIRY LIGHT STAR,2011-11,2011-12,M2_gbm_poisson,66.011243,56.903671,product,7,1.645000,93.606538,160,0.862030,C,79,152.666667,1,8,Forecast,20260818T075922Z-deb02f
23049,RECYCLED ACAPULCO MAT RED,2011-11,2011-12,M2_gbm_poisson,32.180703,33.503202,product,8,1.645000,55.112767,88,1.041096,B,22,18.333333,1,9,Forecast,20260818T075922Z-deb02f
23050,RECYCLED ACAPULCO MAT GREEN,2011-11,2011-12,M2_gbm_poisson,21.315961,26.962564,product,8,1.645000,44.353417,66,1.264900,B,8,21.333333,1,9,Forecast,20260818T075922Z-deb02f
23051,RECYCLED ACAPULCO MAT BLUE,2011-11,2011-12,M2_gbm_poisson,17.058948,15.701772,product,8,1.645000,25.829415,43,0.920442,B,8,13.000000,1,9,Forecast,20260818T075922Z-deb02f
23052,RECYCLED ACAPULCO MAT TURQUOISE,2011-11,2011-12,M2_gbm_poisson,31.871213,28.001347,product,8,1.645000,46.062216,78,0.878578,B,18,21.333333,1,9,Forecast,20260818T075922Z-deb02f
23053,RECYCLED ACAPULCO MAT PINK,2011-11,2011-12,M2_gbm_poisson,13.163591,9.892426,product,8,1.645000,16.273041,30,0.751499,B,2,11.000000,1,9,Forecast,20260818T075922Z-deb02f
23054,RECYCLED ACAPULCO MAT LAVENDER,2011-11,2011-12,M2_gbm_poisson,11.654599,18.311815,product,8,1.645000,30.122936,42,1.571209,B,2,11.000000,1,9,Forecast,20260818T075922Z-deb02f
23055,IVORY CHANDELIER T-LIGHT HOLDER,2011-11,2011-12,M2_gbm_poisson,60.445257,28.488011,product,7,1.645000,46.862778,108,0.471303,C,242,201.000000,1,8,Forecast,20260818T075922Z-deb02f
23056,FLOWERS CHANDELIER T-LIGHT HOLDER,2011-11,2011-12,M2_gbm_poisson,64.843493,29.429313,product,7,1.645000,48.411221,114,0.453851,C,242,294.333333,1,8,Forecast,20260818T075922Z-deb02f
23057,BEADED CHANDELIER T-LIGHT HOLDER,2011-11,2011-12,M2_gbm_poisson,61.069627,24.269569,product,7,1.645000,39.923441,101,0.397408,C,241,207.666667,1,8,Forecast,20260818T075922Z-deb02f
23058,CHRISTMAS HANGING SNOWFLAKE,2011-11,2011-12,M2_gbm_poisson,162.687912,8.023905,abc_group,2,1.645000,13.199324,176,0.049321,C,313,142.000000,1,3,Forecast,20260818T075922Z-deb02f
23060,HEART BEADED TRELLIS DECORATION,2011-11,2011-12,M2_gbm_poisson,43.971540,12.985649,product,7,1.645000,21.361392,66,0.295319,C,41,39.666667,1,8,Forecast,20260818T075922Z-deb02f
23061,VINTAGE EMBOSSED HEART,2011-11,2011-12,M2_gbm_poisson,83.306534,44.818405,product,7,1.645000,73.726276,158,0.537994,C,86,101.000000,1,8,Forecast,20260818T075922Z-deb02f
23064,CINDERELLA CHANDELIER,2011-11,2011-12,M2_gbm_poisson,42.258080,12.867782,product,7,1.645000,21.167501,64,0.304505,C,100,66.333333,1,8,Forecast,20260818T075922Z-deb02f
23065,LARGE DECO JEWELLERY STAND,2011-11,2011-12,M2_gbm_poisson,9.707965,29.946444,product,7,1.645000,49.261901,59,3.084729,B,0,21.000000,2,8,Forecast,20260818T075922Z-deb02f
23066,SMALL DECO JEWELLERY STAND,2011-11,2011-12,M2_gbm_poisson,9.611397,43.637662,product,7,1.645000,71.783955,82,4.540200,C,0,20.000000,2,8,Forecast,20260818T075922Z-deb02f
23067,HANGING ENGRAVED METAL HEART,2011-11,2011-12,M2_gbm_poisson,49.690838,11.196743,product,7,1.645000,18.418643,69,0.225328,C,44,41.000000,1,8,Forecast,20260818T075922Z-deb02f
23068,ALUMINIUM STAMPED HEART,2011-11,2011-12,M2_gbm_poisson,69.817272,38.532626,product,7,1.645000,63.386169,134,0.551907,C,106,115.666667,1,8,Forecast,20260818T075922Z-deb02f
23069,EDWARDIAN PHOTO FRAME,2011-11,2011-12,M2_gbm_poisson,19.044825,3.607018,product,7,1.645000,5.933544,25,0.189396,C,14,13.333333,1,8,Forecast,20260818T075922Z-deb02f
23070,EDWARDIAN HEART PHOTO FRAME,2011-11,2011-12,M2_gbm_poisson,33.425409,5.640255,product,6,1.645000,9.278220,43,0.168742,C,20,24.000000,1,7,Forecast,20260818T075922Z-deb02f
23071,MARIE ANTOINETTE TRINKET BOX GOLD,2011-11,2011-12,M2_gbm_poisson,15.936448,35.782403,product,7,1.645000,58.862053,75,2.245319,C,0,93.000000,2,8,Forecast,20260818T075922Z-deb02f
23072,MARIE ANTOINETTE TRINKET BOX SILVER,2011-11,2011-12,M2_gbm_poisson,18.033770,30.071353,product,6,1.645000,49.467376,68,1.667502,C,0,105.000000,2,7,Forecast,20260818T075922Z-deb02f
23073,GEORGIAN TRINKET BOX,2011-11,2011-12,M2_gbm_poisson,40.866022,13.124716,product,7,1.645000,21.590159,63,0.321165,C,26,26.333333,1,8,Forecast,20260818T075922Z-deb02f
23074,EMBOSSED HEART TRINKET BOX,2011-11,2011-12,M2_gbm_poisson,64.236345,8.023905,abc_group,2,1.645000,13.199324,78,0.124912,C,67,76.000000,1,3,Forecast,20260818T075922Z-deb02f
23075,PARLOUR CERAMIC WALL HOOK,2011-11,2011-12,M2_gbm_poisson,51.584560,58.412216,product,7,1.645000,96.088095,148,1.132359,C,72,58.000000,1,8,Forecast,20260818T075922Z-deb02f
23076,ICE CREAM SUNDAE LIP GLOSS,2011-11,2011-12,M2_gbm_poisson,545.996977,314.161976,product,8,1.645000,516.796451,1063,0.575391,B,1212,1054.666667,1,9,Forecast,20260818T075922Z-deb02f
23077,DOUGHNUT LIP GLOSS,2011-11,2011-12,M2_gbm_poisson,880.769677,462.671572,product,8,1.645000,761.094736,1642,0.525304,B,2522,1803.000000,1,9,Forecast,20260818T075922Z-deb02f
23078,ICE CREAM PEN LIP GLOSS,2011-11,2011-12,M2_gbm_poisson,564.425872,246.056670,product,8,1.645000,404.763222,970,0.435942,B,1130,858.666667,1,9,Forecast,20260818T075922Z-deb02f
23079,TOADSTOOL BEDSIDE LIGHT,2011-11,2011-12,M2_gbm_poisson,44.646758,21.068487,product,6,1.645000,34.657662,80,0.471893,C,55,40.000000,1,7,Forecast,20260818T075922Z-deb02f
23080,RED METAL BOX TOP SECRET,2011-11,2011-12,M2_gbm_poisson,140.128855,63.973226,product,6,1.645000,105.235957,246,0.456531,C,308,178.666667,1,7,Forecast,20260818T075922Z-deb02f
23081,GREEN METAL BOX ARMY SUPPLIES,2011-11,2011-12,M2_gbm_poisson,69.104860,19.479511,product,6,1.645000,32.043795,102,0.281883,C,106,102.000000,1,7,Forecast,20260818T075922Z-deb02f
23082,SET 6 PAPER TABLE LANTERN HEARTS,2011-11,2011-12,M2_gbm_poisson,257.624316,93.301352,product,6,1.645000,153.480725,412,0.362161,B,533,386.666667,1,7,Forecast,20260818T075922Z-deb02f
23083,SET 6 PAPER TABLE LANTERN STARS,2011-11,2011-12,M2_gbm_poisson,360.663981,140.071304,product,6,1.645000,230.417295,592,0.388371,C,718,469.666667,1,7,Forecast,20260818T075922Z-deb02f
23084,RABBIT NIGHT LIGHT,2011-11,2011-12,M2_gbm_poisson,2245.956564,2922.275765,product,6,1.645000,4807.143633,7054,1.301127,B,14913,7150.333333,1,7,Forecast,20260818T075922Z-deb02f
23085,ANTIQUE SILVER BAUBLE LAMP,2011-11,2011-12,M2_gbm_poisson,69.183368,45.711523,product,6,1.645000,75.195456,145,0.660730,C,119,104.333333,1,7,Forecast,20260818T075922Z-deb02f
23086,ZINC  STAR T-LIGHT HOLDER,2011-11,2011-12,M2_gbm_poisson,100.519887,127.153262,product,6,1.645000,209.167115,310,1.264956,C,261,191.333333,1,7,Forecast,20260818T075922Z-deb02f
23087,ZINC  HEART T-LIGHT HOLDER,2011-11,2011-12,M2_gbm_poisson,66.305562,139.264843,product,6,1.645000,229.090667,296,2.100349,C,82,149.000000,1,7,Forecast,20260818T075922Z-deb02f
23088,ZINC HEART FLOWER T-LIGHT HOLDER,2011-11,2011-12,M2_gbm_poisson,60.546298,74.123254,product,6,1.645000,121.932753,183,1.224241,C,58,106.000000,1,7,Forecast,20260818T075922Z-deb02f
23089,GLASS BON BON JAR,2011-11,2011-12,M2_gbm_poisson,202.258794,123.111472,product,6,1.645000,202.518371,405,0.608683,C,350,387.333333,1,7,Forecast,20260818T075922Z-deb02f
23090,VINTAGE GLASS T-LIGHT HOLDER,2011-11,2011-12,M2_gbm_poisson,243.987800,157.418094,product,6,1.645000,258.952765,503,0.645188,C,555,386.000000,1,7,Forecast,20260818T075922Z-deb02f
23091,ZINC HERB GARDEN CONTAINER,2011-11,2011-12,M2_gbm_poisson,20.765717,16.585253,product,6,1.645000,27.282741,49,0.798684,B,3,40.333333,1,7,Forecast,20260818T075922Z-deb02f
23092,LARGE ANTIQUE WHITE PHOTO FRAME,2011-11,2011-12,M2_gbm_poisson,57.460840,59.744258,product,6,1.645000,98.279305,156,1.039739,C,61,97.666667,1,7,Forecast,20260818T075922Z-deb02f
23093,SMALL PARISIENNE HEART PHOTO FRAME,2011-11,2011-12,M2_gbm_poisson,64.500610,71.207128,product,6,1.645000,117.135726,182,1.103976,C,55,124.666667,1,7,Forecast,20260818T075922Z-deb02f
23094,LE GRAND TRAY CHIC SET,2011-11,2011-12,M2_gbm_poisson,29.656315,13.336432,product,6,1.645000,21.938430,52,0.449700,C,12,14.666667,1,7,Forecast,20260818T075922Z-deb02f
23096,PETIT TRAY CHIC,2011-11,2011-12,M2_gbm_poisson,140.313747,67.141617,product,6,1.645000,110.447959,251,0.478511,C,270,215.666667,1,7,Forecast,20260818T075922Z-deb02f
23099,FRENCH CARRIAGE LANTERN,2011-11,2011-12,M2_gbm_poisson,24.506065,8.511903,product,6,1.645000,14.002081,39,0.347339,C,14,17.333333,1,7,Forecast,20260818T075922Z-deb02f
23100,SILVER BELLS TABLE DECORATION,2011-11,2011-12,M2_gbm_poisson,282.285677,194.245582,product,6,1.645000,319.533982,602,0.688117,C,645,506.333333,1,7,Forecast,20260818T075922Z-deb02f
23101,SILVER STARS TABLE DECORATION,2011-11,2011-12,M2_gbm_poisson,253.157837,258.185301,product,6,1.645000,424.714821,678,1.019859,C,539,497.000000,1,7,Forecast,20260818T075922Z-deb02f
23102,SILVER HEARTS TABLE DECORATION,2011-11,2011-12,M2_gbm_poisson,109.085972,157.182064,product,6,1.645000,258.564496,368,1.440901,C,149,210.666667,1,7,Forecast,20260818T075922Z-deb02f
23103,JINGLE BELL HEART DECORATION,2011-11,2011-12,M2_gbm_poisson,454.726069,214.700347,product,6,1.645000,353.182071,808,0.472153,C,1095,864.666667,1,7,Forecast,20260818T075922Z-deb02f
23104,IVORY CAFE HANGING LAMP,2011-11,2011-12,M2_gbm_poisson,38.378403,7.738579,product,6,1.645000,12.729962,52,0.201639,C,47,20.333333,1,7,Forecast,20260818T075922Z-deb02f
23106,ZINC HEARTS PLANT POT HOLDER,2011-11,2011-12,M2_gbm_poisson,42.243434,28.112542,product,6,1.645000,46.245132,89,0.665489,C,30,28.000000,1,7,Forecast,20260818T075922Z-deb02f
23107,WHITE HEARTS WIRE PLANT POT HOLDER,2011-11,2011-12,M2_gbm_poisson,32.679865,16.179021,product,6,1.645000,26.614489,60,0.495076,C,13,43.000000,1,7,Forecast,20260818T075922Z-deb02f
23108,SET OF 10 LED DOLLY LIGHTS,2011-11,2011-12,M2_gbm_poisson,192.563733,59.723724,product,6,1.645000,98.245526,291,0.310150,B,288,401.000000,1,7,Forecast,20260818T075922Z-deb02f
23109,PACK OF SIX LED TEA LIGHTS,2011-11,2011-12,M2_gbm_poisson,289.962348,145.630905,product,6,1.645000,239.562839,530,0.502241,C,674,433.000000,1,7,Forecast,20260818T075922Z-deb02f
23110,PARISIENNE KEY CABINET,2011-11,2011-12,M2_gbm_poisson,75.380373,20.330746,product,6,1.645000,33.444076,109,0.269709,C,97,92.000000,1,7,Forecast,20260818T075922Z-deb02f
23111,PARISIENNE SEWING BOX,2011-11,2011-12,M2_gbm_poisson,45.546719,20.278855,product,6,1.645000,33.358716,79,0.445232,B,32,44.333333,1,7,Forecast,20260818T075922Z-deb02f
23112,PARISIENNE CURIO CABINET,2011-11,2011-12,M2_gbm_poisson,54.445479,20.412140,product,6,1.645000,33.577971,89,0.374910,C,46,59.666667,1,7,Forecast,20260818T075922Z-deb02f
23113,PANTRY CHOPPING BOARD,2011-11,2011-12,M2_gbm_poisson,101.821879,8.023905,abc_group,2,1.645000,13.199324,116,0.078803,C,45,381.666667,1,3,Forecast,20260818T075922Z-deb02f
23114,VINTAGE LEAF CHOPPING BOARD,2011-11,2011-12,M2_gbm_poisson,48.451210,8.023905,abc_group,2,1.645000,13.199324,62,0.165608,C,49,46.000000,1,3,Forecast,20260818T075922Z-deb02f
23115,RED APPLES CHOPPING BOARD,2011-11,2011-12,M2_gbm_poisson,54.173682,8.023905,abc_group,2,1.645000,13.199324,68,0.148114,C,61,46.666667,1,3,Forecast,20260818T075922Z-deb02f
23116,VEGETABLE GARDEN CHOPPING BOARD,2011-11,2011-12,M2_gbm_poisson,37.474679,8.023905,abc_group,2,1.645000,13.199324,51,0.214115,C,21,24.666667,1,3,Forecast,20260818T075922Z-deb02f
23117,POPPY FIELDS CHOPPING BOARD,2011-11,2011-12,M2_gbm_poisson,46.209774,8.023905,abc_group,2,1.645000,13.199324,60,0.173641,C,41,29.000000,1,3,Forecast,20260818T075922Z-deb02f
23118,PARISIENNE JEWELLERY DRAWER,2011-11,2011-12,M2_gbm_poisson,70.735555,44.909140,product,6,1.645000,73.875535,145,0.634888,B,73,109.333333,1,7,Forecast,20260818T075922Z-deb02f
23119,PACK OF 6 LARGE FRUIT STRAWS,2011-11,2011-12,M2_gbm_poisson,124.960561,8.023905,abc_group,5,1.645000,13.199324,139,0.064212,C,141,203.000000,1,6,Forecast,20260818T075922Z-deb02f
23120,PACK OF 6 SMALL FRUIT STRAWS,2011-11,2011-12,M2_gbm_poisson,122.072040,8.023905,abc_group,5,1.645000,13.199324,136,0.065731,C,155,178.666667,1,6,Forecast,20260818T075922Z-deb02f
23121,PACK OF 6 COCKTAIL PARASOL STRAWS,2011-11,2011-12,M2_gbm_poisson,159.758294,8.023905,abc_group,5,1.645000,13.199324,173,0.050225,C,257,190.333333,1,6,Forecast,20260818T075922Z-deb02f
23122,PARTY CHARMS 50 PIECES,2011-11,2011-12,M2_gbm_poisson,135.608719,8.023905,abc_group,5,1.645000,13.199324,149,0.059170,C,196,148.333333,1,6,Forecast,20260818T075922Z-deb02f
23123,COCKTAIL SWORDS 50 PIECES,2011-11,2011-12,M2_gbm_poisson,70.307396,8.023905,abc_group,5,1.645000,13.199324,84,0.114126,C,111,111.000000,1,6,Forecast,20260818T075922Z-deb02f
23124,18PC WOODEN CUTLERY SET DISPOSABLE,2011-11,2011-12,M2_gbm_poisson,20.896748,8.023905,abc_group,5,1.645000,13.199324,35,0.383979,C,1,9.000000,1,6,Forecast,20260818T075922Z-deb02f
23125,6PC WOOD PLATE SET DISPOSABLE,2011-11,2011-12,M2_gbm_poisson,19.476745,8.023905,abc_group,5,1.645000,13.199324,33,0.411974,C,5,9.666667,1,6,Forecast,20260818T075922Z-deb02f
23126,FELTCRAFT GIRL AMELIE KIT,2011-11,2011-12,M2_gbm_poisson,106.429472,38.713651,product,8,1.645000,63.683956,171,0.363749,B,213,177.666667,1,9,Forecast,20260818T075922Z-deb02f
23127,FELTCRAFT GIRL NICOLE KIT,2011-11,2011-12,M2_gbm_poisson,83.354497,40.200180,product,8,1.645000,66.129296,150,0.482280,B,146,101.333333,1,9,Forecast,20260818T075922Z-deb02f
23128,FELTCRAFT BOY JEAN-PAUL KIT,2011-11,2011-12,M2_gbm_poisson,54.542875,27.273168,product,8,1.645000,44.864362,100,0.500032,B,57,46.333333,1,9,Forecast,20260818T075922Z-deb02f
23129,HEART SHAPED HOLLY WREATH,2011-11,2011-12,M2_gbm_poisson,127.330974,13.594034,product,6,1.645000,22.362185,150,0.106761,C,249,286.333333,1,7,Forecast,20260818T075922Z-deb02f
23130,MISTLETOE HEART WREATH GREEN,2011-11,2011-12,M2_gbm_poisson,134.054153,93.796096,product,6,1.645000,154.294578,289,0.699688,C,268,240.666667,1,7,Forecast,20260818T075922Z-deb02f
23131,MISTLETOE HEART WREATH CREAM,2011-11,2011-12,M2_gbm_poisson,75.059874,104.716038,product,7,1.645000,172.257883,248,1.395100,C,107,133.666667,1,8,Forecast,20260818T075922Z-deb02f
23132,SMALL IVORY HEART WALL ORGANISER,2011-11,2011-12,M2_gbm_poisson,92.776506,31.971824,product,7,1.645000,52.593651,146,0.344611,C,217,240.000000,1,8,Forecast,20260818T075922Z-deb02f
23133,LARGE IVORY HEART WALL ORGANISER,2011-11,2011-12,M2_gbm_poisson,86.811279,30.455124,product,7,1.645000,50.098680,137,0.350820,C,164,178.000000,1,8,Forecast,20260818T075922Z-deb02f
23134,LARGE ZINC HEART WALL ORGANISER,2011-11,2011-12,M2_gbm_poisson,4.450026,217.200010,product,7,1.645000,357.294017,362,48.808711,B,0,0.666667,3,8,Forecast,20260818T075922Z-deb02f
23135,SMALL ZINC HEART WALL ORGANISER,2011-11,2011-12,M2_gbm_poisson,30.421745,260.832780,product,7,1.645000,429.069923,460,8.573893,C,1,148.333333,1,8,Forecast,20260818T075922Z-deb02f
23136,IVORY WIRE SWEETHEART LETTER TRAY,2011-11,2011-12,M2_gbm_poisson,19.148327,13.224644,product,7,1.645000,21.754539,41,0.690642,C,7,10.000000,1,8,Forecast,20260818T075922Z-deb02f
23137,ZINC WIRE SWEETHEART LETTER TRAY,2011-11,2011-12,M2_gbm_poisson,30.095673,3.905020,product,7,1.645000,6.423758,37,0.129754,C,10,6.666667,1,8,Forecast,20260818T075922Z-deb02f
23138,SINGLE WIRE HOOK IVORY HEART,2011-11,2011-12,M2_gbm_poisson,50.648102,45.855484,product,7,1.645000,75.432271,127,0.905374,C,38,46.000000,1,8,Forecast,20260818T075922Z-deb02f
23139,SINGLE WIRE HOOK PINK HEART,2011-11,2011-12,M2_gbm_poisson,34.641030,23.680087,product,7,1.645000,38.953743,74,0.683585,C,26,12.666667,1,8,Forecast,20260818T075922Z-deb02f
23140,TRIPLE WIRE HOOK IVORY HEART,2011-11,2011-12,M2_gbm_poisson,64.154996,38.473470,product,7,1.645000,63.288858,128,0.599696,C,1,10.666667,1,8,Forecast,20260818T075922Z-deb02f
23141,TRIPLE WIRE HOOK PINK HEART,2011-11,2011-12,M2_gbm_poisson,6.020482,19.555197,product,7,1.645000,32.168300,39,3.248112,C,1,1.333333,1,8,Forecast,20260818T075922Z-deb02f
23142,IVORY WIRE KITCHEN ORGANISER,2011-11,2011-12,M2_gbm_poisson,13.362281,5.890666,product,7,1.645000,9.690146,24,0.440843,C,2,4.000000,1,8,Forecast,20260818T075922Z-deb02f
23143,ZINC WIRE KITCHEN ORGANISER,2011-11,2011-12,M2_gbm_poisson,7.420354,7.320263,product,6,1.645000,12.041833,20,0.986511,C,4,1.333333,1,7,Forecast,20260818T075922Z-deb02f
23144,ZINC T-LIGHT HOLDER STARS SMALL,2011-11,2011-12,M2_gbm_poisson,329.422946,101.725337,product,7,1.645000,167.338180,497,0.308799,B,768,645.666667,1,8,Forecast,20260818T075922Z-deb02f
23145,ZINC T-LIGHT HOLDER STAR LARGE,2011-11,2011-12,M2_gbm_poisson,122.873630,139.551652,product,7,1.645000,229.562468,353,1.135733,C,233,287.333333,1,8,Forecast,20260818T075922Z-deb02f
23146,TRIPLE HOOK ANTIQUE IVORY ROSE,2011-11,2011-12,M2_gbm_poisson,70.256386,59.436693,product,7,1.645000,97.773359,169,0.845997,C,93,89.666667,1,8,Forecast,20260818T075922Z-deb02f
23147,SINGLE ANTIQUE ROSE HOOK IVORY,2011-11,2011-12,M2_gbm_poisson,123.100105,104.554879,product,7,1.645000,171.992777,296,0.849348,C,162,199.000000,1,8,Forecast,20260818T075922Z-deb02f
23148,MINIATURE ANTIQUE ROSE HOOK IVORY,2011-11,2011-12,M2_gbm_poisson,142.373504,110.800035,product,7,1.645000,182.266058,325,0.778235,C,277,219.333333,1,8,Forecast,20260818T075922Z-deb02f
23149,ANTIQUE IVORY WIRE BOWL SMALL,2011-11,2011-12,M2_gbm_poisson,21.740588,7.871939,product,6,1.645000,12.949339,35,0.362085,C,9,8.333333,1,7,Forecast,20260818T075922Z-deb02f
23150,IVORY SWEETHEART SOAP DISH,2011-11,2011-12,M2_gbm_poisson,38.007063,7.486092,product,7,1.645000,12.314622,51,0.196966,C,26,18.666667,1,8,Forecast,20260818T075922Z-deb02f
23151,ZINC SWEETHEART SOAP DISH,2011-11,2011-12,M2_gbm_poisson,13.143213,6.487042,product,6,1.645000,10.671184,24,0.493566,C,3,3.333333,1,7,Forecast,20260818T075922Z-deb02f
23152,IVORY SWEETHEART WIRE LETTER RACK,2011-11,2011-12,M2_gbm_poisson,50.293741,56.774536,product,7,1.645000,93.394112,144,1.128859,C,35,65.000000,1,8,Forecast,20260818T075922Z-deb02f
23153,ZINC SWEETHEART WIRE LETTER RACK,2011-11,2011-12,M2_gbm_poisson,42.170691,20.977604,product,7,1.645000,34.508158,77,0.497445,C,40,29.333333,1,8,Forecast,20260818T075922Z-deb02f
23154,SET OF 4 JAM JAR MAGNETS,2011-11,2011-12,M2_gbm_poisson,207.946235,83.429757,product,8,1.645000,137.241950,346,0.401208,B,461,346.666667,1,9,Forecast,20260818T075922Z-deb02f
23155,KNICKERBOCKERGLORY MAGNET ASSORTED,2011-11,2011-12,M2_gbm_poisson,79.064161,83.780985,product,8,1.645000,137.819720,217,1.059658,B,175,154.333333,1,9,Forecast,20260818T075922Z-deb02f
23156,SET OF 5 MINI GROCERY MAGNETS,2011-11,2011-12,M2_gbm_poisson,114.686985,81.465238,product,8,1.645000,134.010316,249,0.710327,B,159,205.666667,1,9,Forecast,20260818T075922Z-deb02f
23157,SET OF 6 NATIVITY MAGNETS,2011-11,2011-12,M2_gbm_poisson,282.783262,207.091866,product,8,1.645000,340.666120,624,0.732334,C,669,663.000000,1,9,Forecast,20260818T075922Z-deb02f
23158,SET OF 5 LUCKY CAT MAGNETS,2011-11,2011-12,M2_gbm_poisson,189.036182,95.406200,product,8,1.645000,156.943198,346,0.504698,B,295,310.666667,1,9,Forecast,20260818T075922Z-deb02f
23159,SET OF 5 PANCAKE DAY MAGNETS,2011-11,2011-12,M2_gbm_poisson,144.942939,144.412727,product,8,1.645000,237.558936,383,0.996342,B,236,219.333333,1,9,Forecast,20260818T075922Z-deb02f
23160,REGENCY TEA SPOON,2011-11,2011-12,M2_gbm_poisson,57.877623,105.468309,product,6,1.645000,173.495369,232,1.822264,C,33,139.333333,1,7,Forecast,20260818T075922Z-deb02f
23161,REGENCY CAKE FORK,2011-11,2011-12,M2_gbm_poisson,91.207895,140.171898,product,6,1.645000,230.582772,322,1.536840,C,78,152.666667,1,7,Forecast,20260818T075922Z-deb02f
23162,REGENCY TEA STRAINER,2011-11,2011-12,M2_gbm_poisson,101.227237,110.213815,product,7,1.645000,181.301726,283,1.088776,B,149,216.333333,1,8,Forecast,20260818T075922Z-deb02f
23163,REGENCY SUGAR TONGS,2011-11,2011-12,M2_gbm_poisson,93.864503,97.954196,product,7,1.645000,161.134652,255,1.043570,C,70,211.333333,1,8,Forecast,20260818T075922Z-deb02f
23164,REGENCY CAKE SLICE,2011-11,2011-12,M2_gbm_poisson,63.326251,64.375307,product,6,1.645000,105.897381,170,1.016566,C,96,79.333333,1,7,Forecast,20260818T075922Z-deb02f
23165,LARGE CERAMIC TOP STORAGE JAR,2011-11,2011-12,M2_gbm_poisson,206.589958,44.313209,product,6,1.645000,72.895229,280,0.214498,B,340,333.333333,1,7,Forecast,20260818T075922Z-deb02f
23166,MEDIUM CERAMIC TOP STORAGE JAR,2011-11,2011-12,M2_gbm_poisson,313.815004,165.418056,product,10,1.645000,272.112702,586,0.527120,A,659,418.333333,1,11,Forecast,20260818T075922Z-deb02f
23167,SMALL CERAMIC TOP STORAGE JAR,2011-11,2011-12,M2_gbm_poisson,269.834832,141.193780,product,6,1.645000,232.263768,503,0.523260,B,627,544.000000,1,7,Forecast,20260818T075922Z-deb02f
23168,CLASSIC CAFE SUGAR DISPENSER,2011-11,2011-12,M2_gbm_poisson,281.937349,186.562081,product,6,1.645000,306.894624,589,0.661715,C,624,489.000000,1,7,Forecast,20260818T075922Z-deb02f
23169,CLASSIC GLASS COOKIE JAR,2011-11,2011-12,M2_gbm_poisson,183.366751,51.559861,product,6,1.645000,84.815972,269,0.281184,C,316,298.333333,1,7,Forecast,20260818T075922Z-deb02f
23170,REGENCY TEA PLATE ROSES,2011-11,2011-12,M2_gbm_poisson,338.298916,304.326037,product,6,1.645000,500.616331,839,0.899577,B,312,654.333333,1,7,Forecast,20260818T075922Z-deb02f
23171,REGENCY TEA PLATE GREEN,2011-11,2011-12,M2_gbm_poisson,320.748778,280.990580,product,6,1.645000,462.229505,783,0.876046,B,335,531.333333,1,7,Forecast,20260818T075922Z-deb02f
23172,REGENCY TEA PLATE PINK,2011-11,2011-12,M2_gbm_poisson,183.876688,209.536748,product,6,1.645000,344.687950,529,1.139550,B,221,424.666667,1,7,Forecast,20260818T075922Z-deb02f
23173,REGENCY TEAPOT ROSES,2011-11,2011-12,M2_gbm_poisson,149.294921,258.836385,product,6,1.645000,425.785854,576,1.733725,A,117,219.333333,1,7,Forecast,20260818T075922Z-deb02f
23174,REGENCY SUGAR BOWL GREEN,2011-11,2011-12,M2_gbm_poisson,144.584781,273.140806,product,6,1.645000,449.316627,594,1.889139,B,114,205.333333,1,7,Forecast,20260818T075922Z-deb02f
23175,REGENCY MILK JUG PINK,2011-11,2011-12,M2_gbm_poisson,169.573925,295.863949,product,6,1.645000,486.696197,657,1.744749,B,151,232.666667,1,7,Forecast,20260818T075922Z-deb02f
23176,ABC TREASURE BOOK BOX,2011-11,2011-12,M2_gbm_poisson,234.816346,239.320032,product,8,1.645000,393.681452,629,1.019180,B,568,335.333333,1,9,Forecast,20260818T075922Z-deb02f
23177,TREASURE ISLAND BOOK BOX,2011-11,2011-12,M2_gbm_poisson,249.117869,178.931139,product,8,1.645000,294.341724,544,0.718259,B,601,321.000000,1,9,Forecast,20260818T075922Z-deb02f
23178,JAM CLOCK MAGNET,2011-11,2011-12,M2_gbm_poisson,38.244724,34.268742,product,8,1.645000,56.372081,95,0.896038,C,32,27.333333,1,9,Forecast,20260818T075922Z-deb02f
23179,CLOCK MAGNET MUM'S KITCHEN,2011-11,2011-12,M2_gbm_poisson,42.645746,45.727239,product,8,1.645000,75.221308,118,1.072258,C,50,20.000000,1,9,Forecast,20260818T075922Z-deb02f
23180,MUM'S KITCHEN CLOCK,2011-11,2011-12,M2_gbm_poisson,18.171212,9.840906,product,8,1.645000,16.188290,35,0.541566,C,11,11.000000,1,9,Forecast,20260818T075922Z-deb02f
23181,BULL DOG BOTTLE TOP WALL CLOCK,2011-11,2011-12,M2_gbm_poisson,34.891640,14.219394,product,8,1.645000,23.390903,59,0.407530,C,25,19.333333,1,9,Forecast,20260818T075922Z-deb02f
23182,TOILET SIGN OCCUPIED OR VACANT,2011-11,2011-12,M2_gbm_poisson,230.835867,161.444539,product,8,1.645000,265.576267,497,0.699391,B,328,309.000000,1,9,Forecast,20260818T075922Z-deb02f
23183,MOTHER'S KITCHEN SPOON REST,2011-11,2011-12,M2_gbm_poisson,31.425581,21.633210,product,8,1.645000,35.586630,68,0.688395,C,19,26.000000,1,9,Forecast,20260818T075922Z-deb02f
23184,BULL DOG BOTTLE OPENER,2011-11,2011-12,M2_gbm_poisson,79.328994,83.190836,product,8,1.645000,136.848925,217,1.048681,B,130,94.333333,1,9,Forecast,20260818T075922Z-deb02f
23185,FRENCH STYLE STORAGE JAR JAM,2011-11,2011-12,M2_gbm_poisson,57.334048,48.625870,product,8,1.645000,79.989556,138,0.848115,C,107,62.666667,1,9,Forecast,20260818T075922Z-deb02f
23186,FRENCH STYLE STORAGE JAR CAFE,2011-11,2011-12,M2_gbm_poisson,159.881361,293.894390,product,8,1.645000,483.456271,644,1.838203,C,479,340.333333,1,9,Forecast,20260818T075922Z-deb02f
23187,FRENCH STYLE STORAGE JAR BONBONS,2011-11,2011-12,M2_gbm_poisson,152.812383,320.368585,product,8,1.645000,527.006322,680,2.096483,C,10,329.333333,1,9,Forecast,20260818T075922Z-deb02f
23188,VINTAGE  2 METER FOLDING RULER,2011-11,2011-12,M2_gbm_poisson,410.839450,8.023905,abc_group,5,1.645000,13.199324,425,0.019531,C,1047,785.000000,1,6,Forecast,20260818T075922Z-deb02f
23189,SET OF 12 FORK CANDLES,2011-11,2011-12,M2_gbm_poisson,142.777233,8.023905,abc_group,3,1.645000,13.199324,156,0.056199,C,183,262.666667,1,4,Forecast,20260818T075922Z-deb02f
23190,BUNDLE OF 3 SCHOOL EXERCISE BOOKS,2011-11,2011-12,M2_gbm_poisson,135.259500,73.381509,product,6,1.645000,120.712583,256,0.542524,C,171,209.666667,1,7,Forecast,20260818T075922Z-deb02f
23191,BUNDLE OF 3 RETRO NOTE BOOKS,2011-11,2011-12,M2_gbm_poisson,182.103662,103.000003,product,6,1.645000,169.435004,352,0.565612,C,271,349.000000,1,7,Forecast,20260818T075922Z-deb02f
23192,BUNDLE OF 3 ALPHABET EXERCISE BOOKS,2011-11,2011-12,M2_gbm_poisson,312.749248,65.134473,product,6,1.645000,107.146208,420,0.208264,C,690,582.333333,1,7,Forecast,20260818T075922Z-deb02f
23193,BUFFALO BILL TREASURE BOOK BOX,2011-11,2011-12,M2_gbm_poisson,232.551692,253.031117,product,8,1.645000,416.236187,649,1.088064,B,524,258.666667,1,9,Forecast,20260818T075922Z-deb02f
23194,GYMKHANA TREASURE BOOK BOX,2011-11,2011-12,M2_gbm_poisson,231.172536,194.217709,product,8,1.645000,319.488131,551,0.840142,B,555,284.000000,1,9,Forecast,20260818T075922Z-deb02f
23196,VINTAGE LEAF MAGNETIC NOTEPAD,2011-11,2011-12,M2_gbm_poisson,210.151549,8.023905,abc_group,5,1.645000,13.199324,224,0.038182,C,339,357.666667,1,6,Forecast,20260818T075922Z-deb02f
23197,SKETCHBOOK MAGNETIC SHOPPING LIST,2011-11,2011-12,M2_gbm_poisson,177.798812,8.023905,abc_group,5,1.645000,13.199324,191,0.045129,C,307,269.333333,1,6,Forecast,20260818T075922Z-deb02f
23198,PANTRY MAGNETIC  SHOPPING LIST,2011-11,2011-12,M2_gbm_poisson,322.213082,8.023905,abc_group,5,1.645000,13.199324,336,0.024902,C,642,629.666667,1,6,Forecast,20260818T075922Z-deb02f
23199,JUMBO BAG APPLES,2011-11,2011-12,M2_gbm_poisson,993.343226,951.741727,product,7,1.645000,1565.615140,2559,0.958120,A,1553,1575.000000,1,8,Forecast,20260818T075922Z-deb02f
23200,JUMBO BAG PEARS,2011-11,2011-12,M2_gbm_poisson,433.525069,352.895346,product,6,1.645000,580.512844,1015,0.814014,B,717,798.000000,1,7,Forecast,20260818T075922Z-deb02f
23201,JUMBO BAG ALPHABET,2011-11,2011-12,M2_gbm_poisson,1151.352165,367.310888,product,7,1.645000,604.226411,1756,0.319026,A,1951,1735.333333,1,8,Forecast,20260818T075922Z-deb02f
23202,JUMBO BAG VINTAGE LEAF,2011-11,2011-12,M2_gbm_poisson,975.998582,488.492459,product,6,1.645000,803.570096,1780,0.500505,A,1573,1331.000000,1,7,Forecast,20260818T075922Z-deb02f
23203,JUMBO BAG VINTAGE DOILY,2011-11,2011-12,M2_gbm_poisson,2004.541822,2317.246720,product,6,1.645000,3811.870854,5817,1.155998,A,3987,3019.333333,1,7,Forecast,20260818T075922Z-deb02f
23204,CHARLOTTE BAG APPLES DESIGN,2011-11,2011-12,M2_gbm_poisson,491.386739,267.378311,product,7,1.645000,439.837321,932,0.544130,B,993,839.666667,1,8,Forecast,20260818T075922Z-deb02f
23205,CHARLOTTE BAG VINTAGE ALPHABET,2011-11,2011-12,M2_gbm_poisson,366.347214,59.393104,product,7,1.645000,97.701657,465,0.162122,B,822,762.333333,1,8,Forecast,20260818T075922Z-deb02f
23206,LUNCH BAG APPLE DESIGN,2011-11,2011-12,M2_gbm_poisson,934.733611,653.927120,product,7,1.645000,1075.710113,2011,0.699587,A,1265,1185.333333,1,8,Forecast,20260818T075922Z-deb02f
23207,LUNCH BAG ALPHABET DESIGN,2011-11,2011-12,M2_gbm_poisson,488.437757,727.248362,product,7,1.645000,1196.323555,1685,1.488927,B,885,670.666667,1,8,Forecast,20260818T075922Z-deb02f
23208,LUNCH BAG VINTAGE LEAF DESIGN,2011-11,2011-12,M2_gbm_poisson,331.543417,361.781828,product,7,1.645000,595.131107,927,1.091205,B,709,638.000000,1,8,Forecast,20260818T075922Z-deb02f
23209,LUNCH BAG VINTAGE DOILY,2011-11,2011-12,M2_gbm_poisson,987.636909,257.952163,product,6,1.645000,424.331307,1412,0.261181,A,1609,1547.000000,1,7,Forecast,20260818T075922Z-deb02f
23210,WHITE ROCKING HORSE HAND PAINTED,2011-11,2011-12,M2_gbm_poisson,363.028833,8.023905,abc_group,5,1.645000,13.199324,377,0.022103,C,887,664.666667,1,6,Forecast,20260818T075922Z-deb02f
23211,RED ROCKING HORSE HAND PAINTED,2011-11,2011-12,M2_gbm_poisson,268.295044,8.023905,abc_group,5,1.645000,13.199324,282,0.029907,C,639,488.666667,1,6,Forecast,20260818T075922Z-deb02f
23212,HEART WREATH DECORATION WITH BELL,2011-11,2011-12,M2_gbm_poisson,248.600293,8.023905,abc_group,5,1.645000,13.199324,262,0.032276,C,543,477.333333,1,6,Forecast,20260818T075922Z-deb02f
23213,STAR WREATH DECORATION WITH BELL,2011-11,2011-12,M2_gbm_poisson,244.536222,8.023905,abc_group,5,1.645000,13.199324,258,0.032813,C,533,422.000000,1,6,Forecast,20260818T075922Z-deb02f
23214,JINGLE BELL HEART ANTIQUE GOLD,2011-11,2011-12,M2_gbm_poisson,121.055034,8.023905,abc_group,5,1.645000,13.199324,135,0.066283,C,232,210.000000,1,6,Forecast,20260818T075922Z-deb02f
23215,JINGLE BELL HEART ANTIQUE SILVER,2011-11,2011-12,M2_gbm_poisson,638.675509,8.023905,abc_group,5,1.645000,13.199324,652,0.012563,C,1546,833.666667,1,6,Forecast,20260818T075922Z-deb02f
23216,LAUREL HEART ANTIQUE GOLD,2011-11,2011-12,M2_gbm_poisson,68.449916,8.023905,abc_group,5,1.645000,13.199324,82,0.117223,C,94,136.666667,1,6,Forecast,20260818T075922Z-deb02f
23217,LAUREL HEART ANTIQUE SILVER,2011-11,2011-12,M2_gbm_poisson,135.277700,8.023905,abc_group,5,1.645000,13.199324,149,0.059314,C,232,320.666667,1,6,Forecast,20260818T075922Z-deb02f
23218,LAUREL STAR ANTIQUE GOLD,2011-11,2011-12,M2_gbm_poisson,67.351508,8.023905,abc_group,4,1.645000,13.199324,81,0.119135,C,143,100.333333,1,5,Forecast,20260818T075922Z-deb02f
23219,LAUREL STAR ANTIQUE SILVER,2011-11,2011-12,M2_gbm_poisson,85.566996,8.023905,abc_group,5,1.645000,13.199324,99,0.093773,C,160,116.333333,1,6,Forecast,20260818T075922Z-deb02f
23220,REINDEER HEART DECORATION GOLD,2011-11,2011-12,M2_gbm_poisson,156.591972,8.023905,abc_group,5,1.645000,13.199324,170,0.051241,C,365,287.333333,1,6,Forecast,20260818T075922Z-deb02f
23221,REINDEER HEART DECORATION SILVER,2011-11,2011-12,M2_gbm_poisson,243.071683,59.717423,product,6,1.645000,98.235161,342,0.245678,C,595,417.000000,1,7,Forecast,20260818T075922Z-deb02f
23222,CHRISTMAS TREE HANGING GOLD,2011-11,2011-12,M2_gbm_poisson,105.232100,8.023905,abc_group,5,1.645000,13.199324,119,0.076250,C,239,236.666667,1,6,Forecast,20260818T075922Z-deb02f
23223,CHRISTMAS TREE HANGING SILVER,2011-11,2011-12,M2_gbm_poisson,112.899918,8.023905,abc_group,5,1.645000,13.199324,127,0.071071,C,225,229.333333,1,6,Forecast,20260818T075922Z-deb02f
23224,CHERUB HEART DECORATION GOLD,2011-11,2011-12,M2_gbm_poisson,84.398628,8.023905,abc_group,5,1.645000,13.199324,98,0.095072,C,187,209.000000,1,6,Forecast,20260818T075922Z-deb02f
23225,CHERUB HEART DECORATION SILVER,2011-11,2011-12,M2_gbm_poisson,210.683056,8.023905,abc_group,5,1.645000,13.199324,224,0.038085,C,442,380.666667,1,6,Forecast,20260818T075922Z-deb02f
23226,FILIGREE HEART DAISY WHITE,2011-11,2011-12,M2_gbm_poisson,112.416500,127.491294,product,6,1.645000,209.723179,323,1.134098,C,168,127.333333,1,7,Forecast,20260818T075922Z-deb02f
23227,FILIGREE HEART BUTTERFLY WHITE,2011-11,2011-12,M2_gbm_poisson,149.516619,52.101233,product,6,1.645000,85.706528,236,0.348464,C,277,232.666667,1,7,Forecast,20260818T075922Z-deb02f
23228,FILIGREE HEART BIRD WHITE,2011-11,2011-12,M2_gbm_poisson,155.106724,115.860297,product,6,1.645000,190.590189,346,0.746971,C,307,241.333333,1,7,Forecast,20260818T075922Z-deb02f
23229,VINTAGE DONKEY TAIL GAME,2011-11,2011-12,M2_gbm_poisson,233.878791,8.023905,abc_group,5,1.645000,13.199324,248,0.034308,C,461,334.333333,1,6,Forecast,20260818T075922Z-deb02f
23230,WRAP ALPHABET DESIGN,2011-11,2011-12,M2_gbm_poisson,256.902502,365.358897,product,10,1.645000,601.015386,858,1.422169,B,900,683.333333,1,11,Forecast,20260818T075922Z-deb02f
23231,WRAP DOILEY DESIGN,2011-11,2011-12,M2_gbm_poisson,215.576541,261.461847,product,10,1.645000,430.104739,646,1.212849,B,550,641.333333,1,11,Forecast,20260818T075922Z-deb02f
23232,WRAP VINTAGE LEAF DESIGN,2011-11,2011-12,M2_gbm_poisson,382.322816,258.205761,product,10,1.645000,424.748477,808,0.675361,B,1025,1033.333333,1,11,Forecast,20260818T075922Z-deb02f
23233,WRAP POPPIES  DESIGN,2011-11,2011-12,M2_gbm_poisson,154.781467,201.959772,product,10,1.645000,332.223825,488,1.304806,C,225,533.333333,1,11,Forecast,20260818T075922Z-deb02f
23234,BISCUIT TIN VINTAGE CHRISTMAS,2011-11,2011-12,M2_gbm_poisson,211.059745,8.023905,abc_group,5,1.645000,13.199324,225,0.038017,C,347,397.666667,1,6,Forecast,20260818T075922Z-deb02f
23235,STORAGE TIN VINTAGE LEAF,2011-11,2011-12,M2_gbm_poisson,40.970547,8.023905,abc_group,5,1.645000,13.199324,55,0.195846,C,19,41.000000,1,6,Forecast,20260818T075922Z-deb02f
23236,STORAGE TIN VINTAGE DOILY,2011-11,2011-12,M2_gbm_poisson,261.557475,8.023905,abc_group,5,1.645000,13.199324,275,0.030677,C,294,367.666667,1,6,Forecast,20260818T075922Z-deb02f
23237,SET OF 4 KNICK KNACK TINS LEAF,2011-11,2011-12,M2_gbm_poisson,91.493142,8.023905,abc_group,5,1.645000,13.199324,105,0.087700,C,166,139.666667,1,6,Forecast,20260818T075922Z-deb02f
23238,SET OF 4 KNICK KNACK TINS LONDON,2011-11,2011-12,M2_gbm_poisson,179.728231,8.023905,abc_group,5,1.645000,13.199324,193,0.044645,C,274,264.000000,1,6,Forecast,20260818T075922Z-deb02f
23239,SET OF 4 KNICK KNACK TINS POPPIES,2011-11,2011-12,M2_gbm_poisson,64.975158,8.023905,abc_group,5,1.645000,13.199324,79,0.123492,C,87,85.333333,1,6,Forecast,20260818T075922Z-deb02f
23240,SET OF 4 KNICK KNACK TINS DOILY,2011-11,2011-12,M2_gbm_poisson,308.035735,8.023905,abc_group,5,1.645000,13.199324,322,0.026049,C,567,623.666667,1,6,Forecast,20260818T075922Z-deb02f
23241,TREASURE TIN GYMKHANA DESIGN,2011-11,2011-12,M2_gbm_poisson,205.240613,8.023905,abc_group,5,1.645000,13.199324,219,0.039095,C,286,363.000000,1,6,Forecast,20260818T075922Z-deb02f
23242,TREASURE TIN BUFFALO BILL,2011-11,2011-12,M2_gbm_poisson,132.297193,8.023905,abc_group,5,1.645000,13.199324,146,0.060651,C,141,212.000000,1,6,Forecast,20260818T075922Z-deb02f
23243,SET OF TEA COFFEE SUGAR TINS PANTRY,2011-11,2011-12,M2_gbm_poisson,364.173587,8.023905,abc_group,5,1.645000,13.199324,378,0.022033,C,469,950.333333,1,6,Forecast,20260818T075922Z-deb02f
23244,ROUND STORAGE TIN VINTAGE LEAF,2011-11,2011-12,M2_gbm_poisson,91.317893,8.023905,abc_group,5,1.645000,13.199324,105,0.087868,C,157,90.333333,1,6,Forecast,20260818T075922Z-deb02f
23245,SET OF 3 REGENCY CAKE TINS,2011-11,2011-12,M2_gbm_poisson,549.247064,8.023905,abc_group,5,1.645000,13.199324,563,0.014609,C,775,858.666667,1,6,Forecast,20260818T075922Z-deb02f
23247,BISCUIT TIN 50'S CHRISTMAS,2011-11,2011-12,M2_gbm_poisson,317.495341,8.023905,abc_group,5,1.645000,13.199324,331,0.025273,C,686,563.333333,1,6,Forecast,20260818T075922Z-deb02f
23249,VINTAGE RED ENAMEL TRIM PLATE,2011-11,2011-12,M2_gbm_poisson,69.334495,8.023905,abc_group,5,1.645000,13.199324,83,0.115727,C,68,107.333333,1,6,Forecast,20260818T075922Z-deb02f
23250,VINTAGE RED TRIM ENAMEL BOWL,2011-11,2011-12,M2_gbm_poisson,104.981368,8.023905,abc_group,5,1.645000,13.199324,119,0.076432,C,223,201.666667,1,6,Forecast,20260818T075922Z-deb02f
23251,VINTAGE RED ENAMEL TRIM MUG,2011-11,2011-12,M2_gbm_poisson,131.249382,8.023905,abc_group,5,1.645000,13.199324,145,0.061135,C,232,235.000000,1,6,Forecast,20260818T075922Z-deb02f
23252,VINTAGE RED ENAMEL TRIM JUG,2011-11,2011-12,M2_gbm_poisson,63.905936,8.023905,abc_group,5,1.645000,13.199324,78,0.125558,C,72,80.333333,1,6,Forecast,20260818T075922Z-deb02f
23253,16 PIECE CUTLERY SET PANTRY DESIGN,2011-11,2011-12,M2_gbm_poisson,21.229950,29.356518,product,7,1.645000,48.291472,70,1.382788,B,14,18.333333,1,8,Forecast,20260818T075922Z-deb02f
23254,CHILDRENS CUTLERY DOLLY GIRL,2011-11,2011-12,M2_gbm_poisson,180.598355,113.045285,product,7,1.645000,185.959493,367,0.625949,B,317,218.000000,1,8,Forecast,20260818T075922Z-deb02f
23255,CHILDRENS CUTLERY CIRCUS PARADE,2011-11,2011-12,M2_gbm_poisson,82.408994,61.817155,product,7,1.645000,101.689220,185,0.750126,B,114,127.666667,1,8,Forecast,20260818T075922Z-deb02f
23256,CHILDRENS CUTLERY SPACEBOY,2011-11,2011-12,M2_gbm_poisson,194.741799,147.212395,product,7,1.645000,242.164390,437,0.755936,B,345,259.000000,1,8,Forecast,20260818T075922Z-deb02f
23263,SET OF 3 WOODEN HEART DECORATIONS,2011-11,2011-12,M2_gbm_poisson,577.733817,8.023905,abc_group,5,1.645000,13.199324,591,0.013889,C,1124,895.000000,1,6,Forecast,20260818T075922Z-deb02f
23264,SET OF 3 WOODEN SLEIGH DECORATIONS,2011-11,2011-12,M2_gbm_poisson,284.561977,8.023905,abc_group,5,1.645000,13.199324,298,0.028197,C,633,517.000000,1,6,Forecast,20260818T075922Z-deb02f
23265,SET OF 3 WOODEN TREE DECORATIONS,2011-11,2011-12,M2_gbm_poisson,299.601995,8.023905,abc_group,5,1.645000,13.199324,313,0.026782,C,656,489.000000,1,6,Forecast,20260818T075922Z-deb02f
23266,SET OF 3 WOODEN STOCKING DECORATION,2011-11,2011-12,M2_gbm_poisson,289.327167,8.023905,abc_group,5,1.645000,13.199324,303,0.027733,C,653,531.333333,1,6,Forecast,20260818T075922Z-deb02f
23267,SET OF 4 SANTA PLACE SETTINGS,2011-11,2011-12,M2_gbm_poisson,181.060962,8.023905,abc_group,5,1.645000,13.199324,195,0.044316,C,382,315.666667,1,6,Forecast,20260818T075922Z-deb02f
23268,SET OF 2 CERAMIC CHRISTMAS REINDEER,2011-11,2011-12,M2_gbm_poisson,38.946225,8.023905,abc_group,5,1.645000,13.199324,53,0.206025,C,3,185.666667,1,6,Forecast,20260818T075922Z-deb02f
23269,SET OF 2 CERAMIC CHRISTMAS TREES,2011-11,2011-12,M2_gbm_poisson,114.341498,8.023905,abc_group,5,1.645000,13.199324,128,0.070175,C,259,222.000000,1,6,Forecast,20260818T075922Z-deb02f
23270,SET OF 2 CERAMIC PAINTED HEARTS,2011-11,2011-12,M2_gbm_poisson,140.065743,8.023905,abc_group,5,1.645000,13.199324,154,0.057287,C,192,188.666667,1,6,Forecast,20260818T075922Z-deb02f
23271,CHRISTMAS TABLE SILVER CANDLE SPIKE,2011-11,2011-12,M2_gbm_poisson,222.857047,8.023905,abc_group,5,1.645000,13.199324,237,0.036005,C,472,512.333333,1,6,Forecast,20260818T075922Z-deb02f
23272,TREE T-LIGHT HOLDER WILLIE WINKIE,2011-11,2011-12,M2_gbm_poisson,53.702063,8.023905,abc_group,5,1.645000,13.199324,67,0.149415,C,54,67.333333,1,6,Forecast,20260818T075922Z-deb02f
23273,HEART T-LIGHT HOLDER WILLIE WINKIE,2011-11,2011-12,M2_gbm_poisson,107.297086,8.023905,abc_group,5,1.645000,13.199324,121,0.074782,C,195,216.666667,1,6,Forecast,20260818T075922Z-deb02f
23274,STAR T-LIGHT HOLDER WILLIE WINKIE,2011-11,2011-12,M2_gbm_poisson,124.587794,8.023905,abc_group,5,1.645000,13.199324,138,0.064404,C,247,321.000000,1,6,Forecast,20260818T075922Z-deb02f
23275,SET OF 3 HANGING OWLS OLLIE BEAK,2011-11,2011-12,M2_gbm_poisson,686.990297,8.023905,abc_group,5,1.645000,13.199324,701,0.011680,C,1514,833.666667,1,6,Forecast,20260818T075922Z-deb02f
23280,FOLDING BUTTERFLY MIRROR HOT PINK,2011-11,2011-12,M2_gbm_poisson,127.783617,149.559054,product,6,1.645000,246.024644,374,1.170409,C,212,157.333333,1,7,Forecast,20260818T075922Z-deb02f
23281,FOLDING BUTTERFLY MIRROR RED,2011-11,2011-12,M2_gbm_poisson,64.194076,123.430898,product,6,1.645000,203.043827,268,1.922777,C,80,68.000000,1,7,Forecast,20260818T075922Z-deb02f
23282,FOLDING BUTTERFLY MIRROR IVORY,2011-11,2011-12,M2_gbm_poisson,73.644059,73.123908,product,6,1.645000,120.288828,194,0.992937,C,111,96.666667,1,7,Forecast,20260818T075922Z-deb02f
23283,DOORMAT VINTAGE LEAF,2011-11,2011-12,M2_gbm_poisson,74.165919,123.804216,product,7,1.645000,203.657936,278,1.669287,B,105,146.333333,1,8,Forecast,20260818T075922Z-deb02f
23284,DOORMAT KEEP CALM AND COME IN,2011-11,2011-12,M2_gbm_poisson,536.525934,839.138553,product,7,1.645000,1380.382920,1917,1.564022,A,729,1002.666667,1,8,Forecast,20260818T075922Z-deb02f
23285,PINK VINTAGE SPOT BEAKER,2011-11,2011-12,M2_gbm_poisson,256.207903,8.023905,abc_group,5,1.645000,13.199324,270,0.031318,C,66,777.333333,1,6,Forecast,20260818T075922Z-deb02f
23286,BLUE VINTAGE SPOT BEAKER,2011-11,2011-12,M2_gbm_poisson,264.665219,8.023905,abc_group,5,1.645000,13.199324,278,0.030317,C,195,811.000000,1,6,Forecast,20260818T075922Z-deb02f
23287,RED VINTAGE SPOT BEAKER,2011-11,2011-12,M2_gbm_poisson,101.432541,8.023905,abc_group,5,1.645000,13.199324,115,0.079106,C,86,148.666667,1,6,Forecast,20260818T075922Z-deb02f
23288,GREEN VINTAGE SPOT BEAKER,2011-11,2011-12,M2_gbm_poisson,215.570358,8.023905,abc_group,5,1.645000,13.199324,229,0.037222,C,178,800.333333,1,6,Forecast,20260818T075922Z-deb02f
23289,DOLLY GIRL CHILDRENS BOWL,2011-11,2011-12,M2_gbm_poisson,153.411098,8.023905,abc_group,5,1.645000,13.199324,167,0.052303,C,201,241.666667,1,6,Forecast,20260818T075922Z-deb02f
23290,SPACEBOY CHILDRENS BOWL,2011-11,2011-12,M2_gbm_poisson,230.738687,8.023905,abc_group,5,1.645000,13.199324,244,0.034775,C,478,430.000000,1,6,Forecast,20260818T075922Z-deb02f
23291,DOLLY GIRL CHILDRENS CUP,2011-11,2011-12,M2_gbm_poisson,155.123960,8.023905,abc_group,5,1.645000,13.199324,169,0.051726,C,201,233.666667,1,6,Forecast,20260818T075922Z-deb02f
23292,SPACEBOY CHILDRENS CUP,2011-11,2011-12,M2_gbm_poisson,208.520092,8.023905,abc_group,5,1.645000,13.199324,222,0.038480,C,330,337.666667,1,6,Forecast,20260818T075922Z-deb02f
23293,SET OF 12 FAIRY CAKE BAKING CASES,2011-11,2011-12,M2_gbm_poisson,945.737762,8.023905,abc_group,4,1.645000,13.199324,959,0.008484,C,1678,1520.666667,1,5,Forecast,20260818T075922Z-deb02f
23294,SET OF 6 SNACK LOAF BAKING CASES,2011-11,2011-12,M2_gbm_poisson,459.936165,8.023905,abc_group,4,1.645000,13.199324,474,0.017446,C,734,743.000000,1,5,Forecast,20260818T075922Z-deb02f
23295,SET OF 12 MINI LOAF BAKING CASES,2011-11,2011-12,M2_gbm_poisson,502.803364,8.023905,abc_group,4,1.645000,13.199324,517,0.015958,C,934,1035.333333,1,5,Forecast,20260818T075922Z-deb02f
23296,SET OF 6 TEA TIME BAKING CASES,2011-11,2011-12,M2_gbm_poisson,486.310191,8.023905,abc_group,4,1.645000,13.199324,500,0.016500,C,954,799.333333,1,5,Forecast,20260818T075922Z-deb02f
23297,SET 40 HEART SHAPE PETIT FOUR CASES,2011-11,2011-12,M2_gbm_poisson,51.084298,8.023905,abc_group,4,1.645000,13.199324,65,0.157072,C,9,261.000000,1,5,Forecast,20260818T075922Z-deb02f
23298,SPOTTY BUNTING,2011-11,2011-12,M2_gbm_poisson,618.327132,517.590783,product,6,1.645000,851.436837,1470,0.837082,A,889,800.666667,1,7,Forecast,20260818T075922Z-deb02f
23299,FOOD COVER WITH BEADS SET 2,2011-11,2011-12,M2_gbm_poisson,37.382973,64.850777,product,6,1.645000,106.679529,145,1.734768,B,20,38.666667,1,7,Forecast,20260818T075922Z-deb02f
23300,GARDENERS KNEELING PAD CUP OF TEA,2011-11,2011-12,M2_gbm_poisson,719.861593,288.071700,product,6,1.645000,473.877947,1194,0.400177,B,1535,966.000000,1,7,Forecast,20260818T075922Z-deb02f
23301,GARDENERS KNEELING PAD KEEP CALM,2011-11,2011-12,M2_gbm_poisson,1067.007968,321.348361,product,6,1.645000,528.618054,1596,0.301168,B,2754,1624.000000,1,7,Forecast,20260818T075922Z-deb02f
23302,KNEELING MAT HOUSEWORK  DESIGN,2011-11,2011-12,M2_gbm_poisson,111.517865,28.899655,product,6,1.645000,47.539932,160,0.259148,C,241,148.666667,1,7,Forecast,20260818T075922Z-deb02f
23303,SET 4 PICNIC CUTLERY FONDANT,2011-11,2011-12,M2_gbm_poisson,40.994842,8.023905,abc_group,1,1.645000,13.199324,55,0.195730,C,27,17.666667,1,2,Forecast,20260818T075922Z-deb02f
23304,SET 4 PICNIC CUTLERY CHERRY,2011-11,2011-12,M2_gbm_poisson,37.009445,8.023905,abc_group,1,1.645000,13.199324,51,0.216807,C,39,15.666667,1,2,Forecast,20260818T075922Z-deb02f
23305,SET 4 PICNIC CUTLERY BLUEBERRY,2011-11,2011-12,M2_gbm_poisson,41.305389,8.023905,abc_group,1,1.645000,13.199324,55,0.194258,C,31,19.333333,1,2,Forecast,20260818T075922Z-deb02f
23306,SET OF 36 DOILIES PANTRY DESIGN,2011-11,2011-12,M2_gbm_poisson,114.475656,8.023905,abc_group,5,1.645000,13.199324,128,0.070093,C,69,243.666667,1,6,Forecast,20260818T075922Z-deb02f
23307,SET OF 60 PANTRY DESIGN CAKE CASES,2011-11,2011-12,M2_gbm_poisson,748.777313,8.023905,abc_group,5,1.645000,13.199324,762,0.010716,C,887,1622.666667,1,6,Forecast,20260818T075922Z-deb02f
23308,SET OF 60 VINTAGE LEAF CAKE CASES,2011-11,2011-12,M2_gbm_poisson,403.818662,8.023905,abc_group,5,1.645000,13.199324,418,0.019870,C,447,702.666667,1,6,Forecast,20260818T075922Z-deb02f
23309,SET OF 60 I LOVE LONDON CAKE CASES,2011-11,2011-12,M2_gbm_poisson,857.341582,8.023905,abc_group,5,1.645000,13.199324,871,0.009359,C,1552,1416.666667,1,6,Forecast,20260818T075922Z-deb02f
23310,BUBBLEGUM RING ASSORTED,2011-11,2011-12,M2_gbm_poisson,1539.219845,8.023905,abc_group,5,1.645000,13.199324,1553,0.005213,C,2117,2332.333333,1,6,Forecast,20260818T075922Z-deb02f
23311,VINTAGE CHRISTMAS STOCKING,2011-11,2011-12,M2_gbm_poisson,477.059595,8.023905,abc_group,4,1.645000,13.199324,491,0.016820,C,865,660.333333,1,5,Forecast,20260818T075922Z-deb02f
23312,VINTAGE CHRISTMAS GIFT SACK,2011-11,2011-12,M2_gbm_poisson,196.711364,8.023905,abc_group,4,1.645000,13.199324,210,0.040790,C,428,352.000000,1,5,Forecast,20260818T075922Z-deb02f
23313,VINTAGE CHRISTMAS BUNTING,2011-11,2011-12,M2_gbm_poisson,606.795976,8.023905,abc_group,4,1.645000,13.199324,620,0.013223,C,1249,762.000000,1,5,Forecast,20260818T075922Z-deb02f
23314,VINTAGE CHRISTMAS TABLECLOTH,2011-11,2011-12,M2_gbm_poisson,66.565448,8.023905,abc_group,4,1.645000,13.199324,80,0.120542,C,80,84.666667,1,5,Forecast,20260818T075922Z-deb02f
23315,IVORY REFECTORY CLOCK,2011-11,2011-12,M2_gbm_poisson,40.221226,8.023905,abc_group,5,1.645000,13.199324,54,0.199494,C,43,35.666667,1,6,Forecast,20260818T075922Z-deb02f
23316,RED REFECTORY CLOCK,2011-11,2011-12,M2_gbm_poisson,48.861537,8.023905,abc_group,5,1.645000,13.199324,63,0.164217,C,44,47.333333,1,6,Forecast,20260818T075922Z-deb02f
23317,BLUE REFECTORY CLOCK,2011-11,2011-12,M2_gbm_poisson,43.669717,8.023905,abc_group,5,1.645000,13.199324,57,0.183741,C,38,33.666667,1,6,Forecast,20260818T075922Z-deb02f
23318,BOX OF 6 MINI VINTAGE CRACKERS,2011-11,2011-12,M2_gbm_poisson,562.382391,8.023905,abc_group,4,1.645000,13.199324,576,0.014268,C,1302,1050.666667,1,5,Forecast,20260818T075922Z-deb02f
23319,BOX OF 6 MINI 50'S CRACKERS,2011-11,2011-12,M2_gbm_poisson,679.881990,8.023905,abc_group,4,1.645000,13.199324,694,0.011802,C,1378,1077.666667,1,5,Forecast,20260818T075922Z-deb02f
23320,GIANT 50'S CHRISTMAS CRACKER,2011-11,2011-12,M2_gbm_poisson,430.130160,8.023905,abc_group,4,1.645000,13.199324,444,0.018655,C,801,663.666667,1,5,Forecast,20260818T075922Z-deb02f
23321,SMALL WHITE HEART OF WICKER,2011-11,2011-12,M2_gbm_poisson,706.624787,8.023905,abc_group,5,1.645000,13.199324,720,0.011355,C,1394,977.000000,1,6,Forecast,20260818T075922Z-deb02f
23322,LARGE WHITE HEART OF WICKER,2011-11,2011-12,M2_gbm_poisson,459.426126,8.023905,abc_group,5,1.645000,13.199324,473,0.017465,C,821,667.666667,1,6,Forecast,20260818T075922Z-deb02f
23323,WHITE WICKER STAR,2011-11,2011-12,M2_gbm_poisson,262.904966,8.023905,abc_group,5,1.645000,13.199324,277,0.030520,C,533,379.333333,1,6,Forecast,20260818T075922Z-deb02f
23324,RUSTIC STRAWBERRY JAM POT LARGE,2011-11,2011-12,M2_gbm_poisson,48.991659,8.023905,abc_group,3,1.645000,13.199324,63,0.163781,C,47,89.000000,1,4,Forecast,20260818T075922Z-deb02f
23325,RUSTIC STRAWBERRY JAM POT SMALL,2011-11,2011-12,M2_gbm_poisson,64.016153,8.023905,abc_group,3,1.645000,13.199324,78,0.125342,C,70,126.000000,1,4,Forecast,20260818T075922Z-deb02f
23326,HANGING MINI COLOURED BOTTLES,2011-11,2011-12,M2_gbm_poisson,144.143785,8.023905,abc_group,3,1.645000,13.199324,158,0.055666,C,183,566.000000,1,4,Forecast,20260818T075922Z-deb02f
23327,HANGING CLEAR MINI BOTTLE,2011-11,2011-12,M2_gbm_poisson,111.995101,8.023905,abc_group,3,1.645000,13.199324,126,0.071645,C,290,443.666667,1,4,Forecast,20260818T075922Z-deb02f
23328,SET 6 SCHOOL MILK BOTTLES IN CRATE,2011-11,2011-12,M2_gbm_poisson,405.406465,8.023905,abc_group,3,1.645000,13.199324,419,0.019792,C,921,670.666667,1,4,Forecast,20260818T075922Z-deb02f
23329,DECORATIVE WICKER HEART LARGE,2011-11,2011-12,M2_gbm_poisson,255.518090,8.023905,abc_group,3,1.645000,13.199324,269,0.031402,C,527,445.666667,1,4,Forecast,20260818T075922Z-deb02f
23330,DECORATIVE WICKER HEART MEDIUM,2011-11,2011-12,M2_gbm_poisson,279.168425,8.023905,abc_group,3,1.645000,13.199324,293,0.028742,C,674,505.666667,1,4,Forecast,20260818T075922Z-deb02f
23331,DECORATIVE WICKER HEART SMALL,2011-11,2011-12,M2_gbm_poisson,179.965459,8.023905,abc_group,3,1.645000,13.199324,194,0.044586,C,400,370.333333,1,4,Forecast,20260818T075922Z-deb02f
23332,IVORY WICKER HEART LARGE,2011-11,2011-12,M2_gbm_poisson,248.299382,8.023905,abc_group,3,1.645000,13.199324,262,0.032315,C,578,524.666667,1,4,Forecast,20260818T075922Z-deb02f
23333,IVORY WICKER HEART MEDIUM,2011-11,2011-12,M2_gbm_poisson,350.394626,8.023905,abc_group,3,1.645000,13.199324,364,0.022900,C,823,562.666667,1,4,Forecast,20260818T075922Z-deb02f
23334,IVORY WICKER HEART SMALL,2011-11,2011-12,M2_gbm_poisson,235.816134,8.023905,abc_group,3,1.645000,13.199324,250,0.034026,C,510,556.333333,1,4,Forecast,20260818T075922Z-deb02f
23335,EGG FRYING PAN IVORY,2011-11,2011-12,M2_gbm_poisson,64.901175,8.023905,abc_group,5,1.645000,13.199324,79,0.123633,C,84,63.000000,1,6,Forecast,20260818T075922Z-deb02f
23336,EGG FRYING PAN PINK,2011-11,2011-12,M2_gbm_poisson,49.930388,8.023905,abc_group,5,1.645000,13.199324,64,0.160702,C,39,50.000000,1,6,Forecast,20260818T075922Z-deb02f
23337,EGG FRYING PAN MINT,2011-11,2011-12,M2_gbm_poisson,54.202341,8.023905,abc_group,5,1.645000,13.199324,68,0.148036,C,59,41.666667,1,6,Forecast,20260818T075922Z-deb02f
23338,EGG FRYING PAN RED,2011-11,2011-12,M2_gbm_poisson,70.144389,8.023905,abc_group,5,1.645000,13.199324,84,0.114391,C,89,68.333333,1,6,Forecast,20260818T075922Z-deb02f
23339,EGG FRYING PAN BLUE,2011-11,2011-12,M2_gbm_poisson,45.100836,8.023905,abc_group,5,1.645000,13.199324,59,0.177910,C,51,38.000000,1,6,Forecast,20260818T075922Z-deb02f
23340,VINTAGE CHRISTMAS CAKE FRILL,2011-11,2011-12,M2_gbm_poisson,173.511580,8.023905,abc_group,4,1.645000,13.199324,187,0.046244,C,205,702.000000,1,5,Forecast,20260818T075922Z-deb02f
23341,PINK DINER WALL CLOCK,2011-11,2011-12,M2_gbm_poisson,48.169353,8.023905,abc_group,5,1.645000,13.199324,62,0.166577,C,39,59.000000,1,6,Forecast,20260818T075922Z-deb02f
23342,MINT DINER WALL CLOCK,2011-11,2011-12,M2_gbm_poisson,61.323093,8.023905,abc_group,5,1.645000,13.199324,75,0.130846,C,57,87.000000,1,6,Forecast,20260818T075922Z-deb02f
23343,JUMBO BAG VINTAGE CHRISTMAS,2011-11,2011-12,M2_gbm_poisson,950.688796,8.023905,abc_group,5,1.645000,13.199324,964,0.008440,C,2205,1539.333333,1,6,Forecast,20260818T075922Z-deb02f
23344,JUMBO BAG 50'S CHRISTMAS,2011-11,2011-12,M2_gbm_poisson,1779.746942,8.023905,abc_group,5,1.645000,13.199324,1793,0.004508,C,4057,2708.333333,1,6,Forecast,20260818T075922Z-deb02f
23345,DOLLY GIRL BEAKER,2011-11,2011-12,M2_gbm_poisson,177.640459,8.023905,abc_group,4,1.645000,13.199324,191,0.045169,C,165,449.333333,1,5,Forecast,20260818T075922Z-deb02f
23346,SPACEBOY BEAKER,2011-11,2011-12,M2_gbm_poisson,269.553431,8.023905,abc_group,4,1.645000,13.199324,283,0.029767,C,281,519.333333,1,5,Forecast,20260818T075922Z-deb02f
23347,I LOVE LONDON BEAKER,2011-11,2011-12,M2_gbm_poisson,72.778355,8.023905,abc_group,4,1.645000,13.199324,86,0.110251,C,119,178.333333,1,5,Forecast,20260818T075922Z-deb02f
23348,CHILDRENS TOY COOKING UTENSIL SET,2011-11,2011-12,M2_gbm_poisson,115.813788,18.540803,product,7,1.645000,30.499620,147,0.160091,C,206,224.333333,1,8,Forecast,20260818T075922Z-deb02f
23349,ROLL WRAP VINTAGE CHRISTMAS,2011-11,2011-12,M2_gbm_poisson,545.008417,8.023905,abc_group,3,1.645000,13.199324,559,0.014723,C,1146,940.333333,1,4,Forecast,20260818T075922Z-deb02f
23350,ROLL WRAP VINTAGE SPOT,2011-11,2011-12,M2_gbm_poisson,391.629041,8.023905,abc_group,3,1.645000,13.199324,405,0.020489,C,852,744.666667,1,4,Forecast,20260818T075922Z-deb02f
23351,ROLL WRAP 50'S CHRISTMAS,2011-11,2011-12,M2_gbm_poisson,706.382420,8.023905,abc_group,3,1.645000,13.199324,720,0.011359,C,1378,1017.000000,1,4,Forecast,20260818T075922Z-deb02f
23352,ROLL WRAP 50'S RED CHRISTMAS,2011-11,2011-12,M2_gbm_poisson,255.414491,8.023905,abc_group,3,1.645000,13.199324,269,0.031415,C,556,501.333333,1,4,Forecast,20260818T075922Z-deb02f
23353,6 GIFT TAGS VINTAGE CHRISTMAS,2011-11,2011-12,M2_gbm_poisson,628.334754,8.023905,abc_group,3,1.645000,13.199324,642,0.012770,C,1288,1122.666667,1,4,Forecast,20260818T075922Z-deb02f
23354,6 GIFT TAGS 50'S CHRISTMAS,2011-11,2011-12,M2_gbm_poisson,631.826784,8.023905,abc_group,3,1.645000,13.199324,646,0.012700,C,1273,1114.666667,1,4,Forecast,20260818T075922Z-deb02f
23355,HOT WATER BOTTLE KEEP CALM,2011-11,2011-12,M2_gbm_poisson,1053.319316,8.023905,abc_group,3,1.645000,13.199324,1067,0.007618,C,2349,1669.333333,1,4,Forecast,20260818T075922Z-deb02f
23356,LOVE HOT WATER BOTTLE,2011-11,2011-12,M2_gbm_poisson,650.139798,8.023905,abc_group,3,1.645000,13.199324,664,0.012342,C,1084,724.333333,1,4,Forecast,20260818T075922Z-deb02f
23357,HOT WATER BOTTLE SEX BOMB,2011-11,2011-12,M2_gbm_poisson,75.822649,8.023905,abc_group,3,1.645000,13.199324,90,0.105825,C,119,122.000000,1,4,Forecast,20260818T075922Z-deb02f
23358,HOT STUFF HOT WATER BOTTLE,2011-11,2011-12,M2_gbm_poisson,85.161222,8.023905,abc_group,3,1.645000,13.199324,99,0.094220,C,184,151.000000,1,4,Forecast,20260818T075922Z-deb02f
23359,SET OF 12 T-LIGHTS VINTAGE DOILY,2011-11,2011-12,M2_gbm_poisson,111.435665,8.023905,abc_group,3,1.645000,13.199324,125,0.072005,C,232,242.666667,1,4,Forecast,20260818T075922Z-deb02f
23360,SET 8 CANDLES VINTAGE DOILY,2011-11,2011-12,M2_gbm_poisson,134.444206,8.023905,abc_group,3,1.645000,13.199324,148,0.059682,C,229,291.000000,1,4,Forecast,20260818T075922Z-deb02f
23365,SET 12 COLOUR PENCILS LOVE LONDON,2011-11,2011-12,M2_gbm_poisson,355.587005,8.023905,abc_group,2,1.645000,13.199324,369,0.022565,C,934,597.000000,1,3,Forecast,20260818T075922Z-deb02f
23366,SET 12 COLOURING PENCILS DOILY,2011-11,2011-12,M2_gbm_poisson,680.427456,8.023905,abc_group,2,1.645000,13.199324,694,0.011792,C,1197,672.000000,1,3,Forecast,20260818T075922Z-deb02f
23367,SET 12 COLOUR PENCILS SPACEBOY,2011-11,2011-12,M2_gbm_poisson,867.273539,8.023905,abc_group,2,1.645000,13.199324,881,0.009252,C,1464,991.666667,1,3,Forecast,20260818T075922Z-deb02f
23368,SET 12 COLOUR PENCILS DOLLY GIRL,2011-11,2011-12,M2_gbm_poisson,524.649008,8.023905,abc_group,2,1.645000,13.199324,538,0.015294,C,904,747.000000,1,3,Forecast,20260818T075922Z-deb02f
23369,SET 36 COLOUR PENCILS LOVE LONDON,2011-11,2011-12,M2_gbm_poisson,237.018848,8.023905,abc_group,2,1.645000,13.199324,251,0.033853,C,480,333.666667,1,3,Forecast,20260818T075922Z-deb02f
23370,SET 36 COLOURING PENCILS DOILY,2011-11,2011-12,M2_gbm_poisson,267.687928,8.023905,abc_group,2,1.645000,13.199324,281,0.029975,C,570,480.333333,1,3,Forecast,20260818T075922Z-deb02f
23371,SET 36 COLOUR PENCILS SPACEBOY,2011-11,2011-12,M2_gbm_poisson,360.148940,8.023905,abc_group,2,1.645000,13.199324,374,0.022279,C,844,540.000000,1,3,Forecast,20260818T075922Z-deb02f
23372,SET 36 COLOUR PENCILS DOLLY GIRL,2011-11,2011-12,M2_gbm_poisson,258.707333,8.023905,abc_group,2,1.645000,13.199324,272,0.031015,C,633,446.666667,1,3,Forecast,20260818T075922Z-deb02f
23373,VINTAGE CHRISTMAS PAPER GIFT BAG,2011-11,2011-12,M2_gbm_poisson,140.603549,8.023905,abc_group,3,1.645000,13.199324,154,0.057068,C,295,493.666667,1,4,Forecast,20260818T075922Z-deb02f
23374,RED SPOT PAPER GIFT BAG,2011-11,2011-12,M2_gbm_poisson,212.345025,8.023905,abc_group,3,1.645000,13.199324,226,0.037787,C,463,664.000000,1,4,Forecast,20260818T075922Z-deb02f
23375,50'S CHRISTMAS PAPER GIFT BAG,2011-11,2011-12,M2_gbm_poisson,179.499195,8.023905,abc_group,3,1.645000,13.199324,193,0.044702,C,349,424.666667,1,4,Forecast,20260818T075922Z-deb02f
23376,PACK OF 12 VINTAGE CHRISTMAS TISSUE,2011-11,2011-12,M2_gbm_poisson,517.483787,8.023905,abc_group,2,1.645000,13.199324,531,0.015506,C,1134,945.333333,1,3,Forecast,20260818T075922Z-deb02f
23377,PACK OF 12 DOLLY GIRL TISSUES,2011-11,2011-12,M2_gbm_poisson,210.278774,8.023905,abc_group,2,1.645000,13.199324,224,0.038158,C,312,433.666667,1,3,Forecast,20260818T075922Z-deb02f
23378,PACK OF 12 50'S CHRISTMAS TISSUES,2011-11,2011-12,M2_gbm_poisson,740.781703,8.023905,abc_group,2,1.645000,13.199324,754,0.010832,C,1440,1265.666667,1,3,Forecast,20260818T075922Z-deb02f
23379,PACK OF 12 RED APPLE TISSUES,2011-11,2011-12,M2_gbm_poisson,160.335530,8.023905,abc_group,2,1.645000,13.199324,174,0.050044,C,161,396.666667,1,3,Forecast,20260818T075922Z-deb02f
23380,PACK OF 12 VINTAGE DOILY TISSUES,2011-11,2011-12,M2_gbm_poisson,242.867886,8.023905,abc_group,2,1.645000,13.199324,257,0.033038,C,530,733.666667,1,3,Forecast,20260818T075922Z-deb02f
23381,PACK OF 12 VINTAGE LEAF TISSUES,2011-11,2011-12,M2_gbm_poisson,116.691135,8.023905,abc_group,2,1.645000,13.199324,130,0.068762,C,152,471.666667,1,3,Forecast,20260818T075922Z-deb02f
23382,BOX OF 6 CHRISTMAS CAKE DECORATIONS,2011-11,2011-12,M2_gbm_poisson,387.509825,8.023905,abc_group,1,1.645000,13.199324,401,0.020706,C,701,506.666667,1,2,Forecast,20260818T075922Z-deb02f
23388,WOODLAND MINI BACKPACK,2011-11,2011-12,M2_gbm_poisson,122.642332,8.023905,abc_group,2,1.645000,13.199324,136,0.065425,C,175,262.000000,1,3,Forecast,20260818T075922Z-deb02f
23389,SPACEBOY MINI BACKPACK,2011-11,2011-12,M2_gbm_poisson,192.567728,8.023905,abc_group,2,1.645000,13.199324,206,0.041668,C,342,354.333333,1,3,Forecast,20260818T075922Z-deb02f
23390,DOLLY GIRL MINI BACKPACK,2011-11,2011-12,M2_gbm_poisson,96.102997,8.023905,abc_group,2,1.645000,13.199324,110,0.083493,C,108,220.666667,1,3,Forecast,20260818T075922Z-deb02f
23391,I LOVE LONDON MINI BACKPACK,2011-11,2011-12,M2_gbm_poisson,101.604998,8.023905,abc_group,2,1.645000,13.199324,115,0.078972,C,156,121.000000,1,3,Forecast,20260818T075922Z-deb02f
23392,SPACEBOY ROCKET LOLLY MAKERS,2011-11,2011-12,M2_gbm_poisson,124.828040,8.023905,abc_group,2,1.645000,13.199324,139,0.064280,C,180,203.666667,1,3,Forecast,20260818T075922Z-deb02f
23393,HOME SWEET HOME CUSHION COVER,2011-11,2011-12,M2_gbm_poisson,141.670142,8.023905,abc_group,2,1.645000,13.199324,155,0.056638,C,244,254.666667,1,3,Forecast,20260818T075922Z-deb02f
23394,POSTE FRANCE CUSHION COVER,2011-11,2011-12,M2_gbm_poisson,119.304325,8.023905,abc_group,2,1.645000,13.199324,133,0.067256,C,177,137.333333,1,3,Forecast,20260818T075922Z-deb02f
23395,BELLE JARDINIERE CUSHION COVER,2011-11,2011-12,M2_gbm_poisson,134.288861,8.023905,abc_group,2,1.645000,13.199324,148,0.059751,C,235,231.333333,1,3,Forecast,20260818T075922Z-deb02f
23396,LE JARDIN BOTANIQUE CUSHION COVER,2011-11,2011-12,M2_gbm_poisson,131.791368,8.023905,abc_group,2,1.645000,13.199324,145,0.060883,C,198,207.000000,1,3,Forecast,20260818T075922Z-deb02f
23397,FOOT STOOL HOME SWEET HOME,2011-11,2011-12,M2_gbm_poisson,117.376971,8.023905,abc_group,2,1.645000,13.199324,131,0.068360,C,177,159.333333,1,3,Forecast,20260818T075922Z-deb02f
23398,HANGING HEART BONHEUR,2011-11,2011-12,M2_gbm_poisson,92.779740,8.023905,abc_group,2,1.645000,13.199324,106,0.086483,C,139,177.666667,1,3,Forecast,20260818T075922Z-deb02f
23399,HOME SWEET HOME HANGING HEART,2011-11,2011-12,M2_gbm_poisson,242.472610,8.023905,abc_group,2,1.645000,13.199324,256,0.033092,C,492,623.666667,1,3,Forecast,20260818T075922Z-deb02f
23400,SHELF WITH 4 HOOKS HOME SWEET HOME,2011-11,2011-12,M2_gbm_poisson,58.825733,8.023905,abc_group,2,1.645000,13.199324,73,0.136401,C,37,152.666667,1,3,Forecast,20260818T075922Z-deb02f
23401,RUSTIC MIRROR WITH LACE HEART,2011-11,2011-12,M2_gbm_poisson,54.545736,8.023905,abc_group,2,1.645000,13.199324,68,0.147104,C,41,101.333333,1,3,Forecast,20260818T075922Z-deb02f
23402,HOME SWEET HOME 3 PEG HANGER,2011-11,2011-12,M2_gbm_poisson,55.959519,8.023905,abc_group,2,1.645000,13.199324,70,0.143388,C,52,92.666667,1,3,Forecast,20260818T075922Z-deb02f
23403,LETTER HOLDER HOME SWEET HOME,2011-11,2011-12,M2_gbm_poisson,122.898974,8.023905,abc_group,2,1.645000,13.199324,137,0.065289,C,207,196.000000,1,3,Forecast,20260818T075922Z-deb02f
23404,HOME SWEET HOME BLACKBOARD,2011-11,2011-12,M2_gbm_poisson,175.193375,8.023905,abc_group,2,1.645000,13.199324,189,0.045800,C,299,275.000000,1,3,Forecast,20260818T075922Z-deb02f
23405,HOME SWEET HOME 2 DRAWER CABINET,2011-11,2011-12,M2_gbm_poisson,65.890940,8.023905,abc_group,2,1.645000,13.199324,80,0.121776,C,74,77.000000,1,3,Forecast,20260818T075922Z-deb02f
23406,HOME SWEET HOME KEY HOLDER,2011-11,2011-12,M2_gbm_poisson,117.000333,8.023905,abc_group,2,1.645000,13.199324,131,0.068580,C,197,147.333333,1,3,Forecast,20260818T075922Z-deb02f
23407,SET OF 2 TRAYS HOME SWEET HOME,2011-11,2011-12,M2_gbm_poisson,65.882308,8.023905,abc_group,2,1.645000,13.199324,80,0.121792,C,78,80.333333,1,3,Forecast,20260818T075922Z-deb02f
23408,PHOTO FRAME LINEN AND LACE SMALL,2011-11,2011-12,M2_gbm_poisson,75.094143,8.023905,abc_group,2,1.645000,13.199324,89,0.106851,C,96,99.000000,1,3,Forecast,20260818T075922Z-deb02f
23409,PHOTO FRAME LINEN AND LACE LARGE,2011-11,2011-12,M2_gbm_poisson,50.196443,8.023905,abc_group,2,1.645000,13.199324,64,0.159850,C,46,67.666667,1,3,Forecast,20260818T075922Z-deb02f
23410,CURIO CABINET LINEN AND LACE,2011-11,2011-12,M2_gbm_poisson,15.914625,8.023905,abc_group,2,1.645000,13.199324,30,0.504184,C,4,12.000000,1,3,Forecast,20260818T075922Z-deb02f
23411,TRELLIS COAT RACK,2011-11,2011-12,M2_gbm_poisson,50.267368,8.023905,abc_group,2,1.645000,13.199324,64,0.159625,C,33,73.666667,1,3,Forecast,20260818T075922Z-deb02f
23412,HEART MIRROR ANTIQUE WHITE,2011-11,2011-12,M2_gbm_poisson,13.605226,8.023905,abc_group,2,1.645000,13.199324,27,0.589766,C,0,119.333333,2,3,Forecast,20260818T075922Z-deb02f
23413,VINTAGE COFFEE GRINDER BOX,2011-11,2011-12,M2_gbm_poisson,45.858349,8.023905,abc_group,2,1.645000,13.199324,60,0.174972,C,33,52.000000,1,3,Forecast,20260818T075922Z-deb02f
23414,ZINC BOX SIGN HOME,2011-11,2011-12,M2_gbm_poisson,45.640662,8.023905,abc_group,2,1.645000,13.199324,59,0.175806,C,44,47.000000,1,3,Forecast,20260818T075922Z-deb02f
23415,HOME SWEET HOME HOOK,2011-11,2011-12,M2_gbm_poisson,73.211321,8.023905,abc_group,2,1.645000,13.199324,87,0.109599,C,105,74.333333,1,3,Forecast,20260818T075922Z-deb02f
23416,CHAMBRE HOOK,2011-11,2011-12,M2_gbm_poisson,24.325869,8.023905,abc_group,2,1.645000,13.199324,38,0.329851,C,12,30.000000,1,3,Forecast,20260818T075922Z-deb02f
23417,BATHROOM HOOK,2011-11,2011-12,M2_gbm_poisson,33.461238,8.023905,abc_group,2,1.645000,13.199324,47,0.239797,C,19,23.666667,1,3,Forecast,20260818T075922Z-deb02f
23418,LAVENDER TOILETTE BOTTLE,2011-11,2011-12,M2_gbm_poisson,68.747756,8.023905,abc_group,2,1.645000,13.199324,82,0.116715,C,66,175.000000,1,3,Forecast,20260818T075922Z-deb02f
23419,HOME SWEET HOME BOTTLE,2011-11,2011-12,M2_gbm_poisson,83.835679,8.023905,abc_group,2,1.645000,13.199324,98,0.095710,C,103,149.666667,1,3,Forecast,20260818T075922Z-deb02f
23420,PANTRY HOOK TEA STRAINER,2011-11,2011-12,M2_gbm_poisson,48.683634,8.023905,abc_group,2,1.645000,13.199324,62,0.164817,C,35,54.333333,1,3,Forecast,20260818T075922Z-deb02f
23421,PANTRY HOOK SPATULA,2011-11,2011-12,M2_gbm_poisson,50.782328,8.023905,abc_group,2,1.645000,13.199324,64,0.158006,C,40,53.000000,1,3,Forecast,20260818T075922Z-deb02f
23422,PANTRY HOOK BALLOON WHISK,2011-11,2011-12,M2_gbm_poisson,55.507611,8.023905,abc_group,2,1.645000,13.199324,69,0.144555,C,49,69.666667,1,3,Forecast,20260818T075922Z-deb02f
23423,PANTRY 3 HOOK ROLLING PIN HANGER,2011-11,2011-12,M2_gbm_poisson,60.033714,8.023905,abc_group,2,1.645000,13.199324,74,0.133657,C,63,69.666667,1,3,Forecast,20260818T075922Z-deb02f
23424,GINGHAM RECIPE BOOK BOX,2011-11,2011-12,M2_gbm_poisson,89.846229,8.023905,abc_group,2,1.645000,13.199324,104,0.089307,C,114,144.333333,1,3,Forecast,20260818T075922Z-deb02f
23425,STORAGE TIN HOME SWEET HOME,2011-11,2011-12,M2_gbm_poisson,49.856115,8.023905,abc_group,2,1.645000,13.199324,64,0.160941,C,46,57.333333,1,3,Forecast,20260818T075922Z-deb02f
23426,METAL SIGN DROP YOUR PANTS,2011-11,2011-12,M2_gbm_poisson,204.845369,8.023905,abc_group,2,1.645000,13.199324,219,0.039171,C,432,401.666667,1,3,Forecast,20260818T075922Z-deb02f
23427,STOOL HOME SWEET HOME,2011-11,2011-12,M2_gbm_poisson,27.595216,8.023905,abc_group,2,1.645000,13.199324,41,0.290772,C,12,78.000000,1,3,Forecast,20260818T075922Z-deb02f
23428,IVORY RETRO KITCHEN WALL CLOCK,2011-11,2011-12,M2_gbm_poisson,70.057613,8.023905,abc_group,0,1.645000,13.199324,84,0.114533,C,41,13.666667,1,1,Forecast,20260818T075922Z-deb02f
23429,RED RETRO KITCHEN WALL CLOCK,2011-11,2011-12,M2_gbm_poisson,65.575263,8.023905,abc_group,0,1.645000,13.199324,79,0.122362,C,31,10.333333,1,1,Forecast,20260818T075922Z-deb02f
23430,BLUE RETRO KITCHEN WALL CLOCK,2011-11,2011-12,M2_gbm_poisson,55.539877,8.023905,abc_group,0,1.645000,13.199324,69,0.144471,C,21,7.000000,1,1,Forecast,20260818T075922Z-deb02f
23431,NATURAL HANGING QUILTED HEARTS,2011-11,2011-12,M2_gbm_poisson,112.154299,8.023905,abc_group,3,1.645000,13.199324,126,0.071543,C,156,279.000000,1,4,Forecast,20260818T075922Z-deb02f
23432,PRETTY HANGING QUILTED HEARTS,2011-11,2011-12,M2_gbm_poisson,85.088419,8.023905,abc_group,3,1.645000,13.199324,99,0.094301,C,132,405.333333,1,4,Forecast,20260818T075922Z-deb02f
23433,HANGING QUILTED PATCHWORK APPLES,2011-11,2011-12,M2_gbm_poisson,135.518210,8.023905,abc_group,3,1.645000,13.199324,149,0.059209,C,240,386.000000,1,4,Forecast,20260818T075922Z-deb02f
23434,3 RAFFIA RIBBONS 50'S CHRISTMAS,2011-11,2011-12,M2_gbm_poisson,356.061936,8.023905,abc_group,2,1.645000,13.199324,370,0.022535,C,877,647.000000,1,3,Forecast,20260818T075922Z-deb02f
23435,3 RAFFIA RIBBONS VINTAGE CHRISTMAS,2011-11,2011-12,M2_gbm_poisson,139.615366,8.023905,abc_group,2,1.645000,13.199324,153,0.057472,C,189,254.000000,1,3,Forecast,20260818T075922Z-deb02f
23436,VINTAGE CHRISTMAS GIFT BAG LARGE,2011-11,2011-12,M2_gbm_poisson,194.565382,8.023905,abc_group,3,1.645000,13.199324,208,0.041240,C,300,578.000000,1,4,Forecast,20260818T075922Z-deb02f
23437,50'S CHRISTMAS GIFT BAG LARGE,2011-11,2011-12,M2_gbm_poisson,265.455918,8.023905,abc_group,3,1.645000,13.199324,279,0.030227,C,496,616.666667,1,4,Forecast,20260818T075922Z-deb02f
23438,RED SPOT GIFT BAG LARGE,2011-11,2011-12,M2_gbm_poisson,184.156511,8.023905,abc_group,3,1.645000,13.199324,198,0.043571,C,389,547.666667,1,4,Forecast,20260818T075922Z-deb02f
23439,HAND WARMER RED LOVE HEART,2011-11,2011-12,M2_gbm_poisson,792.740121,8.023905,abc_group,3,1.645000,13.199324,806,0.010122,C,1602,1167.666667,1,4,Forecast,20260818T075922Z-deb02f
23440,PAINT YOUR OWN EGGS IN CRATE,2011-11,2011-12,M2_gbm_poisson,63.434261,8.023905,abc_group,0,1.645000,13.199324,77,0.126492,C,19,6.333333,1,1,Forecast,20260818T075922Z-deb02f
23441,HAND PAINTED HANGING EASTER EGG,2011-11,2011-12,M2_gbm_poisson,119.631708,8.023905,abc_group,0,1.645000,13.199324,133,0.067072,C,20,6.666667,1,1,Forecast,20260818T075922Z-deb02f
23442,12 HANGING EGGS HAND PAINTED,2011-11,2011-12,M2_gbm_poisson,91.223458,8.023905,abc_group,0,1.645000,13.199324,105,0.087959,C,31,10.333333,1,1,Forecast,20260818T075922Z-deb02f
23444,Next Day Carriage,2011-11,2011-12,M2_gbm_poisson,29.665964,6.472142,product,6,1.645000,10.646674,41,0.218167,C,25,13.000000,1,7,Forecast,20260818T075922Z-deb02f
23445,ICE CREAM BUBBLES,2011-11,2011-12,M2_gbm_poisson,212.442856,8.023905,abc_group,3,1.645000,13.199324,226,0.037770,C,482,799.666667,1,4,Forecast,20260818T075922Z-deb02f
23446,BLUE BUNNY EASTER EGG BASKET,2011-11,2011-12,M2_gbm_poisson,17.038926,8.023905,abc_group,1,1.645000,13.199324,31,0.470916,C,0,4.333333,2,2,Forecast,20260818T075922Z-deb02f
23447,PINK BUNNY EASTER EGG BASKET,2011-11,2011-12,M2_gbm_poisson,19.095945,8.023905,abc_group,1,1.645000,13.199324,33,0.420189,C,0,4.666667,2,2,Forecast,20260818T075922Z-deb02f
23448,CREAM BUNNY EASTER EGG BASKET,2011-11,2011-12,M2_gbm_poisson,24.134132,8.023905,abc_group,1,1.645000,13.199324,38,0.332471,C,12,8.333333,1,2,Forecast,20260818T075922Z-deb02f
23449,SET OF 6 EASTER RAINBOW CHICKS,2011-11,2011-12,M2_gbm_poisson,38.978284,8.023905,abc_group,0,1.645000,13.199324,53,0.205856,C,12,4.000000,1,1,Forecast,20260818T075922Z-deb02f
23451,SQUARE MINI PORTRAIT FRAME,2011-11,2011-12,M2_gbm_poisson,112.701870,8.023905,abc_group,1,1.645000,13.199324,126,0.071196,C,161,78.666667,1,2,Forecast,20260818T075922Z-deb02f
23452,HEART MINI PORTRAIT FRAME,2011-11,2011-12,M2_gbm_poisson,160.755920,8.023905,abc_group,1,1.645000,13.199324,174,0.049914,C,282,151.666667,1,2,Forecast,20260818T075922Z-deb02f
23453,OVAL  MINI PORTRAIT FRAME,2011-11,2011-12,M2_gbm_poisson,103.792616,8.023905,abc_group,1,1.645000,13.199324,117,0.077307,C,172,94.333333,1,2,Forecast,20260818T075922Z-deb02f
23454,THREE MINI HANGING FRAMES,2011-11,2011-12,M2_gbm_poisson,85.957440,8.023905,abc_group,1,1.645000,13.199324,100,0.093347,C,113,51.000000,1,2,Forecast,20260818T075922Z-deb02f
23455,SMALL PARLOUR PICTURE FRAME,2011-11,2011-12,M2_gbm_poisson,64.048192,8.023905,abc_group,1,1.645000,13.199324,78,0.125279,C,92,62.000000,1,2,Forecast,20260818T075922Z-deb02f
23456,MEDIUM PARLOUR PICTURE FRAME,2011-11,2011-12,M2_gbm_poisson,59.788966,8.023905,abc_group,1,1.645000,13.199324,73,0.134204,C,74,50.333333,1,2,Forecast,20260818T075922Z-deb02f
23457,LARGE PARLOUR PICTURE FRAME,2011-11,2011-12,M2_gbm_poisson,57.777671,8.023905,abc_group,1,1.645000,13.199324,71,0.138876,C,63,31.666667,1,2,Forecast,20260818T075922Z-deb02f
23458,DOLLY CABINET 3 DRAWERS,2011-11,2011-12,M2_gbm_poisson,28.973455,8.023905,abc_group,1,1.645000,13.199324,43,0.276940,C,30,14.000000,1,2,Forecast,20260818T075922Z-deb02f
23459,DOLLY CABINET 2 DRAWERS,2011-11,2011-12,M2_gbm_poisson,22.243114,8.023905,abc_group,1,1.645000,13.199324,36,0.360737,C,14,9.333333,1,2,Forecast,20260818T075922Z-deb02f
23460,SWEETHEART WALL TIDY,2011-11,2011-12,M2_gbm_poisson,45.354461,8.023905,abc_group,1,1.645000,13.199324,59,0.176915,C,51,24.333333,1,2,Forecast,20260818T075922Z-deb02f
23461,SWEETHEART BIRD HOUSE,2011-11,2011-12,M2_gbm_poisson,68.704374,8.023905,abc_group,2,1.645000,13.199324,82,0.116789,C,83,67.333333,1,3,Forecast,20260818T075922Z-deb02f
23462,ROCOCO WALL MIRROR WHITE,2011-11,2011-12,M2_gbm_poisson,38.312389,8.023905,abc_group,1,1.645000,13.199324,52,0.209434,C,32,26.000000,1,2,Forecast,20260818T075922Z-deb02f
23463,VINTAGE ZINC WATERING CAN,2011-11,2011-12,M2_gbm_poisson,22.727332,8.023905,abc_group,1,1.645000,13.199324,36,0.353051,C,8,3.333333,1,2,Forecast,20260818T075922Z-deb02f
23464,VINTAGE ZINC WATERING CAN SMALL,2011-11,2011-12,M2_gbm_poisson,24.775598,8.023905,abc_group,1,1.645000,13.199324,38,0.323863,C,12,4.333333,1,2,Forecast,20260818T075922Z-deb02f
23465,TUSCAN VILLA BIRD FEEDER,2011-11,2011-12,M2_gbm_poisson,27.487318,8.023905,abc_group,1,1.645000,13.199324,41,0.291913,C,16,9.333333,1,2,Forecast,20260818T075922Z-deb02f
23466,TUSCAN VILLA DOVECOTE BIRD FEEDER,2011-11,2011-12,M2_gbm_poisson,34.560945,8.023905,abc_group,2,1.645000,13.199324,48,0.232167,C,28,17.000000,1,3,Forecast,20260818T075922Z-deb02f
23467,VINTAGE ZINC PLANTER,2011-11,2011-12,M2_gbm_poisson,23.397695,8.023905,abc_group,1,1.645000,13.199324,37,0.342936,C,8,6.666667,1,2,Forecast,20260818T075922Z-deb02f
23468,TUSCAN VILLA BIRD TABLE,2011-11,2011-12,M2_gbm_poisson,24.036769,8.023905,abc_group,1,1.645000,13.199324,38,0.333818,C,8,6.333333,1,2,Forecast,20260818T075922Z-deb02f
23469,CARD HOLDER LOVE BIRD SMALL,2011-11,2011-12,M2_gbm_poisson,81.433032,8.023905,abc_group,2,1.645000,13.199324,95,0.098534,C,100,106.333333,1,3,Forecast,20260818T075922Z-deb02f
23470,CARD HOLDER LOVE BIRD LARGE,2011-11,2011-12,M2_gbm_poisson,66.776491,8.023905,abc_group,1,1.645000,13.199324,80,0.120161,C,77,74.666667,1,2,Forecast,20260818T075922Z-deb02f
23471,SIX DRAWER OFFICE TIDY,2011-11,2011-12,M2_gbm_poisson,32.221513,8.023905,abc_group,2,1.645000,13.199324,46,0.249023,C,18,20.666667,1,3,Forecast,20260818T075922Z-deb02f
23472,NINE DRAWER OFFICE TIDY,2011-11,2011-12,M2_gbm_poisson,31.510448,8.023905,abc_group,1,1.645000,13.199324,45,0.254643,C,18,16.666667,1,2,Forecast,20260818T075922Z-deb02f
23473,WOODLAND SMALL RED FELT HEART,2011-11,2011-12,M2_gbm_poisson,171.646107,8.023905,abc_group,1,1.645000,13.199324,185,0.046747,C,347,202.000000,1,2,Forecast,20260818T075922Z-deb02f
23474,WOODLAND SMALL BLUE FELT HEART,2011-11,2011-12,M2_gbm_poisson,120.282269,8.023905,abc_group,1,1.645000,13.199324,134,0.066709,C,216,86.000000,1,2,Forecast,20260818T075922Z-deb02f
23475,WOODLAND SMALL PINK FELT HEART,2011-11,2011-12,M2_gbm_poisson,182.491552,8.023905,abc_group,1,1.645000,13.199324,196,0.043969,C,223,82.666667,1,2,Forecast,20260818T075922Z-deb02f
23476,WOODLAND LARGE RED FELT HEART,2011-11,2011-12,M2_gbm_poisson,100.980133,8.023905,abc_group,1,1.645000,13.199324,115,0.079460,C,167,68.333333,1,2,Forecast,20260818T075922Z-deb02f
23477,WOODLAND LARGE BLUE FELT HEART,2011-11,2011-12,M2_gbm_poisson,59.738305,8.023905,abc_group,1,1.645000,13.199324,73,0.134318,C,67,30.666667,1,2,Forecast,20260818T075922Z-deb02f
23478,WOODLAND LARGE PINK FELT HEART,2011-11,2011-12,M2_gbm_poisson,65.999216,8.023905,abc_group,1,1.645000,13.199324,80,0.121576,C,68,91.000000,1,2,Forecast,20260818T075922Z-deb02f
23479,WIRE EGG BASKET,2011-11,2011-12,M2_gbm_poisson,54.540232,8.023905,abc_group,1,1.645000,13.199324,68,0.147119,C,77,35.000000,1,2,Forecast,20260818T075922Z-deb02f
23480,MINI LIGHTS WOODLAND MUSHROOMS,2011-11,2011-12,M2_gbm_poisson,538.553867,8.023905,abc_group,1,1.645000,13.199324,552,0.014899,C,1036,519.666667,1,2,Forecast,20260818T075922Z-deb02f
23481,PEARLISED IVORY HEART SMALL,2011-11,2011-12,M2_gbm_poisson,93.233569,8.023905,abc_group,1,1.645000,13.199324,107,0.086062,C,138,68.000000,1,2,Forecast,20260818T075922Z-deb02f
23482,PEARLISED IVORY HEART LARGE,2011-11,2011-12,M2_gbm_poisson,93.735219,8.023905,abc_group,1,1.645000,13.199324,107,0.085602,C,127,126.666667,1,2,Forecast,20260818T075922Z-deb02f
23483,HANGING  BUTTERFLY T-LIGHT HOLDER,2011-11,2011-12,M2_gbm_poisson,265.070708,8.023905,abc_group,1,1.645000,13.199324,279,0.030271,C,603,368.333333,1,2,Forecast,20260818T075922Z-deb02f
23484,HEART TRELLIS TRIPLE T-LIGHT HOLDER,2011-11,2011-12,M2_gbm_poisson,50.036330,8.023905,abc_group,2,1.645000,13.199324,64,0.160362,C,50,57.666667,1,3,Forecast,20260818T075922Z-deb02f
23485,BOTANICAL GARDENS WALL CLOCK,2011-11,2011-12,M2_gbm_poisson,53.954183,8.023905,abc_group,1,1.645000,13.199324,68,0.148717,C,78,83.666667,1,2,Forecast,20260818T075922Z-deb02f
23486,ANTIQUE HEART SHELF UNIT,2011-11,2011-12,M2_gbm_poisson,54.266391,8.023905,abc_group,1,1.645000,13.199324,68,0.147861,C,78,38.333333,1,2,Forecast,20260818T075922Z-deb02f
23487,SWEET HEART CAKE CARRIER,2011-11,2011-12,M2_gbm_poisson,44.083187,8.023905,abc_group,1,1.645000,13.199324,58,0.182017,C,44,25.666667,1,2,Forecast,20260818T075922Z-deb02f
23489,VINTAGE BELLS GARLAND,2011-11,2011-12,M2_gbm_poisson,259.714027,8.023905,abc_group,1,1.645000,13.199324,273,0.030895,C,526,249.000000,1,2,Forecast,20260818T075922Z-deb02f
23490,T-LIGHT HOLDER HANGING LOVE BIRD,2011-11,2011-12,M2_gbm_poisson,178.993655,8.023905,abc_group,1,1.645000,13.199324,193,0.044828,C,345,166.000000,1,2,Forecast,20260818T075922Z-deb02f
23491,VINTAGE JINGLE BELLS HEART,2011-11,2011-12,M2_gbm_poisson,91.504788,8.023905,abc_group,1,1.645000,13.199324,105,0.087688,C,132,66.333333,1,2,Forecast,20260818T075922Z-deb02f
23492,VINTAGE JINGLE BELLS WREATH,2011-11,2011-12,M2_gbm_poisson,41.959860,8.023905,abc_group,1,1.645000,13.199324,56,0.191228,C,51,23.000000,1,2,Forecast,20260818T075922Z-deb02f
23493,VINTAGE DOILY TRAVEL SEWING KIT,2011-11,2011-12,M2_gbm_poisson,1106.605409,8.023905,abc_group,2,1.645000,13.199324,1120,0.007251,C,2003,1173.333333,1,3,Forecast,20260818T075922Z-deb02f
23494,VINTAGE DOILY DELUXE SEWING KIT,2011-11,2011-12,M2_gbm_poisson,190.589481,8.023905,abc_group,2,1.645000,13.199324,204,0.042100,C,379,217.333333,1,3,Forecast,20260818T075922Z-deb02f
23495,SET OF 3 PANTRY WOODEN SPOONS,2011-11,2011-12,M2_gbm_poisson,117.456565,8.023905,abc_group,1,1.645000,13.199324,131,0.068314,C,174,59.666667,1,2,Forecast,20260818T075922Z-deb02f
23496,PANTRY KITCHEN THERMOMETER,2011-11,2011-12,M2_gbm_poisson,62.978122,8.023905,abc_group,1,1.645000,13.199324,77,0.127408,C,78,27.333333,1,2,Forecast,20260818T075922Z-deb02f
23497,CLASSIC CHROME BICYCLE BELL,2011-11,2011-12,M2_gbm_poisson,883.671330,8.023905,abc_group,1,1.645000,13.199324,897,0.009080,C,1337,505.666667,1,2,Forecast,20260818T075922Z-deb02f
23498,CLASSIC BICYCLE CLIPS,2011-11,2011-12,M2_gbm_poisson,446.698888,8.023905,abc_group,0,1.645000,13.199324,460,0.017963,C,517,172.333333,1,1,Forecast,20260818T075922Z-deb02f
23499,SET 12 VINTAGE DOILY CHALK,2011-11,2011-12,M2_gbm_poisson,400.181130,8.023905,abc_group,1,1.645000,13.199324,414,0.020051,C,999,364.666667,1,2,Forecast,20260818T075922Z-deb02f
23500,KEY RING BASEBALL BOOT ASSORTED,2011-11,2011-12,M2_gbm_poisson,310.696783,8.023905,abc_group,1,1.645000,13.199324,324,0.025826,C,679,450.333333,1,2,Forecast,20260818T075922Z-deb02f
23501,KEY RING BASEBALL BOOT UNION JACK,2011-11,2011-12,M2_gbm_poisson,261.287060,8.023905,abc_group,1,1.645000,13.199324,275,0.030709,C,502,446.000000,1,2,Forecast,20260818T075922Z-deb02f
23502,PLAYING CARDS VINTAGE DOILY,2011-11,2011-12,M2_gbm_poisson,131.856435,8.023905,abc_group,2,1.645000,13.199324,146,0.060853,C,240,226.333333,1,3,Forecast,20260818T075922Z-deb02f
23503,PLAYING CARDS KEEP CALM & CARRY ON,2011-11,2011-12,M2_gbm_poisson,646.440060,8.023905,abc_group,2,1.645000,13.199324,660,0.012412,C,1267,1142.000000,1,3,Forecast,20260818T075922Z-deb02f
23504,PLAYING CARDS JUBILEE UNION JACK,2011-11,2011-12,M2_gbm_poisson,362.182126,8.023905,abc_group,2,1.645000,13.199324,376,0.022154,C,778,606.666667,1,3,Forecast,20260818T075922Z-deb02f
23505,PLAYING CARDS I LOVE LONDON,2011-11,2011-12,M2_gbm_poisson,250.558838,8.023905,abc_group,2,1.645000,13.199324,264,0.032024,C,543,372.333333,1,3,Forecast,20260818T075922Z-deb02f
23506,MINI PLAYING CARDS SPACEBOY,2011-11,2011-12,M2_gbm_poisson,394.834336,8.023905,abc_group,2,1.645000,13.199324,409,0.020322,C,533,866.000000,1,3,Forecast,20260818T075922Z-deb02f
23507,MINI PLAYING CARDS BUFFALO BILL,2011-11,2011-12,M2_gbm_poisson,808.589616,8.023905,abc_group,2,1.645000,13.199324,822,0.009923,C,1171,943.333333,1,3,Forecast,20260818T075922Z-deb02f
23508,MINI PLAYING CARDS DOLLY GIRL,2011-11,2011-12,M2_gbm_poisson,508.294507,8.023905,abc_group,2,1.645000,13.199324,522,0.015786,C,566,854.333333,1,3,Forecast,20260818T075922Z-deb02f
23509,MINI PLAYING CARDS FUN FAIR,2011-11,2011-12,M2_gbm_poisson,117.347027,8.023905,abc_group,2,1.645000,13.199324,131,0.068378,C,112,349.333333,1,3,Forecast,20260818T075922Z-deb02f
23510,MINI PLAYING CARDS GYMKHANA,2011-11,2011-12,M2_gbm_poisson,649.643101,8.023905,abc_group,2,1.645000,13.199324,663,0.012351,C,1315,831.000000,1,3,Forecast,20260818T075922Z-deb02f
23511,EMBROIDERED RIBBON REEL EMILY,2011-11,2011-12,M2_gbm_poisson,113.589137,8.023905,abc_group,2,1.645000,13.199324,127,0.070640,C,149,184.000000,1,3,Forecast,20260818T075922Z-deb02f
23512,EMBROIDERED RIBBON REEL ROSIE,2011-11,2011-12,M2_gbm_poisson,73.633368,8.023905,abc_group,2,1.645000,13.199324,87,0.108971,C,73,162.666667,1,3,Forecast,20260818T075922Z-deb02f
23513,EMBROIDERED RIBBON REEL SUSIE,2011-11,2011-12,M2_gbm_poisson,82.565586,8.023905,abc_group,2,1.645000,13.199324,96,0.097182,C,77,185.000000,1,3,Forecast,20260818T075922Z-deb02f
23514,EMBROIDERED RIBBON REEL SALLY,2011-11,2011-12,M2_gbm_poisson,97.922427,8.023905,abc_group,2,1.645000,13.199324,112,0.081941,C,125,155.000000,1,3,Forecast,20260818T075922Z-deb02f
23515,EMBROIDERED RIBBON REEL DAISY,2011-11,2011-12,M2_gbm_poisson,90.058501,8.023905,abc_group,2,1.645000,13.199324,104,0.089097,C,99,186.666667,1,3,Forecast,20260818T075922Z-deb02f
23516,EMBROIDERED RIBBON REEL SOPHIE,2011-11,2011-12,M2_gbm_poisson,54.260949,8.023905,abc_group,2,1.645000,13.199324,68,0.147876,C,35,94.333333,1,3,Forecast,20260818T075922Z-deb02f
23517,EMBROIDERED RIBBON REEL REBECCA,2011-11,2011-12,M2_gbm_poisson,60.480541,8.023905,abc_group,2,1.645000,13.199324,74,0.132669,C,64,108.666667,1,3,Forecast,20260818T075922Z-deb02f
23518,EMBROIDERED RIBBON REEL RACHEL,2011-11,2011-12,M2_gbm_poisson,57.102075,8.023905,abc_group,2,1.645000,13.199324,71,0.140519,C,33,118.333333,1,3,Forecast,20260818T075922Z-deb02f
23519,EMBROIDERED RIBBON REEL CLAIRE,2011-11,2011-12,M2_gbm_poisson,48.443869,8.023905,abc_group,2,1.645000,13.199324,62,0.165633,C,30,74.666667,1,3,Forecast,20260818T075922Z-deb02f
23520,EMBROIDERED RIBBON REEL RUBY,2011-11,2011-12,M2_gbm_poisson,35.524885,8.023905,abc_group,2,1.645000,13.199324,49,0.225867,C,15,53.333333,1,3,Forecast,20260818T075922Z-deb02f
23521,WALL ART CAT AND BIRD,2011-11,2011-12,M2_gbm_poisson,72.331591,8.023905,abc_group,1,1.645000,13.199324,86,0.110932,C,90,135.666667,1,2,Forecast,20260818T075922Z-deb02f
23522,WALL ART DOG AND BALL,2011-11,2011-12,M2_gbm_poisson,68.541888,8.023905,abc_group,1,1.645000,13.199324,82,0.117066,C,66,113.333333,1,2,Forecast,20260818T075922Z-deb02f
23523,WALL ART TREASURE AHOY,2011-11,2011-12,M2_gbm_poisson,62.910120,8.023905,abc_group,1,1.645000,13.199324,77,0.127546,C,61,115.333333,1,2,Forecast,20260818T075922Z-deb02f
23524,WALL ART HORSE & PONY,2011-11,2011-12,M2_gbm_poisson,108.492654,8.023905,abc_group,1,1.645000,13.199324,122,0.073958,C,176,149.333333,1,2,Forecast,20260818T075922Z-deb02f
23525,WALL ART BUFFALO BILL,2011-11,2011-12,M2_gbm_poisson,103.075484,8.023905,abc_group,1,1.645000,13.199324,117,0.077845,C,54,186.666667,1,2,Forecast,20260818T075922Z-deb02f
23526,WALL ART DOG LICENCE,2011-11,2011-12,M2_gbm_poisson,173.527128,8.023905,abc_group,1,1.645000,13.199324,187,0.046240,C,325,279.000000,1,2,Forecast,20260818T075922Z-deb02f
23527,WALL ART ANIMALS AND NATURE,2011-11,2011-12,M2_gbm_poisson,85.044101,8.023905,abc_group,1,1.645000,13.199324,99,0.094350,C,118,134.666667,1,2,Forecast,20260818T075922Z-deb02f
23528,WALL ART SPACEBOY,2011-11,2011-12,M2_gbm_poisson,90.023212,8.023905,abc_group,1,1.645000,13.199324,104,0.089132,C,129,157.333333,1,2,Forecast,20260818T075922Z-deb02f
23529,WALL ART DOLLY GIRL,2011-11,2011-12,M2_gbm_poisson,94.470685,8.023905,abc_group,1,1.645000,13.199324,108,0.084935,C,160,210.000000,1,2,Forecast,20260818T075922Z-deb02f
23530,WALL ART ONLY ONE PERSON,2011-11,2011-12,M2_gbm_poisson,162.913125,8.023905,abc_group,1,1.645000,13.199324,177,0.049253,C,323,276.000000,1,2,Forecast,20260818T075922Z-deb02f
23531,WALL ART BIG LOVE,2011-11,2011-12,M2_gbm_poisson,170.360218,8.023905,abc_group,1,1.645000,13.199324,184,0.047100,C,310,274.666667,1,2,Forecast,20260818T075922Z-deb02f
23532,WALL ART WORK REST AND PLAY,2011-11,2011-12,M2_gbm_poisson,44.516429,8.023905,abc_group,1,1.645000,13.199324,58,0.180246,C,26,65.333333,1,2,Forecast,20260818T075922Z-deb02f
23533,WALL ART GARDEN HAVEN,2011-11,2011-12,M2_gbm_poisson,35.614706,8.023905,abc_group,1,1.645000,13.199324,49,0.225298,C,15,65.000000,1,2,Forecast,20260818T075922Z-deb02f
23534,WALL ART STOP FOR TEA,2011-11,2011-12,M2_gbm_poisson,256.877854,8.023905,abc_group,1,1.645000,13.199324,271,0.031236,C,529,428.666667,1,2,Forecast,20260818T075922Z-deb02f
23535,WALL ART BICYCLE SAFETY,2011-11,2011-12,M2_gbm_poisson,234.455980,8.023905,abc_group,1,1.645000,13.199324,248,0.034224,C,439,345.666667,1,2,Forecast,20260818T075922Z-deb02f
23536,WALL ART VILLAGE SHOW,2011-11,2011-12,M2_gbm_poisson,94.895148,8.023905,abc_group,1,1.645000,13.199324,109,0.084555,C,147,199.000000,1,2,Forecast,20260818T075922Z-deb02f
23537,WALL ART I LOVE LONDON,2011-11,2011-12,M2_gbm_poisson,55.591979,8.023905,abc_group,1,1.645000,13.199324,69,0.144336,C,58,36.666667,1,2,Forecast,20260818T075922Z-deb02f
23538,WALL ART VINTAGE HEART,2011-11,2011-12,M2_gbm_poisson,47.989317,8.023905,abc_group,1,1.645000,13.199324,62,0.167202,C,23,109.333333,1,2,Forecast,20260818T075922Z-deb02f
23539,WALL ART LOVES' SECRET,2011-11,2011-12,M2_gbm_poisson,49.029832,8.023905,abc_group,1,1.645000,13.199324,63,0.163654,C,36,80.000000,1,2,Forecast,20260818T075922Z-deb02f
23540,WALL ART THE MAGIC FOREST,2011-11,2011-12,M2_gbm_poisson,27.349031,8.023905,abc_group,1,1.645000,13.199324,41,0.293389,C,8,49.666667,1,2,Forecast,20260818T075922Z-deb02f
23541,WALL ART CLASSIC PUDDINGS,2011-11,2011-12,M2_gbm_poisson,170.078008,8.023905,abc_group,1,1.645000,13.199324,184,0.047178,C,313,288.000000,1,2,Forecast,20260818T075922Z-deb02f
23542,WALL ART 70'S ALPHABET,2011-11,2011-12,M2_gbm_poisson,100.121480,8.023905,abc_group,1,1.645000,13.199324,114,0.080142,C,157,122.666667,1,2,Forecast,20260818T075922Z-deb02f
23543,WALL ART KEEP CALM,2011-11,2011-12,M2_gbm_poisson,108.430608,8.023905,abc_group,1,1.645000,13.199324,122,0.074000,C,161,170.666667,1,2,Forecast,20260818T075922Z-deb02f
23544,WALL ART MID CENTURY MODERN,2011-11,2011-12,M2_gbm_poisson,29.758745,8.023905,abc_group,1,1.645000,13.199324,43,0.269632,C,13,53.000000,1,2,Forecast,20260818T075922Z-deb02f
23545,WRAP RED VINTAGE DOILY,2011-11,2011-12,M2_gbm_poisson,160.135957,8.023905,abc_group,4,1.645000,13.199324,174,0.050107,C,450,533.333333,1,5,Forecast,20260818T075922Z-deb02f
23546,WRAP PAISLEY PARK,2011-11,2011-12,M2_gbm_poisson,205.140803,8.023905,abc_group,4,1.645000,13.199324,219,0.039114,C,650,658.333333,1,5,Forecast,20260818T075922Z-deb02f
23547,WRAP FLOWER SHOP,2011-11,2011-12,M2_gbm_poisson,92.596739,8.023905,abc_group,4,1.645000,13.199324,106,0.086654,C,175,291.666667,1,5,Forecast,20260818T075922Z-deb02f
23548,WRAP MAGIC FOREST,2011-11,2011-12,M2_gbm_poisson,79.879298,8.023905,abc_group,4,1.645000,13.199324,94,0.100450,C,175,175.000000,1,5,Forecast,20260818T075922Z-deb02f
23549,WRAP BIRD GARDEN,2011-11,2011-12,M2_gbm_poisson,90.901789,8.023905,abc_group,4,1.645000,13.199324,105,0.088270,C,200,283.333333,1,5,Forecast,20260818T075922Z-deb02f
23550,WRAP ALPHABET POSTER,2011-11,2011-12,M2_gbm_poisson,121.079677,8.023905,abc_group,4,1.645000,13.199324,135,0.066270,C,250,316.666667,1,5,Forecast,20260818T075922Z-deb02f
23551,PACK OF 12 PAISLEY PARK TISSUES,2011-11,2011-12,M2_gbm_poisson,231.197146,8.023905,abc_group,2,1.645000,13.199324,245,0.034706,C,473,574.333333,1,3,Forecast,20260818T075922Z-deb02f
23552,BICYCLE PUNCTURE REPAIR KIT,2011-11,2011-12,M2_gbm_poisson,433.035755,8.023905,abc_group,0,1.645000,13.199324,447,0.018529,C,623,207.666667,1,1,Forecast,20260818T075922Z-deb02f
23553,LANDMARK FRAME CAMDEN TOWN,2011-11,2011-12,M2_gbm_poisson,74.563397,8.023905,abc_group,1,1.645000,13.199324,88,0.107612,C,77,142.666667,1,2,Forecast,20260818T075922Z-deb02f
23554,LANDMARK FRAME OXFORD STREET,2011-11,2011-12,M2_gbm_poisson,58.997765,8.023905,abc_group,1,1.645000,13.199324,73,0.136004,C,38,138.000000,1,2,Forecast,20260818T075922Z-deb02f
23555,LANDMARK FRAME NOTTING HILL,2011-11,2011-12,M2_gbm_poisson,54.287993,8.023905,abc_group,1,1.645000,13.199324,68,0.147803,C,37,137.000000,1,2,Forecast,20260818T075922Z-deb02f
23556,LANDMARK FRAME COVENT GARDEN,2011-11,2011-12,M2_gbm_poisson,61.117666,8.023905,abc_group,1,1.645000,13.199324,75,0.131286,C,44,141.333333,1,2,Forecast,20260818T075922Z-deb02f
23557,LANDMARK FRAME BAKER STREET,2011-11,2011-12,M2_gbm_poisson,39.523941,8.023905,abc_group,1,1.645000,13.199324,53,0.203014,C,22,115.000000,1,2,Forecast,20260818T075922Z-deb02f
23558,LANDMARK FRAME LONDON BRIDGE,2011-11,2011-12,M2_gbm_poisson,61.117666,8.023905,abc_group,1,1.645000,13.199324,75,0.131286,C,40,135.333333,1,2,Forecast,20260818T075922Z-deb02f
23559,WOODLAND BUNNIES LOLLY MAKERS,2011-11,2011-12,M2_gbm_poisson,95.435953,8.023905,abc_group,2,1.645000,13.199324,109,0.084076,C,121,187.666667,1,3,Forecast,20260818T075922Z-deb02f
23560,SET OF 6 RIBBONS COUNTRY STYLE,2011-11,2011-12,M2_gbm_poisson,96.032855,8.023905,abc_group,0,1.645000,13.199324,110,0.083554,C,49,16.333333,1,1,Forecast,20260818T075922Z-deb02f
23561,SET OF 6 RIBBONS PARTY,2011-11,2011-12,M2_gbm_poisson,95.176428,8.023905,abc_group,0,1.645000,13.199324,109,0.084306,C,51,17.000000,1,1,Forecast,20260818T075922Z-deb02f
23562,SET OF 6 RIBBONS PERFECTLY PRETTY,2011-11,2011-12,M2_gbm_poisson,96.940823,8.023905,abc_group,0,1.645000,13.199324,111,0.082771,C,33,11.000000,1,1,Forecast,20260818T075922Z-deb02f
23564,EGG CUP MILKMAID INGRID,2011-11,2011-12,M2_gbm_poisson,125.110008,8.023905,abc_group,1,1.645000,13.199324,139,0.064135,C,220,204.666667,1,2,Forecast,20260818T075922Z-deb02f
23565,EGG CUP MILKMAID HELGA,2011-11,2011-12,M2_gbm_poisson,127.190184,8.023905,abc_group,1,1.645000,13.199324,141,0.063086,C,205,125.000000,1,2,Forecast,20260818T075922Z-deb02f
23566,EGG CUP MILKMAID HEIDI,2011-11,2011-12,M2_gbm_poisson,180.519883,8.023905,abc_group,1,1.645000,13.199324,194,0.044449,C,322,234.333333,1,2,Forecast,20260818T075922Z-deb02f
23567,EGG CUP HENRIETTA HEN PINK,2011-11,2011-12,M2_gbm_poisson,85.060461,8.023905,abc_group,1,1.645000,13.199324,99,0.094332,C,124,67.000000,1,2,Forecast,20260818T075922Z-deb02f
23568,EGG CUP HENRIETTA HEN CREAM,2011-11,2011-12,M2_gbm_poisson,126.165869,8.023905,abc_group,1,1.645000,13.199324,140,0.063598,C,219,159.000000,1,2,Forecast,20260818T075922Z-deb02f
23569,TRADTIONAL ALPHABET STAMP SET,2011-11,2011-12,M2_gbm_poisson,265.850231,8.023905,abc_group,1,1.645000,13.199324,280,0.030182,C,557,232.000000,1,2,Forecast,20260818T075922Z-deb02f
23570,TRADITIONAL PICK UP STICKS GAME,2011-11,2011-12,M2_gbm_poisson,1083.383153,8.023905,abc_group,1,1.645000,13.199324,1097,0.007406,C,2058,788.000000,1,2,Forecast,20260818T075922Z-deb02f
23571,TRADITIONAL NAUGHTS & CROSSES,2011-11,2011-12,M2_gbm_poisson,973.369896,8.023905,abc_group,1,1.645000,13.199324,987,0.008243,C,2247,870.333333,1,2,Forecast,20260818T075922Z-deb02f
23574,PACKING CHARGE,2011-11,2011-12,M2_gbm_poisson,15.851209,8.023905,abc_group,4,1.645000,13.199324,30,0.506201,C,5,3.666667,1,5,Forecast,20260818T075922Z-deb02f
23575,SNACK TRAY PAISLEY PARK,2011-11,2011-12,M2_gbm_poisson,90.635633,8.023905,abc_group,0,1.645000,13.199324,104,0.088529,C,29,9.666667,1,1,Forecast,20260818T075922Z-deb02f
23576,SNACK TRAY RED VINTAGE DOILY,2011-11,2011-12,M2_gbm_poisson,94.219632,8.023905,abc_group,0,1.645000,13.199324,108,0.085162,C,40,13.333333,1,1,Forecast,20260818T075922Z-deb02f
23578,SNACK TRAY RED GINGHAM,2011-11,2011-12,M2_gbm_poisson,64.562095,8.023905,abc_group,0,1.645000,13.199324,78,0.124282,C,19,6.333333,1,1,Forecast,20260818T075922Z-deb02f
23579,SNACK TRAY I LOVE LONDON,2011-11,2011-12,M2_gbm_poisson,41.663851,8.023905,abc_group,1,1.645000,13.199324,55,0.192587,C,24,10.333333,1,2,Forecast,20260818T075922Z-deb02f
23580,SNACK TRAY HAPPY FOREST,2011-11,2011-12,M2_gbm_poisson,95.296589,8.023905,abc_group,0,1.645000,13.199324,109,0.084199,C,42,14.000000,1,1,Forecast,20260818T075922Z-deb02f
23581,JUMBO BAG PAISLEY PARK,2011-11,2011-12,M2_gbm_poisson,1457.138369,8.023905,abc_group,1,1.645000,13.199324,1471,0.005507,C,3159,1443.666667,1,2,Forecast,20260818T075922Z-deb02f
23582,VINTAGE DOILY JUMBO BAG RED,2011-11,2011-12,M2_gbm_poisson,1016.318690,8.023905,abc_group,1,1.645000,13.199324,1030,0.007895,C,2099,900.333333,1,2,Forecast,20260818T075922Z-deb02f
23583,LUNCH BAG PAISLEY PARK,2011-11,2011-12,M2_gbm_poisson,1079.828306,8.023905,abc_group,1,1.645000,13.199324,1094,0.007431,C,2316,999.000000,1,2,Forecast,20260818T075922Z-deb02f
23597,PAPER BUNTING PAISLEY PARK,2011-11,2011-12,M2_gbm_poisson,152.674896,8.023905,abc_group,0,1.645000,13.199324,166,0.052555,C,110,36.666667,1,1,Forecast,20260818T075922Z-deb02f
23598,PAPER BUNTING VINTAGE PARTY,2011-11,2011-12,M2_gbm_poisson,178.992452,8.023905,abc_group,0,1.645000,13.199324,193,0.044828,C,217,72.333333,1,1,Forecast,20260818T075922Z-deb02f
23601,SET 10 CARDS SNOWY SNOWDROPS  17100,2011-11,2011-12,M2_gbm_poisson,26.114430,8.023905,abc_group,2,1.645000,13.199324,40,0.307259,C,7,2.666667,1,3,Forecast,20260818T075922Z-deb02f
23602,SET 10 CARDS 3 WISE MEN 17107,2011-11,2011-12,M2_gbm_poisson,10.119720,8.023905,abc_group,0,1.645000,13.199324,24,0.792898,C,1,0.333333,1,1,Forecast,20260818T075922Z-deb02f
23603,SET 10 CARD KRAFT REINDEER 17084,2011-11,2011-12,M2_gbm_poisson,28.425327,8.023905,abc_group,1,1.645000,13.199324,42,0.282280,C,10,4.333333,1,2,Forecast,20260818T075922Z-deb02f
23604,SET 10 MINI SANTA & SNOWMAN  17087,2011-11,2011-12,M2_gbm_poisson,41.454129,8.023905,abc_group,1,1.645000,13.199324,55,0.193561,C,0,1.333333,2,2,Forecast,20260818T075922Z-deb02f
23605,SET 10 CARDS 12 DAYS OF XMAS 17059,2011-11,2011-12,M2_gbm_poisson,8.781595,8.023905,abc_group,1,1.645000,13.199324,22,0.913718,C,0,1.333333,2,2,Forecast,20260818T075922Z-deb02f
23607,SET 10 CARDS HATS & STOCKINGS 17081,2011-11,2011-12,M2_gbm_poisson,19.488833,8.023905,abc_group,2,1.645000,13.199324,33,0.411718,C,4,2.666667,1,3,Forecast,20260818T075922Z-deb02f
23608,SET 10 CARDS RUDOLPHS NOSE 17097,2011-11,2011-12,M2_gbm_poisson,13.519650,8.023905,abc_group,0,1.645000,13.199324,27,0.593499,C,3,1.000000,1,1,Forecast,20260818T075922Z-deb02f
23609,SET 10 CARDS SNOWY ROBIN 17099,2011-11,2011-12,M2_gbm_poisson,10.119720,8.023905,abc_group,0,1.645000,13.199324,24,0.792898,C,1,0.333333,1,1,Forecast,20260818T075922Z-deb02f
23610,SET 10 CARDS CHRISTMAS ROBIN 17095,2011-11,2011-12,M2_gbm_poisson,7.142014,8.023905,abc_group,2,1.645000,13.199324,21,1.123479,C,1,1.000000,1,3,Forecast,20260818T075922Z-deb02f
23611,SET 10 CARDS RED RIDING HOOD 17214,2011-11,2011-12,M2_gbm_poisson,36.419571,8.023905,abc_group,2,1.645000,13.199324,50,0.220319,C,21,12.000000,1,3,Forecast,20260818T075922Z-deb02f
23612,SET 10 MINICARDS CUTE SNOWMAN 17071,2011-11,2011-12,M2_gbm_poisson,10.307159,8.023905,abc_group,1,1.645000,13.199324,24,0.778479,C,4,1.666667,1,2,Forecast,20260818T075922Z-deb02f
23613,SET 10 XMAS CARDS & BADGES 17070,2011-11,2011-12,M2_gbm_poisson,31.048016,8.023905,abc_group,2,1.645000,13.199324,45,0.258435,C,8,3.666667,1,3,Forecast,20260818T075922Z-deb02f
23614,SET 10 CARDS 12 DAYS WRAP  17058,2011-11,2011-12,M2_gbm_poisson,22.047392,8.023905,abc_group,2,1.645000,13.199324,36,0.363939,C,3,6.000000,1,3,Forecast,20260818T075922Z-deb02f
23615,SET 10 CARDS PRINTED GRAPHIC 17219,2011-11,2011-12,M2_gbm_poisson,7.769622,8.023905,abc_group,1,1.645000,13.199324,21,1.032728,C,2,1.000000,1,2,Forecast,20260818T075922Z-deb02f
23616,SET 10 CARDS JINGLE BELLS 17217,2011-11,2011-12,M2_gbm_poisson,32.445604,8.023905,abc_group,0,1.645000,13.199324,46,0.247303,C,5,1.666667,1,1,Forecast,20260818T075922Z-deb02f
23617,SET 10 CARDS SWIRLY XMAS TREE 17104,2011-11,2011-12,M2_gbm_poisson,12.050690,8.023905,abc_group,0,1.645000,13.199324,26,0.665846,C,2,0.666667,1,1,Forecast,20260818T075922Z-deb02f
23619,SET 10 CARDS POINSETTIA 17093,2011-11,2011-12,M2_gbm_poisson,13.445508,8.023905,abc_group,1,1.645000,13.199324,27,0.596772,C,1,1.333333,1,2,Forecast,20260818T075922Z-deb02f
23620,SET 10 CARDS PERFECT POST 17090,2011-11,2011-12,M2_gbm_poisson,22.314939,8.023905,abc_group,2,1.645000,13.199324,36,0.359575,C,2,3.333333,1,3,Forecast,20260818T075922Z-deb02f
23621,SET 10 CARDS DAVID'S MADONNA 17074,2011-11,2011-12,M2_gbm_poisson,11.366369,8.023905,abc_group,0,1.645000,13.199324,25,0.705934,C,2,0.666667,1,1,Forecast,20260818T075922Z-deb02f
23623,SET 10 CARD CHRISTMAS WELCOME 17112,2011-11,2011-12,M2_gbm_poisson,18.284733,8.023905,abc_group,2,1.645000,13.199324,32,0.438831,C,4,2.666667,1,3,Forecast,20260818T075922Z-deb02f
23624,SET 10 CARD PERFECT NATIVITY 17089,2011-11,2011-12,M2_gbm_poisson,7.804341,8.023905,abc_group,2,1.645000,13.199324,22,1.028134,C,2,1.333333,1,3,Forecast,20260818T075922Z-deb02f
23625,SET 6 CARDS SPARKLY REINDEER 17262,2011-11,2011-12,M2_gbm_poisson,12.850061,8.023905,abc_group,2,1.645000,13.199324,27,0.624425,C,1,2.666667,1,3,Forecast,20260818T075922Z-deb02f
23626,SET 10 CARDS DINKY TREE 17076,2011-11,2011-12,M2_gbm_poisson,37.600166,8.023905,abc_group,1,1.645000,13.199324,51,0.213401,C,30,11.666667,1,2,Forecast,20260818T075922Z-deb02f
23627,SET 10 CARDS XMAS GRAPHIC  17218,2011-11,2011-12,M2_gbm_poisson,36.522416,8.023905,abc_group,0,1.645000,13.199324,50,0.219698,C,7,2.333333,1,1,Forecast,20260818T075922Z-deb02f
23628,SET 10 CARDS TRIANGLE ICONS  17220,2011-11,2011-12,M2_gbm_poisson,5.034920,8.023905,abc_group,1,1.645000,13.199324,19,1.593651,C,0,0.333333,2,2,Forecast,20260818T075922Z-deb02f
23629,SET 10 CARDS DRESSING UP 17077,2011-11,2011-12,M2_gbm_poisson,27.489553,8.023905,abc_group,2,1.645000,13.199324,41,0.291889,C,11,8.000000,1,3,Forecast,20260818T075922Z-deb02f
23630,SET 10 CARDS HANGING BAUBLES 17080,2011-11,2011-12,M2_gbm_poisson,7.111890,8.023905,abc_group,2,1.645000,13.199324,21,1.128238,C,1,0.666667,1,3,Forecast,20260818T075922Z-deb02f
23632,SET 10 CARDS CHEERFUL ROBIN 17065,2011-11,2011-12,M2_gbm_poisson,28.852362,8.023905,abc_group,2,1.645000,13.199324,43,0.278102,C,11,5.000000,1,3,Forecast,20260818T075922Z-deb02f
23633,SET 10 CARDS WORLD CHILDREN 17067,2011-11,2011-12,M2_gbm_poisson,7.769622,8.023905,abc_group,1,1.645000,13.199324,21,1.032728,C,2,1.000000,1,2,Forecast,20260818T075922Z-deb02f
23634,SET 10 CARDS XMAS CHOIR 17068,2011-11,2011-12,M2_gbm_poisson,6.311056,8.023905,abc_group,2,1.645000,13.199324,20,1.271405,C,1,1.333333,1,3,Forecast,20260818T075922Z-deb02f
23635,SET 10 CARDS CHRISTMAS HOLLY  17259,2011-11,2011-12,M2_gbm_poisson,6.197409,8.023905,abc_group,1,1.645000,13.199324,20,1.294719,C,1,0.666667,1,2,Forecast,20260818T075922Z-deb02f
23636,SET 10 CARDS WISHING TREE 17116,2011-11,2011-12,M2_gbm_poisson,6.778268,8.023905,abc_group,1,1.645000,13.199324,20,1.183769,C,2,1.000000,1,2,Forecast,20260818T075922Z-deb02f
23637,SET 10 CARDS OUT OF ORDER 17216,2011-11,2011-12,M2_gbm_poisson,22.444998,8.023905,abc_group,2,1.645000,13.199324,36,0.357492,C,4,3.333333,1,3,Forecast,20260818T075922Z-deb02f
23638,SET 10 CARDS ROBIN WATERPUMP  17096,2011-11,2011-12,M2_gbm_poisson,5.633298,8.023905,abc_group,2,1.645000,13.199324,19,1.424371,C,1,0.666667,1,3,Forecast,20260818T075922Z-deb02f
23639,SET 10 CARDS MAGICAL TREE 17086,2011-11,2011-12,M2_gbm_poisson,6.391182,8.023905,abc_group,2,1.645000,13.199324,20,1.255465,C,2,1.333333,1,3,Forecast,20260818T075922Z-deb02f
23640,SET 10 CARDS SCOTTIE DOG 17211,2011-11,2011-12,M2_gbm_poisson,15.053623,8.023905,abc_group,2,1.645000,13.199324,29,0.533022,C,0,2.333333,2,3,Forecast,20260818T075922Z-deb02f
23643,SET 10 CARDS CHRISTMAS BAUBLE 16954,2011-11,2011-12,M2_gbm_poisson,5.034920,8.023905,abc_group,1,1.645000,13.199324,19,1.593651,C,0,0.333333,2,2,Forecast,20260818T075922Z-deb02f
23644,SET 10 CARDS CHRISTMAS TREE 16955,2011-11,2011-12,M2_gbm_poisson,6.311056,8.023905,abc_group,2,1.645000,13.199324,20,1.271405,C,1,1.333333,1,3,Forecast,20260818T075922Z-deb02f
23645,SET 10 CHRISTMAS CARDS HOHOHO 16956,2011-11,2011-12,M2_gbm_poisson,24.076340,8.023905,abc_group,1,1.645000,13.199324,38,0.333269,C,6,2.333333,1,2,Forecast,20260818T075922Z-deb02f
23646,SET 10 CARDS JINGLE BELLS 16957,2011-11,2011-12,M2_gbm_poisson,34.784802,8.023905,abc_group,2,1.645000,13.199324,48,0.230673,C,6,2.666667,1,3,Forecast,20260818T075922Z-deb02f
23649,SET 10 CARDS DECK THE HALLS 16960,2011-11,2011-12,M2_gbm_poisson,11.366369,8.023905,abc_group,0,1.645000,13.199324,25,0.705934,C,2,0.666667,1,1,Forecast,20260818T075922Z-deb02f
23650,SET 10 CARDS FILIGREE BAUBLE 16961,2011-11,2011-12,M2_gbm_poisson,7.580249,8.023905,abc_group,2,1.645000,13.199324,21,1.058528,C,2,1.000000,1,3,Forecast,20260818T075922Z-deb02f
23652,SET 10 CARD CHRISTMAS STAMPS 16963,2011-11,2011-12,M2_gbm_poisson,12.050690,8.023905,abc_group,0,1.645000,13.199324,26,0.665846,C,2,0.666667,1,1,Forecast,20260818T075922Z-deb02f
23654,SET 10 CARD SNOWMAN 16965,2011-11,2011-12,M2_gbm_poisson,7.615474,8.023905,abc_group,1,1.645000,13.199324,21,1.053632,C,2,1.000000,1,2,Forecast,20260818T075922Z-deb02f
23660,HENRIETTA HEN MUG,2011-11,2011-12,M2_gbm_poisson,110.430768,8.023905,abc_group,1,1.645000,13.199324,124,0.072660,C,179,97.333333,1,2,Forecast,20260818T075922Z-deb02f
23661,MILK MAIDS MUG,2011-11,2011-12,M2_gbm_poisson,82.060415,8.023905,abc_group,1,1.645000,13.199324,96,0.097780,C,109,68.666667,1,2,Forecast,20260818T075922Z-deb02f
23664,FLOWER SHOP DESIGN MUG,2011-11,2011-12,M2_gbm_poisson,9.642704,8.023905,abc_group,0,1.645000,13.199324,23,0.832122,C,1,0.333333,1,1,Forecast,20260818T075922Z-deb02f
23681,LUNCH BAG RED VINTAGE DOILY,2011-11,2011-12,M2_gbm_poisson,870.614637,8.023905,abc_group,0,1.645000,13.199324,884,0.009216,C,1271,423.666667,1,1,Forecast,20260818T075922Z-deb02f
23691,WRAP KEEP CALM BIRTHDAY,2011-11,2011-12,M2_gbm_poisson,344.039237,8.023905,abc_group,0,1.645000,13.199324,358,0.023323,C,875,291.666667,1,1,Forecast,20260818T075922Z-deb02f
23692,WRAP A PRETTY THANK YOU,2011-11,2011-12,M2_gbm_poisson,113.879710,8.023905,abc_group,0,1.645000,13.199324,128,0.070459,C,50,16.666667,1,1,Forecast,20260818T075922Z-deb02f
23694,PAISLEY PARK CARD,2011-11,2011-12,M2_gbm_poisson,284.399541,8.023905,abc_group,0,1.645000,13.199324,298,0.028213,C,274,91.333333,1,1,Forecast,20260818T075922Z-deb02f
23695,DOILY THANK YOU CARD,2011-11,2011-12,M2_gbm_poisson,420.642952,8.023905,abc_group,0,1.645000,13.199324,434,0.019075,C,495,165.000000,1,1,Forecast,20260818T075922Z-deb02f
23697,A PRETTY THANK YOU CARD,2011-11,2011-12,M2_gbm_poisson,296.318861,8.023905,abc_group,0,1.645000,13.199324,310,0.027079,C,358,119.333333,1,1,Forecast,20260818T075922Z-deb02f
23702,High Resolution Image,2011-11,2011-12,M2_gbm_poisson,9.140970,8.023905,abc_group,1,1.645000,13.199324,23,0.877796,C,3,1.333333,1,2,Forecast,20260818T075922Z-deb02f
23843,"PAPER CRAFT , LITTLE BIRDIE",2011-11,2011-12,M2_gbm_poisson,,,,,,,,,C,,,,,Insufficient History / New Product,20260818T075922Z-deb02f
30086C,ASSORTED FRUIT STRAWS,2011-11,2011-12,M2_gbm_poisson,,,,,,,,,C,0,,,,Inactive (no sales in last 6 months),20260818T075922Z-deb02f
35001B,HAND OPEN SHAPE BLACK,2011-11,2011-12,M2_gbm_poisson,,,,,,,,,C,0,,,,Inactive (no sales in last 6 months),20260818T075922Z-deb02f
35001G,HAND OPEN SHAPE GOLD,2011-11,2011-12,M2_gbm_poisson,39.345744,27.185398,product,18,1.645000,44.719980,85,0.690936,B,30,21.000000,1,24,Forecast,20260818T075922Z-deb02f
35001P,HAND OPEN SHAPE PINK,2011-11,2011-12,M2_gbm_poisson,,,,,,,,,C,0,,,,Inactive (no sales in last 6 months),20260818T075922Z-deb02f
35001W,HAND OPEN SHAPE DECO.WHITE,2011-11,2011-12,M2_gbm_poisson,,,,,,,,,B,0,,,,Inactive (no sales in last 6 months),20260818T075922Z-deb02f
35004B,SET OF 3 BLACK FLYING DUCKS,2011-11,2011-12,M2_gbm_poisson,34.373040,45.613894,product,18,1.645000,75.034856,110,1.327025,A,19,42.000000,1,24,Forecast,20260818T075922Z-deb02f
35004C,SET OF 3 COLOURED  FLYING DUCKS,2011-11,2011-12,M2_gbm_poisson,,,,,,,,,A,0,,,,Inactive (no sales in last 6 months),20260818T075922Z-deb02f
35004G,SET OF 3 GOLD FLYING DUCKS,2011-11,2011-12,M2_gbm_poisson,21.049958,10.712600,product,18,1.645000,17.622228,39,0.508913,B,15,9.333333,1,24,Forecast,20260818T075922Z-deb02f
35004P,SET OF 3 PINK FLYING DUCKS,2011-11,2011-12,M2_gbm_poisson,,,,,,,,,C,0,,,,Inactive (no sales in last 6 months),20260818T075922Z-deb02f
35004S,SET OF 3 SILVER FLYING DUCKS,2011-11,2011-12,M2_gbm_poisson,,,,,,,,,C,0,,,,Inactive (no sales in last 6 months),20260818T075922Z-deb02f
35015,JACOBS LADDER SMALL,2011-11,2011-12,M2_gbm_poisson,,,,,,,,,C,0,,,,Inactive (no sales in last 6 months),20260818T075922Z-deb02f
35051B,PINK BEADED CONE CHRISTMAS,2011-11,2011-12,M2_gbm_poisson,,,,,,,,,C,0,,,,Inactive (no sales in last 6 months),20260818T075922Z-deb02f
35071,ASSORTED SANTA CHRISTMAS DECORATION,2011-11,2011-12,M2_gbm_poisson,,,,,,,,,C,0,,,,Inactive (no sales in last 6 months),20260818T075922Z-deb02f
35085E,IVORY ROSE LAMPSHADE,2011-11,2011-12,M2_gbm_poisson,,,,,,,,,C,0,,,,Inactive (no sales in last 6 months),20260818T075922Z-deb02f
35095A,BLUE VICTORIAN FABRIC OVAL BOX,2011-11,2011-12,M2_gbm_poisson,74.464160,53.987026,product,18,1.645000,88.808657,164,0.725007,C,204,83.333333,1,24,Forecast,20260818T075922Z-deb02f
35095B,RED VICTORIAN FABRIC OVAL BOX,2011-11,2011-12,M2_gbm_poisson,64.640869,37.573309,product,18,1.645000,61.808094,127,0.581262,C,91,69.333333,1,24,Forecast,20260818T075922Z-deb02f
35096A,BLUE VICTORIAN FABRIC HEART BOX,2011-11,2011-12,M2_gbm_poisson,,,,,,,,,C,0,,,,Inactive (no sales in last 6 months),20260818T075922Z-deb02f
35096B,RED VICTORIAN FABRIC HEART BOX,2011-11,2011-12,M2_gbm_poisson,,,,,,,,,C,0,,,,Inactive (no sales in last 6 months),20260818T075922Z-deb02f
35160,BUDDHA INCENSE HOLDER ASSORTED,2011-11,2011-12,M2_gbm_poisson,,,,,,,,,B,0,,,,Inactive (no sales in last 6 months),20260818T075922Z-deb02f
35233,PASTA ENAMEL/BRASS CONTAINER,2011-11,2011-12,M2_gbm_poisson,,,,,,,,,C,0,,,,Inactive (no sales in last 6 months),20260818T075922Z-deb02f
35240,ENAMEL BLUE RIM OVAL TRAY SET/2,2011-11,2011-12,M2_gbm_poisson,,,,,,,,,C,0,,,,Inactive (no sales in last 6 months),20260818T075922Z-deb02f
35241,ENAMEL BLUE RIM BISCUIT BIN,2011-11,2011-12,M2_gbm_poisson,,,,,,,,,B,0,,,,Inactive (no sales in last 6 months),20260818T075922Z-deb02f
35265,COLOURFUL FLOWER FRUIT BOWL,2011-11,2011-12,M2_gbm_poisson,3.964301,1.847394,product,18,1.645000,3.038963,8,0.466007,C,0,1.000000,2,19,Forecast,20260818T075922Z-deb02f
35271S,GOLD PRINT PAPER BAG,2011-11,2011-12,M2_gbm_poisson,,,,,,,,,C,0,,,,Inactive (no sales in last 6 months),20260818T075922Z-deb02f
35400,WOODEN BOX ADVENT CALENDAR,2011-11,2011-12,M2_gbm_poisson,8.269191,32.041210,product,15,1.645000,52.707790,61,3.874770,A,5,1.666667,1,24,Forecast,20260818T075922Z-deb02f
35443,RASTA IN BATH W SPLIFF ASHTRAY,2011-11,2011-12,M2_gbm_poisson,5.736019,2.870314,product,18,1.645000,4.721666,11,0.500402,C,3,1.666667,1,24,Forecast,20260818T075922Z-deb02f
35471A,SET OF 3 BIRD L.BLUE FEATHER,2011-11,2011-12,M2_gbm_poisson,,,,,,,,,C,0,,,,Inactive (no sales in last 6 months),20260818T075922Z-deb02f
35471D,SET OF 3 BIRD LIGHT PINK FEATHER,2011-11,2011-12,M2_gbm_poisson,309.286396,34.752292,product,18,1.645000,57.167521,367,0.112363,C,718,412.333333,1,24,Forecast,20260818T075922Z-deb02f
35537,CANDLE RING W/CLEAR BEADS,2011-11,2011-12,M2_gbm_poisson,,,,,,,,,C,0,,,,Inactive (no sales in last 6 months),20260818T075922Z-deb02f
35591T,TURQUOISE CHRISTMAS TREE,2011-11,2011-12,M2_gbm_poisson,5.342957,5.096808,product,10,1.645000,8.384249,14,0.953930,C,1,0.666667,1,15,Forecast,20260818T075922Z-deb02f
35594,WOODEN CHRISTMAS TREE 3 HANGING,2011-11,2011-12,M2_gbm_poisson,,,,,,,,,C,0,,,,Inactive (no sales in last 6 months),20260818T075922Z-deb02f
35596,WOOD XMAS TREE 9 FIG SHELVES,2011-11,2011-12,M2_gbm_poisson,,,,,,,,,C,0,,,,Inactive (no sales in last 6 months),20260818T075922Z-deb02f
35597A,DUSTY PINK CHRISTMAS TREE 30CM,2011-11,2011-12,M2_gbm_poisson,,,,,,,,,C,0,,,,Inactive (no sales in last 6 months),20260818T075922Z-deb02f
35597B,BLACKCHRISTMAS TREE 30CM,2011-11,2011-12,M2_gbm_poisson,,,,,,,,,C,0,,,,Inactive (no sales in last 6 months),20260818T075922Z-deb02f
35597D,PINK/WHITE CHRISTMAS TREE 30CM,2011-11,2011-12,M2_gbm_poisson,7.126953,16.997416,product,11,1.645000,27.960749,36,2.384948,C,0,7.333333,3,24,Forecast,20260818T075922Z-deb02f
35598A,DUSTY PINK CHRISTMAS TREE 60CM,2011-11,2011-12,M2_gbm_poisson,13.502953,8.023905,abc_group,1,1.645000,13.199324,27,0.594233,C,9,3.000000,1,24,Forecast,20260818T075922Z-deb02f
35598B,BLACK CHRISTMAS TREE 60CM,2011-11,2011-12,M2_gbm_poisson,62.600506,31.395315,product,18,1.645000,51.645294,115,0.501519,C,135,160.000000,1,24,Forecast,20260818T075922Z-deb02f
35598C,WHITE CHRISTMAS TREE 60CM,2011-11,2011-12,M2_gbm_poisson,5.938108,8.023905,abc_group,1,1.645000,13.199324,20,1.351256,C,2,0.666667,1,24,Forecast,20260818T075922Z-deb02f
35598D,PINK/WHITE CHRISTMAS TREE 60CM,2011-11,2011-12,M2_gbm_poisson,62.634932,31.670931,product,18,1.645000,52.098681,115,0.505643,C,77,156.000000,1,24,Forecast,20260818T075922Z-deb02f
35599B,BLACK CHRISTMAS TREE 120CM,2011-11,2011-12,M2_gbm_poisson,51.281603,7.202767,product,15,1.645000,11.848552,64,0.140455,C,80,41.333333,1,24,Forecast,20260818T075922Z-deb02f
35599D,PINK AND WHITE CHRISTMAS TREE 120CM,2011-11,2011-12,M2_gbm_poisson,49.832383,20.303985,product,18,1.645000,33.400055,84,0.407446,B,80,37.666667,1,24,Forecast,20260818T075922Z-deb02f
35600D,PINK AND WHITE CHRISTMAS TREE 180CM,2011-11,2011-12,M2_gbm_poisson,,,,,,,,,C,0,,,,Inactive (no sales in last 6 months),20260818T075922Z-deb02f
35603B,S/16 BLACK SHINY/MAT BAUBLES,2011-11,2011-12,M2_gbm_poisson,,,,,,,,,C,0,,,,Inactive (no sales in last 6 months),20260818T075922Z-deb02f
35603C,SET/16 WHITE SHINY & MATT BAUBLES,2011-11,2011-12,M2_gbm_poisson,,,,,,,,,C,0,,,,Inactive (no sales in last 6 months),20260818T075922Z-deb02f
35607A,PINK FLUFFY CHRISTMAS DECORATION,2011-11,2011-12,M2_gbm_poisson,,,,,,,,,C,0,,,,Inactive (no sales in last 6 months),20260818T075922Z-deb02f
35607B,BLACK FEATHER CHRISTMAS DECORATION,2011-11,2011-12,M2_gbm_poisson,7.811566,22.029731,product,18,1.645000,36.238908,45,2.820143,C,0,3.333333,3,24,Forecast,20260818T075922Z-deb02f
35609A,PINK FEATHER CHRISTMAS DECORATION,2011-11,2011-12,M2_gbm_poisson,,,,,,,,,C,0,,,,Inactive (no sales in last 6 months),20260818T075922Z-deb02f
35610A,PINK CHRISTMAS FLOCK DROPLET,2011-11,2011-12,M2_gbm_poisson,,,,,,,,,C,0,,,,Inactive (no sales in last 6 months),20260818T075922Z-deb02f
35610B,BLACK CHRISTMAS FLOCK DROPLET,2011-11,2011-12,M2_gbm_poisson,,,,,,,,,C,0,,,,Inactive (no sales in last 6 months),20260818T075922Z-deb02f
35610C,WHITE CHRISTMAS FLOCK DROPLET,2011-11,2011-12,M2_gbm_poisson,,,,,,,,,C,0,,,,Inactive (no sales in last 6 months),20260818T075922Z-deb02f
35611B,BLACK ASSORTED DROPLET DECORATION,2011-11,2011-12,M2_gbm_poisson,,,,,,,,,C,0,,,,Inactive (no sales in last 6 months),20260818T075922Z-deb02f
35633B,BLUE TINSEL GARLAND,2011-11,2011-12,M2_gbm_poisson,,,,,,,,,C,0,,,,Inactive (no sales in last 6 months),20260818T075922Z-deb02f
35637A,IVORY STRING CURTAIN WITH POLE,2011-11,2011-12,M2_gbm_poisson,23.542803,17.691718,product,18,1.645000,29.102875,53,0.751470,B,7,19.333333,1,24,Forecast,20260818T075922Z-deb02f
35637C,PINK STRING CURTAIN WITH POLE,2011-11,2011-12,M2_gbm_poisson,12.731926,3.562540,product,18,1.645000,5.860378,19,0.279812,C,3,6.666667,1,23,Forecast,20260818T075922Z-deb02f
35638A,PINK AND BLACK STRING CURTAIN,2011-11,2011-12,M2_gbm_poisson,6.183165,1.130927,product,11,1.645000,1.860375,9,0.182904,C,1,1.000000,1,23,Forecast,20260818T075922Z-deb02f
35638B,PINK/BLUE STRING CURTAIN,2011-11,2011-12,M2_gbm_poisson,6.263772,4.581901,product,16,1.645000,7.537227,14,0.731492,C,1,0.666667,1,24,Forecast,20260818T075922Z-deb02f
35644,PAIR PINK/BLACK COATHANGERS,2011-11,2011-12,M2_gbm_poisson,,,,,,,,,C,0,,,,Inactive (no sales in last 6 months),20260818T075922Z-deb02f
35645,VINTAGE BEAD PINK JEWEL BOX,2011-11,2011-12,M2_gbm_poisson,3.172917,4.543428,product,16,1.645000,7.473939,11,1.431940,C,0,0.333333,2,24,Forecast,20260818T075922Z-deb02f
35646,VINTAGE BEAD PINK EVENING BAG,2011-11,2011-12,M2_gbm_poisson,74.621388,10.875316,product,18,1.645000,17.889894,93,0.145740,C,129,84.333333,1,24,Forecast,20260818T075922Z-deb02f
35647,VINTAGE BEAD PINK SHADE,2011-11,2011-12,M2_gbm_poisson,,,,,,,,,C,0,,,,Inactive (no sales in last 6 months),20260818T075922Z-deb02f
35648,VINTAGE BEAD PINK PURSE,2011-11,2011-12,M2_gbm_poisson,79.616478,18.097728,product,18,1.645000,29.770762,110,0.227311,C,148,121.666667,1,24,Forecast,20260818T075922Z-deb02f
35649,VINTAGE BEAD COSMETIC BAG,2011-11,2011-12,M2_gbm_poisson,23.392572,9.735493,product,18,1.645000,16.014886,40,0.416179,B,14,10.000000,1,24,Forecast,20260818T075922Z-deb02f
35650,VINTAGE BEAD PINK JEWEL STAND,2011-11,2011-12,M2_gbm_poisson,2.430712,1.633973,product,14,1.645000,2.687886,6,0.672220,C,0,0.000000,4,18,Forecast,20260818T075922Z-deb02f
35651,VINTAGE BEAD PINK SCARF,2011-11,2011-12,M2_gbm_poisson,38.721404,22.001413,product,16,1.645000,36.192325,75,0.568198,C,33,45.333333,1,24,Forecast,20260818T075922Z-deb02f
35652,VINTAGE BEAD CHAISE LONG JEWEL BOX,2011-11,2011-12,M2_gbm_poisson,,,,,,,,,C,0,,,,Inactive (no sales in last 6 months),20260818T075922Z-deb02f
35653,VINTAGE BEAD NOTEBOOK,2011-11,2011-12,M2_gbm_poisson,3.674923,12.103205,product,18,1.645000,19.909772,24,3.293458,C,0,0.000000,4,24,Forecast,20260818T075922Z-deb02f
35654,VINTAGE BEAD FILLED PINK CUSHION,2011-11,2011-12,M2_gbm_poisson,,,,,,,,,C,0,,,,Inactive (no sales in last 6 months),20260818T075922Z-deb02f
35751C,PURPLE CURRENT CANDLE RING,2011-11,2011-12,M2_gbm_poisson,,,,,,,,,C,0,,,,Inactive (no sales in last 6 months),20260818T075922Z-deb02f
35751D,PINK CURRENT CANDLE RING,2011-11,2011-12,M2_gbm_poisson,,,,,,,,,C,0,,,,Inactive (no sales in last 6 months),20260818T075922Z-deb02f
35793,S/3 PUPPIES CHRISTMAS DECORATIONS,2011-11,2011-12,M2_gbm_poisson,,,,,,,,,C,0,,,,Inactive (no sales in last 6 months),20260818T075922Z-deb02f
35809A,ENAMEL PINK TEA CONTAINER,2011-11,2011-12,M2_gbm_poisson,2.054573,32.082649,product,18,1.645000,52.775957,55,15.615235,B,0,0.000000,6,24,Forecast,20260818T075922Z-deb02f
35809B,ENAMEL BLUE RIM TEA CONTAINER,2011-11,2011-12,M2_gbm_poisson,,,,,,,,,C,0,,,,Inactive (no sales in last 6 months),20260818T075922Z-deb02f
35810A,ENAMEL PINK COFFEE CONTAINER,2011-11,2011-12,M2_gbm_poisson,21.740469,37.060626,product,18,1.645000,60.964730,83,1.704684,B,0,20.666667,2,24,Forecast,20260818T075922Z-deb02f
35810B,ENAMEL BLUE RIM COFFEE CONTAINER,2011-11,2011-12,M2_gbm_poisson,10.448826,18.450809,product,18,1.645000,30.351580,41,1.765826,C,5,2.333333,1,24,Forecast,20260818T075922Z-deb02f
35811A,ENAMEL PINK SUGAR CONTAINER,2011-11,2011-12,M2_gbm_poisson,,,,,,,,,C,0,,,,Inactive (no sales in last 6 months),20260818T075922Z-deb02f
35815B,"ACRYLIC JEWEL SNOWFLAKE,BLUE",2011-11,2011-12,M2_gbm_poisson,,,,,,,,,C,0,,,,Inactive (no sales in last 6 months),20260818T075922Z-deb02f
35815P,"ACRYLIC JEWEL SNOWFLAKE, PINK",2011-11,2011-12,M2_gbm_poisson,10.139416,9.781305,product,13,1.645000,16.090247,27,0.964681,C,0,37.666667,3,14,Forecast,20260818T075922Z-deb02f
35816B,"ACRYLIC JEWEL ANGEL,BLUE",2011-11,2011-12,M2_gbm_poisson,,,,,,,,,C,0,,,,Inactive (no sales in last 6 months),20260818T075922Z-deb02f
35816P,"ACRYLIC JEWEL ANGEL,PINK",2011-11,2011-12,M2_gbm_poisson,3.651632,20.520592,product,14,1.645000,33.756375,38,5.619568,C,0,0.000000,4,22,Forecast,20260818T075922Z-deb02f
35817B,"ACRYLIC JEWEL SNOWFLAKE,BLUE",2011-11,2011-12,M2_gbm_poisson,,,,,,,,,C,0,,,,Inactive (no sales in last 6 months),20260818T075922Z-deb02f
35817P,"ACRYLIC JEWEL SNOWFLAKE,PINK",2011-11,2011-12,M2_gbm_poisson,3.290077,11.368429,product,16,1.645000,18.701065,22,3.455369,C,0,0.000000,4,19,Forecast,20260818T075922Z-deb02f
35818B,"ACRYLIC JEWEL ICICLE, BLUE",2011-11,2011-12,M2_gbm_poisson,9.879370,21.641809,product,15,1.645000,35.600775,46,2.190606,C,1,2.333333,1,20,Forecast,20260818T075922Z-deb02f
35818C,"ACRYLIC JEWEL ICICLE, CLEAR",2011-11,2011-12,M2_gbm_poisson,,,,,,,,,C,0,,,,Inactive (no sales in last 6 months),20260818T075922Z-deb02f
35818P,"ACRYLIC JEWEL ICICLE, PINK",2011-11,2011-12,M2_gbm_poisson,60.467568,57.335552,product,18,1.645000,94.316983,155,0.948203,C,125,74.000000,1,19,Forecast,20260818T075922Z-deb02f
35819B,"ACRYLIC HANGING JEWEL,BLUE",2011-11,2011-12,M2_gbm_poisson,64.768063,29.907304,product,18,1.645000,49.197515,114,0.461760,C,90,85.333333,1,24,Forecast,20260818T075922Z-deb02f
35819P,"ACRYLIC HANGING JEWEL,PINK",2011-11,2011-12,M2_gbm_poisson,33.202905,8.023905,abc_group,2,1.645000,13.199324,47,0.241663,C,14,31.666667,1,3,Forecast,20260818T075922Z-deb02f
35821B,"JEWELLED DECORATION,BLUE",2011-11,2011-12,M2_gbm_poisson,,,,,,,,,C,0,,,,Inactive (no sales in last 6 months),20260818T075922Z-deb02f
35821P,"JEWELLED DECORATION,PINK",2011-11,2011-12,M2_gbm_poisson,,,,,,,,,C,0,,,,Inactive (no sales in last 6 months),20260818T075922Z-deb02f
35822B,"ACRYLIC BEAD CHAIN, BLUE",2011-11,2011-12,M2_gbm_poisson,,,,,,,,,C,0,,,,Inactive (no sales in last 6 months),20260818T075922Z-deb02f
35822P,"ACRYLIC BEAD CHAIN, PINK",2011-11,2011-12,M2_gbm_poisson,,,,,,,,,C,0,,,,Inactive (no sales in last 6 months),20260818T075922Z-deb02f
35823P,"ACRYLIC BEAD GARLAND,PINK",2011-11,2011-12,M2_gbm_poisson,,,,,,,,,C,0,,,,Inactive (no sales in last 6 months),20260818T075922Z-deb02f
35824B,"HANGING FLOWERS+MIRROR,BLUE",2011-11,2011-12,M2_gbm_poisson,,,,,,,,,C,0,,,,Inactive (no sales in last 6 months),20260818T075922Z-deb02f
35824C,"HANGING FLOWERS+MIRROR,CLEAR",2011-11,2011-12,M2_gbm_poisson,,,,,,,,,C,0,,,,Inactive (no sales in last 6 months),20260818T075922Z-deb02f
35824P,"HANGING FLOWERS+MIRROR,PINK",2011-11,2011-12,M2_gbm_poisson,,,,,,,,,C,0,,,,Inactive (no sales in last 6 months),20260818T075922Z-deb02f
35832,WOOLLY HAT SOCK GLOVE ADVENT STRING,2011-11,2011-12,M2_gbm_poisson,,,,,,,,,A,0,,,,Inactive (no sales in last 6 months),20260818T075922Z-deb02f
35833G,4 GOLD FLOCK CHRISTMAS BALLS,2011-11,2011-12,M2_gbm_poisson,,,,,,,,,C,0,,,,Inactive (no sales in last 6 months),20260818T075922Z-deb02f
35833P,4 PINK FLOCK CHRISTMAS BALLS,2011-11,2011-12,M2_gbm_poisson,21.041408,6.376885,product,16,1.645000,10.489976,32,0.303064,C,19,7.333333,1,24,Forecast,20260818T075922Z-deb02f
35837,SET OF SIX SILVER+RED FLOCK BAUBLES,2011-11,2011-12,M2_gbm_poisson,,,,,,,,,C,0,,,,Inactive (no sales in last 6 months),20260818T075922Z-deb02f
35838A,S/6 MULTICOLOUR ORNAMENETAL CANDLE,2011-11,2011-12,M2_gbm_poisson,,,,,,,,,C,0,,,,Inactive (no sales in last 6 months),20260818T075922Z-deb02f
35838B,S/6 SILVER ORNAMENETAL CANDLE,2011-11,2011-12,M2_gbm_poisson,,,,,,,,,C,0,,,,Inactive (no sales in last 6 months),20260818T075922Z-deb02f
35840,FLAT GLASS  BAUBLE WHITE FLOCK,2011-11,2011-12,M2_gbm_poisson,,,,,,,,,C,0,,,,Inactive (no sales in last 6 months),20260818T075922Z-deb02f
35909A,RABBIT EASTER DECORATION,2011-11,2011-12,M2_gbm_poisson,,,,,,,,,C,0,,,,Inactive (no sales in last 6 months),20260818T075922Z-deb02f
35909B,PINK FLOWERS RABBIT EASTER,2011-11,2011-12,M2_gbm_poisson,2.043711,1.910034,product,15,1.645000,3.142005,6,0.934591,C,0,0.000000,6,24,Forecast,20260818T075922Z-deb02f
35910A,MULTICOLOUR EASTER RABBIT,2011-11,2011-12,M2_gbm_poisson,,,,,,,,,C,0,,,,Inactive (no sales in last 6 months),20260818T075922Z-deb02f
35910B,PINK FLOWERS RABBIT EASTER,2011-11,2011-12,M2_gbm_poisson,8.082185,1.408025,product,9,1.645000,2.316201,11,0.174213,C,1,0.333333,1,23,Forecast,20260818T075922Z-deb02f
35911A,MULTICOLOUR RABBIT EGG WARMER,2011-11,2011-12,M2_gbm_poisson,19.204686,23.623081,product,18,1.645000,38.859969,59,1.230069,C,2,25.000000,1,24,Forecast,20260818T075922Z-deb02f
35911B,PINK/FLOWER RABBIT EGG WARMER,2011-11,2011-12,M2_gbm_poisson,,,,,,,,,C,0,,,,Inactive (no sales in last 6 months),20260818T075922Z-deb02f
35912B,WHITE/PINK CHICK DECORATION,2011-11,2011-12,M2_gbm_poisson,20.729290,16.467386,product,18,1.645000,27.088851,48,0.794402,C,0,24.333333,2,23,Forecast,20260818T075922Z-deb02f
35913B,WHITE/PINK CHICK EASTER DECORATION,2011-11,2011-12,M2_gbm_poisson,6.291814,4.775010,product,17,1.645000,7.854891,15,0.758924,C,1,0.333333,1,23,Forecast,20260818T075922Z-deb02f
35914,PINK CHICK EGG WARMER + EGG CUP,2011-11,2011-12,M2_gbm_poisson,6.119784,13.299886,product,18,1.645000,21.878312,28,2.173261,C,0,2.666667,2,24,Forecast,20260818T075922Z-deb02f
35915A,CREAM KNITTED HEN,2011-11,2011-12,M2_gbm_poisson,,,,,,,,,C,0,,,,Inactive (no sales in last 6 months),20260818T075922Z-deb02f
35915B,BLUE KNITTED HEN,2011-11,2011-12,M2_gbm_poisson,3.487149,5.861088,product,18,1.645000,9.641491,14,1.680768,C,0,0.333333,3,24,Forecast,20260818T075922Z-deb02f
35915C,PEACH KNITTED HEN,2011-11,2011-12,M2_gbm_poisson,,,,,,,,,C,0,,,,Inactive (no sales in last 6 months),20260818T075922Z-deb02f
35916A,YELLOW FELT HANGING HEART W FLOWER,2011-11,2011-12,M2_gbm_poisson,4.520976,10.404220,product,18,1.645000,17.114941,22,2.301321,C,0,0.333333,2,24,Forecast,20260818T075922Z-deb02f
35916B,BLUE FELT HANGING HEART WITH FLOWER,2011-11,2011-12,M2_gbm_poisson,4.539390,9.007017,product,18,1.645000,14.816544,20,1.984191,C,0,0.666667,2,24,Forecast,20260818T075922Z-deb02f
35916C,PINK FELT HANGING HEART W FLOWER,2011-11,2011-12,M2_gbm_poisson,4.514864,11.720546,product,18,1.645000,19.280298,24,2.595991,C,0,0.333333,2,24,Forecast,20260818T075922Z-deb02f
35918B,BLUE FLORIBUNDA EGG WARMER,2011-11,2011-12,M2_gbm_poisson,,,,,,,,,C,0,,,,Inactive (no sales in last 6 months),20260818T075922Z-deb02f
35920,FOUR RABBIT EASTER DECORATIONS,2011-11,2011-12,M2_gbm_poisson,,,,,,,,,C,0,,,,Inactive (no sales in last 6 months),20260818T075922Z-deb02f
35921,EASTER BUNNY HANGING GARLAND,2011-11,2011-12,M2_gbm_poisson,,,,,,,,,C,0,,,,Inactive (no sales in last 6 months),20260818T075922Z-deb02f
35922,EASTER BUNNY WREATH,2011-11,2011-12,M2_gbm_poisson,,,,,,,,,C,0,,,,Inactive (no sales in last 6 months),20260818T075922Z-deb02f
35923,CANDY HEART HANGING DECORATION,2011-11,2011-12,M2_gbm_poisson,71.655763,55.702690,product,18,1.645000,91.630926,164,0.777365,C,130,188.666667,1,24,Forecast,20260818T075922Z-deb02f
35924,HANGING FAIRY CAKE DECORATION,2011-11,2011-12,M2_gbm_poisson,33.201916,100.284472,product,18,1.645000,164.967957,199,3.020442,A,13,33.000000,1,24,Forecast,20260818T075922Z-deb02f
35930,PINK HEART CHRISTMAS DECORATION,2011-11,2011-12,M2_gbm_poisson,,,,,,,,,C,0,,,,Inactive (no sales in last 6 months),20260818T075922Z-deb02f
35931,PINK STAR CHRISTMAS DECORATION,2011-11,2011-12,M2_gbm_poisson,,,,,,,,,C,0,,,,Inactive (no sales in last 6 months),20260818T075922Z-deb02f
35932,PINK CHRISTMAS TREE DECORATION,2011-11,2011-12,M2_gbm_poisson,,,,,,,,,C,0,,,,Inactive (no sales in last 6 months),20260818T075922Z-deb02f
35933,PINK STOCKING CHRISTMAS DECORATION,2011-11,2011-12,M2_gbm_poisson,30.531672,29.768977,product,15,1.645000,48.969967,80,0.975020,C,9,54.000000,1,24,Forecast,20260818T075922Z-deb02f
35936,CERISE+GOLD CHRISTMAS TREE DEC,2011-11,2011-12,M2_gbm_poisson,,,,,,,,,C,0,,,,Inactive (no sales in last 6 months),20260818T075922Z-deb02f
35937,CERISE+GOLD CHRISTMAS STOCKING DEC,2011-11,2011-12,M2_gbm_poisson,,,,,,,,,C,0,,,,Inactive (no sales in last 6 months),20260818T075922Z-deb02f
35945,GOLD CHRISTMAS STOCKING DECORATION,2011-11,2011-12,M2_gbm_poisson,,,,,,,,,C,0,,,,Inactive (no sales in last 6 months),20260818T075922Z-deb02f
35950,FOLKART HEART CHRISTMAS DECORATIONS,2011-11,2011-12,M2_gbm_poisson,,,,,,,,,C,0,,,,Inactive (no sales in last 6 months),20260818T075922Z-deb02f
35951,FOLKART BAUBLE CHRISTMAS DECORATION,2011-11,2011-12,M2_gbm_poisson,,,,,,,,,C,0,,,,Inactive (no sales in last 6 months),20260818T075922Z-deb02f
35953,FOLKART STAR CHRISTMAS DECORATIONS,2011-11,2011-12,M2_gbm_poisson,808.418267,14.777222,product,16,1.645000,24.308531,833,0.018279,C,1935,1030.666667,1,24,Forecast,20260818T075922Z-deb02f
35954,SMALL FOLKART STAR CHRISTMAS DEC,2011-11,2011-12,M2_gbm_poisson,85.465847,44.422551,product,17,1.645000,73.075096,159,0.519770,C,250,345.666667,1,24,Forecast,20260818T075922Z-deb02f
35955,SMALL FOLKART CHRISTMAS TREE DEC,2011-11,2011-12,M2_gbm_poisson,,,,,,,,,C,0,,,,Inactive (no sales in last 6 months),20260818T075922Z-deb02f
35957,SMALLFOLKART BAUBLE CHRISTMAS DEC,2011-11,2011-12,M2_gbm_poisson,,,,,,,,,B,0,,,,Inactive (no sales in last 6 months),20260818T075922Z-deb02f
35958,FOLKART ZINC STAR CHRISTMAS DEC,2011-11,2011-12,M2_gbm_poisson,,,,,,,,,B,0,,,,Inactive (no sales in last 6 months),20260818T075922Z-deb02f
35961,FOLKART ZINC HEART CHRISTMAS DEC,2011-11,2011-12,M2_gbm_poisson,131.335087,264.482200,product,18,1.645000,435.073219,567,2.013797,A,250,207.333333,1,24,Forecast,20260818T075922Z-deb02f
35962,12 ASS ZINC CHRISTMAS DECORATIONS,2011-11,2011-12,M2_gbm_poisson,,,,,,,,,B,0,,,,Inactive (no sales in last 6 months),20260818T075922Z-deb02f
35963,FOLKART ZINC CLIP ON ANGEL WINGS,2011-11,2011-12,M2_gbm_poisson,,,,,,,,,C,0,,,,Inactive (no sales in last 6 months),20260818T075922Z-deb02f
35964,FOLKART CLIP ON STARS,2011-11,2011-12,M2_gbm_poisson,110.072965,17.286226,product,17,1.645000,28.435842,139,0.157043,C,269,223.333333,1,24,Forecast,20260818T075922Z-deb02f
35965,FOLKART HEART NAPKIN RINGS,2011-11,2011-12,M2_gbm_poisson,19.710151,25.577963,product,18,1.645000,42.075750,62,1.297705,B,12,10.000000,1,24,Forecast,20260818T075922Z-deb02f
35966,FOLKART CHRISTMAS TREE T-LIGHT HOLD,2011-11,2011-12,M2_gbm_poisson,3.651632,10.832765,product,16,1.645000,17.819899,22,2.966555,C,0,0.000000,4,24,Forecast,20260818T075922Z-deb02f
35967,FOLK ART METAL STAR T-LIGHT HOLDER,2011-11,2011-12,M2_gbm_poisson,69.674895,26.266705,product,18,1.645000,43.208730,113,0.376990,C,117,101.333333,1,24,Forecast,20260818T075922Z-deb02f
35968,FOLK ART METAL HEART T-LIGHT HOLDER,2011-11,2011-12,M2_gbm_poisson,33.392738,40.598481,product,18,1.645000,66.784501,101,1.215788,C,13,24.000000,1,24,Forecast,20260818T075922Z-deb02f
35969,FOLKART CROWN TABLE DECORATIONS,2011-11,2011-12,M2_gbm_poisson,,,,,,,,,C,0,,,,Inactive (no sales in last 6 months),20260818T075922Z-deb02f
35970,ZINC FOLKART SLEIGH BELLS,2011-11,2011-12,M2_gbm_poisson,795.601348,244.137370,product,18,1.645000,401.605973,1198,0.306859,A,1812,1392.000000,1,21,Forecast,20260818T075922Z-deb02f
35971,ROSE FOLKART HEART DECORATIONS,2011-11,2011-12,M2_gbm_poisson,67.672155,43.176129,product,18,1.645000,71.024732,139,0.638019,B,116,54.000000,1,24,Forecast,20260818T075922Z-deb02f
35972,DAISY FOLKART HEART DECORATION,2011-11,2011-12,M2_gbm_poisson,17.310908,19.528585,product,18,1.645000,32.124522,50,1.128109,C,4,9.000000,1,24,Forecast,20260818T075922Z-deb02f
35973,GERANIUM FOLKART HEART DECORATION,2011-11,2011-12,M2_gbm_poisson,,,,,,,,,C,0,,,,Inactive (no sales in last 6 months),20260818T075922Z-deb02f
35974,S/6 CHRISTMAS TREE PLACE SETTING,2011-11,2011-12,M2_gbm_poisson,,,,,,,,,C,0,,,,Inactive (no sales in last 6 months),20260818T075922Z-deb02f
35976B,WHITE SCANDINAVIAN HEART CHRISTMAS,2011-11,2011-12,M2_gbm_poisson,,,,,,,,,C,0,,,,Inactive (no sales in last 6 months),20260818T075922Z-deb02f
35979,SIX STRING SCANDINAVIAN HEART DECS,2011-11,2011-12,M2_gbm_poisson,,,,,,,,,C,0,,,,Inactive (no sales in last 6 months),20260818T075922Z-deb02f
35980B,RED TOP SCANDINAVIAN HEART,2011-11,2011-12,M2_gbm_poisson,,,,,,,,,C,0,,,,Inactive (no sales in last 6 months),20260818T075922Z-deb02f
35980C,REDWHITE STRIPE SCANDINAVIAN HEART,2011-11,2011-12,M2_gbm_poisson,,,,,,,,,C,0,,,,Inactive (no sales in last 6 months),20260818T075922Z-deb02f
35981C,WHITE SNOW SCANDINAVIAN STOCKING,2011-11,2011-12,M2_gbm_poisson,,,,,,,,,C,0,,,,Inactive (no sales in last 6 months),20260818T075922Z-deb02f
35991,SET/6 BLACK SNOWFLAKE T-LIGHTS,2011-11,2011-12,M2_gbm_poisson,,,,,,,,,C,0,,,,Inactive (no sales in last 6 months),20260818T075922Z-deb02f
35995,SET/6 BLACK GLITTER REINDEER CANDLE,2011-11,2011-12,M2_gbm_poisson,,,,,,,,,C,0,,,,Inactive (no sales in last 6 months),20260818T075922Z-deb02f
35999,S/6 SCANDINAVIAN HEART T-LIGHT,2011-11,2011-12,M2_gbm_poisson,,,,,,,,,C,0,,,,Inactive (no sales in last 6 months),20260818T075922Z-deb02f
37112,YELLOW BIRDS FELT DES FOODCOVER,2011-11,2011-12,M2_gbm_poisson,,,,,,,,,C,0,,,,Inactive (no sales in last 6 months),20260818T075922Z-deb02f
37326,FAIRY DESIGN MUGS,2011-11,2011-12,M2_gbm_poisson,,,,,,,,,C,0,,,,Inactive (no sales in last 6 months),20260818T075922Z-deb02f
37327,ASSTD MULTICOLOUR CIRCLES MUG,2011-11,2011-12,M2_gbm_poisson,30.590085,98.693050,product,18,1.645000,162.350067,193,3.226308,C,16,57.333333,1,24,Forecast,20260818T075922Z-deb02f
37330,SPOTS MUG,2011-11,2011-12,M2_gbm_poisson,,,,,,,,,B,0,,,,Inactive (no sales in last 6 months),20260818T075922Z-deb02f
37333,"RETRO ""TEA FOR ONE""",2011-11,2011-12,M2_gbm_poisson,,,,,,,,,C,0,,,,Inactive (no sales in last 6 months),20260818T075922Z-deb02f
37340,MULTICOLOUR SPRING FLOWER MUG,2011-11,2011-12,M2_gbm_poisson,142.089348,148.879430,product,18,1.645000,244.906663,387,1.047787,B,294,227.333333,1,24,Forecast,20260818T075922Z-deb02f
37342,POLKADOT COFFEE CUP & SAUCER PINK,2011-11,2011-12,M2_gbm_poisson,5.033337,86.348774,product,18,1.645000,142.043733,148,17.155373,B,0,0.333333,3,24,Forecast,20260818T075922Z-deb02f
37343,SPOTS DESIGN MUG W PINK INSIDE,2011-11,2011-12,M2_gbm_poisson,,,,,,,,,B,0,,,,Inactive (no sales in last 6 months),20260818T075922Z-deb02f
37345,ASSTD HEARTS DESIGN MUGS,2011-11,2011-12,M2_gbm_poisson,,,,,,,,,C,0,,,,Inactive (no sales in last 6 months),20260818T075922Z-deb02f
37348,SET OF 4 PASTEL STACKING MUGS,2011-11,2011-12,M2_gbm_poisson,,,,,,,,,C,0,,,,Inactive (no sales in last 6 months),20260818T075922Z-deb02f
37351,ORANGE FLOWER MUG,2011-11,2011-12,M2_gbm_poisson,,,,,,,,,C,0,,,,Inactive (no sales in last 6 months),20260818T075922Z-deb02f
37352,BIRD IN TREE MUG,2011-11,2011-12,M2_gbm_poisson,,,,,,,,,C,0,,,,Inactive (no sales in last 6 months),20260818T075922Z-deb02f
37370,RETRO COFFEE MUGS ASSORTED,2011-11,2011-12,M2_gbm_poisson,13.818186,79.047339,product,18,1.645000,130.032873,144,5.720530,A,7,4.000000,1,24,Forecast,20260818T075922Z-deb02f
37379A,PINK CHERRY BLOSSOM CUP & SAUCER,2011-11,2011-12,M2_gbm_poisson,,,,,,,,,C,0,,,,Inactive (no sales in last 6 months),20260818T075922Z-deb02f
37379B,BLUE CHERRY BLOSSOM CUP & SAUCER,2011-11,2011-12,M2_gbm_poisson,,,,,,,,,C,0,,,,Inactive (no sales in last 6 months),20260818T075922Z-deb02f
37399,"ASS RETROSPOOF MUGS,SPORTS",2011-11,2011-12,M2_gbm_poisson,,,,,,,,,C,0,,,,Inactive (no sales in last 6 months),20260818T075922Z-deb02f
37408,ASSORTED DESIGN GEISHA GIRL MUGS,2011-11,2011-12,M2_gbm_poisson,,,,,,,,,C,0,,,,Inactive (no sales in last 6 months),20260818T075922Z-deb02f
37409,ASSORTED DESIGN FLOWER MUGS,2011-11,2011-12,M2_gbm_poisson,,,,,,,,,C,0,,,,Inactive (no sales in last 6 months),20260818T075922Z-deb02f
37410,BLACK AND WHITE PAISLEY FLOWER MUG,2011-11,2011-12,M2_gbm_poisson,,,,,,,,,A,0,,,,Inactive (no sales in last 6 months),20260818T075922Z-deb02f
37413,ICON MUG REVOLUTIONARY,2011-11,2011-12,M2_gbm_poisson,62.594528,71.105199,product,9,1.645000,116.968053,180,1.135965,C,97,61.333333,1,10,Forecast,20260818T075922Z-deb02f
37422,WHITE WITH BLACK CATS BOWL,2011-11,2011-12,M2_gbm_poisson,,,,,,,,,C,0,,,,Inactive (no sales in last 6 months),20260818T075922Z-deb02f
37423,WHITE WITH BLACK CATS PLATE,2011-11,2011-12,M2_gbm_poisson,,,,,,,,,C,0,,,,Inactive (no sales in last 6 months),20260818T075922Z-deb02f
37424,WHITE WITH BLACK CATS MUG,2011-11,2011-12,M2_gbm_poisson,,,,,,,,,B,0,,,,Inactive (no sales in last 6 months),20260818T075922Z-deb02f
37432,MUG PINK AND PURPLE ARABIC DESIGN,2011-11,2011-12,M2_gbm_poisson,,,,,,,,,C,0,,,,Inactive (no sales in last 6 months),20260818T075922Z-deb02f
37438,FUNKY FLOWER COFFEE POT,2011-11,2011-12,M2_gbm_poisson,,,,,,,,,C,0,,,,Inactive (no sales in last 6 months),20260818T075922Z-deb02f
37441,ASSORTED WHITE EMBOSSED CHINA MUGS,2011-11,2011-12,M2_gbm_poisson,,,,,,,,,B,0,,,,Inactive (no sales in last 6 months),20260818T075922Z-deb02f
37444A,YELLOW BREAKFAST CUP AND SAUCER,2011-11,2011-12,M2_gbm_poisson,2.201200,20.851731,product,18,1.645000,34.301098,37,9.472893,C,0,0.000000,5,24,Forecast,20260818T075922Z-deb02f
37444B,BLUE BREAKFAST CUP AND SAUCER,2011-11,2011-12,M2_gbm_poisson,,,,,,,,,C,0,,,,Inactive (no sales in last 6 months),20260818T075922Z-deb02f
37444C,PINK BREAKFAST CUP AND SAUCER,2011-11,2011-12,M2_gbm_poisson,,,,,,,,,C,0,,,,Inactive (no sales in last 6 months),20260818T075922Z-deb02f
37446,MINI CAKE STAND WITH HANGING CAKES,2011-11,2011-12,M2_gbm_poisson,57.398969,49.560575,product,18,1.645000,81.527146,139,0.863440,A,62,64.333333,1,24,Forecast,20260818T075922Z-deb02f
37447,CERAMIC CAKE DESIGN SPOTTED PLATE,2011-11,2011-12,M2_gbm_poisson,53.834731,61.400767,product,18,1.645000,101.004262,155,1.140542,A,56,47.666667,1,24,Forecast,20260818T075922Z-deb02f
37448,CERAMIC CAKE DESIGN SPOTTED MUG,2011-11,2011-12,M2_gbm_poisson,72.269323,82.376073,product,18,1.645000,135.508640,208,1.139848,A,141,85.666667,1,24,Forecast,20260818T075922Z-deb02f
37449,CERAMIC CAKE STAND + HANGING CAKES,2011-11,2011-12,M2_gbm_poisson,47.856771,39.473335,product,18,1.645000,64.933637,113,0.824822,A,41,40.333333,1,24,Forecast,20260818T075922Z-deb02f
37450,CERAMIC CAKE BOWL + HANGING CAKES,2011-11,2011-12,M2_gbm_poisson,51.787509,32.779767,product,18,1.645000,53.922717,106,0.632967,A,54,46.666667,1,24,Forecast,20260818T075922Z-deb02f
37451,CERAMIC CAKE TEAPOT WITH CHERRY,2011-11,2011-12,M2_gbm_poisson,,,,,,,,,C,0,,,,Inactive (no sales in last 6 months),20260818T075922Z-deb02f
37461,FUNKY MONKEY MUG,2011-11,2011-12,M2_gbm_poisson,,,,,,,,,C,0,,,,Inactive (no sales in last 6 months),20260818T075922Z-deb02f
37462B,"PET MUG, BUDGIE",2011-11,2011-12,M2_gbm_poisson,,,,,,,,,C,0,,,,Inactive (no sales in last 6 months),20260818T075922Z-deb02f
37462E,"PET MUG, GOLDFISH",2011-11,2011-12,M2_gbm_poisson,20.801864,6.549904,product,18,1.645000,10.774593,32,0.314871,C,13,4.666667,1,23,Forecast,20260818T075922Z-deb02f
37464,ROBOT MUG IN DISPLAY BOX,2011-11,2011-12,M2_gbm_poisson,,,,,,,,,C,0,,,,Inactive (no sales in last 6 months),20260818T075922Z-deb02f
37467,PIG MUG IN TWO COLOUR DESIGNS,2011-11,2011-12,M2_gbm_poisson,16.360901,33.262353,product,18,1.645000,54.716571,72,2.033039,C,0,13.333333,2,24,Forecast,20260818T075922Z-deb02f
37468,HARDMAN MUG 3 ASSORTED,2011-11,2011-12,M2_gbm_poisson,10.318282,15.120148,product,11,1.645000,24.872643,36,1.465375,C,0,13.000000,2,24,Forecast,20260818T075922Z-deb02f
37471,MULTICOLOUR DOTS PLATE,2011-11,2011-12,M2_gbm_poisson,9.252229,9.267288,product,17,1.645000,15.244688,25,1.001628,C,0,5.333333,2,24,Forecast,20260818T075922Z-deb02f
37474,SET/4 2 TONE EGG SHAPE MIXING BOWLS,2011-11,2011-12,M2_gbm_poisson,,,,,,,,,C,0,,,,Inactive (no sales in last 6 months),20260818T075922Z-deb02f
37475,SET/4 COLOURFUL MIXING BOWLS,2011-11,2011-12,M2_gbm_poisson,19.856096,6.889123,product,18,1.645000,11.332608,32,0.346953,C,16,6.000000,1,24,Forecast,20260818T075922Z-deb02f
37476,CONDIMENT TRAY 4 BOWLS AND 4 SPOONS,2011-11,2011-12,M2_gbm_poisson,2.924601,8.097220,product,18,1.645000,13.319927,17,2.768658,B,0,0.666667,2,24,Forecast,20260818T075922Z-deb02f
37477B,"FLOWER FAIRY MUG+COASTER,LAVENDER",2011-11,2011-12,M2_gbm_poisson,,,,,,,,,C,0,,,,Inactive (no sales in last 6 months),20260818T075922Z-deb02f
37477C,"FLOWER FAIRY MUG+COASTER,ROSE",2011-11,2011-12,M2_gbm_poisson,,,,,,,,,C,0,,,,Inactive (no sales in last 6 months),20260818T075922Z-deb02f
37479B,CUBIC MUG FLOCK BLUE ON BROWN,2011-11,2011-12,M2_gbm_poisson,2.062682,20.639645,product,18,1.645000,33.952216,37,10.006218,B,0,0.000000,6,23,Forecast,20260818T075922Z-deb02f
37479P,CUBIC MUG FLOCK PINK ON BROWN,2011-11,2011-12,M2_gbm_poisson,34.678655,10.541138,product,17,1.645000,17.340172,53,0.303966,C,22,24.000000,1,18,Forecast,20260818T075922Z-deb02f
37481,CUBIC MUG TEATIME CAKES,2011-11,2011-12,M2_gbm_poisson,,,,,,,,,C,0,,,,Inactive (no sales in last 6 months),20260818T075922Z-deb02f
37482B,CUBIC MUG BLUE POLKA DOT,2011-11,2011-12,M2_gbm_poisson,,,,,,,,,B,0,,,,Inactive (no sales in last 6 months),20260818T075922Z-deb02f
37482P,CUBIC MUG PINK POLKADOT,2011-11,2011-12,M2_gbm_poisson,,,,,,,,,B,0,,,,Inactive (no sales in last 6 months),20260818T075922Z-deb02f
37483,ENGLISH ROSE MUG IN GIFT BOX,2011-11,2011-12,M2_gbm_poisson,,,,,,,,,C,0,,,,Inactive (no sales in last 6 months),20260818T075922Z-deb02f
37484,ENGLISH ROSE TEA FOR ONE GIFT BOX,2011-11,2011-12,M2_gbm_poisson,,,,,,,,,C,0,,,,Inactive (no sales in last 6 months),20260818T075922Z-deb02f
37485,ENGLISH ROSE TEA SET IN GIFT BOX,2011-11,2011-12,M2_gbm_poisson,,,,,,,,,C,0,,,,Inactive (no sales in last 6 months),20260818T075922Z-deb02f
37487B,YELLOW/ORANGE FLOWER DESIGN PLATE,2011-11,2011-12,M2_gbm_poisson,,,,,,,,,C,0,,,,Inactive (no sales in last 6 months),20260818T075922Z-deb02f
37488A,YELLOW PINK FLOWER DESIGN BIG BOWL,2011-11,2011-12,M2_gbm_poisson,,,,,,,,,C,0,,,,Inactive (no sales in last 6 months),20260818T075922Z-deb02f
37489A,YELLOW/PINK FLOWER DESIGN BIG MUG,2011-11,2011-12,M2_gbm_poisson,23.602158,6.153902,product,18,1.645000,10.123169,34,0.260735,C,4,5.666667,1,24,Forecast,20260818T075922Z-deb02f
37489B,BLUE/YELLOW FLOWER DESIGN BIG MUG,2011-11,2011-12,M2_gbm_poisson,14.676557,6.747016,product,18,1.645000,11.098841,26,0.459714,C,4,4.666667,1,22,Forecast,20260818T075922Z-deb02f
37489C,GREEN/BLUE FLOWER DESIGN BIG MUG,2011-11,2011-12,M2_gbm_poisson,5.081896,5.695260,product,15,1.645000,9.368702,15,1.120696,C,0,2.666667,3,24,Forecast,20260818T075922Z-deb02f
37489D,PINK/GREEN FLOWER DESIGN BIG MUG,2011-11,2011-12,M2_gbm_poisson,19.849229,9.763069,product,18,1.645000,16.060249,36,0.491861,C,7,7.666667,1,23,Forecast,20260818T075922Z-deb02f
37491A,YELLOW/PINK CERAMIC CANDLE HOLDER,2011-11,2011-12,M2_gbm_poisson,3.379995,1.785347,product,17,1.645000,2.936896,7,0.528210,C,0,1.000000,2,24,Forecast,20260818T075922Z-deb02f
37491B,BLUE/YELLOW CERAMIC CANDLE HOLDER,2011-11,2011-12,M2_gbm_poisson,2.154878,1.919152,product,12,1.645000,3.157004,6,0.890608,C,0,0.000000,5,23,Forecast,20260818T075922Z-deb02f
37491C,GREEN/BLUE CERAMIC CANDLE HOLDER,2011-11,2011-12,M2_gbm_poisson,2.114785,4.823120,product,12,1.645000,7.934033,11,2.280667,C,0,0.000000,5,24,Forecast,20260818T075922Z-deb02f
37491D,PURPLE/BLUE CERAMIC CANDLE HOLDER,2011-11,2011-12,M2_gbm_poisson,2.154878,3.992271,product,18,1.645000,6.567286,9,1.852667,C,0,0.000000,5,23,Forecast,20260818T075922Z-deb02f
37492A,YELLOW RED FLOWER PIGGY BANK,2011-11,2011-12,M2_gbm_poisson,,,,,,,,,C,0,,,,Inactive (no sales in last 6 months),20260818T075922Z-deb02f
37492B,BLUE YELLOW FLOWER PIGGY BANK,2011-11,2011-12,M2_gbm_poisson,,,,,,,,,B,0,,,,Inactive (no sales in last 6 months),20260818T075922Z-deb02f
37492C,GREEN BLUE FLOWER PIGGY BANK,2011-11,2011-12,M2_gbm_poisson,,,,,,,,,C,0,,,,Inactive (no sales in last 6 months),20260818T075922Z-deb02f
37492D,PURPLE GREEN FLOWER PIGGY BANK,2011-11,2011-12,M2_gbm_poisson,,,,,,,,,C,0,,,,Inactive (no sales in last 6 months),20260818T075922Z-deb02f
37494A,FAIRY CAKE CERAMIC BUTTER DISH,2011-11,2011-12,M2_gbm_poisson,,,,,,,,,C,0,,,,Inactive (no sales in last 6 months),20260818T075922Z-deb02f
37495,FAIRY CAKE BIRTHDAY CANDLE SET,2011-11,2011-12,M2_gbm_poisson,47.085566,32.704748,product,18,1.645000,53.799310,101,0.694581,A,44,48.000000,1,24,Forecast,20260818T075922Z-deb02f
37500,TEA TIME TEAPOT IN GIFT BOX,2011-11,2011-12,M2_gbm_poisson,56.900136,21.819276,product,18,1.645000,35.892709,93,0.383466,A,81,58.000000,1,24,Forecast,20260818T075922Z-deb02f
37501,TEA TIME TEA SET IN GIFT BOX,2011-11,2011-12,M2_gbm_poisson,2.744164,20.353874,product,18,1.645000,33.482123,37,7.417149,A,0,0.000000,4,24,Forecast,20260818T075922Z-deb02f
37502,TEA TIME MUG IN GIFT BOX,2011-11,2011-12,M2_gbm_poisson,,,,,,,,,B,0,,,,Inactive (no sales in last 6 months),20260818T075922Z-deb02f
37503,TEA TIME CAKE STAND IN GIFT BOX,2011-11,2011-12,M2_gbm_poisson,,,,,,,,,A,0,,,,Inactive (no sales in last 6 months),20260818T075922Z-deb02f
37506,NEW ENGLAND MILK JUG W GIFT BOX,2011-11,2011-12,M2_gbm_poisson,,,,,,,,,C,0,,,,Inactive (no sales in last 6 months),20260818T075922Z-deb02f
37508,NEW ENGLAND CERAMIC CAKE SERVER,2011-11,2011-12,M2_gbm_poisson,,,,,,,,,C,0,,,,Inactive (no sales in last 6 months),20260818T075922Z-deb02f
37509,NEW ENGLAND MUG W GIFT BOX,2011-11,2011-12,M2_gbm_poisson,,,,,,,,,C,0,,,,Inactive (no sales in last 6 months),20260818T075922Z-deb02f
40001,WHITE BAMBOO RIBS LAMPSHADE,2011-11,2011-12,M2_gbm_poisson,41.628419,78.045843,product,18,1.645000,128.385412,171,1.874821,B,15,95.666667,1,24,Forecast,20260818T075922Z-deb02f
40002,WHITE BAMBOO RIBS LAMPSHADE,2011-11,2011-12,M2_gbm_poisson,,,,,,,,,C,0,,,,Inactive (no sales in last 6 months),20260818T075922Z-deb02f
40003,WHITE BAMBOO RIBS LAMPSHADE,2011-11,2011-12,M2_gbm_poisson,2.074774,21.418603,product,18,1.645000,35.233602,38,10.323341,B,0,0.000000,6,24,Forecast,20260818T075922Z-deb02f
40005B,BLUE ORGANDY ROUND LAMPSHADE W BEA,2011-11,2011-12,M2_gbm_poisson,14.254123,4.554251,product,15,1.645000,7.491742,22,0.319504,C,9,3.666667,1,21,Forecast,20260818T075922Z-deb02f
40016,CHINESE DRAGON PAPER LANTERNS,2011-11,2011-12,M2_gbm_poisson,23.476413,386.072895,product,18,1.645000,635.089912,659,16.445139,A,0,312.666667,3,24,Forecast,20260818T075922Z-deb02f
40018E,TEA TIME PAPER LANTERNS,2011-11,2011-12,M2_gbm_poisson,,,,,,,,,C,0,,,,Inactive (no sales in last 6 months),20260818T075922Z-deb02f
40018F,CHERRY DESIGN PAPERLANTERNS,2011-11,2011-12,M2_gbm_poisson,,,,,,,,,B,0,,,,Inactive (no sales in last 6 months),20260818T075922Z-deb02f
40046A,RED DAISY PAPER LAMPSHADE,2011-11,2011-12,M2_gbm_poisson,8.742976,14.752908,product,18,1.645000,24.268533,34,1.687401,C,0,6.000000,2,24,Forecast,20260818T075922Z-deb02f
40046C,PINK BUTTERFLY PAPER LAMPSHADE,2011-11,2011-12,M2_gbm_poisson,,,,,,,,,C,0,,,,Inactive (no sales in last 6 months),20260818T075922Z-deb02f
44089A,PINK GAUZE BUTTERFLY LAMPSHADE,2011-11,2011-12,M2_gbm_poisson,13.000098,6.005716,product,18,1.645000,9.879403,23,0.461975,C,8,3.333333,1,22,Forecast,20260818T075922Z-deb02f
44089C,LILAC GAUZE BUTTERFLY LAMPSHADE,2011-11,2011-12,M2_gbm_poisson,4.042530,7.990473,product,18,1.645000,13.144328,18,1.976602,C,0,1.333333,3,22,Forecast,20260818T075922Z-deb02f
44091A,BLUE CRUSOE CHECK LAMPSHADE,2011-11,2011-12,M2_gbm_poisson,2.201200,3.545860,product,16,1.645000,5.832940,9,1.610876,C,0,0.000000,5,21,Forecast,20260818T075922Z-deb02f
44091C,MULTICOLOUR CRUSOE CHECK LAMPSHADE,2011-11,2011-12,M2_gbm_poisson,,,,,,,,,C,0,,,,Inactive (no sales in last 6 months),20260818T075922Z-deb02f
44092B,BLUE WHITE PLASTIC RINGS LAMPSHADE,2011-11,2011-12,M2_gbm_poisson,3.352612,2.969055,product,15,1.645000,4.884095,9,0.885594,C,0,1.000000,3,17,Forecast,20260818T075922Z-deb02f
44092C,PURPLE/COPPER HANGING LAMPSHADE,2011-11,2011-12,M2_gbm_poisson,6.354212,3.381514,product,16,1.645000,5.562591,12,0.532169,C,0,2.666667,2,24,Forecast,20260818T075922Z-deb02f
44217M,MULTICOLOUR FEATHERS CURTAIN,2011-11,2011-12,M2_gbm_poisson,,,,,,,,,C,0,,,,Inactive (no sales in last 6 months),20260818T075922Z-deb02f
44228,CANNABIS LEAF BEAD CURTAIN,2011-11,2011-12,M2_gbm_poisson,3.277143,14.385371,product,10,1.645000,23.663936,27,4.389607,C,0,0.000000,4,13,Forecast,20260818T075922Z-deb02f
44230,SQUARE MIRROR CURTAIN,2011-11,2011-12,M2_gbm_poisson,,,,,,,,,A,0,,,,Inactive (no sales in last 6 months),20260818T075922Z-deb02f
44234,ASSORTED CIRCULAR MOBILE,2011-11,2011-12,M2_gbm_poisson,43.620498,28.750505,product,18,1.645000,47.294581,91,0.659105,C,37,18.666667,1,24,Forecast,20260818T075922Z-deb02f
44235,ASS COL CIRCLE MOBILE,2011-11,2011-12,M2_gbm_poisson,17.546268,16.099257,product,18,1.645000,26.483278,45,0.917532,C,8,4.333333,1,23,Forecast,20260818T075922Z-deb02f
44236,PINK/PURPLE CIRCLE CURTAIN,2011-11,2011-12,M2_gbm_poisson,3.637277,1.749394,product,18,1.645000,2.877753,7,0.480962,C,0,0.000000,4,23,Forecast,20260818T075922Z-deb02f
44241C,BLUE BUTTERFLY ON SPRING,2011-11,2011-12,M2_gbm_poisson,,,,,,,,,C,0,,,,Inactive (no sales in last 6 months),20260818T075922Z-deb02f
44242A,LILAC FEATHERS CURTAIN,2011-11,2011-12,M2_gbm_poisson,2.074774,5.545295,product,8,1.645000,9.122010,12,2.672722,C,0,0.000000,5,21,Forecast,20260818T075922Z-deb02f
44242B,PINK FEATHERS CURTAIN,2011-11,2011-12,M2_gbm_poisson,11.647717,7.957781,product,18,1.645000,13.090550,25,0.683205,C,0,10.666667,3,24,Forecast,20260818T075922Z-deb02f
44265,M/COLOUR POM-POM CURTAIN,2011-11,2011-12,M2_gbm_poisson,,,,,,,,,C,0,,,,Inactive (no sales in last 6 months),20260818T075922Z-deb02f
45008C,DECORATIVE NET CANOPY CREAM,2011-11,2011-12,M2_gbm_poisson,,,,,,,,,C,0,,,,Inactive (no sales in last 6 months),20260818T075922Z-deb02f
45013,FOLDING SHOE TIDY,2011-11,2011-12,M2_gbm_poisson,3.187013,2.263708,product,16,1.645000,3.723799,7,0.710291,C,0,0.333333,2,19,Forecast,20260818T075922Z-deb02f
45014,FOLDING SHIRT TIDY,2011-11,2011-12,M2_gbm_poisson,,,,,,,,,C,0,,,,Inactive (no sales in last 6 months),20260818T075922Z-deb02f
45016,DECORATIVE NET CANOPY LEOPARD,2011-11,2011-12,M2_gbm_poisson,,,,,,,,,C,0,,,,Inactive (no sales in last 6 months),20260818T075922Z-deb02f
46000M,POLYESTER FILLER PAD 45x45cm,2011-11,2011-12,M2_gbm_poisson,97.616988,77.419667,product,18,1.645000,127.355352,225,0.793096,B,139,154.666667,1,24,Forecast,20260818T075922Z-deb02f
46000P,POLYESTER FILLER PAD 65CMx65CM,2011-11,2011-12,M2_gbm_poisson,10.531318,4.928385,product,18,1.645000,8.107193,19,0.467974,C,0,3.333333,3,24,Forecast,20260818T075922Z-deb02f
46000R,POLYESTER FILLER PAD 45x30cm,2011-11,2011-12,M2_gbm_poisson,32.976450,10.985992,product,18,1.645000,18.071957,52,0.333147,C,18,15.000000,1,23,Forecast,20260818T075922Z-deb02f
46000S,POLYESTER FILLER PAD 40x40cm,2011-11,2011-12,M2_gbm_poisson,116.996913,65.378435,product,18,1.645000,107.547525,225,0.558805,A,220,230.666667,1,24,Forecast,20260818T075922Z-deb02f
46000U,POLYESTER FILLER PAD 30CMx30CM,2011-11,2011-12,M2_gbm_poisson,14.958647,19.633998,product,18,1.645000,32.297926,48,1.312552,C,0,14.333333,2,24,Forecast,20260818T075922Z-deb02f
46037A,PINK CANVAS DES CUSHION COVER,2011-11,2011-12,M2_gbm_poisson,,,,,,,,,C,0,,,,Inactive (no sales in last 6 months),20260818T075922Z-deb02f
46115B,GREEN POP ART MAO CUSHION COVER,2011-11,2011-12,M2_gbm_poisson,,,,,,,,,C,0,,,,Inactive (no sales in last 6 months),20260818T075922Z-deb02f
46118,FUNKY MONKEY CUSHION COVER,2011-11,2011-12,M2_gbm_poisson,47.286661,27.673322,product,18,1.645000,45.522615,93,0.585225,C,35,39.666667,1,24,Forecast,20260818T075922Z-deb02f
46126A,ELVIS WALLHANGING / CURTAIN,2011-11,2011-12,M2_gbm_poisson,,,,,,,,,C,0,,,,Inactive (no sales in last 6 months),20260818T075922Z-deb02f
46137D,GREEN CHENILLE SHAGGY RUG,2011-11,2011-12,M2_gbm_poisson,,,,,,,,,C,0,,,,Inactive (no sales in last 6 months),20260818T075922Z-deb02f
46138B,BLUE CHENILLE SHAGGY CUSHION COVER,2011-11,2011-12,M2_gbm_poisson,6.871189,5.700226,product,18,1.645000,9.376872,17,0.829584,C,2,1.333333,1,24,Forecast,20260818T075922Z-deb02f
46138D,GREEN CHENILLE SHAGGY C/COVER,2011-11,2011-12,M2_gbm_poisson,,,,,,,,,C,0,,,,Inactive (no sales in last 6 months),20260818T075922Z-deb02f
46307,ROSES BLUE BASE CUSHION COVER,2011-11,2011-12,M2_gbm_poisson,,,,,,,,,C,0,,,,Inactive (no sales in last 6 months),20260818T075922Z-deb02f
46775A,BUBBLE GUM CHUNKY KNITTED THROW,2011-11,2011-12,M2_gbm_poisson,,,,,,,,,B,0,,,,Inactive (no sales in last 6 months),20260818T075922Z-deb02f
46775B,BERRIES CHUNKY KNITTED THROW,2011-11,2011-12,M2_gbm_poisson,,,,,,,,,C,0,,,,Inactive (no sales in last 6 months),20260818T075922Z-deb02f
46775D,SUNSET COLOUR CHUNKY KNITTED THROW,2011-11,2011-12,M2_gbm_poisson,9.937305,4.925345,product,18,1.645000,8.102193,19,0.495642,B,4,6.666667,1,24,Forecast,20260818T075922Z-deb02f
46775E,CANDY POP CHUNKY KNITTED THROW,2011-11,2011-12,M2_gbm_poisson,,,,,,,,,B,0,,,,Inactive (no sales in last 6 months),20260818T075922Z-deb02f
46776A,WOVEN BUBBLE GUM CUSHION COVER,2011-11,2011-12,M2_gbm_poisson,38.927702,5.743222,product,18,1.645000,9.447600,49,0.147536,C,37,31.333333,1,24,Forecast,20260818T075922Z-deb02f
46776B,WOVEN BERRIES CUSHION COVER,2011-11,2011-12,M2_gbm_poisson,38.927702,6.953394,product,18,1.645000,11.438333,51,0.178623,C,34,31.000000,1,24,Forecast,20260818T075922Z-deb02f
46776C,WOVEN FROST CUSHION COVER,2011-11,2011-12,M2_gbm_poisson,37.039052,6.273474,product,18,1.645000,10.319864,48,0.169375,C,27,20.666667,1,24,Forecast,20260818T075922Z-deb02f
46776D,WOVEN SUNSET CUSHION COVER,2011-11,2011-12,M2_gbm_poisson,27.783175,7.874459,product,18,1.645000,12.953485,41,0.283425,C,18,14.000000,1,24,Forecast,20260818T075922Z-deb02f
46776E,WOVEN CANDY CUSHION COVER,2011-11,2011-12,M2_gbm_poisson,20.237295,3.027840,product,18,1.645000,4.980797,26,0.149617,C,14,13.333333,1,23,Forecast,20260818T075922Z-deb02f
46776F,WOVEN ROSE GARDEN CUSHION COVER,2011-11,2011-12,M2_gbm_poisson,47.025710,11.537000,product,18,1.645000,18.978365,67,0.245334,B,38,43.000000,1,24,Forecast,20260818T075922Z-deb02f
47013A,WINE BOTTLE DRESSING LT.BLUE,2011-11,2011-12,M2_gbm_poisson,,,,,,,,,C,0,,,,Inactive (no sales in last 6 months),20260818T075922Z-deb02f
47013C,WINE BOTTLE DRESSING DARK BLUE,2011-11,2011-12,M2_gbm_poisson,2.048169,20.649060,product,18,1.645000,33.967703,37,10.081716,C,0,0.000000,6,24,Forecast,20260818T075922Z-deb02f
47016,LIGHT DECORATION BATTERY OPERATED,2011-11,2011-12,M2_gbm_poisson,8.616724,2.736880,product,10,1.645000,4.502167,14,0.317624,C,2,0.666667,1,24,Forecast,20260818T075922Z-deb02f
47021G,SET/6 BEAD COASTERS GAUZE BAG GOLD,2011-11,2011-12,M2_gbm_poisson,2.062682,28.577041,product,18,1.645000,47.009232,50,13.854313,C,0,0.000000,6,24,Forecast,20260818T075922Z-deb02f
47310M,SMALL POP BOX FUNKY MONKEY,2011-11,2011-12,M2_gbm_poisson,59.353706,20.236304,product,18,1.645000,33.288720,93,0.340944,C,61,46.666667,1,24,Forecast,20260818T075922Z-deb02f
47341A,FUSCHIA TABLE RUN FLOWER,2011-11,2011-12,M2_gbm_poisson,2.074774,2.887882,product,14,1.645000,4.750567,7,1.391902,C,0,0.000000,6,15,Forecast,20260818T075922Z-deb02f
47341B,BLUE TABLE RUN FLOWER,2011-11,2011-12,M2_gbm_poisson,14.091061,5.794742,product,14,1.645000,9.532351,24,0.411235,C,6,5.000000,1,24,Forecast,20260818T075922Z-deb02f
47343A,FUSCHIA FLOWER PURSE WITH BEADS,2011-11,2011-12,M2_gbm_poisson,3.637277,10.046839,product,18,1.645000,16.527050,21,2.762187,C,0,0.000000,4,24,Forecast,20260818T075922Z-deb02f
47344B,BLUE FLOWER DES PURSE,2011-11,2011-12,M2_gbm_poisson,2.074774,6.024619,product,16,1.645000,9.910499,12,2.903747,C,0,0.000000,6,24,Forecast,20260818T075922Z-deb02f
47347B,BLUE FLOWER T-LIGHT HOLDER,2011-11,2011-12,M2_gbm_poisson,,,,,,,,,C,0,,,,Inactive (no sales in last 6 months),20260818T075922Z-deb02f
47348A,FUSCHIA VOILE POINTY SHOE DEC,2011-11,2011-12,M2_gbm_poisson,5.796324,12.014323,product,16,1.645000,19.763562,26,2.072749,C,0,3.000000,3,20,Forecast,20260818T075922Z-deb02f
47351B,BLUE  VOILE LAMPSHADE,2011-11,2011-12,M2_gbm_poisson,8.998995,6.629520,product,18,1.645000,10.905560,20,0.736696,C,4,2.666667,1,24,Forecast,20260818T075922Z-deb02f
47367B,PAIR PADDED HANGERS PINK CHECK,2011-11,2011-12,M2_gbm_poisson,5.033658,18.588394,product,18,1.645000,30.577908,36,3.692820,C,0,2.000000,2,24,Forecast,20260818T075922Z-deb02f
47369A,PINK GREEN EMBROIDERY COSMETIC BAG,2011-11,2011-12,M2_gbm_poisson,5.936558,2.626129,product,18,1.645000,4.319983,11,0.442366,C,3,1.666667,1,21,Forecast,20260818T075922Z-deb02f
47369B,BLUE GREEN EMBROIDERY COSMETIC BAG,2011-11,2011-12,M2_gbm_poisson,10.004700,6.071692,product,18,1.645000,9.987933,20,0.606884,C,5,2.666667,1,24,Forecast,20260818T075922Z-deb02f
47420,ASSORTED COLOUR SUCTION CUP HOOK,2011-11,2011-12,M2_gbm_poisson,20.108063,37.899556,product,18,1.645000,62.344769,83,1.884794,C,4,15.000000,1,24,Forecast,20260818T075922Z-deb02f
47421,ASSORTED COLOUR LIZARD SUCTION HOOK,2011-11,2011-12,M2_gbm_poisson,67.901036,63.476259,product,18,1.645000,104.418446,173,0.934835,C,190,138.666667,1,22,Forecast,20260818T075922Z-deb02f
47422,ASSORTED MONKEY SUCTION CUP HOOK,2011-11,2011-12,M2_gbm_poisson,56.431138,94.689807,product,18,1.645000,155.764733,213,1.677971,C,48,72.666667,1,22,Forecast,20260818T075922Z-deb02f
47469,ASSORTED SHAPES PHOTO CLIP SILVER,2011-11,2011-12,M2_gbm_poisson,51.657102,37.650849,product,18,1.645000,61.935647,114,0.728861,C,142,47.666667,1,23,Forecast,20260818T075922Z-deb02f
47471,RAINBOW PEGS PHOTO CLIP STRING,2011-11,2011-12,M2_gbm_poisson,35.121234,15.415556,product,18,1.645000,25.358589,61,0.438924,C,33,14.666667,1,24,Forecast,20260818T075922Z-deb02f
47480,HANGING PHOTO CLIP ROPE LADDER,2011-11,2011-12,M2_gbm_poisson,42.844407,44.311282,product,18,1.645000,72.892058,116,1.034237,B,37,29.333333,1,24,Forecast,20260818T075922Z-deb02f
47481,50CM METAL STRING WITH  7 CLIPS,2011-11,2011-12,M2_gbm_poisson,16.073624,11.181176,product,18,1.645000,18.393035,35,0.695623,C,8,4.666667,1,24,Forecast,20260818T075922Z-deb02f
47502,POLKADOT CUTLERY 24 PCS IN TRAY,2011-11,2011-12,M2_gbm_poisson,,,,,,,,,A,0,,,,Inactive (no sales in last 6 months),20260818T075922Z-deb02f
47503A,ASS FLORAL PRINT MULTI SCREWDRIVER,2011-11,2011-12,M2_gbm_poisson,208.272425,82.102681,product,18,1.645000,135.058911,344,0.394208,C,391,426.000000,1,24,Forecast,20260818T075922Z-deb02f
47503E,ASS FLORAL PRINT SCISSORS,2011-11,2011-12,M2_gbm_poisson,,,,,,,,,B,0,,,,Inactive (no sales in last 6 months),20260818T075922Z-deb02f
47503F,ASS FLORAL PRINT TORCH,2011-11,2011-12,M2_gbm_poisson,,,,,,,,,C,0,,,,Inactive (no sales in last 6 months),20260818T075922Z-deb02f
47503G,ASS FLORAL PRINT TAPE MEASURE,2011-11,2011-12,M2_gbm_poisson,,,,,,,,,C,0,,,,Inactive (no sales in last 6 months),20260818T075922Z-deb02f
47503H,ASS FLORAL PRINT SPIRIT LEVEL,2011-11,2011-12,M2_gbm_poisson,44.192196,4.197908,product,18,1.645000,6.905558,52,0.094992,C,23,25.000000,1,24,Forecast,20260818T075922Z-deb02f
47503J,SET/3 FLORAL GARDEN TOOLS IN BAG,2011-11,2011-12,M2_gbm_poisson,,,,,,,,,B,0,,,,Inactive (no sales in last 6 months),20260818T075922Z-deb02f
47503K,ASSORTED FLORAL SECATEURS,2011-11,2011-12,M2_gbm_poisson,,,,,,,,,B,0,,,,Inactive (no sales in last 6 months),20260818T075922Z-deb02f
47504E,ENGLISH ROSE SCISSORS,2011-11,2011-12,M2_gbm_poisson,,,,,,,,,B,0,,,,Inactive (no sales in last 6 months),20260818T075922Z-deb02f
47504F,ENGLISH ROSE TORCH,2011-11,2011-12,M2_gbm_poisson,,,,,,,,,C,0,,,,Inactive (no sales in last 6 months),20260818T075922Z-deb02f
47504G,ENGLISH ROSE TAPE MEASURE,2011-11,2011-12,M2_gbm_poisson,,,,,,,,,C,0,,,,Inactive (no sales in last 6 months),20260818T075922Z-deb02f
47504H,ENGLISH ROSE SPIRIT LEVEL,2011-11,2011-12,M2_gbm_poisson,71.975463,43.535141,product,18,1.645000,71.615306,144,0.604861,C,126,92.000000,1,24,Forecast,20260818T075922Z-deb02f
47504J,ENGLISH ROSE SET/3 GARDEN TOOLS,2011-11,2011-12,M2_gbm_poisson,,,,,,,,,C,0,,,,Inactive (no sales in last 6 months),20260818T075922Z-deb02f
47504K,ENGLISH ROSE GARDEN SECATEURS,2011-11,2011-12,M2_gbm_poisson,176.772239,115.957185,product,18,1.645000,190.749570,368,0.655969,B,24,222.666667,1,24,Forecast,20260818T075922Z-deb02f
47505,MINATURE COLOURED GARDENING SET,2011-11,2011-12,M2_gbm_poisson,,,,,,,,,A,0,,,,Inactive (no sales in last 6 months),20260818T075922Z-deb02f
47518F,ICON PLACEMAT POP ART ELVIS,2011-11,2011-12,M2_gbm_poisson,88.315467,26.207253,product,18,1.645000,43.110931,132,0.296746,C,77,82.666667,1,24,Forecast,20260818T075922Z-deb02f
47552A,DOTS IRONING BOARD COVER,2011-11,2011-12,M2_gbm_poisson,,,,,,,,,C,0,,,,Inactive (no sales in last 6 months),20260818T075922Z-deb02f
47554,S/3 COLOURS FLOCK TEA TOWELS,2011-11,2011-12,M2_gbm_poisson,,,,,,,,,C,0,,,,Inactive (no sales in last 6 months),20260818T075922Z-deb02f
47556,SET/2 SPOTTY + ROSE TEA TOWELS,2011-11,2011-12,M2_gbm_poisson,,,,,,,,,C,0,,,,Inactive (no sales in last 6 months),20260818T075922Z-deb02f
47556B,TEA TIME TEA TOWELS,2011-11,2011-12,M2_gbm_poisson,,,,,,,,,A,0,,,,Inactive (no sales in last 6 months),20260818T075922Z-deb02f
47559B,TEA TIME OVEN GLOVE,2011-11,2011-12,M2_gbm_poisson,172.484340,66.080965,product,18,1.645000,108.703187,282,0.383113,A,331,195.666667,1,24,Forecast,20260818T075922Z-deb02f
47562,ENGLISH ROSE IRONING BOARD COVER,2011-11,2011-12,M2_gbm_poisson,,,,,,,,,C,0,,,,Inactive (no sales in last 6 months),20260818T075922Z-deb02f
47563A,RETRO LONGBOARD IRONING BOARD COVER,2011-11,2011-12,M2_gbm_poisson,47.744055,11.696306,product,18,1.645000,19.240423,67,0.244979,C,29,32.333333,1,24,Forecast,20260818T075922Z-deb02f
47563B,WAVELINE SURF IRONING BOARD COVER,2011-11,2011-12,M2_gbm_poisson,,,,,,,,,C,0,,,,Inactive (no sales in last 6 months),20260818T075922Z-deb02f
47566,PARTY BUNTING,2011-11,2011-12,M2_gbm_poisson,698.635317,898.165381,product,18,1.645000,1477.482052,2177,1.285600,A,916,889.666667,1,24,Forecast,20260818T075922Z-deb02f
47566B,TEA TIME PARTY BUNTING,2011-11,2011-12,M2_gbm_poisson,42.257877,136.107869,product,18,1.645000,223.897445,267,3.220888,A,21,42.000000,1,24,Forecast,20260818T075922Z-deb02f
47567B,TEA TIME KITCHEN APRON,2011-11,2011-12,M2_gbm_poisson,51.631557,51.545925,product,18,1.645000,84.793046,137,0.998341,A,52,62.000000,1,24,Forecast,20260818T075922Z-deb02f
47568,ENGLISH ROSE DESIGN PEG BAG,2011-11,2011-12,M2_gbm_poisson,,,,,,,,,A,0,,,,Inactive (no sales in last 6 months),20260818T075922Z-deb02f
47569,ENGLISH ROSE DESIGN SHOPPING BAG,2011-11,2011-12,M2_gbm_poisson,,,,,,,,,C,0,,,,Inactive (no sales in last 6 months),20260818T075922Z-deb02f
47570,ENGLISH ROSE TABLE CLOTH,2011-11,2011-12,M2_gbm_poisson,,,,,,,,,B,0,,,,Inactive (no sales in last 6 months),20260818T075922Z-deb02f
47570B,TEA TIME TABLE CLOTH,2011-11,2011-12,M2_gbm_poisson,,,,,,,,,A,0,,,,Inactive (no sales in last 6 months),20260818T075922Z-deb02f
47574A,ENGLISH ROSE SCENTED HANGING FLOWER,2011-11,2011-12,M2_gbm_poisson,18.271634,8.407083,product,18,1.645000,13.829652,33,0.460117,C,0,28.000000,2,24,Forecast,20260818T075922Z-deb02f
47574B,ENGLISH ROSE SCENTED HANGING HEART,2011-11,2011-12,M2_gbm_poisson,,,,,,,,,C,0,,,,Inactive (no sales in last 6 months),20260818T075922Z-deb02f
47578A,ENGLISH ROSE SMALL SCENTED FLOWER,2011-11,2011-12,M2_gbm_poisson,47.652591,13.481134,product,18,1.645000,22.176465,70,0.282905,C,56,40.000000,1,24,Forecast,20260818T075922Z-deb02f
47579,TEA TIME BREAKFAST BASKET,2011-11,2011-12,M2_gbm_poisson,,,,,,,,,C,0,,,,Inactive (no sales in last 6 months),20260818T075922Z-deb02f
47580,TEA TIME DES TEA COSY,2011-11,2011-12,M2_gbm_poisson,24.172920,33.794607,product,18,1.645000,55.592128,80,1.398036,A,11,19.000000,1,24,Forecast,20260818T075922Z-deb02f
47581B,FAIRY CAKE WICKER PICNIC BASKET,2011-11,2011-12,M2_gbm_poisson,,,,,,,,,C,0,,,,Inactive (no sales in last 6 months),20260818T075922Z-deb02f
47583A,SET OF 3 WICKER BASKET ROSE,2011-11,2011-12,M2_gbm_poisson,,,,,,,,,C,0,,,,Inactive (no sales in last 6 months),20260818T075922Z-deb02f
47583B,SET OF 3 WICKER BASKET TEA AND CAKE,2011-11,2011-12,M2_gbm_poisson,,,,,,,,,C,0,,,,Inactive (no sales in last 6 months),20260818T075922Z-deb02f
47585A,PINK FAIRY CAKE CUSHION COVER,2011-11,2011-12,M2_gbm_poisson,16.159747,27.830848,product,18,1.645000,45.781745,62,1.722233,B,9,8.666667,1,24,Forecast,20260818T075922Z-deb02f
47586A,PINK FAIRY CAKE CUSHION COVER,2011-11,2011-12,M2_gbm_poisson,10.885825,4.702733,product,18,1.645000,7.735996,19,0.432005,C,6,2.666667,1,24,Forecast,20260818T075922Z-deb02f
47587A,PINK FAIRY CAKE COASTER,2011-11,2011-12,M2_gbm_poisson,,,,,,,,,B,0,,,,Inactive (no sales in last 6 months),20260818T075922Z-deb02f
47589,CONGRATULATIONS BUNTING,2011-11,2011-12,M2_gbm_poisson,,,,,,,,,B,0,,,,Inactive (no sales in last 6 months),20260818T075922Z-deb02f
47590A,BLUE HAPPY BIRTHDAY BUNTING,2011-11,2011-12,M2_gbm_poisson,96.200356,82.631080,product,18,1.645000,135.928127,233,0.858948,A,125,157.000000,1,24,Forecast,20260818T075922Z-deb02f
47590B,PINK HAPPY BIRTHDAY BUNTING,2011-11,2011-12,M2_gbm_poisson,117.597466,131.504544,product,18,1.645000,216.324975,334,1.118260,A,126,168.666667,1,24,Forecast,20260818T075922Z-deb02f
47591A,CAROUSEL DES CHILD'S APRON,2011-11,2011-12,M2_gbm_poisson,,,,,,,,,C,0,,,,Inactive (no sales in last 6 months),20260818T075922Z-deb02f
47591B,SCOTTIES CHILDRENS APRON,2011-11,2011-12,M2_gbm_poisson,,,,,,,,,B,0,,,,Inactive (no sales in last 6 months),20260818T075922Z-deb02f
47591C,BLUE FAIRY CAKE CHILD'S APRON,2011-11,2011-12,M2_gbm_poisson,,,,,,,,,B,0,,,,Inactive (no sales in last 6 months),20260818T075922Z-deb02f
47591D,PINK FAIRY CAKE CHILDRENS APRON,2011-11,2011-12,M2_gbm_poisson,305.781473,128.370254,product,18,1.645000,211.169068,517,0.419810,A,703,411.333333,1,24,Forecast,20260818T075922Z-deb02f
47592A,CAROUSEL DES CHILD'S OVERALL,2011-11,2011-12,M2_gbm_poisson,,,,,,,,,C,0,,,,Inactive (no sales in last 6 months),20260818T075922Z-deb02f
47592B,SCOTTIES DESIGN CHILD'S OVERALL,2011-11,2011-12,M2_gbm_poisson,,,,,,,,,C,0,,,,Inactive (no sales in last 6 months),20260818T075922Z-deb02f
47593A,CAROUSEL DESIGN BABY BIB,2011-11,2011-12,M2_gbm_poisson,,,,,,,,,C,0,,,,Inactive (no sales in last 6 months),20260818T075922Z-deb02f
47593B,SCOTTIE DOGS BABY BIB,2011-11,2011-12,M2_gbm_poisson,154.577601,35.543333,product,18,1.645000,58.468784,214,0.229938,C,225,120.666667,1,24,Forecast,20260818T075922Z-deb02f
47594A,CAROUSEL DESIGN WASHBAG,2011-11,2011-12,M2_gbm_poisson,12.481497,18.072227,product,18,1.645000,29.728813,43,1.447921,C,6,7.333333,1,24,Forecast,20260818T075922Z-deb02f
47594B,SCOTTIES DESIGN WASHBAG,2011-11,2011-12,M2_gbm_poisson,10.566395,16.927437,product,18,1.645000,27.845634,39,1.602007,C,1,4.666667,1,24,Forecast,20260818T075922Z-deb02f
47597,NEW ENGLAND TEATOWELS,2011-11,2011-12,M2_gbm_poisson,,,,,,,,,C,0,,,,Inactive (no sales in last 6 months),20260818T075922Z-deb02f
47598,NEW ENGLAND EGG WARMER,2011-11,2011-12,M2_gbm_poisson,,,,,,,,,C,0,,,,Inactive (no sales in last 6 months),20260818T075922Z-deb02f
47599A,PINK PARTY BAGS,2011-11,2011-12,M2_gbm_poisson,59.258107,177.844690,product,18,1.645000,292.554515,352,3.001188,A,26,99.000000,1,24,Forecast,20260818T075922Z-deb02f
47599B,BLUE PARTY BAGS,2011-11,2011-12,M2_gbm_poisson,68.264819,70.665905,product,18,1.645000,116.245414,185,1.035173,A,186,99.666667,1,23,Forecast,20260818T075922Z-deb02f
48103,DOOR MAT KISS MY.......,2011-11,2011-12,M2_gbm_poisson,,,,,,,,,C,0,,,,Inactive (no sales in last 6 months),20260818T075922Z-deb02f
48111,DOORMAT 3 SMILEY CATS,2011-11,2011-12,M2_gbm_poisson,142.790121,64.564858,product,18,1.645000,106.209191,249,0.452166,A,66,214.333333,1,24,Forecast,20260818T075922Z-deb02f
48116,DOORMAT MULTICOLOUR STRIPE,2011-11,2011-12,M2_gbm_poisson,44.791253,102.475533,product,18,1.645000,168.572252,214,2.287847,A,22,166.333333,1,24,Forecast,20260818T075922Z-deb02f
48129,DOORMAT TOPIARY,2011-11,2011-12,M2_gbm_poisson,51.082032,62.804270,product,18,1.645000,103.313025,155,1.229479,A,44,145.666667,1,24,Forecast,20260818T075922Z-deb02f
48138,DOORMAT UNION FLAG,2011-11,2011-12,M2_gbm_poisson,184.010953,193.720667,product,18,1.645000,318.670498,503,1.052767,A,203,385.333333,1,24,Forecast,20260818T075922Z-deb02f
48173A,DOOR MAT BLUE FLOCK,2011-11,2011-12,M2_gbm_poisson,,,,,,,,,C,0,,,,Inactive (no sales in last 6 months),20260818T075922Z-deb02f
48173C,DOORMAT BLACK FLOCK,2011-11,2011-12,M2_gbm_poisson,93.421593,120.485342,product,18,1.645000,198.198388,292,1.289695,A,111,107.333333,1,24,Forecast,20260818T075922Z-deb02f
48175,DOOR MAT CAMOUFLAGE,2011-11,2011-12,M2_gbm_poisson,,,,,,,,,C,0,,,,Inactive (no sales in last 6 months),20260818T075922Z-deb02f
48179,DOOR MAT SWEET HOME,2011-11,2011-12,M2_gbm_poisson,,,,,,,,,C,0,,,,Inactive (no sales in last 6 months),20260818T075922Z-deb02f
48184,DOORMAT ENGLISH ROSE,2011-11,2011-12,M2_gbm_poisson,124.003252,100.172166,product,18,1.645000,164.783212,289,0.807819,A,149,267.000000,1,24,Forecast,20260818T075922Z-deb02f
48185,DOORMAT FAIRY CAKE,2011-11,2011-12,M2_gbm_poisson,102.633462,253.812966,product,18,1.645000,417.522329,521,2.473004,A,139,280.333333,1,24,Forecast,20260818T075922Z-deb02f
48187,DOORMAT NEW ENGLAND,2011-11,2011-12,M2_gbm_poisson,213.534343,192.959945,product,18,1.645000,317.419110,531,0.903648,A,243,380.333333,1,24,Forecast,20260818T075922Z-deb02f
48188,DOORMAT WELCOME PUPPIES,2011-11,2011-12,M2_gbm_poisson,70.869156,227.304078,product,18,1.645000,373.915208,445,3.207377,A,40,113.666667,1,24,Forecast,20260818T075922Z-deb02f
48189,DOOR MAT FRIENDSHIP,2011-11,2011-12,M2_gbm_poisson,,,,,,,,,A,0,,,,Inactive (no sales in last 6 months),20260818T075922Z-deb02f
48194,DOORMAT HEARTS,2011-11,2011-12,M2_gbm_poisson,190.747239,233.829964,product,18,1.645000,384.650291,576,1.225863,A,206,335.333333,1,24,Forecast,20260818T075922Z-deb02f
48195,DOOR MAT GREEN PAISLEY,2011-11,2011-12,M2_gbm_poisson,,,,,,,,,B,0,,,,Inactive (no sales in last 6 months),20260818T075922Z-deb02f
48197,DOOR MAT BIRD ON THE WIRE,2011-11,2011-12,M2_gbm_poisson,,,,,,,,,A,0,,,,Inactive (no sales in last 6 months),20260818T075922Z-deb02f
51008,AFGHAN SLIPPER SOCK PAIR,2011-11,2011-12,M2_gbm_poisson,17.363631,51.469645,product,18,1.645000,84.667566,103,2.964221,A,6,10.666667,1,24,Forecast,20260818T075922Z-deb02f
51012C,"FEATHER DUSTER, COAL BLACK",2011-11,2011-12,M2_gbm_poisson,,,,,,,,,C,0,,,,Inactive (no sales in last 6 months),20260818T075922Z-deb02f
51012L,"FEATHER DUSTER, LIGHT PINK",2011-11,2011-12,M2_gbm_poisson,,,,,,,,,C,0,,,,Inactive (no sales in last 6 months),20260818T075922Z-deb02f
51014A,"FEATHER PEN,HOT PINK",2011-11,2011-12,M2_gbm_poisson,364.461129,169.441536,product,18,1.645000,278.731326,644,0.464910,B,963,745.000000,1,24,Forecast,20260818T075922Z-deb02f
51014C,"FEATHER PEN,COAL BLACK",2011-11,2011-12,M2_gbm_poisson,324.054486,79.082329,product,18,1.645000,130.090431,455,0.244040,B,826,511.000000,1,24,Forecast,20260818T075922Z-deb02f
51014L,"FEATHER PEN,LIGHT PINK",2011-11,2011-12,M2_gbm_poisson,139.422367,85.752694,product,18,1.645000,141.063182,281,0.615057,B,430,328.000000,1,24,Forecast,20260818T075922Z-deb02f
51020A,SUMMER FUN DESIGN SHOWER CAP,2011-11,2011-12,M2_gbm_poisson,,,,,,,,,C,0,,,,Inactive (no sales in last 6 months),20260818T075922Z-deb02f
51020B,STRIPY DESIGN SHOWER CAP,2011-11,2011-12,M2_gbm_poisson,,,,,,,,,C,0,,,,Inactive (no sales in last 6 months),20260818T075922Z-deb02f
62018,SOMBRERO,2011-11,2011-12,M2_gbm_poisson,69.358449,548.287274,product,18,1.645000,901.932566,972,7.905126,A,28,147.000000,1,24,Forecast,20260818T075922Z-deb02f
62043B,BLUE CHECK BAG W HANDLE 34X20CM,2011-11,2011-12,M2_gbm_poisson,,,,,,,,,C,0,,,,Inactive (no sales in last 6 months),20260818T075922Z-deb02f
62074B,ELEPHANT CLIP W SUCTION CUP,2011-11,2011-12,M2_gbm_poisson,2.201200,6.190077,product,18,1.645000,10.182677,13,2.812138,C,0,0.000000,5,24,Forecast,20260818T075922Z-deb02f
62086A,PINK RETRO BIG FLOWER BAG,2011-11,2011-12,M2_gbm_poisson,2.059384,5.345663,product,18,1.645000,8.793615,11,2.595759,C,0,0.000000,6,21,Forecast,20260818T075922Z-deb02f
62094B,TURQ ICE CREAM BUM BAG,2011-11,2011-12,M2_gbm_poisson,,,,,,,,,C,0,,,,Inactive (no sales in last 6 months),20260818T075922Z-deb02f
62095B,TURQOISE ICE CREAM SUNHAT,2011-11,2011-12,M2_gbm_poisson,,,,,,,,,C,0,,,,Inactive (no sales in last 6 months),20260818T075922Z-deb02f
62096A,PINK/YELLOW FLOWERS HANDBAG,2011-11,2011-12,M2_gbm_poisson,,,,,,,,,C,0,,,,Inactive (no sales in last 6 months),20260818T075922Z-deb02f
62096B,PURPLE/TURQ FLOWERS HANDBAG,2011-11,2011-12,M2_gbm_poisson,,,,,,,,,C,0,,,,Inactive (no sales in last 6 months),20260818T075922Z-deb02f
62097A,PINK STRIPES SHOULDER BAG,2011-11,2011-12,M2_gbm_poisson,,,,,,,,,C,0,,,,Inactive (no sales in last 6 months),20260818T075922Z-deb02f
62097B,BLUE STRIPES SHOULDER BAG,2011-11,2011-12,M2_gbm_poisson,,,,,,,,,C,0,,,,Inactive (no sales in last 6 months),20260818T075922Z-deb02f
70006,LOVE HEART POCKET WARMER,2011-11,2011-12,M2_gbm_poisson,58.036606,24.571649,product,18,1.645000,40.420362,99,0.423382,A,68,57.666667,1,24,Forecast,20260818T075922Z-deb02f
70007,HI TEC ALPINE HAND WARMER,2011-11,2011-12,M2_gbm_poisson,68.542854,23.270890,product,18,1.645000,38.280613,107,0.339509,B,118,91.666667,1,24,Forecast,20260818T075922Z-deb02f
71028B,SILVER BLUE EGG T-LIGHT HOLDER,2011-11,2011-12,M2_gbm_poisson,,,,,,,,,C,0,,,,Inactive (no sales in last 6 months),20260818T075922Z-deb02f
71038,WHITE HANGING BEADS CANDLE HOLDER,2011-11,2011-12,M2_gbm_poisson,27.991009,24.149108,product,18,1.645000,39.725282,68,0.862745,B,22,25.000000,1,24,Forecast,20260818T075922Z-deb02f
71050,SMALL SINGLE FLAME CANDLE HOLDER,2011-11,2011-12,M2_gbm_poisson,24.296336,10.699776,product,15,1.645000,17.601131,42,0.440386,C,18,7.000000,1,18,Forecast,20260818T075922Z-deb02f
71053,WHITE METAL LANTERN,2011-11,2011-12,M2_gbm_poisson,101.692495,87.671698,product,18,1.645000,144.219943,246,0.862126,A,144,142.666667,1,24,Forecast,20260818T075922Z-deb02f
71101A,ANGEL ON KNEES METAL POLE 100CM H,2011-11,2011-12,M2_gbm_poisson,,,,,,,,,C,0,,,,Inactive (no sales in last 6 months),20260818T075922Z-deb02f
71101E,STANDING FAIRY POLE SUPPORT,2011-11,2011-12,M2_gbm_poisson,36.029042,35.146664,product,18,1.645000,57.816262,94,0.975509,C,30,26.666667,1,24,Forecast,20260818T075922Z-deb02f
71143,SILVER BOOK MARK WITH BEADS,2011-11,2011-12,M2_gbm_poisson,2.054573,10.651666,product,18,1.645000,17.521990,20,5.184368,C,0,0.000000,5,24,Forecast,20260818T075922Z-deb02f
71215,METAL BASE FOR CANDLES,2011-11,2011-12,M2_gbm_poisson,,,,,,,,,C,0,,,,Inactive (no sales in last 6 months),20260818T075922Z-deb02f
71270,PHOTO CLIP LINE,2011-11,2011-12,M2_gbm_poisson,36.462636,25.826818,product,18,1.645000,42.485115,79,0.708309,C,19,22.666667,1,24,Forecast,20260818T075922Z-deb02f
71279,PINK GLASS CANDLEHOLDER,2011-11,2011-12,M2_gbm_poisson,26.933492,13.445625,product,18,1.645000,22.118054,50,0.499216,C,18,15.666667,1,24,Forecast,20260818T075922Z-deb02f
71403,"PINK/WHITE ""KEEP CLEAN"" BULLET BIN",2011-11,2011-12,M2_gbm_poisson,25.411296,8.115752,product,18,1.645000,13.350413,39,0.319376,C,17,12.666667,1,24,Forecast,20260818T075922Z-deb02f
71406C,BLACK ORANGE SQUEEZER,2011-11,2011-12,M2_gbm_poisson,37.380433,18.962899,product,18,1.645000,31.193968,69,0.507295,C,26,20.333333,1,24,Forecast,20260818T075922Z-deb02f
71434B,"BLACK RND BULLET""KEEP CLEAN"" BIN",2011-11,2011-12,M2_gbm_poisson,,,,,,,,,C,0,,,,Inactive (no sales in last 6 months),20260818T075922Z-deb02f
71459,HANGING JAM JAR T-LIGHT HOLDER,2011-11,2011-12,M2_gbm_poisson,482.334837,609.706129,product,18,1.645000,1002.966582,1486,1.264072,A,892,921.666667,1,24,Forecast,20260818T075922Z-deb02f
71477,COLOUR GLASS. STAR T-LIGHT HOLDER,2011-11,2011-12,M2_gbm_poisson,475.580021,389.142544,product,18,1.645000,640.139485,1116,0.818248,A,1042,840.666667,1,24,Forecast,20260818T075922Z-deb02f
71495A,CD WALL TIDY BLUE OFFICE,2011-11,2011-12,M2_gbm_poisson,39.522290,11.884670,product,18,1.645000,19.550282,60,0.300708,C,48,16.333333,1,22,Forecast,20260818T075922Z-deb02f
71495B,CD WALL TIDY RED FLOWERS,2011-11,2011-12,M2_gbm_poisson,51.630528,10.057439,product,18,1.645000,16.544488,69,0.194796,C,48,32.333333,1,23,Forecast,20260818T075922Z-deb02f
71496A,A4 WALL TIDY BLUE OFFICE,2011-11,2011-12,M2_gbm_poisson,7.397645,14.062683,product,18,1.645000,23.133114,31,1.900967,C,1,2.000000,1,21,Forecast,20260818T075922Z-deb02f
71496B,A4 WALL TIDY RED FLOWERS,2011-11,2011-12,M2_gbm_poisson,8.138894,12.275335,product,15,1.645000,20.192926,29,1.508231,C,1,3.000000,1,20,Forecast,20260818T075922Z-deb02f
71510,SQUARE METAL CANDLEHOLDER BASE,2011-11,2011-12,M2_gbm_poisson,16.005216,10.030827,product,18,1.645000,16.500710,33,0.626722,C,7,4.333333,1,24,Forecast,20260818T075922Z-deb02f
72008,FROSTED BOX 9 WHITE T-LIGHT CANDLES,2011-11,2011-12,M2_gbm_poisson,,,,,,,,,B,0,,,,Inactive (no sales in last 6 months),20260818T075922Z-deb02f
72023F,RED ORGANIC CANDLE IN GLASS,2011-11,2011-12,M2_gbm_poisson,,,,,,,,,C,0,,,,Inactive (no sales in last 6 months),20260818T075922Z-deb02f
72024U,LILAC VOTIVE CANDLE,2011-11,2011-12,M2_gbm_poisson,2.048169,10.763379,product,18,1.645000,17.705759,20,5.255122,C,0,0.000000,6,24,Forecast,20260818T075922Z-deb02f
72038P,PRICE'S CANDLE PEACH,2011-11,2011-12,M2_gbm_poisson,,,,,,,,,C,0,,,,Inactive (no sales in last 6 months),20260818T075922Z-deb02f
72045D,ROSES ON BLUE TEACUP CANDLE,2011-11,2011-12,M2_gbm_poisson,,,,,,,,,B,0,,,,Inactive (no sales in last 6 months),20260818T075922Z-deb02f
72051S,BAG OF SILVER STONES,2011-11,2011-12,M2_gbm_poisson,,,,,,,,,C,0,,,,Inactive (no sales in last 6 months),20260818T075922Z-deb02f
72083A,STRAWBERY SWIRL FLARE CANDLE,2011-11,2011-12,M2_gbm_poisson,,,,,,,,,C,0,,,,Inactive (no sales in last 6 months),20260818T075922Z-deb02f
72084B,CHOCOLATE ICE CREAM CANDLE,2011-11,2011-12,M2_gbm_poisson,,,,,,,,,C,0,,,,Inactive (no sales in last 6 months),20260818T075922Z-deb02f
72122,COFFEE SCENT PILLAR CANDLE,2011-11,2011-12,M2_gbm_poisson,48.220601,18.564228,product,18,1.645000,30.538154,79,0.384985,C,61,28.333333,1,24,Forecast,20260818T075922Z-deb02f
72127,COLUMBIAN CANDLE ROUND,2011-11,2011-12,M2_gbm_poisson,34.426780,23.774381,product,18,1.645000,39.108856,74,0.690578,C,26,16.000000,1,24,Forecast,20260818T075922Z-deb02f
72128,COLUMBIAN CANDLE ROUND,2011-11,2011-12,M2_gbm_poisson,37.729931,38.016607,product,18,1.645000,62.537318,101,1.007598,C,19,20.333333,1,24,Forecast,20260818T075922Z-deb02f
72129,COLUMBIAN CANDLE ROUND,2011-11,2011-12,M2_gbm_poisson,,,,,,,,,C,0,,,,Inactive (no sales in last 6 months),20260818T075922Z-deb02f
72130,COLUMBIAN CANDLE ROUND,2011-11,2011-12,M2_gbm_poisson,33.487753,38.882445,product,18,1.645000,63.961622,98,1.161094,C,30,13.000000,1,24,Forecast,20260818T075922Z-deb02f
72131,COLUMBIAN CANDLE RECTANGLE,2011-11,2011-12,M2_gbm_poisson,27.295671,5.601856,product,18,1.645000,9.215053,37,0.205229,C,7,36.666667,1,24,Forecast,20260818T075922Z-deb02f
72132,COLUMBIAN CUBE CANDLE,2011-11,2011-12,M2_gbm_poisson,12.523692,6.736267,product,18,1.645000,11.081160,24,0.537882,C,8,3.000000,1,24,Forecast,20260818T075922Z-deb02f
72133,COLUMBIAN CANDLE RECTANGLE,2011-11,2011-12,M2_gbm_poisson,14.091061,9.220734,product,18,1.645000,15.168108,30,0.654368,C,6,5.666667,1,24,Forecast,20260818T075922Z-deb02f
72134,COLUMBIAN  CUBE CANDLE,2011-11,2011-12,M2_gbm_poisson,13.678478,23.417148,product,18,1.645000,38.521209,53,1.711970,C,0,13.333333,2,24,Forecast,20260818T075922Z-deb02f
72140E,BEST DAD CANDLE LETTERS,2011-11,2011-12,M2_gbm_poisson,6.641157,7.833391,product,18,1.645000,12.885929,20,1.179522,C,0,2.333333,2,24,Forecast,20260818T075922Z-deb02f
72140F,HAPPY ANNIVERSARY CANDLE LETTERS,2011-11,2011-12,M2_gbm_poisson,,,,,,,,,C,0,,,,Inactive (no sales in last 6 months),20260818T075922Z-deb02f
72225C,LAVENDER SCENT CAKE CANDLE,2011-11,2011-12,M2_gbm_poisson,66.135687,62.533770,product,18,1.645000,102.868052,170,0.945537,C,96,104.000000,1,24,Forecast,20260818T075922Z-deb02f
72225D,VANILLA SCENT CAKE CANDLE,2011-11,2011-12,M2_gbm_poisson,,,,,,,,,C,0,,,,Inactive (no sales in last 6 months),20260818T075922Z-deb02f
72232,FENG SHUI PILLAR CANDLE,2011-11,2011-12,M2_gbm_poisson,116.120609,183.413854,product,18,1.645000,301.715791,418,1.579512,B,328,292.000000,1,24,Forecast,20260818T075922Z-deb02f
72267,PREMIUM CHURCH CANDLE,2011-11,2011-12,M2_gbm_poisson,,,,,,,,,C,0,,,,Inactive (no sales in last 6 months),20260818T075922Z-deb02f
72349B,SET/6 PURPLE BUTTERFLY T-LIGHTS,2011-11,2011-12,M2_gbm_poisson,74.395748,50.629307,product,18,1.645000,83.285211,158,0.680540,A,117,79.666667,1,24,Forecast,20260818T075922Z-deb02f
72351A,SET/6 TURQUOISE BUTTERFLY T-LIGHTS,2011-11,2011-12,M2_gbm_poisson,51.561271,55.805361,product,18,1.645000,91.799818,144,1.082312,A,40,56.666667,1,24,Forecast,20260818T075922Z-deb02f
72351B,SET/6 PINK  BUTTERFLY T-LIGHTS,2011-11,2011-12,M2_gbm_poisson,84.109382,75.706819,product,18,1.645000,124.537718,209,0.900100,A,74,124.333333,1,24,Forecast,20260818T075922Z-deb02f
72369A,PINK CLEAR GLASS CANDLE PLATE,2011-11,2011-12,M2_gbm_poisson,15.034328,2.675055,product,18,1.645000,4.400466,20,0.177930,C,4,7.333333,1,24,Forecast,20260818T075922Z-deb02f
72484,ROSES IN WHITE HEART CANDLE,2011-11,2011-12,M2_gbm_poisson,,,,,,,,,B,0,,,,Inactive (no sales in last 6 months),20260818T075922Z-deb02f
72487,ROSES WHITE ROUND CANDLE,2011-11,2011-12,M2_gbm_poisson,,,,,,,,,C,0,,,,Inactive (no sales in last 6 months),20260818T075922Z-deb02f
72529W,WHITE ADVENT CANDLE,2011-11,2011-12,M2_gbm_poisson,,,,,,,,,B,0,,,,Inactive (no sales in last 6 months),20260818T075922Z-deb02f
72586,SET OF 6 HALLOWEEN GHOST T-LIGHTS,2011-11,2011-12,M2_gbm_poisson,37.192839,111.166386,product,18,1.645000,182.868705,221,2.988919,C,3,184.333333,1,24,Forecast,20260818T075922Z-deb02f
72598,SET/12 TAPER CANDLES,2011-11,2011-12,M2_gbm_poisson,74.574354,33.930487,product,18,1.645000,55.815651,131,0.454989,C,245,133.333333,1,24,Forecast,20260818T075922Z-deb02f
72606A,BROWN ANTIQUE CUBE CANDLE,2011-11,2011-12,M2_gbm_poisson,,,,,,,,,C,0,,,,Inactive (no sales in last 6 months),20260818T075922Z-deb02f
72708,SCULPTED ROUND IVORY CANDLE,2011-11,2011-12,M2_gbm_poisson,,,,,,,,,C,0,,,,Inactive (no sales in last 6 months),20260818T075922Z-deb02f
72709,IVORY SCULPTED RND CANDLE,2011-11,2011-12,M2_gbm_poisson,5.695952,9.716960,product,18,1.645000,15.984400,22,1.705941,C,4,1.333333,1,20,Forecast,20260818T075922Z-deb02f
72715,SPHERICAL IVORY CANDLE,2011-11,2011-12,M2_gbm_poisson,,,,,,,,,C,0,,,,Inactive (no sales in last 6 months),20260818T075922Z-deb02f
72724,SET/6 CHRISTMAS ICICLE T-LIGHTS,2011-11,2011-12,M2_gbm_poisson,,,,,,,,,C,0,,,,Inactive (no sales in last 6 months),20260818T075922Z-deb02f
72728,ROSE SCENT CANDLES IN GLASS,2011-11,2011-12,M2_gbm_poisson,,,,,,,,,C,0,,,,Inactive (no sales in last 6 months),20260818T075922Z-deb02f
72739B,WHITE CHOCOLATE SCENT CANDLE,2011-11,2011-12,M2_gbm_poisson,,,,,,,,,C,0,,,,Inactive (no sales in last 6 months),20260818T075922Z-deb02f
72739C,DARK CHOCOLATE SCENTCANDLE,2011-11,2011-12,M2_gbm_poisson,,,,,,,,,C,0,,,,Inactive (no sales in last 6 months),20260818T075922Z-deb02f
72740A,LARGE STRAWBERRY CHOCOLATE CANDLE,2011-11,2011-12,M2_gbm_poisson,,,,,,,,,C,0,,,,Inactive (no sales in last 6 months),20260818T075922Z-deb02f
72740B,LARGE WHITE CHOCOLATE CANDLE,2011-11,2011-12,M2_gbm_poisson,,,,,,,,,C,0,,,,Inactive (no sales in last 6 months),20260818T075922Z-deb02f
72741,GRAND CHOCOLATECANDLE,2011-11,2011-12,M2_gbm_poisson,349.634555,424.396400,product,18,1.645000,698.132078,1048,1.213829,A,899,718.333333,1,24,Forecast,20260818T075922Z-deb02f
72750A,"F.FAIRY S/3 CANDLE/GLASS,LILY/VALLY",2011-11,2011-12,M2_gbm_poisson,,,,,,,,,C,0,,,,Inactive (no sales in last 6 months),20260818T075922Z-deb02f
72750B,FLOWER FAIRY SET 3 CANDLES LAVENDER,2011-11,2011-12,M2_gbm_poisson,,,,,,,,,B,0,,,,Inactive (no sales in last 6 months),20260818T075922Z-deb02f
72750C,"F.FAIRY S/3 CANDLE/GLASS, ROSE",2011-11,2011-12,M2_gbm_poisson,,,,,,,,,C,0,,,,Inactive (no sales in last 6 months),20260818T075922Z-deb02f
72750D,F.FAIRY S/3 CANDLE/GLASS,2011-11,2011-12,M2_gbm_poisson,,,,,,,,,C,0,,,,Inactive (no sales in last 6 months),20260818T075922Z-deb02f
72751A,"F.FAIRY S/3 SML CANDLE,LILY/VALLEY",2011-11,2011-12,M2_gbm_poisson,,,,,,,,,C,0,,,,Inactive (no sales in last 6 months),20260818T075922Z-deb02f
72751B,"F.FAIRY S/3 SML CANDLE, LAVENDER",2011-11,2011-12,M2_gbm_poisson,,,,,,,,,C,0,,,,Inactive (no sales in last 6 months),20260818T075922Z-deb02f
72751C,"F.FAIRY S/3 SML CANDLE, ROSE",2011-11,2011-12,M2_gbm_poisson,,,,,,,,,C,0,,,,Inactive (no sales in last 6 months),20260818T075922Z-deb02f
72752A,"F.FAIRY,CANDLE IN GLASS,LILY/VALLEY",2011-11,2011-12,M2_gbm_poisson,,,,,,,,,C,0,,,,Inactive (no sales in last 6 months),20260818T075922Z-deb02f
72752B,"F.FAIRY,CANDLE IN GLASS,LAVENDER",2011-11,2011-12,M2_gbm_poisson,,,,,,,,,C,0,,,,Inactive (no sales in last 6 months),20260818T075922Z-deb02f
72753A,S/3 FLWR FAIRY LILLY CANDLES,2011-11,2011-12,M2_gbm_poisson,,,,,,,,,C,0,,,,Inactive (no sales in last 6 months),20260818T075922Z-deb02f
72753B,S/3 FLWR FAIRY LAVENDER CANDLES,2011-11,2011-12,M2_gbm_poisson,,,,,,,,,B,0,,,,Inactive (no sales in last 6 months),20260818T075922Z-deb02f
72753C,S/3 FLWR FAIRY ROSE CANDLES,2011-11,2011-12,M2_gbm_poisson,,,,,,,,,C,0,,,,Inactive (no sales in last 6 months),20260818T075922Z-deb02f
72753D,S/3 FLWR FAIRY SUMMER CANDLES,2011-11,2011-12,M2_gbm_poisson,,,,,,,,,C,0,,,,Inactive (no sales in last 6 months),20260818T075922Z-deb02f
72754A,FLOWER FAIRY POTPOURRI CUSHION LILY,2011-11,2011-12,M2_gbm_poisson,,,,,,,,,C,0,,,,Inactive (no sales in last 6 months),20260818T075922Z-deb02f
72754B,F FAIRY POTPOURRI CUSHIONS LAVENDER,2011-11,2011-12,M2_gbm_poisson,,,,,,,,,C,0,,,,Inactive (no sales in last 6 months),20260818T075922Z-deb02f
72754D,F FAIRY POTPOURRI CUSHIONS SUMMER,2011-11,2011-12,M2_gbm_poisson,,,,,,,,,C,0,,,,Inactive (no sales in last 6 months),20260818T075922Z-deb02f
72755C,FLOWER FAIRY OIL BURNER SET ROSE,2011-11,2011-12,M2_gbm_poisson,,,,,,,,,C,0,,,,Inactive (no sales in last 6 months),20260818T075922Z-deb02f
72755D,FLOWER FAIRY OIL BURNER SET SUMMER,2011-11,2011-12,M2_gbm_poisson,,,,,,,,,C,0,,,,Inactive (no sales in last 6 months),20260818T075922Z-deb02f
72756,FAIRY CAKE CANDLES,2011-11,2011-12,M2_gbm_poisson,,,,,,,,,A,0,,,,Inactive (no sales in last 6 months),20260818T075922Z-deb02f
72760B,VINTAGE CREAM 3 BASKET CAKE STAND,2011-11,2011-12,M2_gbm_poisson,37.556181,27.340997,product,18,1.645000,44.975940,83,0.728003,A,29,26.000000,1,24,Forecast,20260818T075922Z-deb02f
72771B,BURG FLOCK GOLD CUP/CANDLE,2011-11,2011-12,M2_gbm_poisson,,,,,,,,,C,0,,,,Inactive (no sales in last 6 months),20260818T075922Z-deb02f
72771C,BLACK FLOCK GOLD CANDLE,2011-11,2011-12,M2_gbm_poisson,,,,,,,,,C,0,,,,Inactive (no sales in last 6 months),20260818T075922Z-deb02f
72772,SET/4 SCENTED CANDLES IN RAMEKINS,2011-11,2011-12,M2_gbm_poisson,,,,,,,,,C,0,,,,Inactive (no sales in last 6 months),20260818T075922Z-deb02f
72779,SET/6 BLACK ROSE T-LIGHT CANDLES,2011-11,2011-12,M2_gbm_poisson,,,,,,,,,C,0,,,,Inactive (no sales in last 6 months),20260818T075922Z-deb02f
72780,BLACK SILOUETTE CANDLE PLATE,2011-11,2011-12,M2_gbm_poisson,27.189873,15.050836,product,18,1.645000,24.758626,52,0.553546,C,13,18.333333,1,24,Forecast,20260818T075922Z-deb02f
72781,BLACK SILOUETTE CANDLE PLATE,2011-11,2011-12,M2_gbm_poisson,,,,,,,,,C,0,,,,Inactive (no sales in last 6 months),20260818T075922Z-deb02f
72783,BLACK SIL'T SQU CANDLE PLATE,2011-11,2011-12,M2_gbm_poisson,16.837270,5.582211,product,12,1.645000,9.182738,27,0.331539,C,12,4.000000,1,24,Forecast,20260818T075922Z-deb02f
72785A,S/4 CONTEMPORY PINK ROSEBUD CANDLES,2011-11,2011-12,M2_gbm_poisson,,,,,,,,,C,0,,,,Inactive (no sales in last 6 months),20260818T075922Z-deb02f
72785B,S/4 CONTEMPORY RED ROSEBUD CANDLES,2011-11,2011-12,M2_gbm_poisson,,,,,,,,,C,0,,,,Inactive (no sales in last 6 months),20260818T075922Z-deb02f
72789,BASKET/8 SCENTED LOVE TOKEN CANDLES,2011-11,2011-12,M2_gbm_poisson,,,,,,,,,C,0,,,,Inactive (no sales in last 6 months),20260818T075922Z-deb02f
72793,BLACK BOX MIRROR LANTERN,2011-11,2011-12,M2_gbm_poisson,,,,,,,,,C,0,,,,Inactive (no sales in last 6 months),20260818T075922Z-deb02f
72796A,S/3 ENGLISH LAVENDER SQU CANDLE,2011-11,2011-12,M2_gbm_poisson,,,,,,,,,C,0,,,,Inactive (no sales in last 6 months),20260818T075922Z-deb02f
72796B,S/3 FRENCH VANILLA SQU CANDLE,2011-11,2011-12,M2_gbm_poisson,,,,,,,,,C,0,,,,Inactive (no sales in last 6 months),20260818T075922Z-deb02f
72796C,S/3 ROSE GARDEN SCENT SQU CANDLE,2011-11,2011-12,M2_gbm_poisson,,,,,,,,,C,0,,,,Inactive (no sales in last 6 months),20260818T075922Z-deb02f
72798C,SET/4 GARDEN ROSE DINNER CANDLE,2011-11,2011-12,M2_gbm_poisson,,,,,,,,,C,0,,,,Inactive (no sales in last 6 months),20260818T075922Z-deb02f
72799A,BLACK PILLAR CANDLE SILVER FLOCK,2011-11,2011-12,M2_gbm_poisson,,,,,,,,,C,0,,,,Inactive (no sales in last 6 months),20260818T075922Z-deb02f
72799B,PURPLE PILLAR CANDLE BLACK FLOCK,2011-11,2011-12,M2_gbm_poisson,,,,,,,,,C,0,,,,Inactive (no sales in last 6 months),20260818T075922Z-deb02f
72799C,PINK PILLAR CANDLE SILVER FLOCK,2011-11,2011-12,M2_gbm_poisson,20.779993,6.898908,product,18,1.645000,11.348704,33,0.331998,C,15,5.666667,1,24,Forecast,20260818T075922Z-deb02f
72799D,BLUE PILLAR CANDLE SILVER FLOCK,2011-11,2011-12,M2_gbm_poisson,,,,,,,,,C,0,,,,Inactive (no sales in last 6 months),20260818T075922Z-deb02f
72799E,IVORY PILLAR CANDLE SILVER FLOCK,2011-11,2011-12,M2_gbm_poisson,50.651432,20.405172,product,18,1.645000,33.566508,85,0.402855,B,49,38.333333,1,24,Forecast,20260818T075922Z-deb02f
72799F,IVORY PILLAR CANDLE GOLD FLOCK,2011-11,2011-12,M2_gbm_poisson,29.567617,19.792636,product,18,1.645000,32.558886,63,0.669402,B,16,18.000000,1,24,Forecast,20260818T075922Z-deb02f
72800A,S/4 BLACK DINNER CANDLE SILVER FLOC,2011-11,2011-12,M2_gbm_poisson,,,,,,,,,C,0,,,,Inactive (no sales in last 6 months),20260818T075922Z-deb02f
72800B,4 PURPLE FLOCK DINNER CANDLES,2011-11,2011-12,M2_gbm_poisson,46.083908,10.935806,product,18,1.645000,17.989401,65,0.237302,B,46,19.333333,1,24,Forecast,20260818T075922Z-deb02f
72800C,4 PINK DINNER CANDLE SILVER FLOCK,2011-11,2011-12,M2_gbm_poisson,34.624782,16.112971,product,18,1.645000,26.505837,62,0.465359,C,29,13.333333,1,24,Forecast,20260818T075922Z-deb02f
72800D,4 BLUE DINNER CANDLES SILVER FLOCK,2011-11,2011-12,M2_gbm_poisson,15.307313,9.461138,product,18,1.645000,15.563572,31,0.618080,B,9,7.666667,1,24,Forecast,20260818T075922Z-deb02f
72800E,4 IVORY DINNER CANDLES SILVER FLOCK,2011-11,2011-12,M2_gbm_poisson,63.525090,27.184286,product,18,1.645000,44.718151,109,0.427930,B,75,53.000000,1,24,Forecast,20260818T075922Z-deb02f
72800F,4 IVORY DINNER CANDLES GOLD FLOCK,2011-11,2011-12,M2_gbm_poisson,,,,,,,,,B,0,,,,Inactive (no sales in last 6 months),20260818T075922Z-deb02f
72801C,4 ROSE PINK DINNER CANDLES,2011-11,2011-12,M2_gbm_poisson,14.252565,17.788531,product,18,1.645000,29.262134,44,1.248093,C,4,8.666667,1,24,Forecast,20260818T075922Z-deb02f
72801D,4 SKY BLUE DINNER CANDLES,2011-11,2011-12,M2_gbm_poisson,15.078830,15.322819,product,18,1.645000,25.206038,41,1.016181,C,3,12.000000,1,24,Forecast,20260818T075922Z-deb02f
72801E,S/4 FESTIVE GREEN DINNER CANDLES,2011-11,2011-12,M2_gbm_poisson,,,,,,,,,C,0,,,,Inactive (no sales in last 6 months),20260818T075922Z-deb02f
72801F,S/4 FESTIVE RED DINNER CANDLES,2011-11,2011-12,M2_gbm_poisson,,,,,,,,,C,0,,,,Inactive (no sales in last 6 months),20260818T075922Z-deb02f
72801G,4 BURGUNDY WINE DINNER CANDLES,2011-11,2011-12,M2_gbm_poisson,15.817207,10.374049,product,18,1.645000,17.065310,33,0.655871,C,7,3.333333,1,24,Forecast,20260818T075922Z-deb02f
72802A,ROSE SCENT CANDLE IN JEWELLED BOX,2011-11,2011-12,M2_gbm_poisson,36.529754,35.703825,product,18,1.645000,58.732792,96,0.977390,A,36,23.666667,1,24,Forecast,20260818T075922Z-deb02f
72802B,OCEAN SCENT CANDLE IN JEWELLED BOX,2011-11,2011-12,M2_gbm_poisson,63.426502,17.909660,product,18,1.645000,29.461390,93,0.282369,B,165,248.000000,1,24,Forecast,20260818T075922Z-deb02f
72802C,VANILLA SCENT CANDLE JEWELLED BOX,2011-11,2011-12,M2_gbm_poisson,85.652330,37.526608,product,18,1.645000,61.731269,148,0.438127,A,193,343.000000,1,24,Forecast,20260818T075922Z-deb02f
72803A,ROSE SCENT CANDLE JEWELLED DRAWER,2011-11,2011-12,M2_gbm_poisson,22.467854,13.157556,product,18,1.645000,21.644180,45,0.585617,B,6,142.000000,1,24,Forecast,20260818T075922Z-deb02f
72803B,OCEAN SCENT CANDLE JEWELLED DRAWER,2011-11,2011-12,M2_gbm_poisson,,,,,,,,,C,0,,,,Inactive (no sales in last 6 months),20260818T075922Z-deb02f
72805,VANILLA CANDLE IN EMBOSSED ZINC POT,2011-11,2011-12,M2_gbm_poisson,,,,,,,,,C,0,,,,Inactive (no sales in last 6 months),20260818T075922Z-deb02f
72807A,SET/3 ROSE CANDLE IN JEWELLED BOX,2011-11,2011-12,M2_gbm_poisson,55.193123,32.830027,product,18,1.645000,54.005395,110,0.594821,A,93,40.666667,1,24,Forecast,20260818T075922Z-deb02f
72807B,SET/3 OCEAN SCENT CANDLE JEWEL BOX,2011-11,2011-12,M2_gbm_poisson,52.779904,38.137958,product,18,1.645000,62.736940,116,0.722585,A,91,42.666667,1,24,Forecast,20260818T075922Z-deb02f
72807C,SET/3 VANILLA SCENTED CANDLE IN BOX,2011-11,2011-12,M2_gbm_poisson,84.501681,39.405210,product,18,1.645000,64.821570,150,0.466325,A,226,111.666667,1,24,Forecast,20260818T075922Z-deb02f
72811,SMALL ZINC/GLASS CANDLEHOLDER,2011-11,2011-12,M2_gbm_poisson,20.033805,12.165919,product,18,1.645000,20.012937,41,0.607270,C,18,6.000000,1,24,Forecast,20260818T075922Z-deb02f
72812,LARGE ZINC GLASS CANDLEHOLDER,2011-11,2011-12,M2_gbm_poisson,8.502075,6.570142,product,18,1.645000,10.807883,20,0.772769,C,3,2.666667,1,24,Forecast,20260818T075922Z-deb02f
72814,SET OF 3 CHRISTMAS BRIAR CANDLES,2011-11,2011-12,M2_gbm_poisson,,,,,,,,,B,0,,,,Inactive (no sales in last 6 months),20260818T075922Z-deb02f
72815,3 WICK CHRISTMAS BRIAR CANDLE,2011-11,2011-12,M2_gbm_poisson,,,,,,,,,B,0,,,,Inactive (no sales in last 6 months),20260818T075922Z-deb02f
72816,SET/3 CHRISTMAS DECOUPAGE CANDLES,2011-11,2011-12,M2_gbm_poisson,21.345277,46.917099,product,16,1.645000,77.178628,99,2.198008,B,0,242.333333,2,24,Forecast,20260818T075922Z-deb02f
72817,SET OF 2 CHRISTMAS DECOUPAGE CANDLE,2011-11,2011-12,M2_gbm_poisson,179.106504,32.356855,product,17,1.645000,53.227027,233,0.180657,C,394,356.000000,1,24,Forecast,20260818T075922Z-deb02f
72818,CHRISTMAS DECOUPAGE CANDLE,2011-11,2011-12,M2_gbm_poisson,31.870158,18.811822,product,16,1.645000,30.945447,63,0.590264,C,0,579.000000,2,24,Forecast,20260818T075922Z-deb02f
72819,CUPID DESIGN SCENTED CANDLES,2011-11,2011-12,M2_gbm_poisson,19.788930,12.609735,product,18,1.645000,20.743015,41,0.637212,B,9,16.000000,1,24,Forecast,20260818T075922Z-deb02f
72821,CUPID SCENTED CANDLE IN GLASS,2011-11,2011-12,M2_gbm_poisson,,,,,,,,,C,0,,,,Inactive (no sales in last 6 months),20260818T075922Z-deb02f
75011,BLUE DAISY MOBILE,2011-11,2011-12,M2_gbm_poisson,18.503232,11.397710,product,18,1.645000,18.749233,38,0.615985,C,1,13.333333,1,24,Forecast,20260818T075922Z-deb02f
75013B,"STRING OF 8 BUTTERFLIES,PINK",2011-11,2011-12,M2_gbm_poisson,,,,,,,,,C,0,,,,Inactive (no sales in last 6 months),20260818T075922Z-deb02f
75049L,LARGE CIRCULAR MIRROR MOBILE,2011-11,2011-12,M2_gbm_poisson,349.774635,671.865765,product,18,1.645000,1105.219183,1455,1.920853,A,875,461.000000,1,24,Forecast,20260818T075922Z-deb02f
75131,METAL TUBE CHIME ON BAMBOO,2011-11,2011-12,M2_gbm_poisson,,,,,,,,,B,0,,,,Inactive (no sales in last 6 months),20260818T075922Z-deb02f
75149N,STRING CRYSTALS NATURAL,2011-11,2011-12,M2_gbm_poisson,,,,,,,,,C,0,,,,Inactive (no sales in last 6 months),20260818T075922Z-deb02f
75172,PAINTED SEA SHELL METAL WINDCHIME,2011-11,2011-12,M2_gbm_poisson,2.054573,2.665863,product,17,1.645000,4.385345,7,1.297526,C,0,0.000000,5,18,Forecast,20260818T075922Z-deb02f
75178,ASSTD COL BUTTERFLY/CRYSTAL W/CHIME,2011-11,2011-12,M2_gbm_poisson,7.136115,29.275939,product,18,1.645000,48.158919,56,4.102504,C,0,3.333333,2,22,Forecast,20260818T075922Z-deb02f
77079,DOLPHIN WINDMILL,2011-11,2011-12,M2_gbm_poisson,2.823042,3.021984,product,13,1.645000,4.971163,8,1.070471,C,0,0.000000,6,21,Forecast,20260818T075922Z-deb02f
77081,FLOWER WINDMILL,2011-11,2011-12,M2_gbm_poisson,,,,,,,,,C,0,,,,Inactive (no sales in last 6 months),20260818T075922Z-deb02f
77101A,UNION FLAG WINDSOCK,2011-11,2011-12,M2_gbm_poisson,,,,,,,,,B,0,,,,Inactive (no sales in last 6 months),20260818T075922Z-deb02f
78026,SEAGRASS S/3 SQU LAUNDRY BOX,2011-11,2011-12,M2_gbm_poisson,,,,,,,,,C,0,,,,Inactive (no sales in last 6 months),20260818T075922Z-deb02f
78027,SEAGRASS S/2 CORNER LAUNDRY,2011-11,2011-12,M2_gbm_poisson,,,,,,,,,C,0,,,,Inactive (no sales in last 6 months),20260818T075922Z-deb02f
78033,FLAG OF ST GEORGE CHAIR,2011-11,2011-12,M2_gbm_poisson,5.970905,6.603945,product,17,1.645000,10.863490,17,1.106021,C,0,3.000000,2,23,Forecast,20260818T075922Z-deb02f
78034B,BLUE NETTING STORAGE HANGER,2011-11,2011-12,M2_gbm_poisson,4.010552,3.399009,product,17,1.645000,5.591369,10,0.847516,C,0,0.333333,2,18,Forecast,20260818T075922Z-deb02f
78056,CAMOUFLAGE BACKPACK ON WHEELS,2011-11,2011-12,M2_gbm_poisson,,,,,,,,,C,0,,,,Inactive (no sales in last 6 months),20260818T075922Z-deb02f
78124,MAGAZINE RACK GEBRA ASSORTED,2011-11,2011-12,M2_gbm_poisson,39.605830,31.116661,product,18,1.645000,51.186907,91,0.785659,C,30,28.333333,1,24,Forecast,20260818T075922Z-deb02f
79000,MOROCCAN TEA GLASS,2011-11,2011-12,M2_gbm_poisson,13.032325,273.611384,product,18,1.645000,450.090726,464,20.994825,A,0,4.000000,3,24,Forecast,20260818T075922Z-deb02f
79026B,"S/4 ICON COASTER,ELVIS LIVES",2011-11,2011-12,M2_gbm_poisson,,,,,,,,,C,0,,,,Inactive (no sales in last 6 months),20260818T075922Z-deb02f
79029,GLASS HONEYPOT WASP CATCHER,2011-11,2011-12,M2_gbm_poisson,,,,,,,,,A,0,,,,Inactive (no sales in last 6 months),20260818T075922Z-deb02f
79030A,"TUMBLER, ENGLISH ROSE",2011-11,2011-12,M2_gbm_poisson,,,,,,,,,C,0,,,,Inactive (no sales in last 6 months),20260818T075922Z-deb02f
79030D,TUMBLER BAROQUE,2011-11,2011-12,M2_gbm_poisson,21.049218,25.648832,product,18,1.645000,42.192328,64,1.218517,C,12,10.000000,1,24,Forecast,20260818T075922Z-deb02f
79030G,"TUMBLER, NEW ENGLAND",2011-11,2011-12,M2_gbm_poisson,2.251138,43.870653,product,18,1.645000,72.167224,75,19.488214,B,0,0.000000,6,24,Forecast,20260818T075922Z-deb02f
79051A,SMOKEY GREY COLOUR D.O.F. GLASS,2011-11,2011-12,M2_gbm_poisson,63.447811,49.325064,product,18,1.645000,81.139731,145,0.777412,C,116,60.666667,1,24,Forecast,20260818T075922Z-deb02f
79062D,"RETRO TIN ASHTRAY,REVOLUTIONARY",2011-11,2011-12,M2_gbm_poisson,3.958048,35.628212,product,9,1.645000,58.608409,63,9.001460,C,0,0.000000,4,10,Forecast,20260818T075922Z-deb02f
79063C,"RETRO PILL BOX KEY CHAIN,THE KING",2011-11,2011-12,M2_gbm_poisson,22.402504,110.905745,product,8,1.645000,182.439950,205,4.950596,C,2,12.333333,1,9,Forecast,20260818T075922Z-deb02f
79063D,"RETRO PILL BOX , REVOLUTIONARY",2011-11,2011-12,M2_gbm_poisson,15.136260,35.989225,product,9,1.645000,59.202276,75,2.377683,C,3,4.666667,1,10,Forecast,20260818T075922Z-deb02f
79065A,TEATIME ROUND CAKE TINS,2011-11,2011-12,M2_gbm_poisson,,,,,,,,,C,0,,,,Inactive (no sales in last 6 months),20260818T075922Z-deb02f
79066K,RETRO MOD TRAY,2011-11,2011-12,M2_gbm_poisson,87.908863,33.028473,product,18,1.645000,54.331838,143,0.375713,C,226,121.666667,1,24,Forecast,20260818T075922Z-deb02f
79067,CORONA MEXICAN TRAY,2011-11,2011-12,M2_gbm_poisson,,,,,,,,,A,0,,,,Inactive (no sales in last 6 months),20260818T075922Z-deb02f
79070B,ENGLISH ROSE SQUARE CAKE TINS,2011-11,2011-12,M2_gbm_poisson,,,,,,,,,C,0,,,,Inactive (no sales in last 6 months),20260818T075922Z-deb02f
79071B,ENGLISH ROSE METAL WASTE BIN,2011-11,2011-12,M2_gbm_poisson,2.043711,7.769565,product,18,1.645000,12.780935,15,3.801694,C,0,0.000000,6,22,Forecast,20260818T075922Z-deb02f
79072,TEATIME CAKE TIN WITH HANDLE,2011-11,2011-12,M2_gbm_poisson,,,,,,,,,B,0,,,,Inactive (no sales in last 6 months),20260818T075922Z-deb02f
79140,ASS WINDPROOF MARIJUANA LIGHTERS,2011-11,2011-12,M2_gbm_poisson,,,,,,,,,C,0,,,,Inactive (no sales in last 6 months),20260818T075922Z-deb02f
79144B,PAINTED LIGHTBULB STAR+ MOON,2011-11,2011-12,M2_gbm_poisson,35.392078,23.338200,product,18,1.645000,38.391338,74,0.659419,C,14,24.666667,1,24,Forecast,20260818T075922Z-deb02f
79144C,PAINTED LIGHTBULB RAINBOW DESIGN,2011-11,2011-12,M2_gbm_poisson,29.205354,21.737585,product,18,1.645000,35.758327,65,0.744301,C,5,23.000000,1,24,Forecast,20260818T075922Z-deb02f
79149B,SILICON STAR BULB  BLUE,2011-11,2011-12,M2_gbm_poisson,16.960691,4.026593,product,18,1.645000,6.623746,24,0.237407,C,12,4.666667,1,24,Forecast,20260818T075922Z-deb02f
79151B,"SILICON CUBE 25W, BLUE",2011-11,2011-12,M2_gbm_poisson,28.389967,5.866871,product,6,1.645000,9.651002,39,0.206653,C,10,3.333333,1,12,Forecast,20260818T075922Z-deb02f
79157B,UBO-LIGHT TRIOBASE BLUE,2011-11,2011-12,M2_gbm_poisson,4.212420,8.023905,abc_group,4,1.645000,13.199324,18,1.904821,C,0,1.000000,2,22,Forecast,20260818T075922Z-deb02f
79157V,UBO-LIGHT TRIOBASE PURPLE,2011-11,2011-12,M2_gbm_poisson,9.425510,8.023905,abc_group,1,1.645000,13.199324,23,0.851297,C,2,1.666667,1,2,Forecast,20260818T075922Z-deb02f
79160,HEART SHAPE WIRELESS DOORBELL,2011-11,2011-12,M2_gbm_poisson,29.836869,35.277726,product,18,1.645000,58.031859,88,1.182353,B,20,9.333333,1,24,Forecast,20260818T075922Z-deb02f
79161A,ST GEORGE SET OF 10 PARTY LIGHTS,2011-11,2011-12,M2_gbm_poisson,5.896630,4.187085,product,12,1.645000,6.887754,13,0.710081,C,2,0.666667,1,21,Forecast,20260818T075922Z-deb02f
79163,BLACK CHAMPAGNE GLASS,2011-11,2011-12,M2_gbm_poisson,8.943176,43.212675,product,18,1.645000,71.084850,81,4.831916,B,0,6.666667,3,24,Forecast,20260818T075922Z-deb02f
79164,BLACK WINE GLASS,2011-11,2011-12,M2_gbm_poisson,18.109312,123.422447,product,18,1.645000,203.029925,222,6.815413,B,18,8.000000,1,24,Forecast,20260818T075922Z-deb02f
79172D,PURPLE TINT ACRYLIC FLOWER VASE,2011-11,2011-12,M2_gbm_poisson,,,,,,,,,C,0,,,,Inactive (no sales in last 6 months),20260818T075922Z-deb02f
79190A,RETRO PLASTIC 70'S TRAY,2011-11,2011-12,M2_gbm_poisson,53.721800,42.552622,product,18,1.645000,69.999062,124,0.792092,C,90,55.333333,1,24,Forecast,20260818T075922Z-deb02f
79190B,RETRO PLASTIC POLKA TRAY,2011-11,2011-12,M2_gbm_poisson,52.071141,37.839436,product,18,1.645000,62.245872,115,0.726687,C,84,46.000000,1,24,Forecast,20260818T075922Z-deb02f
79190D,RETRO PLASTIC DAISY TRAY,2011-11,2011-12,M2_gbm_poisson,35.485855,24.252297,product,18,1.645000,39.895028,76,0.683436,C,26,22.333333,1,24,Forecast,20260818T075922Z-deb02f
79191B,RETRO PLASTIC POLKA TRAY,2011-11,2011-12,M2_gbm_poisson,38.216925,11.392669,product,18,1.645000,18.740941,57,0.298105,C,23,18.333333,1,24,Forecast,20260818T075922Z-deb02f
79191C,RETRO PLASTIC ELEPHANT TRAY,2011-11,2011-12,M2_gbm_poisson,70.594191,47.087079,product,18,1.645000,77.458246,149,0.667011,C,198,111.000000,1,24,Forecast,20260818T075922Z-deb02f
79191D,RETRO PLASTIC DAISY TRAY,2011-11,2011-12,M2_gbm_poisson,11.750881,9.380558,product,18,1.645000,15.431019,28,0.798286,C,7,3.000000,1,24,Forecast,20260818T075922Z-deb02f
79192A,RETRO PLASTIC 70'S TRAY,2011-11,2011-12,M2_gbm_poisson,,,,,,,,,C,0,,,,Inactive (no sales in last 6 months),20260818T075922Z-deb02f
79301,FEATHER HEART LIGHTS,2011-11,2011-12,M2_gbm_poisson,,,,,,,,,C,0,,,,Inactive (no sales in last 6 months),20260818T075922Z-deb02f
79302M,"ART LIGHTS,FUNK MONKEY",2011-11,2011-12,M2_gbm_poisson,57.899355,34.747844,product,18,1.645000,57.160204,116,0.600142,B,69,63.000000,1,24,Forecast,20260818T075922Z-deb02f
79303A,WHITE ROHMBIC BLOCK TABLE LAMP,2011-11,2011-12,M2_gbm_poisson,,,,,,,,,C,0,,,,Inactive (no sales in last 6 months),20260818T075922Z-deb02f
79303B,BLUE STAR BLOCK TABLE LAMP,2011-11,2011-12,M2_gbm_poisson,,,,,,,,,C,0,,,,Inactive (no sales in last 6 months),20260818T075922Z-deb02f
79303D,LILAC FLOWER BLOCK TABLE LAMP,2011-11,2011-12,M2_gbm_poisson,,,,,,,,,C,0,,,,Inactive (no sales in last 6 months),20260818T075922Z-deb02f
79308B,MOSAIC CANDLE DISH BLUE PURPLE,2011-11,2011-12,M2_gbm_poisson,,,,,,,,,C,0,,,,Inactive (no sales in last 6 months),20260818T075922Z-deb02f
79315W,FLYING SAUCER TABLE LIGHT IN WHITE,2011-11,2011-12,M2_gbm_poisson,,,,,,,,,C,0,,,,Inactive (no sales in last 6 months),20260818T075922Z-deb02f
79320,FLAMINGO LIGHTS,2011-11,2011-12,M2_gbm_poisson,,,,,,,,,A,0,,,,Inactive (no sales in last 6 months),20260818T075922Z-deb02f
79321,CHILLI LIGHTS,2011-11,2011-12,M2_gbm_poisson,853.181509,300.231244,product,18,1.645000,493.880397,1348,0.351896,A,2092,1198.333333,1,24,Forecast,20260818T075922Z-deb02f
79323B,BLACK CHERRY LIGHTS,2011-11,2011-12,M2_gbm_poisson,,,,,,,,,B,0,,,,Inactive (no sales in last 6 months),20260818T075922Z-deb02f
79323G,GOLD  CHERRY LIGHTS,2011-11,2011-12,M2_gbm_poisson,,,,,,,,,B,0,,,,Inactive (no sales in last 6 months),20260818T075922Z-deb02f
79323GR,GREEN CHERRY LIGHTS,2011-11,2011-12,M2_gbm_poisson,,,,,,,,,B,0,,,,Inactive (no sales in last 6 months),20260818T075922Z-deb02f
79323LP,LIGHT PINK CHERRY LIGHTS,2011-11,2011-12,M2_gbm_poisson,,,,,,,,,A,0,,,,Inactive (no sales in last 6 months),20260818T075922Z-deb02f
79323P,PINK CHERRY LIGHTS,2011-11,2011-12,M2_gbm_poisson,,,,,,,,,A,0,,,,Inactive (no sales in last 6 months),20260818T075922Z-deb02f
79323S,SILVER CHERRY LIGHTS,2011-11,2011-12,M2_gbm_poisson,,,,,,,,,B,0,,,,Inactive (no sales in last 6 months),20260818T075922Z-deb02f
79323W,WHITE CHERRY LIGHTS,2011-11,2011-12,M2_gbm_poisson,,,,,,,,,A,0,,,,Inactive (no sales in last 6 months),20260818T075922Z-deb02f
79328,BLUE FLOCK GLASS CANDLEHOLDER,2011-11,2011-12,M2_gbm_poisson,,,,,,,,,C,0,,,,Inactive (no sales in last 6 months),20260818T075922Z-deb02f
79329,PINK FLOCK GLASS CANDLEHOLDER,2011-11,2011-12,M2_gbm_poisson,,,,,,,,,C,0,,,,Inactive (no sales in last 6 months),20260818T075922Z-deb02f
79331,PINK FLOCK GLASS CANDLEHOLDER,2011-11,2011-12,M2_gbm_poisson,,,,,,,,,C,0,,,,Inactive (no sales in last 6 months),20260818T075922Z-deb02f
79336,LIGHT PINK FLOCK GLASS CANDLEHOLDER,2011-11,2011-12,M2_gbm_poisson,4.745276,14.158978,product,15,1.645000,23.291519,29,2.983805,C,0,2.000000,3,24,Forecast,20260818T075922Z-deb02f
79337,BLUE FLOCK GLASS CANDLEHOLDER,2011-11,2011-12,M2_gbm_poisson,2.201200,48.454259,product,18,1.645000,79.707256,82,22.012656,C,0,0.000000,5,23,Forecast,20260818T075922Z-deb02f
79338,DARK PINK FLOCK GLASS CANDLEHOLDER,2011-11,2011-12,M2_gbm_poisson,,,,,,,,,C,0,,,,Inactive (no sales in last 6 months),20260818T075922Z-deb02f
79341,WILLOW BRANCH LIGHTS.,2011-11,2011-12,M2_gbm_poisson,,,,,,,,,A,0,,,,Inactive (no sales in last 6 months),20260818T075922Z-deb02f
79342B,BROWN FLOWER LIGHTS,2011-11,2011-12,M2_gbm_poisson,,,,,,,,,C,0,,,,Inactive (no sales in last 6 months),20260818T075922Z-deb02f
79403,FROSTED WHITE BASE,2011-11,2011-12,M2_gbm_poisson,9.991031,23.310104,product,18,1.645000,38.345122,49,2.333103,C,0,4.000000,2,24,Forecast,20260818T075922Z-deb02f
79406,FROSTED WHITE BASE,2011-11,2011-12,M2_gbm_poisson,19.835510,31.577972,product,18,1.645000,51.945763,72,1.591992,C,24,8.000000,1,24,Forecast,20260818T075922Z-deb02f
79413,GLASS WINE GLASS DECORATIONS,2011-11,2011-12,M2_gbm_poisson,,,,,,,,,C,0,,,,Inactive (no sales in last 6 months),20260818T075922Z-deb02f
79532,MOSAIC GLASS BALL CANDLEHOLDER,2011-11,2011-12,M2_gbm_poisson,,,,,,,,,C,0,,,,Inactive (no sales in last 6 months),20260818T075922Z-deb02f
79534,MULTICOLOUR GLASS PLATE,2011-11,2011-12,M2_gbm_poisson,,,,,,,,,C,0,,,,Inactive (no sales in last 6 months),20260818T075922Z-deb02f
81950B,FLOWER BLUE CLOCK W/SUCKER,2011-11,2011-12,M2_gbm_poisson,3.625939,11.808242,product,16,1.645000,19.424558,24,3.256602,C,0,0.000000,4,24,Forecast,20260818T075922Z-deb02f
81950V,FLOWER PURPLE CLOCK W/SUCKER,2011-11,2011-12,M2_gbm_poisson,2.078633,4.449060,product,18,1.645000,7.318704,10,2.140377,C,0,0.000000,5,24,Forecast,20260818T075922Z-deb02f
81952B,ROUND BLUE CLOCK W/SUCKER,2011-11,2011-12,M2_gbm_poisson,2.301699,10.381313,product,13,1.645000,17.077261,20,4.510284,C,0,0.000000,5,23,Forecast,20260818T075922Z-deb02f
81952V,ROUND PURPLE CLOCK WITH SUCKER,2011-11,2011-12,M2_gbm_poisson,68.218860,23.277487,product,16,1.645000,38.291466,107,0.341218,C,10,20.000000,1,24,Forecast,20260818T075922Z-deb02f
81953B,ROUND BLUE CLOCK WITH SUCKER,2011-11,2011-12,M2_gbm_poisson,2.068307,6.434113,product,14,1.645000,10.584116,13,3.110811,C,0,0.000000,5,19,Forecast,20260818T075922Z-deb02f
81953P,ROUND ARTICULATED PINK CLOCK W/SUCK,2011-11,2011-12,M2_gbm_poisson,2.048169,7.371117,product,14,1.645000,12.125487,15,3.598881,C,0,0.000000,5,22,Forecast,20260818T075922Z-deb02f
81985A,"ICON ALARM CLOCK,FUSCHIA  PIN UP",2011-11,2011-12,M2_gbm_poisson,,,,,,,,,C,0,,,,Inactive (no sales in last 6 months),20260818T075922Z-deb02f
82001S,VINYL RECORD FRAME SILVER,2011-11,2011-12,M2_gbm_poisson,151.906171,78.402927,product,18,1.645000,128.972815,281,0.516127,A,326,188.000000,1,24,Forecast,20260818T075922Z-deb02f
82011A,"BATHROOM SCALES, TROPICAL BEACH",2011-11,2011-12,M2_gbm_poisson,4.442431,3.303974,product,18,1.645000,5.435037,10,0.743731,C,2,1.333333,1,22,Forecast,20260818T075922Z-deb02f
82011B,BATHROOM SCALES RUBBER DUCKS,2011-11,2011-12,M2_gbm_poisson,19.893568,4.008135,product,18,1.645000,6.593382,27,0.201479,C,12,8.666667,1,24,Forecast,20260818T075922Z-deb02f
82011C,BATHROOM SCALES FOOTPRINTS IN SAND,2011-11,2011-12,M2_gbm_poisson,21.305547,6.507057,product,18,1.645000,10.704109,33,0.305416,C,12,10.333333,1,24,Forecast,20260818T075922Z-deb02f
82011E,"BATHROOM SCALES, FAG BREAK",2011-11,2011-12,M2_gbm_poisson,,,,,,,,,C,0,,,,Inactive (no sales in last 6 months),20260818T075922Z-deb02f
82069,BEECH WOOD P/FRAME,2011-11,2011-12,M2_gbm_poisson,,,,,,,,,C,0,,,,Inactive (no sales in last 6 months),20260818T075922Z-deb02f
82072,WHITE WOOD SINGLE P/FRAME,2011-11,2011-12,M2_gbm_poisson,,,,,,,,,C,0,,,,Inactive (no sales in last 6 months),20260818T075922Z-deb02f
82076,BEECH WOOD PHOTO FRAME,2011-11,2011-12,M2_gbm_poisson,,,,,,,,,C,0,,,,Inactive (no sales in last 6 months),20260818T075922Z-deb02f
82081,PINK HEARTS PHOTO ALBUM,2011-11,2011-12,M2_gbm_poisson,,,,,,,,,C,0,,,,Inactive (no sales in last 6 months),20260818T075922Z-deb02f
82093,HEART SHAPE BUTTON FRAME,2011-11,2011-12,M2_gbm_poisson,,,,,,,,,C,0,,,,Inactive (no sales in last 6 months),20260818T075922Z-deb02f
82095,HEART BUTTONS JEWELLERY BOX,2011-11,2011-12,M2_gbm_poisson,2.020614,7.291501,product,18,1.645000,11.994519,15,3.608557,C,0,0.000000,5,24,Forecast,20260818T075922Z-deb02f
82482,WOODEN PICTURE FRAME WHITE FINISH,2011-11,2011-12,M2_gbm_poisson,515.440825,218.975943,product,18,1.645000,360.215426,876,0.424832,A,1095,952.666667,1,24,Forecast,20260818T075922Z-deb02f
82483,WOOD 2 DRAWER CABINET WHITE FINISH,2011-11,2011-12,M2_gbm_poisson,187.925342,71.881044,product,18,1.645000,118.244317,307,0.382498,A,313,238.666667,1,24,Forecast,20260818T075922Z-deb02f
82484,WOOD BLACK BOARD ANT WHITE FINISH,2011-11,2011-12,M2_gbm_poisson,235.915693,166.075885,product,18,1.645000,273.194831,510,0.703963,A,366,391.333333,1,20,Forecast,20260818T075922Z-deb02f
82486,WOOD S/3 CABINET ANT WHITE FINISH,2011-11,2011-12,M2_gbm_poisson,146.271118,54.868580,product,18,1.645000,90.258814,237,0.375116,A,286,206.666667,1,24,Forecast,20260818T075922Z-deb02f
82494L,WOODEN FRAME ANTIQUE WHITE,2011-11,2011-12,M2_gbm_poisson,533.583610,255.074214,product,18,1.645000,419.597081,954,0.478040,A,1099,828.333333,1,24,Forecast,20260818T075922Z-deb02f
82545A,COGNAC AUX OEUFS METAL 1 HOOK,2011-11,2011-12,M2_gbm_poisson,,,,,,,,,C,0,,,,Inactive (no sales in last 6 months),20260818T075922Z-deb02f
82551,LAUNDRY 15C METAL SIGN,2011-11,2011-12,M2_gbm_poisson,228.924560,59.982957,product,18,1.645000,98.671964,328,0.262021,A,486,321.666667,1,24,Forecast,20260818T075922Z-deb02f
82552,WASHROOM METAL SIGN,2011-11,2011-12,M2_gbm_poisson,209.508436,162.072198,product,18,1.645000,266.608766,477,0.773583,A,470,284.000000,1,24,Forecast,20260818T075922Z-deb02f
82553,POP'S GREASY SPOON METAL SIGN,2011-11,2011-12,M2_gbm_poisson,,,,,,,,,C,0,,,,Inactive (no sales in last 6 months),20260818T075922Z-deb02f
82567,"AIRLINE LOUNGE,METAL SIGN",2011-11,2011-12,M2_gbm_poisson,68.099276,18.426198,product,18,1.645000,30.311095,99,0.270578,B,89,66.333333,1,24,Forecast,20260818T075922Z-deb02f
82578,KITCHEN METAL SIGN,2011-11,2011-12,M2_gbm_poisson,96.687588,123.015177,product,18,1.645000,202.359966,300,1.272295,B,83,136.333333,1,24,Forecast,20260818T075922Z-deb02f
82580,BATHROOM METAL SIGN,2011-11,2011-12,M2_gbm_poisson,290.340590,259.082200,product,18,1.645000,426.190219,717,0.892339,A,406,491.666667,1,24,Forecast,20260818T075922Z-deb02f
82581,TOILET METAL SIGN,2011-11,2011-12,M2_gbm_poisson,183.257988,185.481266,product,18,1.645000,305.116683,489,1.012132,A,309,255.666667,1,24,Forecast,20260818T075922Z-deb02f
82582,AREA PATROLLED METAL SIGN,2011-11,2011-12,M2_gbm_poisson,277.137041,176.336219,product,18,1.645000,290.073080,568,0.636278,A,575,513.333333,1,24,Forecast,20260818T075922Z-deb02f
82583,HOT BATHS METAL SIGN,2011-11,2011-12,M2_gbm_poisson,515.695685,265.187769,product,18,1.645000,436.233881,952,0.514233,A,936,1149.666667,1,24,Forecast,20260818T075922Z-deb02f
82585,SWEET VALENCIA CANDLE+CUP,2011-11,2011-12,M2_gbm_poisson,,,,,,,,,C,0,,,,Inactive (no sales in last 6 months),20260818T075922Z-deb02f
82587,TEXRIO TOMATOES CANDLE+CUP,2011-11,2011-12,M2_gbm_poisson,,,,,,,,,C,0,,,,Inactive (no sales in last 6 months),20260818T075922Z-deb02f
82597,BOMBS AWAY METAL SIGN,2011-11,2011-12,M2_gbm_poisson,,,,,,,,,B,0,,,,Inactive (no sales in last 6 months),20260818T075922Z-deb02f
82599,FANNY'S REST STOPMETAL SIGN,2011-11,2011-12,M2_gbm_poisson,,,,,,,,,A,0,,,,Inactive (no sales in last 6 months),20260818T075922Z-deb02f
82600,NO SINGING METAL SIGN,2011-11,2011-12,M2_gbm_poisson,382.676671,217.149602,product,18,1.645000,357.211095,740,0.567449,A,828,620.666667,1,24,Forecast,20260818T075922Z-deb02f
82605,OLD DOC RUSSEL METAL SIGN,2011-11,2011-12,M2_gbm_poisson,,,,,,,,,C,0,,,,Inactive (no sales in last 6 months),20260818T075922Z-deb02f
82607A,GLASS BONBON JAR PARFUME AUX FLEURE,2011-11,2011-12,M2_gbm_poisson,,,,,,,,,B,0,,,,Inactive (no sales in last 6 months),20260818T075922Z-deb02f
82607C,GLASS BONBON JAR. SUPERFINES,2011-11,2011-12,M2_gbm_poisson,,,,,,,,,C,0,,,,Inactive (no sales in last 6 months),20260818T075922Z-deb02f
82607E,GLASS BONBON JAR. D'AMANDES,2011-11,2011-12,M2_gbm_poisson,,,,,,,,,C,0,,,,Inactive (no sales in last 6 months),20260818T075922Z-deb02f
82613A,"METAL SIGN,CUPCAKE SINGLE HOOK",2011-11,2011-12,M2_gbm_poisson,2.054573,12.337011,product,18,1.645000,20.294383,23,6.004658,C,0,0.000000,5,24,Forecast,20260818T075922Z-deb02f
82613B,"METAL SIGN,CUPCAKE SINGLE HOOK",2011-11,2011-12,M2_gbm_poisson,20.120621,32.945374,product,18,1.645000,54.195139,75,1.637394,C,9,10.666667,1,24,Forecast,20260818T075922Z-deb02f
82613C,"METAL SIGN,CUPCAKE SINGLE HOOK",2011-11,2011-12,M2_gbm_poisson,28.257829,29.685877,product,18,1.645000,48.833268,78,1.050536,C,18,13.333333,1,24,Forecast,20260818T075922Z-deb02f
82613D,METAL SIGN CUPCAKE SINGLE HOOK,2011-11,2011-12,M2_gbm_poisson,33.550181,17.765477,product,18,1.645000,29.224209,63,0.529520,B,20,18.333333,1,24,Forecast,20260818T075922Z-deb02f
82615,PINK MARSHMALLOW SCARF KNITTING KIT,2011-11,2011-12,M2_gbm_poisson,,,,,,,,,B,0,,,,Inactive (no sales in last 6 months),20260818T075922Z-deb02f
82616A,BUBBLE GUM SCARF KNITTING KIT,2011-11,2011-12,M2_gbm_poisson,,,,,,,,,C,0,,,,Inactive (no sales in last 6 months),20260818T075922Z-deb02f
82616B,FRAPPUCINO SCARF KNITTING KIT,2011-11,2011-12,M2_gbm_poisson,70.499699,22.474363,product,18,1.645000,36.970327,108,0.318787,C,86,70.666667,1,24,Forecast,20260818T075922Z-deb02f
82616C,MIDNIGHT GLAMOUR SCARF KNITTING KIT,2011-11,2011-12,M2_gbm_poisson,66.342175,27.252412,product,18,1.645000,44.830218,112,0.410786,C,88,61.666667,1,24,Forecast,20260818T075922Z-deb02f
84006,MAGIC TREE -PAPER FLOWERS,2011-11,2011-12,M2_gbm_poisson,155.658647,44.669404,product,18,1.645000,73.481169,230,0.286970,B,340,140.000000,1,24,Forecast,20260818T075922Z-deb02f
84007,MAGIC GARDEN MOUNT FUJI,2011-11,2011-12,M2_gbm_poisson,,,,,,,,,C,0,,,,Inactive (no sales in last 6 months),20260818T075922Z-deb02f
84012,MAGIC SHEEP WOOL GROWING FROM PAPER,2011-11,2011-12,M2_gbm_poisson,158.519162,31.954181,product,18,1.645000,52.564628,212,0.201579,B,386,226.666667,1,24,Forecast,20260818T075922Z-deb02f
84016,FLAG OF ST GEORGE CAR FLAG,2011-11,2011-12,M2_gbm_poisson,8.568358,5.822467,product,15,1.645000,9.577958,19,0.679531,A,0,8.333333,3,24,Forecast,20260818T075922Z-deb02f
84029C,BROWN FURRY HOT WATER BOTTLE,2011-11,2011-12,M2_gbm_poisson,,,,,,,,,C,0,,,,Inactive (no sales in last 6 months),20260818T075922Z-deb02f
84029D,LEOPARD PRINT HOT WATER BOTTLE,2011-11,2011-12,M2_gbm_poisson,,,,,,,,,C,0,,,,Inactive (no sales in last 6 months),20260818T075922Z-deb02f
84029E,RED WOOLLY HOTTIE WHITE HEART.,2011-11,2011-12,M2_gbm_poisson,777.262968,197.792776,product,18,1.645000,325.369117,1103,0.254473,A,1286,785.666667,1,24,Forecast,20260818T075922Z-deb02f
84029G,KNITTED UNION FLAG HOT WATER BOTTLE,2011-11,2011-12,M2_gbm_poisson,351.145828,133.911323,product,18,1.645000,220.284126,572,0.381355,A,704,424.000000,1,24,Forecast,20260818T075922Z-deb02f
84030B,KNITTED POM POM HOT WATER BOTTLE,2011-11,2011-12,M2_gbm_poisson,,,,,,,,,C,0,,,,Inactive (no sales in last 6 months),20260818T075922Z-deb02f
84030C,KNITTED RAINBOW HOT WATER BOTTLE,2011-11,2011-12,M2_gbm_poisson,,,,,,,,,C,0,,,,Inactive (no sales in last 6 months),20260818T075922Z-deb02f
84030E,ENGLISH ROSE HOT WATER BOTTLE,2011-11,2011-12,M2_gbm_poisson,221.083479,46.261864,product,18,1.645000,76.100767,298,0.209251,A,425,305.333333,1,24,Forecast,20260818T075922Z-deb02f
84031A,CHARLIE+LOLA RED HOT WATER BOTTLE,2011-11,2011-12,M2_gbm_poisson,52.396316,11.506310,product,18,1.645000,18.927881,72,0.219602,A,45,39.000000,1,24,Forecast,20260818T075922Z-deb02f
84031B,CHARLIE LOLA BLUE HOT WATER BOTTLE,2011-11,2011-12,M2_gbm_poisson,44.282640,19.151263,product,18,1.645000,31.503828,76,0.432478,B,42,37.666667,1,24,Forecast,20260818T075922Z-deb02f
84032A,CHARLIE+LOLA PINK HOT WATER BOTTLE,2011-11,2011-12,M2_gbm_poisson,93.900143,32.958124,product,18,1.645000,54.216114,149,0.350991,A,162,114.666667,1,24,Forecast,20260818T075922Z-deb02f
84032B,CHARLIE + LOLA RED HOT WATER BOTTLE,2011-11,2011-12,M2_gbm_poisson,92.317475,43.389475,product,18,1.645000,71.375687,164,0.470003,A,157,94.000000,1,24,Forecast,20260818T075922Z-deb02f
84033,FLAG OF ST GEORGE,2011-11,2011-12,M2_gbm_poisson,4.747206,8.070088,product,18,1.645000,13.275295,19,1.699966,C,0,0.666667,3,23,Forecast,20260818T075922Z-deb02f
84050,PINK HEART SHAPE EGG FRYING PAN,2011-11,2011-12,M2_gbm_poisson,77.135215,175.451551,product,18,1.645000,288.617802,366,2.274597,A,46,131.666667,1,24,Forecast,20260818T075922Z-deb02f
84051,ASS COLOUR GLOWING TIARAS,2011-11,2011-12,M2_gbm_poisson,33.368959,34.566078,product,18,1.645000,56.861198,91,1.035875,C,15,59.000000,1,24,Forecast,20260818T075922Z-deb02f
84077,WORLD WAR 2 GLIDERS ASSTD DESIGNS,2011-11,2011-12,M2_gbm_poisson,2085.380852,2952.309015,product,18,1.645000,4856.548330,6942,1.415717,A,4559,5386.000000,1,24,Forecast,20260818T075922Z-deb02f
84078A,SET/4 WHITE RETRO STORAGE CUBES,2011-11,2011-12,M2_gbm_poisson,30.330407,23.100613,product,18,1.645000,38.000508,69,0.761632,A,27,18.333333,1,24,Forecast,20260818T075922Z-deb02f
84081,WHITE CERAMIC PARTY SET (5PCS),2011-11,2011-12,M2_gbm_poisson,,,,,,,,,C,0,,,,Inactive (no sales in last 6 months),20260818T075922Z-deb02f
84086B,YELLOW/BLUE RETRO RADIO,2011-11,2011-12,M2_gbm_poisson,10.979929,2.238355,product,18,1.645000,3.682095,15,0.203859,C,7,2.333333,1,19,Forecast,20260818T075922Z-deb02f
84086C,PINK/PURPLE RETRO RADIO,2011-11,2011-12,M2_gbm_poisson,44.491552,8.898713,product,18,1.645000,14.638384,60,0.200009,C,65,32.333333,1,24,Forecast,20260818T075922Z-deb02f
84192,ASSORTED COLOUR METAL CAT,2011-11,2011-12,M2_gbm_poisson,30.017535,21.049139,product,18,1.645000,34.625834,65,0.701228,C,27,11.000000,1,22,Forecast,20260818T075922Z-deb02f
84199,GLOW IN DARK DOLPHINS,2011-11,2011-12,M2_gbm_poisson,51.101129,30.962841,product,18,1.645000,50.933873,103,0.605913,C,48,20.666667,1,24,Forecast,20260818T075922Z-deb02f
84201B,HAPPY BIRTHDAY CARD STRIPEY TEDDY,2011-11,2011-12,M2_gbm_poisson,5.430594,10.232683,product,14,1.645000,16.832763,23,1.884266,C,1,0.333333,1,24,Forecast,20260818T075922Z-deb02f
84201C,HAPPY BIRTHDAY CARD TEDDY/CAKE,2011-11,2011-12,M2_gbm_poisson,3.137677,9.098271,product,9,1.645000,14.966656,19,2.899684,C,0,0.000000,4,16,Forecast,20260818T075922Z-deb02f
84205C,HAPPY BIRTHDAY GINGER CAT CARD,2011-11,2011-12,M2_gbm_poisson,,,,,,,,,C,0,,,,Inactive (no sales in last 6 months),20260818T075922Z-deb02f
84206A,3 BLACK CATS W HEARTS BLANK CARD,2011-11,2011-12,M2_gbm_poisson,20.063366,6.798907,product,13,1.645000,11.184202,32,0.338872,C,18,6.000000,1,24,Forecast,20260818T075922Z-deb02f
84206B,CAT W SUNGLASSES BLANK CARD,2011-11,2011-12,M2_gbm_poisson,11.011989,12.605213,product,6,1.645000,20.735576,32,1.144681,C,5,1.666667,1,16,Forecast,20260818T075922Z-deb02f
84206C,CHAMPAGNE TRAY BLANK CARD,2011-11,2011-12,M2_gbm_poisson,4.941328,2.310632,product,11,1.645000,3.800990,9,0.467614,C,3,1.000000,1,24,Forecast,20260818T075922Z-deb02f
84212,"ASSORTED FLOWER COLOUR ""LEIS""",2011-11,2011-12,M2_gbm_poisson,281.568736,640.311367,product,18,1.645000,1053.312198,1335,2.274085,A,565,870.333333,1,24,Forecast,20260818T075922Z-deb02f
84218,BOX/12 CHICK & EGG IN BASKET,2011-11,2011-12,M2_gbm_poisson,,,,,,,,,C,0,,,,Inactive (no sales in last 6 months),20260818T075922Z-deb02f
84219,BOX/12 MOTHER & CHICK IN BASKET/BOW,2011-11,2011-12,M2_gbm_poisson,,,,,,,,,C,0,,,,Inactive (no sales in last 6 months),20260818T075922Z-deb02f
84226,HEN HOUSE W FAMILY IN BARN & NEST,2011-11,2011-12,M2_gbm_poisson,2.062682,3.253269,product,15,1.645000,5.351628,8,1.577203,C,0,0.000000,6,22,Forecast,20260818T075922Z-deb02f
84227,HEN HOUSE W CHICK IN NEST,2011-11,2011-12,M2_gbm_poisson,,,,,,,,,C,0,,,,Inactive (no sales in last 6 months),20260818T075922Z-deb02f
84228,HEN HOUSE W CHICK STANDING,2011-11,2011-12,M2_gbm_poisson,17.804407,13.207742,product,15,1.645000,21.726736,40,0.741824,C,12,4.000000,1,24,Forecast,20260818T075922Z-deb02f
84231,EASTER BUNNY WITH BASKET ON BACK,2011-11,2011-12,M2_gbm_poisson,37.174616,4.116291,product,13,1.645000,6.771298,44,0.110729,C,13,4.333333,1,23,Forecast,20260818T075922Z-deb02f
84247C,PACK/12 BLUE REINDEER CARD,2011-11,2011-12,M2_gbm_poisson,,,,,,,,,C,0,,,,Inactive (no sales in last 6 months),20260818T075922Z-deb02f
84247E,PACK/12 XMAS FUN CARD,2011-11,2011-12,M2_gbm_poisson,37.012830,11.973255,product,16,1.645000,19.696005,57,0.323489,C,19,34.666667,1,18,Forecast,20260818T075922Z-deb02f
84247G,"DECOUPAGE,GREETING CARD,",2011-11,2011-12,M2_gbm_poisson,2.062682,27.328988,product,18,1.645000,44.956186,48,13.249250,C,0,0.000000,5,24,Forecast,20260818T075922Z-deb02f
84247H,PACK/12 DECOUPAGE CARD,2011-11,2011-12,M2_gbm_poisson,,,,,,,,,C,0,,,,Inactive (no sales in last 6 months),20260818T075922Z-deb02f
84247J,PACK/12 RUSSIAN DOLL CARDS,2011-11,2011-12,M2_gbm_poisson,,,,,,,,,C,0,,,,Inactive (no sales in last 6 months),20260818T075922Z-deb02f
84247K,"FOLK ART GREETING CARD,pack/12",2011-11,2011-12,M2_gbm_poisson,3.379995,3.771957,product,18,1.645000,6.204869,10,1.115965,C,0,1.000000,2,24,Forecast,20260818T075922Z-deb02f
84247L,FAWN AND MUSHROOM GREETING CARD,2011-11,2011-12,M2_gbm_poisson,,,,,,,,,C,0,,,,Inactive (no sales in last 6 months),20260818T075922Z-deb02f
84247N,PACK/12 BLUE FOLKART CARDS,2011-11,2011-12,M2_gbm_poisson,8.970026,3.656092,product,18,1.645000,6.014271,15,0.407590,C,4,3.333333,1,23,Forecast,20260818T075922Z-deb02f
84249A,"GREETING CARD,SQUARE, DOUGHNUTS",2011-11,2011-12,M2_gbm_poisson,6.962428,17.131962,product,18,1.645000,28.182077,36,2.460631,C,1,1.666667,1,22,Forecast,20260818T075922Z-deb02f
84249D,FAIRY CAKE GREETINGS CARD,2011-11,2011-12,M2_gbm_poisson,,,,,,,,,C,0,,,,Inactive (no sales in last 6 months),20260818T075922Z-deb02f
84250M,"GREETING CARD, BLACKPOOL ROCK",2011-11,2011-12,M2_gbm_poisson,,,,,,,,,C,0,,,,Inactive (no sales in last 6 months),20260818T075922Z-deb02f
84251B,"GREETING CARD, STICKY GORDON",2011-11,2011-12,M2_gbm_poisson,3.694283,15.804145,product,18,1.645000,25.997819,30,4.278000,C,0,0.333333,3,21,Forecast,20260818T075922Z-deb02f
84251C,"GREETING CARD, TWO SISTERS.",2011-11,2011-12,M2_gbm_poisson,3.199635,13.352296,product,18,1.645000,21.964526,26,4.173069,C,0,0.000000,4,24,Forecast,20260818T075922Z-deb02f
84251F,"GREETING CARD, RITA",2011-11,2011-12,M2_gbm_poisson,,,,,,,,,C,0,,,,Inactive (no sales in last 6 months),20260818T075922Z-deb02f
84251G,"GREETING CARD, OVERCROWDED POOL.",2011-11,2011-12,M2_gbm_poisson,21.771173,40.262153,product,18,1.645000,66.231241,89,1.849333,C,1,17.000000,1,24,Forecast,20260818T075922Z-deb02f
84251J,"GREETING CARD, THE BLACK CAT",2011-11,2011-12,M2_gbm_poisson,,,,,,,,,C,0,,,,Inactive (no sales in last 6 months),20260818T075922Z-deb02f
84255A,PINK GLASS COCKTAIL LAMP,2011-11,2011-12,M2_gbm_poisson,,,,,,,,,C,0,,,,Inactive (no sales in last 6 months),20260818T075922Z-deb02f
84255B,ORANGE COCKTAIL GLASS LAMP,2011-11,2011-12,M2_gbm_poisson,,,,,,,,,C,0,,,,Inactive (no sales in last 6 months),20260818T075922Z-deb02f
84270,ASSTD DESIGN BUBBLE GUM RING,2011-11,2011-12,M2_gbm_poisson,,,,,,,,,A,0,,,,Inactive (no sales in last 6 months),20260818T075922Z-deb02f
84279B,CHERRY BLOSSOM DECORATIVE FLASK,2011-11,2011-12,M2_gbm_poisson,2.067319,22.869179,product,16,1.645000,37.619800,40,11.062242,B,0,0.000000,6,24,Forecast,20260818T075922Z-deb02f
84279P,CHERRY BLOSSOM  DECORATIVE FLASK,2011-11,2011-12,M2_gbm_poisson,49.687603,21.033424,product,18,1.645000,34.599982,85,0.423313,A,48,37.333333,1,24,Forecast,20260818T075922Z-deb02f
84288B,SET/2 BLUE  NOODLE BASKETS,2011-11,2011-12,M2_gbm_poisson,,,,,,,,,C,0,,,,Inactive (no sales in last 6 months),20260818T075922Z-deb02f
84292,ROSE PINK METAL FOLDING CHAIR,2011-11,2011-12,M2_gbm_poisson,,,,,,,,,C,0,,,,Inactive (no sales in last 6 months),20260818T075922Z-deb02f
84292B,BLUE COL METAL FOLDING CHAIR,2011-11,2011-12,M2_gbm_poisson,,,,,,,,,C,0,,,,Inactive (no sales in last 6 months),20260818T075922Z-deb02f
84306,S/3 PINK SQUARE PLANTERS ROSES,2011-11,2011-12,M2_gbm_poisson,,,,,,,,,C,0,,,,Inactive (no sales in last 6 months),20260818T075922Z-deb02f
84311,CAMOFLAGE CUSHION COVER,2011-11,2011-12,M2_gbm_poisson,,,,,,,,,C,0,,,,Inactive (no sales in last 6 months),20260818T075922Z-deb02f
84313A,PINK TV TRAY TABLE,2011-11,2011-12,M2_gbm_poisson,,,,,,,,,C,0,,,,Inactive (no sales in last 6 months),20260818T075922Z-deb02f
84313B,BLUE TV TRAY TABLE,2011-11,2011-12,M2_gbm_poisson,,,,,,,,,B,0,,,,Inactive (no sales in last 6 months),20260818T075922Z-deb02f
84313C,ORANGE TV TRAY TABLE,2011-11,2011-12,M2_gbm_poisson,2.059384,25.061500,product,18,1.645000,41.226167,44,12.169418,B,0,0.000000,6,23,Forecast,20260818T075922Z-deb02f
84327A,PINK JUMPER LARRY THE LAMB,2011-11,2011-12,M2_gbm_poisson,,,,,,,,,B,0,,,,Inactive (no sales in last 6 months),20260818T075922Z-deb02f
84340,LARGE FIBRE OPTIC CHRISTMAS TREE,2011-11,2011-12,M2_gbm_poisson,,,,,,,,,C,0,,,,Inactive (no sales in last 6 months),20260818T075922Z-deb02f
84341B,SMALL PINK MAGIC CHRISTMAS TREE,2011-11,2011-12,M2_gbm_poisson,52.555047,32.402742,product,18,1.645000,53.302510,106,0.616549,C,4,133.666667,1,24,Forecast,20260818T075922Z-deb02f
84347,ROTATING SILVER ANGELS T-LIGHT HLDR,2011-11,2011-12,M2_gbm_poisson,1175.521519,324.909047,product,18,1.645000,534.475383,1710,0.276396,A,3064,1943.666667,1,24,Forecast,20260818T075922Z-deb02f
84352,SILVER CHRISTMAS TREE BAUBLE STAND,2011-11,2011-12,M2_gbm_poisson,2.639376,6.796461,product,18,1.645000,11.180178,14,2.575025,A,0,1.000000,3,24,Forecast,20260818T075922Z-deb02f
84356,POMPOM CURTAIN,2011-11,2011-12,M2_gbm_poisson,35.431520,21.798445,product,18,1.645000,35.858443,72,0.615227,B,36,17.333333,1,24,Forecast,20260818T075922Z-deb02f
84358,FLOOR LAMP SHADE WOOD BASE,2011-11,2011-12,M2_gbm_poisson,2.430712,5.143065,product,18,1.645000,8.460342,11,2.115868,B,0,0.000000,4,24,Forecast,20260818T075922Z-deb02f
84360,TABLE LAMP WHITE SHADE WOOD BASE,2011-11,2011-12,M2_gbm_poisson,10.917017,5.537808,product,18,1.645000,9.109693,21,0.507264,C,5,4.333333,1,24,Forecast,20260818T075922Z-deb02f
84366,VENDETTA CANVAS PICTURE,2011-11,2011-12,M2_gbm_poisson,,,,,,,,,C,0,,,,Inactive (no sales in last 6 months),20260818T075922Z-deb02f
84367,LA STREGA CANVAS PICTURE,2011-11,2011-12,M2_gbm_poisson,,,,,,,,,C,0,,,,Inactive (no sales in last 6 months),20260818T075922Z-deb02f
84371,BIG PINK POODLE,2011-11,2011-12,M2_gbm_poisson,,,,,,,,,C,0,,,,Inactive (no sales in last 6 months),20260818T075922Z-deb02f
84375,SET OF 20 KIDS COOKIE CUTTERS,2011-11,2011-12,M2_gbm_poisson,271.768217,202.457333,product,18,1.645000,333.042312,605,0.744963,A,606,438.000000,1,24,Forecast,20260818T075922Z-deb02f
84378,SET OF 3 HEART COOKIE CUTTERS,2011-11,2011-12,M2_gbm_poisson,631.963563,336.211426,product,18,1.645000,553.067796,1186,0.532011,A,1390,757.000000,1,24,Forecast,20260818T075922Z-deb02f
84380,SET OF 3 BUTTERFLY COOKIE CUTTERS,2011-11,2011-12,M2_gbm_poisson,328.102449,181.196107,product,18,1.645000,298.067596,627,0.552255,A,503,508.666667,1,24,Forecast,20260818T075922Z-deb02f
84387A,BIRD ON BRANCH CANVAS SCREEN,2011-11,2011-12,M2_gbm_poisson,4.072032,8.023905,abc_group,4,1.645000,13.199324,18,1.970492,C,0,0.000000,5,5,Forecast,20260818T075922Z-deb02f
84388,WISE MAN STAR SHAPE EGG PAN,2011-11,2011-12,M2_gbm_poisson,,,,,,,,,C,0,,,,Inactive (no sales in last 6 months),20260818T075922Z-deb02f
84396,6 HOOK JEWELLERY STAND BLACK DRESS,2011-11,2011-12,M2_gbm_poisson,,,,,,,,,B,0,,,,Inactive (no sales in last 6 months),20260818T075922Z-deb02f
84402B,PURPLE DRESS JEWELLERY STAND,2011-11,2011-12,M2_gbm_poisson,2.054573,2.757636,product,10,1.645000,4.536311,7,1.342194,C,0,0.000000,5,13,Forecast,20260818T075922Z-deb02f
84402D,PINK DRESS JEWELLERY STAND,2011-11,2011-12,M2_gbm_poisson,,,,,,,,,C,0,,,,Inactive (no sales in last 6 months),20260818T075922Z-deb02f
84405A,S/3 PINK COL METAL BASKET W HANDLE,2011-11,2011-12,M2_gbm_poisson,,,,,,,,,B,0,,,,Inactive (no sales in last 6 months),20260818T075922Z-deb02f
84406B,CREAM CUPID HEARTS COAT HANGER,2011-11,2011-12,M2_gbm_poisson,64.372384,140.935437,product,18,1.645000,231.838794,297,2.189377,A,79,73.000000,1,24,Forecast,20260818T075922Z-deb02f
84414B,FUSCHIA/GREEN STRIPE WOOLLY BLANKET,2011-11,2011-12,M2_gbm_poisson,,,,,,,,,C,0,,,,Inactive (no sales in last 6 months),20260818T075922Z-deb02f
84415A,PINK FLOCK SUEDE CUSHION COVER,2011-11,2011-12,M2_gbm_poisson,2.074774,3.800274,product,14,1.645000,6.251451,9,1.831657,C,0,0.000000,6,24,Forecast,20260818T075922Z-deb02f
84415B,BLUE FLOCK CUSHION COVER,2011-11,2011-12,M2_gbm_poisson,2.192547,2.269712,product,18,1.645000,3.733677,6,1.035194,C,0,0.000000,6,24,Forecast,20260818T075922Z-deb02f
84422,PINK/BLUE DISC/MIRROR STRING,2011-11,2011-12,M2_gbm_poisson,7.195232,14.267727,product,18,1.645000,23.470411,31,1.982942,C,0,5.666667,3,24,Forecast,20260818T075922Z-deb02f
84424A,FOUR PICTURE WHITE GLASS FRAME,2011-11,2011-12,M2_gbm_poisson,,,,,,,,,C,0,,,,Inactive (no sales in last 6 months),20260818T075922Z-deb02f
84425A,WHITE GLASS TV TRIPLE FRAME,2011-11,2011-12,M2_gbm_poisson,,,,,,,,,C,0,,,,Inactive (no sales in last 6 months),20260818T075922Z-deb02f
84427B,BLACK GLASS TV DOUBLE P/FRAME 15X10,2011-11,2011-12,M2_gbm_poisson,,,,,,,,,C,0,,,,Inactive (no sales in last 6 months),20260818T075922Z-deb02f
84429A,MEDIUM PINK BUDDHA HEAD,2011-11,2011-12,M2_gbm_poisson,16.199421,7.331235,product,18,1.645000,12.059881,29,0.452562,C,13,5.000000,1,24,Forecast,20260818T075922Z-deb02f
84437A,S/6 PINK EASTER DECS IN BOX,2011-11,2011-12,M2_gbm_poisson,,,,,,,,,C,0,,,,Inactive (no sales in last 6 months),20260818T075922Z-deb02f
84447,6 RABBIT CHAIN EASTER,2011-11,2011-12,M2_gbm_poisson,,,,,,,,,C,0,,,,Inactive (no sales in last 6 months),20260818T075922Z-deb02f
84450A,PINK RABBIT SITTING EASTER,2011-11,2011-12,M2_gbm_poisson,,,,,,,,,C,0,,,,Inactive (no sales in last 6 months),20260818T075922Z-deb02f
84450B,PINK/YELLOW RABBIT SAT EASTER,2011-11,2011-12,M2_gbm_poisson,,,,,,,,,C,0,,,,Inactive (no sales in last 6 months),20260818T075922Z-deb02f
84452,METAL RABBIT LADDER EASTER,2011-11,2011-12,M2_gbm_poisson,8.284168,8.368091,product,16,1.645000,13.765510,23,1.010131,C,0,4.000000,2,24,Forecast,20260818T075922Z-deb02f
84454,WOBBLING METAL CHICKEN EASTER,2011-11,2011-12,M2_gbm_poisson,,,,,,,,,C,0,,,,Inactive (no sales in last 6 months),20260818T075922Z-deb02f
84455,SET OF 3 RABBIT CARROTS EASTER,2011-11,2011-12,M2_gbm_poisson,,,,,,,,,C,0,,,,Inactive (no sales in last 6 months),20260818T075922Z-deb02f
84456,SET OF 3 RABBIT EGG EASTER,2011-11,2011-12,M2_gbm_poisson,,,,,,,,,C,0,,,,Inactive (no sales in last 6 months),20260818T075922Z-deb02f
84457,SET/3 RABBITS FLOWER SKIPPPING ROPE,2011-11,2011-12,M2_gbm_poisson,18.290716,8.153040,product,18,1.645000,13.411750,32,0.445747,C,12,4.000000,1,23,Forecast,20260818T075922Z-deb02f
84458,S/3 RABBIT FLOWER/EGG/CARROT ROPE,2011-11,2011-12,M2_gbm_poisson,,,,,,,,,C,0,,,,Inactive (no sales in last 6 months),20260818T075922Z-deb02f
84459A,PINK METAL CHICKEN HEART,2011-11,2011-12,M2_gbm_poisson,6.785396,25.359725,product,18,1.645000,41.716747,49,3.737398,B,0,3.000000,2,24,Forecast,20260818T075922Z-deb02f
84459B,YELLOW METAL CHICKEN HEART,2011-11,2011-12,M2_gbm_poisson,,,,,,,,,B,0,,,,Inactive (no sales in last 6 months),20260818T075922Z-deb02f
84461,12 PINK HEN+CHICKS IN BASKET,2011-11,2011-12,M2_gbm_poisson,,,,,,,,,C,0,,,,Inactive (no sales in last 6 months),20260818T075922Z-deb02f
84462,3 PINK HEN+CHICKS IN BASKET,2011-11,2011-12,M2_gbm_poisson,,,,,,,,,C,0,,,,Inactive (no sales in last 6 months),20260818T075922Z-deb02f
84464,S/60 PINK FLUFFY CHICKS IN BOX,2011-11,2011-12,M2_gbm_poisson,,,,,,,,,C,0,,,,Inactive (no sales in last 6 months),20260818T075922Z-deb02f
84465,15 PINK FLUFFY CHICKS IN BOX,2011-11,2011-12,M2_gbm_poisson,4.944093,1.059318,product,15,1.645000,1.742578,7,0.214259,C,1,0.333333,1,22,Forecast,20260818T075922Z-deb02f
84466,TOP SECRET PEN SET,2011-11,2011-12,M2_gbm_poisson,2.192547,9.992576,product,14,1.645000,16.437787,19,4.557520,B,0,0.000000,5,24,Forecast,20260818T075922Z-deb02f
84467,ENGLISH ROSE DESIGN QUILTED THROW,2011-11,2011-12,M2_gbm_poisson,,,,,,,,,A,0,,,,Inactive (no sales in last 6 months),20260818T075922Z-deb02f
84469,ROSE DES PADDED FLOOR CUSHION,2011-11,2011-12,M2_gbm_poisson,,,,,,,,,B,0,,,,Inactive (no sales in last 6 months),20260818T075922Z-deb02f
84472,PINK AND LILAC QUILTED THROW,2011-11,2011-12,M2_gbm_poisson,,,,,,,,,A,0,,,,Inactive (no sales in last 6 months),20260818T075922Z-deb02f
84482,BUTTONS DESIGN JEWELLERY BOX,2011-11,2011-12,M2_gbm_poisson,,,,,,,,,C,0,,,,Inactive (no sales in last 6 months),20260818T075922Z-deb02f
84493,BLUE/PINK NEST STRIPE BOX,2011-11,2011-12,M2_gbm_poisson,,,,,,,,,C,0,,,,Inactive (no sales in last 6 months),20260818T075922Z-deb02f
84497,BUTTONS AND STRIPES NOTEBOOK,2011-11,2011-12,M2_gbm_poisson,4.257757,4.957666,product,18,1.645000,8.155361,13,1.164384,C,1,0.333333,1,24,Forecast,20260818T075922Z-deb02f
84499,BLACK FLOWER CANDLE PLATE,2011-11,2011-12,M2_gbm_poisson,,,,,,,,,C,0,,,,Inactive (no sales in last 6 months),20260818T075922Z-deb02f
84507B,STRIPES DESIGN MONKEY DOLL,2011-11,2011-12,M2_gbm_poisson,3.402240,11.565244,product,18,1.645000,19.024826,23,3.399303,B,0,0.666667,3,24,Forecast,20260818T075922Z-deb02f
84507C,BLUE CIRCLES DESIGN MONKEY DOLL,2011-11,2011-12,M2_gbm_poisson,4.800258,12.082968,product,18,1.645000,19.876482,25,2.517150,C,0,1.666667,2,24,Forecast,20260818T075922Z-deb02f
84508A,CAMOUFLAGE DESIGN TEDDY,2011-11,2011-12,M2_gbm_poisson,11.432846,161.271817,product,18,1.645000,265.292138,277,14.106008,A,0,80.333333,3,24,Forecast,20260818T075922Z-deb02f
84508B,STRIPES DESIGN TEDDY,2011-11,2011-12,M2_gbm_poisson,15.133121,6.323882,product,18,1.645000,10.402786,26,0.417884,C,8,5.666667,1,24,Forecast,20260818T075922Z-deb02f
84508C,BLUE CIRCLES DESIGN TEDDY,2011-11,2011-12,M2_gbm_poisson,27.689723,4.151280,product,18,1.645000,6.828856,35,0.149921,C,19,10.666667,1,24,Forecast,20260818T075922Z-deb02f
84509A,SET OF 4 ENGLISH ROSE PLACEMATS,2011-11,2011-12,M2_gbm_poisson,74.308509,33.286075,product,18,1.645000,54.755593,130,0.447944,A,88,78.666667,1,24,Forecast,20260818T075922Z-deb02f
84509B,SET OF 4 FAIRY CAKE PLACEMATS,2011-11,2011-12,M2_gbm_poisson,35.528536,24.753415,product,18,1.645000,40.719368,77,0.696719,B,27,17.000000,1,24,Forecast,20260818T075922Z-deb02f
84509C,SET OF 4 POLKADOT PLACEMATS,2011-11,2011-12,M2_gbm_poisson,21.330246,15.673751,product,18,1.645000,25.783320,48,0.734813,B,14,10.333333,1,24,Forecast,20260818T075922Z-deb02f
84509E,SET OF 4 CAROUSEL PLACEMATS,2011-11,2011-12,M2_gbm_poisson,3.709263,8.763574,product,18,1.645000,14.416080,19,2.362619,C,0,1.666667,2,23,Forecast,20260818T075922Z-deb02f
84509F,SET OF 4 NEW ENGLAND PLACEMATS,2011-11,2011-12,M2_gbm_poisson,,,,,,,,,B,0,,,,Inactive (no sales in last 6 months),20260818T075922Z-deb02f
84509G,SET OF 4 FAIRY CAKE PLACEMATS,2011-11,2011-12,M2_gbm_poisson,24.210977,24.524354,product,18,1.645000,40.342562,65,1.012944,B,18,13.333333,1,24,Forecast,20260818T075922Z-deb02f
84510A,SET OF 4 ENGLISH ROSE COASTERS,2011-11,2011-12,M2_gbm_poisson,78.813427,62.293589,product,18,1.645000,102.472954,182,0.790393,B,129,115.333333,1,24,Forecast,20260818T075922Z-deb02f
84510B,SET OF 4 FAIRY CAKES COASTERS,2011-11,2011-12,M2_gbm_poisson,,,,,,,,,B,0,,,,Inactive (no sales in last 6 months),20260818T075922Z-deb02f
84510C,SET OF 4 POLKADOT COASTERS,2011-11,2011-12,M2_gbm_poisson,28.008734,12.176446,product,18,1.645000,20.030253,49,0.434737,C,15,9.333333,1,24,Forecast,20260818T075922Z-deb02f
84510E,SET OF 4 GREEN CAROUSEL COASTERS,2011-11,2011-12,M2_gbm_poisson,14.807574,5.551966,product,18,1.645000,9.132985,24,0.374941,C,10,5.333333,1,23,Forecast,20260818T075922Z-deb02f
84510F,SET OF 4 NEW ENGLAND COASTERS,2011-11,2011-12,M2_gbm_poisson,,,,,,,,,C,0,,,,Inactive (no sales in last 6 months),20260818T075922Z-deb02f
84519A,TOMATO CHARLIE+LOLA COASTER SET,2011-11,2011-12,M2_gbm_poisson,59.422276,28.659325,product,18,1.645000,47.144590,107,0.482299,B,103,45.000000,1,24,Forecast,20260818T075922Z-deb02f
84519B,CARROT CHARLIE+LOLA COASTER SET,2011-11,2011-12,M2_gbm_poisson,64.271433,30.119686,product,18,1.645000,49.546884,114,0.468633,B,84,48.333333,1,24,Forecast,20260818T075922Z-deb02f
84520B,PACK 20 ENGLISH ROSE PAPER NAPKINS,2011-11,2011-12,M2_gbm_poisson,,,,,,,,,A,0,,,,Inactive (no sales in last 6 months),20260818T075922Z-deb02f
84520D,PACK OF 20 FAIRY CAKE PAPER NAPKINS,2011-11,2011-12,M2_gbm_poisson,,,,,,,,,C,0,,,,Inactive (no sales in last 6 months),20260818T075922Z-deb02f
84522,PINK PARTY SUNGLASSES,2011-11,2011-12,M2_gbm_poisson,5.310150,5.978807,product,18,1.645000,9.835137,16,1.125920,C,1,0.333333,1,24,Forecast,20260818T075922Z-deb02f
84526,GIANT BLACK SUNGLASSES,2011-11,2011-12,M2_gbm_poisson,,,,,,,,,B,0,,,,Inactive (no sales in last 6 months),20260818T075922Z-deb02f
84527,FLAMES SUNGLASSES PINK LENSES,2011-11,2011-12,M2_gbm_poisson,6.211610,6.483336,product,18,1.645000,10.665087,17,1.043745,C,1,0.333333,1,21,Forecast,20260818T075922Z-deb02f
84529A,PINK KNITTED KIDS RUCKSACK,2011-11,2011-12,M2_gbm_poisson,,,,,,,,,C,0,,,,Inactive (no sales in last 6 months),20260818T075922Z-deb02f
84529B,BLUE KNITTED KID'S RUCKSACK,2011-11,2011-12,M2_gbm_poisson,,,,,,,,,C,0,,,,Inactive (no sales in last 6 months),20260818T075922Z-deb02f
84529C,YELLOW KNITTED KIDS RUCKSACK,2011-11,2011-12,M2_gbm_poisson,,,,,,,,,C,0,,,,Inactive (no sales in last 6 months),20260818T075922Z-deb02f
84531A,PINK KNITTED EGG COSY,2011-11,2011-12,M2_gbm_poisson,,,,,,,,,C,0,,,,Inactive (no sales in last 6 months),20260818T075922Z-deb02f
84531B,BLUE KNITTED EGG COSY,2011-11,2011-12,M2_gbm_poisson,,,,,,,,,C,0,,,,Inactive (no sales in last 6 months),20260818T075922Z-deb02f
84532B,FAIRY CAKES RECTANGLUAR BOXES,2011-11,2011-12,M2_gbm_poisson,,,,,,,,,C,0,,,,Inactive (no sales in last 6 months),20260818T075922Z-deb02f
84533B,FAIRY CAKES ROUND NESTING BOXES,2011-11,2011-12,M2_gbm_poisson,,,,,,,,,C,0,,,,Inactive (no sales in last 6 months),20260818T075922Z-deb02f
84534B,FAIRY CAKE NOTEBOOK A5 SIZE,2011-11,2011-12,M2_gbm_poisson,,,,,,,,,C,0,,,,Inactive (no sales in last 6 months),20260818T075922Z-deb02f
84535A,ENGLISH ROSE NOTEBOOK A6 SIZE,2011-11,2011-12,M2_gbm_poisson,,,,,,,,,C,0,,,,Inactive (no sales in last 6 months),20260818T075922Z-deb02f
84535B,FAIRY CAKES NOTEBOOK A6 SIZE,2011-11,2011-12,M2_gbm_poisson,84.074924,66.768372,product,18,1.645000,109.833972,194,0.794153,B,166,182.333333,1,24,Forecast,20260818T075922Z-deb02f
84536A,ENGLISH ROSE NOTEBOOK A7 SIZE,2011-11,2011-12,M2_gbm_poisson,244.102769,105.335839,product,18,1.645000,173.277455,418,0.431523,B,555,348.666667,1,24,Forecast,20260818T075922Z-deb02f
84536B,FAIRY CAKES NOTEBOOK A7 SIZE,2011-11,2011-12,M2_gbm_poisson,173.108352,106.288558,product,18,1.645000,174.844677,348,0.614000,B,159,220.000000,1,24,Forecast,20260818T075922Z-deb02f
84537B,FAIRY CAKES GIFT BAG,2011-11,2011-12,M2_gbm_poisson,,,,,,,,,C,0,,,,Inactive (no sales in last 6 months),20260818T075922Z-deb02f
84539,KNITTED RABBIT DOLL,2011-11,2011-12,M2_gbm_poisson,2.059384,4.255062,product,17,1.645000,6.999577,10,2.066182,C,0,0.000000,5,24,Forecast,20260818T075922Z-deb02f
84546,CROCHET POODLE KEYRING,2011-11,2011-12,M2_gbm_poisson,,,,,,,,,C,0,,,,Inactive (no sales in last 6 months),20260818T075922Z-deb02f
84548,CROCHET BEAR RED/BLUE  KEYRING,2011-11,2011-12,M2_gbm_poisson,2.114785,4.779309,product,18,1.645000,7.861964,10,2.259951,C,0,0.000000,5,24,Forecast,20260818T075922Z-deb02f
84549,CROCHET WHITE RABBIT KEYRING,2011-11,2011-12,M2_gbm_poisson,5.183108,9.493977,product,18,1.645000,15.617593,21,1.831715,C,1,0.333333,1,24,Forecast,20260818T075922Z-deb02f
84550,CROCHET LILAC/RED BEAR KEYRING,2011-11,2011-12,M2_gbm_poisson,8.082185,2.232277,product,12,1.645000,3.672095,12,0.276197,C,1,0.333333,1,24,Forecast,20260818T075922Z-deb02f
84551,CROCHET DOG KEYRING,2011-11,2011-12,M2_gbm_poisson,8.206487,3.855427,product,14,1.645000,6.342178,15,0.469802,C,0,4.000000,2,24,Forecast,20260818T075922Z-deb02f
84555A,YELLOW VW BEETLE CERAMIC MONEY BOX,2011-11,2011-12,M2_gbm_poisson,,,,,,,,,C,0,,,,Inactive (no sales in last 6 months),20260818T075922Z-deb02f
84558A,3D DOG PICTURE PLAYING CARDS,2011-11,2011-12,M2_gbm_poisson,50.771899,36.165877,product,18,1.645000,59.492868,111,0.712321,B,49,33.666667,1,24,Forecast,20260818T075922Z-deb02f
84559A,3D SHEET OF DOG STICKERS,2011-11,2011-12,M2_gbm_poisson,57.982763,27.337217,product,18,1.645000,44.969721,103,0.471471,B,72,48.666667,1,24,Forecast,20260818T075922Z-deb02f
84559B,3D SHEET OF CAT STICKERS,2011-11,2011-12,M2_gbm_poisson,14.767898,29.664973,product,18,1.645000,48.798880,64,2.008747,B,1,7.000000,1,24,Forecast,20260818T075922Z-deb02f
84559D,3D SHEET OF SEA WORLD STICKERS,2011-11,2011-12,M2_gbm_poisson,,,,,,,,,C,0,,,,Inactive (no sales in last 6 months),20260818T075922Z-deb02f
84562A,PINK/WHITE RIBBED MELAMINE JUG,2011-11,2011-12,M2_gbm_poisson,,,,,,,,,B,0,,,,Inactive (no sales in last 6 months),20260818T075922Z-deb02f
84562B,BLUE/WHITE RIBBED MELAMINE JUG,2011-11,2011-12,M2_gbm_poisson,,,,,,,,,C,0,,,,Inactive (no sales in last 6 months),20260818T075922Z-deb02f
84563A,PINK & WHITE BREAKFAST TRAY,2011-11,2011-12,M2_gbm_poisson,,,,,,,,,C,0,,,,Inactive (no sales in last 6 months),20260818T075922Z-deb02f
84563B,BLUE & WHITE BREAKFAST TRAY,2011-11,2011-12,M2_gbm_poisson,2.043711,10.343655,product,18,1.645000,17.015313,20,5.061212,C,0,0.000000,6,24,Forecast,20260818T075922Z-deb02f
84564,6 SEGMENT COLOURED SNACK BOWL,2011-11,2011-12,M2_gbm_poisson,,,,,,,,,C,0,,,,Inactive (no sales in last 6 months),20260818T075922Z-deb02f
84567,FROSTED GLASS WITH SILVER SURROUND,2011-11,2011-12,M2_gbm_poisson,,,,,,,,,C,0,,,,Inactive (no sales in last 6 months),20260818T075922Z-deb02f
84568,GIRLS ALPHABET IRON ON PATCHES,2011-11,2011-12,M2_gbm_poisson,479.325569,1676.918155,product,18,1.645000,2758.530365,3238,3.498495,A,1076,893.000000,1,24,Forecast,20260818T075922Z-deb02f
84569A,PACK 3 IRON ON DOG PATCHES,2011-11,2011-12,M2_gbm_poisson,20.186334,16.384657,product,18,1.645000,26.952761,48,0.811671,C,12,12.000000,1,24,Forecast,20260818T075922Z-deb02f
84569B,PACK 3 FIRE ENGINE/CAR PATCHES,2011-11,2011-12,M2_gbm_poisson,,,,,,,,,C,0,,,,Inactive (no sales in last 6 months),20260818T075922Z-deb02f
84569C,PACK 4 FLOWER/BUTTERFLY PATCHES,2011-11,2011-12,M2_gbm_poisson,,,,,,,,,C,0,,,,Inactive (no sales in last 6 months),20260818T075922Z-deb02f
84569D,PACK 6 HEART/ICE-CREAM PATCHES,2011-11,2011-12,M2_gbm_poisson,34.407979,36.609768,product,18,1.645000,60.223068,95,1.063991,B,25,12.333333,1,24,Forecast,20260818T075922Z-deb02f
84570B,WHITE SATIN DRESS JEWEL STAND,2011-11,2011-12,M2_gbm_poisson,,,,,,,,,C,0,,,,Inactive (no sales in last 6 months),20260818T075922Z-deb02f
84572,6 HOOK JEWEL STAND LILAC DRESS,2011-11,2011-12,M2_gbm_poisson,,,,,,,,,C,0,,,,Inactive (no sales in last 6 months),20260818T075922Z-deb02f
84575A,PINK DOG CANNISTER,2011-11,2011-12,M2_gbm_poisson,,,,,,,,,C,0,,,,Inactive (no sales in last 6 months),20260818T075922Z-deb02f
84575B,BROWN DOG CANNISTER W BONE,2011-11,2011-12,M2_gbm_poisson,,,,,,,,,C,0,,,,Inactive (no sales in last 6 months),20260818T075922Z-deb02f
84576,BLUE CAT BISCUIT BARREL PINK HEART,2011-11,2011-12,M2_gbm_poisson,2.888475,6.112760,product,18,1.645000,10.055490,13,2.116259,C,0,0.000000,5,24,Forecast,20260818T075922Z-deb02f
84578,ELEPHANT TOY WITH BLUE T-SHIRT,2011-11,2011-12,M2_gbm_poisson,,,,,,,,,C,0,,,,Inactive (no sales in last 6 months),20260818T075922Z-deb02f
84580,MOUSE TOY WITH PINK T-SHIRT,2011-11,2011-12,M2_gbm_poisson,64.771774,22.883190,product,18,1.645000,37.642847,103,0.353290,B,70,48.666667,1,24,Forecast,20260818T075922Z-deb02f
84581,DOG TOY WITH PINK CROCHET SKIRT,2011-11,2011-12,M2_gbm_poisson,43.559925,14.732300,product,18,1.645000,24.234633,68,0.338208,B,30,26.333333,1,24,Forecast,20260818T075922Z-deb02f
84582,PINK CROCHET CAT WITH SCARF,2011-11,2011-12,M2_gbm_poisson,,,,,,,,,C,0,,,,Inactive (no sales in last 6 months),20260818T075922Z-deb02f
84584,PINK GINGHAM CAT WITH SCARF,2011-11,2011-12,M2_gbm_poisson,2.059384,19.082396,product,18,1.645000,31.390542,34,9.266072,C,0,0.000000,5,24,Forecast,20260818T075922Z-deb02f
84586L,"PINK ROSES/GINGHAM PATCH RABBIT 8""",2011-11,2011-12,M2_gbm_poisson,,,,,,,,,C,0,,,,Inactive (no sales in last 6 months),20260818T075922Z-deb02f
84592,CROCHET ROSE PURSE WITH SUEDE BACK,2011-11,2011-12,M2_gbm_poisson,16.316151,7.061550,product,18,1.645000,11.616249,28,0.432795,C,13,7.000000,1,24,Forecast,20260818T075922Z-deb02f
84593,CROCHET ROSE DES CLOTHES HANGER,2011-11,2011-12,M2_gbm_poisson,,,,,,,,,C,0,,,,Inactive (no sales in last 6 months),20260818T075922Z-deb02f
84595B,LARGE TRIFLE DESIGN L BLUE BOWL,2011-11,2011-12,M2_gbm_poisson,,,,,,,,,C,0,,,,Inactive (no sales in last 6 months),20260818T075922Z-deb02f
84595E,LARGE TORTILLA DESIGN RED BOWL,2011-11,2011-12,M2_gbm_poisson,3.674923,14.961658,product,18,1.645000,24.611927,29,4.071285,C,0,0.000000,4,24,Forecast,20260818T075922Z-deb02f
84596B,SMALL DOLLY MIX DESIGN ORANGE BOWL,2011-11,2011-12,M2_gbm_poisson,291.820497,114.984303,product,18,1.645000,189.149179,481,0.394024,B,597,469.000000,1,24,Forecast,20260818T075922Z-deb02f
84596E,SMALL LICORICE DES PINK BOWL,2011-11,2011-12,M2_gbm_poisson,,,,,,,,,B,0,,,,Inactive (no sales in last 6 months),20260818T075922Z-deb02f
84596F,SMALL MARSHMALLOWS PINK BOWL,2011-11,2011-12,M2_gbm_poisson,230.239601,91.787099,product,18,1.645000,150.989778,382,0.398659,B,461,341.000000,1,24,Forecast,20260818T075922Z-deb02f
84596G,SMALL CHOCOLATES PINK BOWL,2011-11,2011-12,M2_gbm_poisson,85.335184,57.912432,product,18,1.645000,95.265950,181,0.678647,B,140,141.666667,1,24,Forecast,20260818T075922Z-deb02f
84596I,WRAP SWEETS LIGHT PINK SMALL BOWL,2011-11,2011-12,M2_gbm_poisson,,,,,,,,,C,0,,,,Inactive (no sales in last 6 months),20260818T075922Z-deb02f
84596J,MIXED NUTS LIGHT GREEN BOWL,2011-11,2011-12,M2_gbm_poisson,,,,,,,,,C,0,,,,Inactive (no sales in last 6 months),20260818T075922Z-deb02f
84596K,JELLY BABIES YELLOW SMALL BOWL,2011-11,2011-12,M2_gbm_poisson,,,,,,,,,C,0,,,,Inactive (no sales in last 6 months),20260818T075922Z-deb02f
84596L,BISCUITS SMALL BOWL LIGHT BLUE,2011-11,2011-12,M2_gbm_poisson,11.228461,62.109376,product,18,1.645000,102.169923,114,5.531424,C,0,20.000000,3,24,Forecast,20260818T075922Z-deb02f
84597B,RETRO BROWN BALL ASHTRAY,2011-11,2011-12,M2_gbm_poisson,2.074774,8.770765,product,18,1.645000,14.427909,17,4.227334,C,0,0.000000,6,24,Forecast,20260818T075922Z-deb02f
84597C,RETRO PINK BALL ASHTRAY,2011-11,2011-12,M2_gbm_poisson,2.192547,14.441784,product,18,1.645000,23.756735,26,6.586762,C,0,0.000000,6,24,Forecast,20260818T075922Z-deb02f
84598,BOYS ALPHABET IRON ON PATCHES,2011-11,2011-12,M2_gbm_poisson,142.266515,368.211864,product,18,1.645000,605.708517,748,2.588184,A,424,177.000000,1,24,Forecast,20260818T075922Z-deb02f
84599,CANDY STRIPE ROSE FLOOR CUSHION,2011-11,2011-12,M2_gbm_poisson,,,,,,,,,C,0,,,,Inactive (no sales in last 6 months),20260818T075922Z-deb02f
84600,NEW BAROQUE JEWELLERY BOX,2011-11,2011-12,M2_gbm_poisson,19.648289,4.764706,product,18,1.645000,7.837941,28,0.242500,C,14,11.000000,1,24,Forecast,20260818T075922Z-deb02f
84601A,NEW BAROQUE IVORY CUSHION COVER,2011-11,2011-12,M2_gbm_poisson,,,,,,,,,C,0,,,,Inactive (no sales in last 6 months),20260818T075922Z-deb02f
84608,ORNATE EDWARDIAN CANDLE HOLDER,2011-11,2011-12,M2_gbm_poisson,,,,,,,,,C,0,,,,Inactive (no sales in last 6 months),20260818T075922Z-deb02f
84609,TALL ROCOCO CANDLE HOLDER,2011-11,2011-12,M2_gbm_poisson,30.214704,6.990088,product,18,1.645000,11.498695,42,0.231347,C,32,23.333333,1,24,Forecast,20260818T075922Z-deb02f
84611B,BLACK NEW BAROQUE FLOCK BOX,2011-11,2011-12,M2_gbm_poisson,,,,,,,,,C,0,,,,Inactive (no sales in last 6 months),20260818T075922Z-deb02f
84612B,SET/4 BLACK  BAROQUE FLOCK COASTER,2011-11,2011-12,M2_gbm_poisson,,,,,,,,,C,0,,,,Inactive (no sales in last 6 months),20260818T075922Z-deb02f
84613A,PINK NEW BAROQUE FLOCK CANDLESTICK,2011-11,2011-12,M2_gbm_poisson,,,,,,,,,C,0,,,,Inactive (no sales in last 6 months),20260818T075922Z-deb02f
84613C,BLUE NEW BAROQUE FLOCK CANDLESTICK,2011-11,2011-12,M2_gbm_poisson,,,,,,,,,C,0,,,,Inactive (no sales in last 6 months),20260818T075922Z-deb02f
84614A,PINK BAROQUE FLOCK CANDLE HOLDER,2011-11,2011-12,M2_gbm_poisson,,,,,,,,,C,0,,,,Inactive (no sales in last 6 months),20260818T075922Z-deb02f
84614C,BLUE BAROQUE FLOCK CANDLE HOLDER,2011-11,2011-12,M2_gbm_poisson,,,,,,,,,C,0,,,,Inactive (no sales in last 6 months),20260818T075922Z-deb02f
84615,PINK ROUND BUTTERFLY MIRROR,2011-11,2011-12,M2_gbm_poisson,,,,,,,,,C,0,,,,Inactive (no sales in last 6 months),20260818T075922Z-deb02f
84616,SILVER ROCCOCO CHANDELIER,2011-11,2011-12,M2_gbm_poisson,5.330152,2.084239,product,18,1.645000,3.428573,9,0.391028,B,1,3.000000,1,24,Forecast,20260818T075922Z-deb02f
84617,NEW BAROQUE BLACK BOXES,2011-11,2011-12,M2_gbm_poisson,4.547836,0.903793,product,12,1.645000,1.486739,7,0.198730,C,1,0.333333,1,24,Forecast,20260818T075922Z-deb02f
84619,BLUE GINGHAM ROSE QUILT,2011-11,2011-12,M2_gbm_poisson,,,,,,,,,B,0,,,,Inactive (no sales in last 6 months),20260818T075922Z-deb02f
84620,BLUE GINGHAM ROSE CUSHION COVER,2011-11,2011-12,M2_gbm_poisson,,,,,,,,,C,0,,,,Inactive (no sales in last 6 months),20260818T075922Z-deb02f
84621,BLUE GINGHAM ROSE FLOOR CUSHION,2011-11,2011-12,M2_gbm_poisson,,,,,,,,,C,0,,,,Inactive (no sales in last 6 months),20260818T075922Z-deb02f
84622,PINK GINGHAM ROSE CUSHION COVER,2011-11,2011-12,M2_gbm_poisson,,,,,,,,,C,0,,,,Inactive (no sales in last 6 months),20260818T075922Z-deb02f
84623,PINK GINGHAM ROSE FLOOR CUSHION,2011-11,2011-12,M2_gbm_poisson,,,,,,,,,C,0,,,,Inactive (no sales in last 6 months),20260818T075922Z-deb02f
84625A,PINK NEW BAROQUECANDLESTICK CANDLE,2011-11,2011-12,M2_gbm_poisson,16.381006,34.667191,product,18,1.645000,57.027529,74,2.116304,B,1,26.333333,1,24,Forecast,20260818T075922Z-deb02f
84625B,BLCK NEW BAROQUE CANDLESTICK CANDLE,2011-11,2011-12,M2_gbm_poisson,,,,,,,,,C,0,,,,Inactive (no sales in last 6 months),20260818T075922Z-deb02f
84625C,BLUE NEW BAROQUE CANDLESTICK CANDLE,2011-11,2011-12,M2_gbm_poisson,9.201375,45.028564,product,18,1.645000,74.071987,84,4.893678,C,0,24.666667,2,24,Forecast,20260818T075922Z-deb02f
84625D,WHITE NEWBAROQUE CANDLESTICK CANDLE,2011-11,2011-12,M2_gbm_poisson,,,,,,,,,C,0,,,,Inactive (no sales in last 6 months),20260818T075922Z-deb02f
84626,CANDY STRIPE ROSE QUILT,2011-11,2011-12,M2_gbm_poisson,,,,,,,,,C,0,,,,Inactive (no sales in last 6 months),20260818T075922Z-deb02f
84627,CANDY STRIPE ROSE C/COVER,2011-11,2011-12,M2_gbm_poisson,,,,,,,,,C,0,,,,Inactive (no sales in last 6 months),20260818T075922Z-deb02f
84629,WHITE 3 FRAME BIRDS AND TREE,2011-11,2011-12,M2_gbm_poisson,2.047207,1.688533,product,15,1.645000,2.777637,5,0.824798,C,0,0.000000,5,22,Forecast,20260818T075922Z-deb02f
84630,FLOWERS AND BIRDS WALL PLAQUE,2011-11,2011-12,M2_gbm_poisson,,,,,,,,,C,0,,,,Inactive (no sales in last 6 months),20260818T075922Z-deb02f
84631,FRUIT TREE AND BIRDS WALL PLAQUE,2011-11,2011-12,M2_gbm_poisson,2.033330,3.463205,product,18,1.645000,5.696973,8,1.703219,B,0,0.000000,6,24,Forecast,20260818T075922Z-deb02f
84632,DECORATIVE HANGING SHELVING UNIT,2011-11,2011-12,M2_gbm_poisson,2.033330,0.892451,product,18,1.645000,1.468082,4,0.438911,C,0,0.000000,5,21,Forecast,20260818T075922Z-deb02f
84637,KITCHEN FLOWER POTS WALL PLAQUE,2011-11,2011-12,M2_gbm_poisson,4.855998,6.208313,product,18,1.645000,10.212675,16,1.278484,B,0,3.000000,3,24,Forecast,20260818T075922Z-deb02f
84638,SMALL KITCHEN FLOWER POTS PLAQUE,2011-11,2011-12,M2_gbm_poisson,2.964982,5.527652,product,18,1.645000,9.092987,13,1.864312,B,0,0.333333,2,24,Forecast,20260818T075922Z-deb02f
84648,NEW BAROQUE WALL MIRROR,2011-11,2011-12,M2_gbm_poisson,,,,,,,,,C,0,,,,Inactive (no sales in last 6 months),20260818T075922Z-deb02f
84653,GREEN ROSE QUILT,2011-11,2011-12,M2_gbm_poisson,,,,,,,,,C,0,,,,Inactive (no sales in last 6 months),20260818T075922Z-deb02f
84656,WHITE ROSE C/COVER,2011-11,2011-12,M2_gbm_poisson,,,,,,,,,C,0,,,,Inactive (no sales in last 6 months),20260818T075922Z-deb02f
84657,GREEN ROSE CUSHION COVER,2011-11,2011-12,M2_gbm_poisson,,,,,,,,,C,0,,,,Inactive (no sales in last 6 months),20260818T075922Z-deb02f
84658,WHITE STITCHED CUSHION COVER,2011-11,2011-12,M2_gbm_poisson,9.936469,6.593419,product,18,1.645000,10.846174,21,0.663558,B,2,7.666667,1,24,Forecast,20260818T075922Z-deb02f
84659A,WHITE TRAVEL ALARM CLOCK,2011-11,2011-12,M2_gbm_poisson,22.029065,25.903172,product,18,1.645000,42.610718,65,1.175863,B,13,13.666667,1,24,Forecast,20260818T075922Z-deb02f
84660A,WHITE STITCHED WALL CLOCK,2011-11,2011-12,M2_gbm_poisson,19.665481,21.293101,product,18,1.645000,35.027151,55,1.082765,C,0,99.666667,2,24,Forecast,20260818T075922Z-deb02f
84660B,BLACK STITCHED WALL CLOCK,2011-11,2011-12,M2_gbm_poisson,10.684158,17.333077,product,18,1.645000,28.512911,40,1.622316,C,0,29.000000,3,24,Forecast,20260818T075922Z-deb02f
84660C,PINK STITCHED WALL CLOCK,2011-11,2011-12,M2_gbm_poisson,9.483695,15.908520,product,18,1.645000,26.169516,36,1.677460,C,0,14.333333,3,24,Forecast,20260818T075922Z-deb02f
84661A,WHITE SQUARE TABLE CLOCK,2011-11,2011-12,M2_gbm_poisson,10.070074,11.020092,product,18,1.645000,18.128051,29,1.094341,C,2,4.666667,1,24,Forecast,20260818T075922Z-deb02f
84661B,BLACK SQUARE TABLE CLOCK,2011-11,2011-12,M2_gbm_poisson,45.855310,14.030882,product,18,1.645000,23.080800,69,0.305982,C,35,25.333333,1,24,Forecast,20260818T075922Z-deb02f
84661C,PINK SQUARE TABLE CLOCK,2011-11,2011-12,M2_gbm_poisson,6.346918,6.158869,product,18,1.645000,10.131339,17,0.970372,C,0,2.333333,2,24,Forecast,20260818T075922Z-deb02f
84663A,GRASS HOPPER WOODEN WALL CLOCK,2011-11,2011-12,M2_gbm_poisson,29.702092,9.948543,product,18,1.645000,16.365352,47,0.334944,C,21,10.333333,1,24,Forecast,20260818T075922Z-deb02f
84664,CHERRY BLOSSOM BATHROOM CABINET,2011-11,2011-12,M2_gbm_poisson,,,,,,,,,B,0,,,,Inactive (no sales in last 6 months),20260818T075922Z-deb02f
84665,SQUARE CHERRY BLOSSOM CABINET,2011-11,2011-12,M2_gbm_poisson,15.038152,10.416155,product,18,1.645000,17.134574,33,0.692649,B,8,5.333333,1,24,Forecast,20260818T075922Z-deb02f
84666,SQUARE CHERRY BLOSSOM CABINET,2011-11,2011-12,M2_gbm_poisson,,,,,,,,,C,0,,,,Inactive (no sales in last 6 months),20260818T075922Z-deb02f
84670,JAPANESE CROCHETED ANIMAL,2011-11,2011-12,M2_gbm_poisson,,,,,,,,,B,0,,,,Inactive (no sales in last 6 months),20260818T075922Z-deb02f
84671B,CROCHET BEAR WITH BLUE STRIPES,2011-11,2011-12,M2_gbm_poisson,,,,,,,,,C,0,,,,Inactive (no sales in last 6 months),20260818T075922Z-deb02f
84673A,PINK FLY SWAT,2011-11,2011-12,M2_gbm_poisson,10.999698,36.732156,product,18,1.645000,60.424397,72,3.339379,C,4,2.333333,1,24,Forecast,20260818T075922Z-deb02f
84673B,BLUE FLY SWAT,2011-11,2011-12,M2_gbm_poisson,30.208486,25.096637,product,18,1.645000,41.283968,72,0.830781,C,19,11.000000,1,24,Forecast,20260818T075922Z-deb02f
84674,FLYING PIG WATERING CAN,2011-11,2011-12,M2_gbm_poisson,14.306501,11.027875,product,18,1.645000,18.140855,33,0.770830,B,5,6.666667,1,24,Forecast,20260818T075922Z-deb02f
84675,FROG KING WATERING CAN,2011-11,2011-12,M2_gbm_poisson,,,,,,,,,C,0,,,,Inactive (no sales in last 6 months),20260818T075922Z-deb02f
84676,BATH DUCK WATERING CAN,2011-11,2011-12,M2_gbm_poisson,,,,,,,,,B,0,,,,Inactive (no sales in last 6 months),20260818T075922Z-deb02f
84678,CLASSICAL ROSE SMALL VASE,2011-11,2011-12,M2_gbm_poisson,,,,,,,,,B,0,,,,Inactive (no sales in last 6 months),20260818T075922Z-deb02f
84679,CLASSICAL ROSE TABLE LAMP,2011-11,2011-12,M2_gbm_poisson,2.033330,0.630995,product,9,1.645000,1.037986,4,0.310326,C,0,0.000000,6,21,Forecast,20260818T075922Z-deb02f
84680,CLASSICAL ROSE URN,2011-11,2011-12,M2_gbm_poisson,,,,,,,,,C,0,,,,Inactive (no sales in last 6 months),20260818T075922Z-deb02f
84682,CLASSICAL ROSE DISH,2011-11,2011-12,M2_gbm_poisson,,,,,,,,,C,0,,,,Inactive (no sales in last 6 months),20260818T075922Z-deb02f
84683,CLASSICAL ROSE CANDLESTAND,2011-11,2011-12,M2_gbm_poisson,,,,,,,,,C,0,,,,Inactive (no sales in last 6 months),20260818T075922Z-deb02f
84684,BEACH HUT PHOTO FRAME,2011-11,2011-12,M2_gbm_poisson,,,,,,,,,C,0,,,,Inactive (no sales in last 6 months),20260818T075922Z-deb02f
84685,BEACH HUT KEY CABINET,2011-11,2011-12,M2_gbm_poisson,,,,,,,,,B,0,,,,Inactive (no sales in last 6 months),20260818T075922Z-deb02f
84686,BEACH HUT MIRROR,2011-11,2011-12,M2_gbm_poisson,2.054573,8.747340,product,18,1.645000,14.389374,17,4.257497,B,0,0.000000,5,24,Forecast,20260818T075922Z-deb02f
84687,BEACH HUT SHELF W 3 DRAWERS,2011-11,2011-12,M2_gbm_poisson,11.992570,10.753075,product,18,1.645000,17.688809,30,0.896645,C,1,7.000000,1,24,Forecast,20260818T075922Z-deb02f
84688,BEACH HUT DESIGN BLACKBOARD,2011-11,2011-12,M2_gbm_poisson,,,,,,,,,B,0,,,,Inactive (no sales in last 6 months),20260818T075922Z-deb02f
84689,S/2 BEACH HUT TREASURE CHESTS,2011-11,2011-12,M2_gbm_poisson,,,,,,,,,C,0,,,,Inactive (no sales in last 6 months),20260818T075922Z-deb02f
84690,S/2 BEACH HUT STOOLS,2011-11,2011-12,M2_gbm_poisson,,,,,,,,,C,0,,,,Inactive (no sales in last 6 months),20260818T075922Z-deb02f
84691,PACK 20 DOLLY PEGS,2011-11,2011-12,M2_gbm_poisson,,,,,,,,,B,0,,,,Inactive (no sales in last 6 months),20260818T075922Z-deb02f
84692,BOX OF 24 COCKTAIL PARASOLS,2011-11,2011-12,M2_gbm_poisson,354.898698,225.695383,product,18,1.645000,371.268904,727,0.635943,A,775,705.000000,1,24,Forecast,20260818T075922Z-deb02f
84705A,ENGLISH ROSE PHOTO FRAME,2011-11,2011-12,M2_gbm_poisson,,,,,,,,,C,0,,,,Inactive (no sales in last 6 months),20260818T075922Z-deb02f
84705B,FAIRY CAKES PHOTO FRAME,2011-11,2011-12,M2_gbm_poisson,,,,,,,,,C,0,,,,Inactive (no sales in last 6 months),20260818T075922Z-deb02f
84705C,PINK FLOCK PHOTO FRAME,2011-11,2011-12,M2_gbm_poisson,,,,,,,,,C,0,,,,Inactive (no sales in last 6 months),20260818T075922Z-deb02f
84705D,CHERRY BLOSSOM PHOTO FRAME,2011-11,2011-12,M2_gbm_poisson,,,,,,,,,C,0,,,,Inactive (no sales in last 6 months),20260818T075922Z-deb02f
84705F,RED PEONY PHOTO FRAME,2011-11,2011-12,M2_gbm_poisson,,,,,,,,,C,0,,,,Inactive (no sales in last 6 months),20260818T075922Z-deb02f
84706A,ENGLISH ROSE TABLE CLOCK,2011-11,2011-12,M2_gbm_poisson,,,,,,,,,C,0,,,,Inactive (no sales in last 6 months),20260818T075922Z-deb02f
84706B,FAIRY CAKES TABLE CLOCK,2011-11,2011-12,M2_gbm_poisson,,,,,,,,,C,0,,,,Inactive (no sales in last 6 months),20260818T075922Z-deb02f
84706C,PINK FLOCK TABLE CLOCK,2011-11,2011-12,M2_gbm_poisson,,,,,,,,,C,0,,,,Inactive (no sales in last 6 months),20260818T075922Z-deb02f
84706D,CHERRY BLOSSOM TABLE CLOCK,2011-11,2011-12,M2_gbm_poisson,,,,,,,,,C,0,,,,Inactive (no sales in last 6 months),20260818T075922Z-deb02f
84706F,RED PEONY TABLE CLOCK,2011-11,2011-12,M2_gbm_poisson,10.224362,3.431255,product,16,1.645000,5.644415,16,0.335596,C,4,4.666667,1,24,Forecast,20260818T075922Z-deb02f
84707A,SILVER JEWELLED MIRROR TRINKET TRAY,2011-11,2011-12,M2_gbm_poisson,13.917614,3.094557,product,18,1.645000,5.090546,20,0.222348,C,10,6.000000,1,24,Forecast,20260818T075922Z-deb02f
84707B,PINK JEWELLED MIRROR TRINKET TRAY,2011-11,2011-12,M2_gbm_poisson,5.111667,4.565222,product,18,1.645000,7.509790,13,0.893098,C,0,3.000000,2,24,Forecast,20260818T075922Z-deb02f
84708B,PINK JEWELLED PHOTO FRAME,2011-11,2011-12,M2_gbm_poisson,16.459334,5.495924,product,18,1.645000,9.040795,26,0.333909,C,14,7.333333,1,24,Forecast,20260818T075922Z-deb02f
84709A,SILVER OVAL JEWELLED MIRROR,2011-11,2011-12,M2_gbm_poisson,,,,,,,,,C,0,,,,Inactive (no sales in last 6 months),20260818T075922Z-deb02f
84709B,PINK OVAL JEWELLED MIRROR,2011-11,2011-12,M2_gbm_poisson,2.033330,8.010191,product,18,1.645000,13.176765,16,3.939446,B,0,0.000000,6,24,Forecast,20260818T075922Z-deb02f
84711A,SILVER OVAL SHAPE TRINKET BOX,2011-11,2011-12,M2_gbm_poisson,4.178820,1.751173,product,18,1.645000,2.880680,8,0.419059,C,2,1.333333,1,24,Forecast,20260818T075922Z-deb02f
84711B,PINK OVAL SHAPE TRINKET BOX,2011-11,2011-12,M2_gbm_poisson,6.036857,1.532045,product,18,1.645000,2.520214,9,0.253782,C,3,2.000000,1,24,Forecast,20260818T075922Z-deb02f
84712B,PINK JEWELLED PHOTO FRAME,2011-11,2011-12,M2_gbm_poisson,14.281350,2.666011,product,18,1.645000,4.385589,19,0.186678,C,8,3.666667,1,24,Forecast,20260818T075922Z-deb02f
84715,SET OF 6 ICE CREAM SKITTLES,2011-11,2011-12,M2_gbm_poisson,,,,,,,,,C,0,,,,Inactive (no sales in last 6 months),20260818T075922Z-deb02f
84720,DOT MATRIX CANVAS ART PICTURE,2011-11,2011-12,M2_gbm_poisson,,,,,,,,,C,0,,,,Inactive (no sales in last 6 months),20260818T075922Z-deb02f
84721,MANHATTAN CANVAS ART PICTURE,2011-11,2011-12,M2_gbm_poisson,,,,,,,,,C,0,,,,Inactive (no sales in last 6 months),20260818T075922Z-deb02f
84723,CHERRY BLOSSOM CANVAS ART PICTURE,2011-11,2011-12,M2_gbm_poisson,3.645793,1.548576,product,17,1.645000,2.547407,7,0.424757,C,0,0.000000,4,22,Forecast,20260818T075922Z-deb02f
84725,FREESTYLE CANVAS ART PICTURE,2011-11,2011-12,M2_gbm_poisson,9.430949,6.184740,product,18,1.645000,10.173897,20,0.655792,C,0,9.666667,3,24,Forecast,20260818T075922Z-deb02f
84726,LILLIES CANVAS PICTURE,2011-11,2011-12,M2_gbm_poisson,,,,,,,,,C,0,,,,Inactive (no sales in last 6 months),20260818T075922Z-deb02f
84731,3 BIRDS CANVAS SCREEN,2011-11,2011-12,M2_gbm_poisson,2.201200,2.113224,product,12,1.645000,3.476253,6,0.960033,C,0,0.000000,5,20,Forecast,20260818T075922Z-deb02f
84732B,CUTE BIRD CEATURE SCREEN,2011-11,2011-12,M2_gbm_poisson,3.651632,4.924827,product,16,1.645000,8.101340,12,1.348665,C,0,0.000000,4,24,Forecast,20260818T075922Z-deb02f
84732D,CUTE RABBIT CEATURE SCREEN,2011-11,2011-12,M2_gbm_poisson,3.212262,5.724022,product,11,1.645000,9.416016,13,1.781929,C,0,0.000000,4,24,Forecast,20260818T075922Z-deb02f
84741C,CITRUS GARLAND FELT FLOWERS,2011-11,2011-12,M2_gbm_poisson,,,,,,,,,C,0,,,,Inactive (no sales in last 6 months),20260818T075922Z-deb02f
84743C,ORANGE FELT VASE + FLOWERS,2011-11,2011-12,M2_gbm_poisson,,,,,,,,,C,0,,,,Inactive (no sales in last 6 months),20260818T075922Z-deb02f
84744,S/6 SEW ON CROCHET FLOWERS,2011-11,2011-12,M2_gbm_poisson,6.216812,9.592496,product,18,1.645000,15.779656,22,1.542993,C,1,1.666667,1,24,Forecast,20260818T075922Z-deb02f
84745A,PINK HANGING GINGHAM EASTER HEN,2011-11,2011-12,M2_gbm_poisson,,,,,,,,,C,0,,,,Inactive (no sales in last 6 months),20260818T075922Z-deb02f
84745B,BLUE HANGING GINGHAM EASTER HEN,2011-11,2011-12,M2_gbm_poisson,,,,,,,,,C,0,,,,Inactive (no sales in last 6 months),20260818T075922Z-deb02f
84746,PINK EASTER HENS+FLOWER,2011-11,2011-12,M2_gbm_poisson,2.067319,1.539087,product,13,1.645000,2.531798,5,0.744485,C,0,0.000000,5,24,Forecast,20260818T075922Z-deb02f
84748,FOLK FELT HANGING MULTICOL GARLAND,2011-11,2011-12,M2_gbm_poisson,7.626183,15.947068,product,18,1.645000,26.232927,34,2.091094,B,4,2.000000,1,24,Forecast,20260818T075922Z-deb02f
84750A,PINK SMALL GLASS CAKE STAND,2011-11,2011-12,M2_gbm_poisson,,,,,,,,,B,0,,,,Inactive (no sales in last 6 months),20260818T075922Z-deb02f
84750B,BLACK SMALL GLASS CAKE STAND,2011-11,2011-12,M2_gbm_poisson,,,,,,,,,B,0,,,,Inactive (no sales in last 6 months),20260818T075922Z-deb02f
84751B,BLACK MEDIUM GLASS CAKE STAND,2011-11,2011-12,M2_gbm_poisson,,,,,,,,,C,0,,,,Inactive (no sales in last 6 months),20260818T075922Z-deb02f
84753A,PINK EAU DE COLOGNE BOTTLE,2011-11,2011-12,M2_gbm_poisson,,,,,,,,,C,0,,,,Inactive (no sales in last 6 months),20260818T075922Z-deb02f
84754,S/15 SILVER GLASS BAUBLES IN BAG,2011-11,2011-12,M2_gbm_poisson,10.056502,72.082085,product,18,1.645000,118.575029,129,7.167709,B,0,27.333333,3,24,Forecast,20260818T075922Z-deb02f
84755,COLOUR GLASS T-LIGHT HOLDER HANGING,2011-11,2011-12,M2_gbm_poisson,598.452032,721.137085,product,18,1.645000,1186.270504,1785,1.205004,A,904,961.333333,1,24,Forecast,20260818T075922Z-deb02f
84757,ENCHANTED GARDEN WROUGHT IRON TABLE,2011-11,2011-12,M2_gbm_poisson,,,,,,,,,C,0,,,,Inactive (no sales in last 6 months),20260818T075922Z-deb02f
84760L,LARGE HANGING GLASS+ZINC LANTERN,2011-11,2011-12,M2_gbm_poisson,,,,,,,,,C,0,,,,Inactive (no sales in last 6 months),20260818T075922Z-deb02f
84760S,SMALL HANGING GLASS+ZINC LANTERN,2011-11,2011-12,M2_gbm_poisson,,,,,,,,,C,0,,,,Inactive (no sales in last 6 months),20260818T075922Z-deb02f
84761,IVORY HANGING BIRD PLANTER,2011-11,2011-12,M2_gbm_poisson,,,,,,,,,C,0,,,,Inactive (no sales in last 6 months),20260818T075922Z-deb02f
84762A,WHITE PICNIC BARBECUE BUCKET,2011-11,2011-12,M2_gbm_poisson,,,,,,,,,C,0,,,,Inactive (no sales in last 6 months),20260818T075922Z-deb02f
84762B,PINK PICNIC BARBECUE BUCKET,2011-11,2011-12,M2_gbm_poisson,,,,,,,,,C,0,,,,Inactive (no sales in last 6 months),20260818T075922Z-deb02f
84762C,GREEN PICNIC BARBECUE BUCKET,2011-11,2011-12,M2_gbm_poisson,,,,,,,,,C,0,,,,Inactive (no sales in last 6 months),20260818T075922Z-deb02f
84763,ZINC FINISH 15CM PLANTER POTS,2011-11,2011-12,M2_gbm_poisson,,,,,,,,,B,0,,,,Inactive (no sales in last 6 months),20260818T075922Z-deb02f
84765,SILVER ROCOCO CANDELABRA,2011-11,2011-12,M2_gbm_poisson,,,,,,,,,C,0,,,,Inactive (no sales in last 6 months),20260818T075922Z-deb02f
84766,SILVER ROCOCO CANDLE STICK,2011-11,2011-12,M2_gbm_poisson,4.686366,9.371292,product,18,1.645000,15.415776,21,1.999693,C,2,1.333333,1,23,Forecast,20260818T075922Z-deb02f
84767,ZINC POLICE BOX LANTERN,2011-11,2011-12,M2_gbm_poisson,,,,,,,,,C,0,,,,Inactive (no sales in last 6 months),20260818T075922Z-deb02f
84770,ROUND GEORGIAN SILVER MIRROR,2011-11,2011-12,M2_gbm_poisson,,,,,,,,,C,0,,,,Inactive (no sales in last 6 months),20260818T075922Z-deb02f
84773,RED ROSE AND LACE C/COVER,2011-11,2011-12,M2_gbm_poisson,,,,,,,,,C,0,,,,Inactive (no sales in last 6 months),20260818T075922Z-deb02f
84782A,PINK 3 TIER GLASS PLATE STAND,2011-11,2011-12,M2_gbm_poisson,,,,,,,,,C,0,,,,Inactive (no sales in last 6 months),20260818T075922Z-deb02f
84782B,BLACK 3 TIER GLASS PLATE STAND,2011-11,2011-12,M2_gbm_poisson,,,,,,,,,C,0,,,,Inactive (no sales in last 6 months),20260818T075922Z-deb02f
84782C,GREEN 3 TIER GLASS PLATE STAND,2011-11,2011-12,M2_gbm_poisson,,,,,,,,,C,0,,,,Inactive (no sales in last 6 months),20260818T075922Z-deb02f
84789,ENCHANTED BIRD PLANT CAGE,2011-11,2011-12,M2_gbm_poisson,2.043711,17.455465,product,18,1.645000,28.714240,31,8.541062,B,0,0.000000,5,24,Forecast,20260818T075922Z-deb02f
84791,GINGHAM HEART DECORATION,2011-11,2011-12,M2_gbm_poisson,,,,,,,,,B,0,,,,Inactive (no sales in last 6 months),20260818T075922Z-deb02f
84792,ENCHANTED BIRD COATHANGER 5 HOOK,2011-11,2011-12,M2_gbm_poisson,75.729181,38.930704,product,18,1.645000,64.041008,140,0.514078,A,103,78.000000,1,24,Forecast,20260818T075922Z-deb02f
84795A,PASTEL STRIPE HAMMOCK,2011-11,2011-12,M2_gbm_poisson,,,,,,,,,B,0,,,,Inactive (no sales in last 6 months),20260818T075922Z-deb02f
84795B,SUNSET CHECK HAMMOCK,2011-11,2011-12,M2_gbm_poisson,6.227354,15.936097,product,18,1.645000,26.214879,33,2.559048,B,3,1.333333,1,24,Forecast,20260818T075922Z-deb02f
84795C,OCEAN STRIPE HAMMOCK,2011-11,2011-12,M2_gbm_poisson,,,,,,,,,B,0,,,,Inactive (no sales in last 6 months),20260818T075922Z-deb02f
84795D,SEASIDE STRIPE HAMMOCK,2011-11,2011-12,M2_gbm_poisson,,,,,,,,,B,0,,,,Inactive (no sales in last 6 months),20260818T075922Z-deb02f
84795E,RIO PINK STRIPE HAMMOCK,2011-11,2011-12,M2_gbm_poisson,,,,,,,,,C,0,,,,Inactive (no sales in last 6 months),20260818T075922Z-deb02f
84796A,PINK HAWAIIAN PICNIC HAMPER FOR 2,2011-11,2011-12,M2_gbm_poisson,2.661924,10.885472,product,18,1.645000,17.906601,21,4.089325,B,0,0.000000,4,24,Forecast,20260818T075922Z-deb02f
84796B,BLUE SAVANNAH PICNIC HAMPER FOR 2,2011-11,2011-12,M2_gbm_poisson,3.906877,18.282311,product,18,1.645000,30.074402,34,4.679521,A,1,0.666667,1,24,Forecast,20260818T075922Z-deb02f
84797A,PINK HAWAIIAN PICNIC HAMPER FOR 4,2011-11,2011-12,M2_gbm_poisson,,,,,,,,,A,0,,,,Inactive (no sales in last 6 months),20260818T075922Z-deb02f
84797B,BLUE SAVANNAH PICNIC HAMPER FOR 4,2011-11,2011-12,M2_gbm_poisson,,,,,,,,,B,0,,,,Inactive (no sales in last 6 months),20260818T075922Z-deb02f
84798A,PINK FOXGLOVE ARTIIFCIAL FLOWER,2011-11,2011-12,M2_gbm_poisson,5.361530,8.915986,product,18,1.645000,14.666797,21,1.662955,C,0,2.333333,3,23,Forecast,20260818T075922Z-deb02f
84798B,PURPLE FOXGLOVE ARTIIFCIAL FLOWER,2011-11,2011-12,M2_gbm_poisson,,,,,,,,,C,0,,,,Inactive (no sales in last 6 months),20260818T075922Z-deb02f
84798C,WHITE FOXGLOVE ARTIIFCIAL FLOWER,2011-11,2011-12,M2_gbm_poisson,,,,,,,,,C,0,,,,Inactive (no sales in last 6 months),20260818T075922Z-deb02f
84799,SPRIG LAVENDER ARTIFICIAL FLOWER,2011-11,2011-12,M2_gbm_poisson,,,,,,,,,C,0,,,,Inactive (no sales in last 6 months),20260818T075922Z-deb02f
84800L,LARGE WHITE/PINK ROSE ART FLOWER,2011-11,2011-12,M2_gbm_poisson,2.114785,19.513462,product,18,1.645000,32.099645,35,9.227163,B,0,0.000000,6,23,Forecast,20260818T075922Z-deb02f
84800M,MEDIUM WHITE/PINK ROSE ART FLOWER,2011-11,2011-12,M2_gbm_poisson,3.637277,12.229226,product,18,1.645000,20.117077,24,3.362193,C,0,0.000000,4,23,Forecast,20260818T075922Z-deb02f
84800S,SMALL WHITE/PINK ROSE ART FLOWER,2011-11,2011-12,M2_gbm_poisson,4.740014,16.026684,product,18,1.645000,26.363895,32,3.381147,C,0,2.000000,3,22,Forecast,20260818T075922Z-deb02f
84801A,PINK HYDRANGEA ART FLOWER,2011-11,2011-12,M2_gbm_poisson,28.649866,8.424430,product,18,1.645000,13.858187,43,0.294048,C,10,3.333333,1,23,Forecast,20260818T075922Z-deb02f
84801B,WHITE HYDRANGEA ART FLOWER,2011-11,2011-12,M2_gbm_poisson,,,,,,,,,C,0,,,,Inactive (no sales in last 6 months),20260818T075922Z-deb02f
84802A,WHITE ANEMONE ARTIFICIAL FLOWER,2011-11,2011-12,M2_gbm_poisson,,,,,,,,,C,0,,,,Inactive (no sales in last 6 months),20260818T075922Z-deb02f
84802B,PURPLE ANEMONE ARTIFICIAL FLOWER,2011-11,2011-12,M2_gbm_poisson,,,,,,,,,C,0,,,,Inactive (no sales in last 6 months),20260818T075922Z-deb02f
84803A,PINK ALLIUM  ARTIFICIAL FLOWER,2011-11,2011-12,M2_gbm_poisson,,,,,,,,,C,0,,,,Inactive (no sales in last 6 months),20260818T075922Z-deb02f
84803B,WHITE ALLIUM  ARTIFICIAL FLOWER,2011-11,2011-12,M2_gbm_poisson,3.374094,6.441007,product,18,1.645000,10.595457,14,1.908959,C,0,0.000000,4,22,Forecast,20260818T075922Z-deb02f
84804A,CREAM DELPHINIUM ARTIFICIAL FLOWER,2011-11,2011-12,M2_gbm_poisson,4.281386,9.457505,product,18,1.645000,15.557596,20,2.208982,C,0,1.000000,3,23,Forecast,20260818T075922Z-deb02f
84804B,BLUE DELPHINIUM ARTIFICIAL FLOWER,2011-11,2011-12,M2_gbm_poisson,4.082265,15.027634,product,16,1.645000,24.720457,29,3.681200,C,0,1.000000,3,23,Forecast,20260818T075922Z-deb02f
84805A,CREAM CLIMBING HYDRANGA ART FLOWER,2011-11,2011-12,M2_gbm_poisson,2.614460,3.135551,product,18,1.645000,5.157981,8,1.199311,C,0,0.000000,4,21,Forecast,20260818T075922Z-deb02f
84805B,BLUE CLIMBING HYDRANGA ART FLOWER,2011-11,2011-12,M2_gbm_poisson,2.904256,7.729980,product,13,1.645000,12.715817,16,2.661604,C,0,0.666667,3,23,Forecast,20260818T075922Z-deb02f
84806A,PINK CANDYSTUFT ARTIFICIAL FLOWER,2011-11,2011-12,M2_gbm_poisson,4.215453,11.580292,product,18,1.645000,19.049580,24,2.747105,C,0,0.666667,3,23,Forecast,20260818T075922Z-deb02f
84806B,WHITE CANDYSTUFT ARTIFICIAL FLOWER,2011-11,2011-12,M2_gbm_poisson,23.905797,23.569633,product,18,1.645000,38.772047,63,0.985938,C,3,22.666667,1,21,Forecast,20260818T075922Z-deb02f
84807,RED POPPY ARTIFICIAL FLOWER,2011-11,2011-12,M2_gbm_poisson,,,,,,,,,C,0,,,,Inactive (no sales in last 6 months),20260818T075922Z-deb02f
84809A,WHITE CHRYSANTHEMUMS ART FLOWER,2011-11,2011-12,M2_gbm_poisson,2.114785,11.558275,product,18,1.645000,19.013363,22,5.465462,C,0,0.000000,6,23,Forecast,20260818T075922Z-deb02f
84809B,PINK CHRYSANTHEMUMS ART FLOWER,2011-11,2011-12,M2_gbm_poisson,,,,,,,,,C,0,,,,Inactive (no sales in last 6 months),20260818T075922Z-deb02f
84813,SET OF 4 DIAMOND NAPKIN RINGS,2011-11,2011-12,M2_gbm_poisson,15.252343,9.580784,product,18,1.645000,15.760389,32,0.628152,B,16,7.333333,1,24,Forecast,20260818T075922Z-deb02f
84814A,HEXAGONAL CRYSTAL PERFUME BOTTLE,2011-11,2011-12,M2_gbm_poisson,,,,,,,,,C,0,,,,Inactive (no sales in last 6 months),20260818T075922Z-deb02f
84814B,RHOMBUS CRYSTAL PERFUME BOTTLE,2011-11,2011-12,M2_gbm_poisson,,,,,,,,,C,0,,,,Inactive (no sales in last 6 months),20260818T075922Z-deb02f
84815,SET OF 3 DANISH ROSE PLANTERS,2011-11,2011-12,M2_gbm_poisson,,,,,,,,,B,0,,,,Inactive (no sales in last 6 months),20260818T075922Z-deb02f
84816,DANISH ROSE BEDSIDE CABINET,2011-11,2011-12,M2_gbm_poisson,2.244789,2.837919,product,18,1.645000,4.668376,7,1.264225,B,0,0.000000,4,24,Forecast,20260818T075922Z-deb02f
84817,DANISH ROSE DECORATIVE PLATE,2011-11,2011-12,M2_gbm_poisson,27.008964,24.765350,product,18,1.645000,40.739001,68,0.916931,C,19,13.000000,1,22,Forecast,20260818T075922Z-deb02f
84818,DANISH ROSE PHOTO FRAME,2011-11,2011-12,M2_gbm_poisson,17.936203,56.023599,product,18,1.645000,92.158821,111,3.123493,B,0,87.333333,2,24,Forecast,20260818T075922Z-deb02f
84819,DANISH ROSE ROUND SEWING BOX,2011-11,2011-12,M2_gbm_poisson,14.112083,9.211616,product,18,1.645000,15.153109,30,0.652747,B,11,6.000000,1,24,Forecast,20260818T075922Z-deb02f
84820,DANISH ROSE TRINKET TRAYS,2011-11,2011-12,M2_gbm_poisson,8.605165,7.072373,product,18,1.645000,11.634053,21,0.821875,C,2,3.666667,1,23,Forecast,20260818T075922Z-deb02f
84821,DANISH ROSE DELUXE COASTER,2011-11,2011-12,M2_gbm_poisson,37.564356,33.401273,product,18,1.645000,54.945094,93,0.889175,C,29,23.333333,1,24,Forecast,20260818T075922Z-deb02f
84823,DANISH ROSE FOLDING CHAIR,2011-11,2011-12,M2_gbm_poisson,,,,,,,,,B,0,,,,Inactive (no sales in last 6 months),20260818T075922Z-deb02f
84824,DANISH ROSE UMBRELLA STAND,2011-11,2011-12,M2_gbm_poisson,3.684599,1.297423,product,14,1.645000,2.134261,6,0.352121,C,1,0.333333,1,24,Forecast,20260818T075922Z-deb02f
84826,ASSTD DESIGN 3D PAPER STICKERS,2011-11,2011-12,M2_gbm_poisson,18.749909,52.909101,product,18,1.645000,87.035472,106,2.821832,C,11,6.666667,1,24,Forecast,20260818T075922Z-deb02f
84827,ASS DES PHONE SPONGE CRAFT STICKER,2011-11,2011-12,M2_gbm_poisson,12.331364,20.547428,product,18,1.645000,33.800518,47,1.666274,C,0,4.666667,2,24,Forecast,20260818T075922Z-deb02f
84828,JUNGLE POPSICLES ICE LOLLY HOLDERS,2011-11,2011-12,M2_gbm_poisson,45.282936,65.789189,product,18,1.645000,108.223216,154,1.452847,B,42,28.000000,1,24,Forecast,20260818T075922Z-deb02f
84830,LARGE ENGLISH ARBORETUM,2011-11,2011-12,M2_gbm_poisson,,,,,,,,,B,0,,,,Inactive (no sales in last 6 months),20260818T075922Z-deb02f
84832,ZINC WILLIE WINKIE  CANDLE STICK,2011-11,2011-12,M2_gbm_poisson,256.684492,129.044244,product,18,1.645000,212.277781,469,0.502735,A,625,529.333333,1,24,Forecast,20260818T075922Z-deb02f
84836,ZINC METAL HEART DECORATION,2011-11,2011-12,M2_gbm_poisson,360.152898,233.100377,product,18,1.645000,383.450119,744,0.647226,A,781,739.666667,1,24,Forecast,20260818T075922Z-deb02f
84837,WHITE SWEETHEARTS CABINET 4 DRAWERS,2011-11,2011-12,M2_gbm_poisson,,,,,,,,,B,0,,,,Inactive (no sales in last 6 months),20260818T075922Z-deb02f
84838,ANT WHITE HIGH RISE BIRD BOX,2011-11,2011-12,M2_gbm_poisson,,,,,,,,,C,0,,,,Inactive (no sales in last 6 months),20260818T075922Z-deb02f
84839,SWEETHEART KEY CABINET,2011-11,2011-12,M2_gbm_poisson,,,,,,,,,A,0,,,,Inactive (no sales in last 6 months),20260818T075922Z-deb02f
84840,SWEETHEART CARRY-ALL BASKET,2011-11,2011-12,M2_gbm_poisson,,,,,,,,,B,0,,,,Inactive (no sales in last 6 months),20260818T075922Z-deb02f
84842,HELLO SAILOR BATHROOM SET,2011-11,2011-12,M2_gbm_poisson,5.476208,6.707134,product,18,1.645000,11.033236,17,1.224777,C,4,1.333333,1,24,Forecast,20260818T075922Z-deb02f
84843,WHITE SOAP RACK WITH 2 BOTTLES,2011-11,2011-12,M2_gbm_poisson,36.077007,10.837732,product,18,1.645000,17.828069,54,0.300406,B,28,32.333333,1,24,Forecast,20260818T075922Z-deb02f
84845A,HOLLYHOCK SQUARE HANDY TIN,2011-11,2011-12,M2_gbm_poisson,,,,,,,,,C,0,,,,Inactive (no sales in last 6 months),20260818T075922Z-deb02f
84845C,CARNATION SQUARE HANDY TIN,2011-11,2011-12,M2_gbm_poisson,,,,,,,,,C,0,,,,Inactive (no sales in last 6 months),20260818T075922Z-deb02f
84845D,GERANIUM SQUARE HANDY TIN,2011-11,2011-12,M2_gbm_poisson,,,,,,,,,C,0,,,,Inactive (no sales in last 6 months),20260818T075922Z-deb02f
84846A,SCENTED CANDLE IN DIGITALIS TIN,2011-11,2011-12,M2_gbm_poisson,8.363769,10.713564,product,18,1.645000,17.623813,26,1.280949,C,0,8.000000,2,24,Forecast,20260818T075922Z-deb02f
84847,FLORAL BATHROOM SET,2011-11,2011-12,M2_gbm_poisson,2.614460,10.154550,product,18,1.645000,16.704234,20,3.883995,B,0,0.000000,4,24,Forecast,20260818T075922Z-deb02f
84849A,HELLO SAILOR BLUE SOAP HOLDER,2011-11,2011-12,M2_gbm_poisson,21.811807,16.226538,product,18,1.645000,26.692655,49,0.743934,C,9,14.333333,1,24,Forecast,20260818T075922Z-deb02f
84849B,FAIRY SOAP SOAP HOLDER,2011-11,2011-12,M2_gbm_poisson,2.125343,21.649889,product,18,1.645000,35.614067,38,10.186538,A,0,0.000000,5,24,Forecast,20260818T075922Z-deb02f
84849D,HOT BATHS SOAP HOLDER,2011-11,2011-12,M2_gbm_poisson,52.062297,34.838950,product,18,1.645000,57.310073,110,0.669178,B,92,40.000000,1,23,Forecast,20260818T075922Z-deb02f
84854,GIRLY PINK TOOL SET,2011-11,2011-12,M2_gbm_poisson,,,,,,,,,B,0,,,,Inactive (no sales in last 6 months),20260818T075922Z-deb02f
84855,BLOKEY SILVER TOOL SET,2011-11,2011-12,M2_gbm_poisson,,,,,,,,,C,0,,,,Inactive (no sales in last 6 months),20260818T075922Z-deb02f
84856L,LARGE TAHITI BEACH BAG,2011-11,2011-12,M2_gbm_poisson,,,,,,,,,B,0,,,,Inactive (no sales in last 6 months),20260818T075922Z-deb02f
84856S,SMALL TAHITI BEACH BAG,2011-11,2011-12,M2_gbm_poisson,,,,,,,,,B,0,,,,Inactive (no sales in last 6 months),20260818T075922Z-deb02f
84857A,SILVER MONTE CARLO HANDBAG,2011-11,2011-12,M2_gbm_poisson,,,,,,,,,C,0,,,,Inactive (no sales in last 6 months),20260818T075922Z-deb02f
84857B,BLUE MONTE CARLO HANDBAG,2011-11,2011-12,M2_gbm_poisson,2.696934,8.023905,abc_group,4,1.645000,13.199324,16,2.975195,C,0,0.000000,5,5,Forecast,20260818T075922Z-deb02f
84857C,PINK MONTE CARLO HANDBAG,2011-11,2011-12,M2_gbm_poisson,2.059384,8.103743,product,17,1.645000,13.330658,16,3.935034,C,0,0.000000,5,18,Forecast,20260818T075922Z-deb02f
84858A,NATURAL RIVIERA HANDBAG,2011-11,2011-12,M2_gbm_poisson,,,,,,,,,C,0,,,,Inactive (no sales in last 6 months),20260818T075922Z-deb02f
84858B,BLUE RIVIERA HANDBAG,2011-11,2011-12,M2_gbm_poisson,,,,,,,,,C,0,,,,Inactive (no sales in last 6 months),20260818T075922Z-deb02f
84858C,PINK RIVIERA HANDBAG,2011-11,2011-12,M2_gbm_poisson,,,,,,,,,C,0,,,,Inactive (no sales in last 6 months),20260818T075922Z-deb02f
84859A,SILVER DISCO HANDBAG,2011-11,2011-12,M2_gbm_poisson,45.317211,8.715168,product,18,1.645000,14.336451,60,0.192315,C,43,18.333333,1,24,Forecast,20260818T075922Z-deb02f
84859B,BLUE DISCO HANDBAG,2011-11,2011-12,M2_gbm_poisson,12.099938,5.531506,product,16,1.645000,9.099328,22,0.457152,C,6,3.666667,1,22,Forecast,20260818T075922Z-deb02f
84859C,PINK DISCO HANDBAG,2011-11,2011-12,M2_gbm_poisson,28.505924,10.615268,product,17,1.645000,17.462115,46,0.372388,C,17,11.000000,1,24,Forecast,20260818T075922Z-deb02f
84864A,PINK PAISLEY PHOTO ALBUM,2011-11,2011-12,M2_gbm_poisson,,,,,,,,,C,0,,,,Inactive (no sales in last 6 months),20260818T075922Z-deb02f
84865,NEW BAROQUE BLACK PHOTO ALBUM,2011-11,2011-12,M2_gbm_poisson,2.057660,5.750412,product,18,1.645000,9.459428,12,2.794637,C,0,0.000000,5,24,Forecast,20260818T075922Z-deb02f
84867A,PINK BABY GIRLS PHOTO ALBUM,2011-11,2011-12,M2_gbm_poisson,,,,,,,,,C,0,,,,Inactive (no sales in last 6 months),20260818T075922Z-deb02f
84867B,BLUE BABY BOY'S PHOTO ALBUM,2011-11,2011-12,M2_gbm_poisson,,,,,,,,,C,0,,,,Inactive (no sales in last 6 months),20260818T075922Z-deb02f
84868A,PINK BABY GIRL'S MEMORY BOX,2011-11,2011-12,M2_gbm_poisson,,,,,,,,,C,0,,,,Inactive (no sales in last 6 months),20260818T075922Z-deb02f
84868B,BLUE BABY BOY'S MEMORY BOX,2011-11,2011-12,M2_gbm_poisson,,,,,,,,,C,0,,,,Inactive (no sales in last 6 months),20260818T075922Z-deb02f
84869,CANDY BUTTON PHOTO ALBUM,2011-11,2011-12,M2_gbm_poisson,,,,,,,,,C,0,,,,Inactive (no sales in last 6 months),20260818T075922Z-deb02f
84870B,BLUE GEISHA GIRL,2011-11,2011-12,M2_gbm_poisson,4.188929,5.359377,product,18,1.645000,8.816175,14,1.279415,C,1,1.000000,1,24,Forecast,20260818T075922Z-deb02f
84870C,GREEN GEISHA GIRL,2011-11,2011-12,M2_gbm_poisson,4.310920,7.757334,product,18,1.645000,12.760814,18,1.799461,C,0,2.000000,2,24,Forecast,20260818T075922Z-deb02f
84872A,TEATIME FUNKY FLOWER BACKPACK FOR 2,2011-11,2011-12,M2_gbm_poisson,2.033330,13.935402,product,18,1.645000,22.923737,25,6.853489,B,0,0.000000,5,24,Forecast,20260818T075922Z-deb02f
84873A,FUNKY FLOWER PICNIC BAG FOR 4,2011-11,2011-12,M2_gbm_poisson,2.033330,1.537234,product,16,1.645000,2.528750,5,0.756018,B,0,0.000000,6,24,Forecast,20260818T075922Z-deb02f
84874B,BLUE TRAVEL FIRST AID KIT,2011-11,2011-12,M2_gbm_poisson,3.645793,5.567608,product,18,1.645000,9.158715,13,1.527132,C,0,0.000000,4,24,Forecast,20260818T075922Z-deb02f
84875A,PINK SQUARE COMPACT MIRROR,2011-11,2011-12,M2_gbm_poisson,,,,,,,,,C,0,,,,Inactive (no sales in last 6 months),20260818T075922Z-deb02f
84875B,GREEN SQUARE COMPACT MIRROR,2011-11,2011-12,M2_gbm_poisson,42.605537,8.919915,product,17,1.645000,14.673260,58,0.209360,C,45,24.333333,1,20,Forecast,20260818T075922Z-deb02f
84875D,BLUE SQUARE COMPACT MIRROR,2011-11,2011-12,M2_gbm_poisson,5.770585,9.137783,product,18,1.645000,15.031653,21,1.583511,C,0,3.000000,3,24,Forecast,20260818T075922Z-deb02f
84876B,GREEN HEART COMPACT MIRROR,2011-11,2011-12,M2_gbm_poisson,45.363051,25.663954,product,17,1.645000,42.217205,88,0.565746,C,43,35.666667,1,24,Forecast,20260818T075922Z-deb02f
84876C,SILVER HEART COMPACT MIRROR,2011-11,2011-12,M2_gbm_poisson,,,,,,,,,C,0,,,,Inactive (no sales in last 6 months),20260818T075922Z-deb02f
84876D,BLUE HEART COMPACT MIRROR,2011-11,2011-12,M2_gbm_poisson,3.802422,36.326146,product,18,1.645000,59.756511,64,9.553423,C,0,0.666667,3,24,Forecast,20260818T075922Z-deb02f
84877A,PINK ROUND COMPACT MIRROR,2011-11,2011-12,M2_gbm_poisson,2.043711,9.796279,product,18,1.645000,16.114880,19,4.793377,C,0,0.000000,6,24,Forecast,20260818T075922Z-deb02f
84877B,GREEN ROUND COMPACT MIRROR,2011-11,2011-12,M2_gbm_poisson,30.807638,18.272526,product,18,1.645000,30.058305,61,0.593117,C,27,9.333333,1,24,Forecast,20260818T075922Z-deb02f
84877D,BLUE ROUND COMPACT MIRROR,2011-11,2011-12,M2_gbm_poisson,3.802422,7.947848,product,18,1.645000,13.074210,17,2.090207,C,0,0.666667,3,24,Forecast,20260818T075922Z-deb02f
84879,ASSORTED COLOUR BIRD ORNAMENT,2011-11,2011-12,M2_gbm_poisson,2174.134159,2483.548331,product,18,1.645000,4085.437005,6260,1.142316,A,5219,3675.666667,1,24,Forecast,20260818T075922Z-deb02f
84880,WHITE WIRE EGG HOLDER,2011-11,2011-12,M2_gbm_poisson,28.703796,26.376121,product,18,1.645000,43.388719,73,0.918907,A,15,17.000000,1,24,Forecast,20260818T075922Z-deb02f
84881,BLUE WIRE SPIRAL CANDLE HOLDER,2011-11,2011-12,M2_gbm_poisson,2.033330,3.694639,product,18,1.645000,6.077681,9,1.817039,C,0,0.000000,5,23,Forecast,20260818T075922Z-deb02f
84882,GREEN WIRE STANDING CANDLE HOLDER,2011-11,2011-12,M2_gbm_poisson,8.738685,3.828740,product,18,1.645000,6.298278,16,0.438137,C,4,3.666667,1,24,Forecast,20260818T075922Z-deb02f
84884A,ANT WHITE WIRE HEART SPIRAL,2011-11,2011-12,M2_gbm_poisson,21.554372,26.348322,product,18,1.645000,43.342990,65,1.222412,A,13,11.333333,1,24,Forecast,20260818T075922Z-deb02f
84886,BLUE METAL WALL SHELF,2011-11,2011-12,M2_gbm_poisson,,,,,,,,,C,0,,,,Inactive (no sales in last 6 months),20260818T075922Z-deb02f
84891B,GREEN WIRE GOBLET CANDLEHOLDER,2011-11,2011-12,M2_gbm_poisson,,,,,,,,,C,0,,,,Inactive (no sales in last 6 months),20260818T075922Z-deb02f
84893,ANT WHITE IRON BASKET,2011-11,2011-12,M2_gbm_poisson,,,,,,,,,C,0,,,,Inactive (no sales in last 6 months),20260818T075922Z-deb02f
84898F,YELLOW FLOWERS FELT HANDBAG KIT,2011-11,2011-12,M2_gbm_poisson,,,,,,,,,C,0,,,,Inactive (no sales in last 6 months),20260818T075922Z-deb02f
84899E,YELLOW + BROWN BEAR FELT PURSE KIT,2011-11,2011-12,M2_gbm_poisson,,,,,,,,,C,0,,,,Inactive (no sales in last 6 months),20260818T075922Z-deb02f
84899F,YELLOW PURPLE DAISY FELT PURSE KIT,2011-11,2011-12,M2_gbm_poisson,,,,,,,,,C,0,,,,Inactive (no sales in last 6 months),20260818T075922Z-deb02f
84901,BLACK FACE LAMB WITH PANTS,2011-11,2011-12,M2_gbm_poisson,,,,,,,,,C,0,,,,Inactive (no sales in last 6 months),20260818T075922Z-deb02f
84902,PINK KNITTED COW STUFFED TOY,2011-11,2011-12,M2_gbm_poisson,,,,,,,,,C,0,,,,Inactive (no sales in last 6 months),20260818T075922Z-deb02f
84905,PINK BUTTERFLY CUSHION COVER,2011-11,2011-12,M2_gbm_poisson,2.033330,9.692201,product,18,1.645000,15.943671,18,4.766665,B,0,0.000000,6,24,Forecast,20260818T075922Z-deb02f
84906,PINK B'FLY C/COVER W BOBBLES,2011-11,2011-12,M2_gbm_poisson,,,,,,,,,C,0,,,,Inactive (no sales in last 6 months),20260818T075922Z-deb02f
84907,PINK YELLOW PATCH CUSHION COVER,2011-11,2011-12,M2_gbm_poisson,3.028141,4.296945,product,18,1.645000,7.068475,11,1.419004,C,0,0.666667,3,24,Forecast,20260818T075922Z-deb02f
84908A,PINK 5 PATCH FLOWER CUSHION COVER,2011-11,2011-12,M2_gbm_poisson,,,,,,,,,B,0,,,,Inactive (no sales in last 6 months),20260818T075922Z-deb02f
84908B,BLUE 5 PATCH FLOWER CUSHION COVER,2011-11,2011-12,M2_gbm_poisson,,,,,,,,,B,0,,,,Inactive (no sales in last 6 months),20260818T075922Z-deb02f
84909A,PINK PAISLEY QUILT,2011-11,2011-12,M2_gbm_poisson,,,,,,,,,B,0,,,,Inactive (no sales in last 6 months),20260818T075922Z-deb02f
84910A,PINK PAISLEY CUSHION COVER,2011-11,2011-12,M2_gbm_poisson,2.047207,7.373192,product,18,1.645000,12.128901,15,3.601586,B,0,0.000000,5,24,Forecast,20260818T075922Z-deb02f
84912A,PINK ROSE WASHBAG,2011-11,2011-12,M2_gbm_poisson,8.403925,22.534853,product,18,1.645000,37.069833,46,2.681468,B,0,3.666667,3,24,Forecast,20260818T075922Z-deb02f
84912B,GREEN ROSE WASHBAG,2011-11,2011-12,M2_gbm_poisson,43.565456,15.129562,product,18,1.645000,24.888130,69,0.347283,B,43,29.666667,1,24,Forecast,20260818T075922Z-deb02f
84913A,SOFT PINK ROSE TOWEL,2011-11,2011-12,M2_gbm_poisson,5.586978,23.722341,product,18,1.645000,39.023251,45,4.246006,B,1,1.333333,1,24,Forecast,20260818T075922Z-deb02f
84913B,MINT GREEN ROSE TOWEL,2011-11,2011-12,M2_gbm_poisson,14.304969,11.500825,product,18,1.645000,18.918857,34,0.803974,B,10,9.333333,1,24,Forecast,20260818T075922Z-deb02f
84914A,PINK ROSE PICNIC RUG,2011-11,2011-12,M2_gbm_poisson,,,,,,,,,C,0,,,,Inactive (no sales in last 6 months),20260818T075922Z-deb02f
84915,HAND TOWEL PINK FLOWER AND DAISY,2011-11,2011-12,M2_gbm_poisson,7.725179,11.393410,product,18,1.645000,18.742160,27,1.474841,C,1,3.000000,1,21,Forecast,20260818T075922Z-deb02f
84916,HAND TOWEL PALE BLUE W FLOWERS,2011-11,2011-12,M2_gbm_poisson,,,,,,,,,C,0,,,,Inactive (no sales in last 6 months),20260818T075922Z-deb02f
84917,WHITE HAND TOWEL WITH BUTTERFLY,2011-11,2011-12,M2_gbm_poisson,,,,,,,,,C,0,,,,Inactive (no sales in last 6 months),20260818T075922Z-deb02f
84918,CREAM CUSHION COVER WITH FLOWERS,2011-11,2011-12,M2_gbm_poisson,,,,,,,,,B,0,,,,Inactive (no sales in last 6 months),20260818T075922Z-deb02f
84919,BLUE CUSHION COVER WITH FLOWER,2011-11,2011-12,M2_gbm_poisson,3.018259,3.676848,product,18,1.645000,6.048415,10,1.218201,B,0,0.666667,3,24,Forecast,20260818T075922Z-deb02f
84920,PINK FLOWER FABRIC PONY,2011-11,2011-12,M2_gbm_poisson,10.605136,8.664463,product,18,1.645000,14.253041,25,0.817006,C,4,6.333333,1,24,Forecast,20260818T075922Z-deb02f
84921,CREAM AND PINK FLOWERS PONY,2011-11,2011-12,M2_gbm_poisson,3.541670,2.838734,product,18,1.645000,4.669718,9,0.801524,C,0,1.000000,2,24,Forecast,20260818T075922Z-deb02f
84922,PINK BUTTERFLY WASHBAG,2011-11,2011-12,M2_gbm_poisson,4.978901,2.041688,product,18,1.645000,3.358578,9,0.410068,C,1,1.333333,1,24,Forecast,20260818T075922Z-deb02f
84923,PINK BUTTERFLY HANDBAG W BOBBLES,2011-11,2011-12,M2_gbm_poisson,36.780329,7.524047,product,18,1.645000,12.377057,50,0.204567,C,25,19.333333,1,22,Forecast,20260818T075922Z-deb02f
84924A,WAKE UP COCKEREL CALENDAR SIGN,2011-11,2011-12,M2_gbm_poisson,22.954850,9.774634,product,18,1.645000,16.079272,40,0.425820,C,18,8.333333,1,24,Forecast,20260818T075922Z-deb02f
84924D,LA PALMIERA METAL SIGN CALENDAR,2011-11,2011-12,M2_gbm_poisson,,,,,,,,,C,0,,,,Inactive (no sales in last 6 months),20260818T075922Z-deb02f
84924F,PSYCHEDELIC METAL SIGN CALENDAR,2011-11,2011-12,M2_gbm_poisson,2.074774,6.049675,product,14,1.645000,9.951716,13,2.915823,C,0,0.000000,5,24,Forecast,20260818T075922Z-deb02f
84925A,WAKE UP COCKEREL WALL THERMOMETER,2011-11,2011-12,M2_gbm_poisson,,,,,,,,,C,0,,,,Inactive (no sales in last 6 months),20260818T075922Z-deb02f
84925C,FAIRY CAKES  WALL THERMOMETER,2011-11,2011-12,M2_gbm_poisson,,,,,,,,,C,0,,,,Inactive (no sales in last 6 months),20260818T075922Z-deb02f
84925D,LA PALMIERA WALL THERMOMETER,2011-11,2011-12,M2_gbm_poisson,2.056556,5.749523,product,18,1.645000,9.457965,12,2.795704,C,0,0.000000,6,24,Forecast,20260818T075922Z-deb02f
84925E,FLOWERS WALL THERMOMETER,2011-11,2011-12,M2_gbm_poisson,,,,,,,,,C,0,,,,Inactive (no sales in last 6 months),20260818T075922Z-deb02f
84925F,PSYCHEDELIC WALL THERMOMETER,2011-11,2011-12,M2_gbm_poisson,2.054573,7.178897,product,18,1.645000,11.809286,14,3.494106,C,0,0.000000,5,23,Forecast,20260818T075922Z-deb02f
84926A,WAKE UP COCKEREL TILE COASTER,2011-11,2011-12,M2_gbm_poisson,57.620454,17.512175,product,18,1.645000,28.807527,87,0.303923,C,96,74.666667,1,21,Forecast,20260818T075922Z-deb02f
84926B,SCOTTS ROSES TILE COASTER,2011-11,2011-12,M2_gbm_poisson,,,,,,,,,C,0,,,,Inactive (no sales in last 6 months),20260818T075922Z-deb02f
84926C,FAIRY CAKES TILE COASTER,2011-11,2011-12,M2_gbm_poisson,,,,,,,,,C,0,,,,Inactive (no sales in last 6 months),20260818T075922Z-deb02f
84926D,LA PALMIERA TILE COASTER,2011-11,2011-12,M2_gbm_poisson,46.412435,23.796916,product,18,1.645000,39.145927,86,0.512727,C,59,63.333333,1,24,Forecast,20260818T075922Z-deb02f
84926E,FLOWERS TILE COASTER,2011-11,2011-12,M2_gbm_poisson,55.284026,22.908097,product,18,1.645000,37.683820,93,0.414371,C,86,78.333333,1,24,Forecast,20260818T075922Z-deb02f
84926F,PSYCHEDELIC TILE COASTER,2011-11,2011-12,M2_gbm_poisson,47.561627,31.056170,product,18,1.645000,51.087400,99,0.652967,C,62,40.666667,1,24,Forecast,20260818T075922Z-deb02f
84927A,WAKE UP COCKEREL TILE HOOK,2011-11,2011-12,M2_gbm_poisson,3.651632,9.042970,product,18,1.645000,14.875686,19,2.476419,C,0,0.000000,4,22,Forecast,20260818T075922Z-deb02f
84927D,LA PALMIERA TILE HOOK,2011-11,2011-12,M2_gbm_poisson,2.062682,10.762045,product,18,1.645000,17.703564,20,5.217501,C,0,0.000000,5,20,Forecast,20260818T075922Z-deb02f
84927E,FLOWERS TILE HOOK,2011-11,2011-12,M2_gbm_poisson,2.062682,17.329148,product,18,1.645000,28.506448,31,8.401270,C,0,0.000000,5,22,Forecast,20260818T075922Z-deb02f
84927F,PSYCHEDELIC TILE HOOK,2011-11,2011-12,M2_gbm_poisson,56.174937,6.473254,product,18,1.645000,10.648503,67,0.115234,C,100,54.000000,1,24,Forecast,20260818T075922Z-deb02f
84929,ASSTD FRUIT+FLOWERS FRIDGE MAGNETS,2011-11,2011-12,M2_gbm_poisson,134.934620,51.512715,product,18,1.645000,84.738416,220,0.381761,C,126,138.000000,1,24,Forecast,20260818T075922Z-deb02f
84931A,PINK SCOTTIE DOG W FLOWER PATTERN,2011-11,2011-12,M2_gbm_poisson,33.640672,14.714508,product,18,1.645000,24.205366,58,0.437402,C,26,14.333333,1,24,Forecast,20260818T075922Z-deb02f
84931B,BLUE SCOTTIE DOG W FLOWER PATTERN,2011-11,2011-12,M2_gbm_poisson,49.149038,8.729104,product,18,1.645000,14.359376,64,0.177605,C,66,31.666667,1,24,Forecast,20260818T075922Z-deb02f
84932A,SMALL GREEN PEONY FOLDING STOOL,2011-11,2011-12,M2_gbm_poisson,,,,,,,,,C,0,,,,Inactive (no sales in last 6 months),20260818T075922Z-deb02f
84932B,SMALL PINK PEONY FOLDING STOOL,2011-11,2011-12,M2_gbm_poisson,,,,,,,,,C,0,,,,Inactive (no sales in last 6 months),20260818T075922Z-deb02f
84932C,SMALL ORIENTAL BLUE FOLDING STOOL,2011-11,2011-12,M2_gbm_poisson,,,,,,,,,C,0,,,,Inactive (no sales in last 6 months),20260818T075922Z-deb02f
84932D,SMALL ORIENTAL RED FOLDING STOOL,2011-11,2011-12,M2_gbm_poisson,,,,,,,,,C,0,,,,Inactive (no sales in last 6 months),20260818T075922Z-deb02f
84933A,LARGE GREEN PEONY FOLDING STOOL,2011-11,2011-12,M2_gbm_poisson,,,,,,,,,C,0,,,,Inactive (no sales in last 6 months),20260818T075922Z-deb02f
84933B,LARGE PINK PEONY FOLDING STOOL,2011-11,2011-12,M2_gbm_poisson,,,,,,,,,C,0,,,,Inactive (no sales in last 6 months),20260818T075922Z-deb02f
84933C,LARGE BLUE ORIENTAL FOLDING STOOL,2011-11,2011-12,M2_gbm_poisson,,,,,,,,,C,0,,,,Inactive (no sales in last 6 months),20260818T075922Z-deb02f
84934,ASSTD DESIGN POP ART SLIM PEN,2011-11,2011-12,M2_gbm_poisson,,,,,,,,,C,0,,,,Inactive (no sales in last 6 months),20260818T075922Z-deb02f
84937,KASHMIR FOLKART TUMBLERS,2011-11,2011-12,M2_gbm_poisson,,,,,,,,,A,0,,,,Inactive (no sales in last 6 months),20260818T075922Z-deb02f
84942,KASHMIR FOLKART HEART DISHES,2011-11,2011-12,M2_gbm_poisson,,,,,,,,,C,0,,,,Inactive (no sales in last 6 months),20260818T075922Z-deb02f
84944,SET OF 6 KASHMIR FOLKART BAUBLES,2011-11,2011-12,M2_gbm_poisson,22.532693,50.654067,product,18,1.645000,83.325940,106,2.248025,B,6,15.666667,1,24,Forecast,20260818T075922Z-deb02f
84945,MULTI COLOUR SILVER T-LIGHT HOLDER,2011-11,2011-12,M2_gbm_poisson,719.719204,573.529355,product,18,1.645000,943.455788,1664,0.796879,A,1801,1294.666667,1,24,Forecast,20260818T075922Z-deb02f
84946,ANTIQUE SILVER TEA GLASS ETCHED,2011-11,2011-12,M2_gbm_poisson,1091.049448,511.790555,product,18,1.645000,841.895463,1933,0.469081,A,3389,2159.000000,1,24,Forecast,20260818T075922Z-deb02f
84947,ANTIQUE SILVER TEA GLASS ENGRAVED,2011-11,2011-12,M2_gbm_poisson,690.346855,259.156108,product,18,1.645000,426.311797,1117,0.375400,A,1237,1179.666667,1,24,Forecast,20260818T075922Z-deb02f
84948,SILVER HANGING T-LIGHT HOLDER DOME,2011-11,2011-12,M2_gbm_poisson,,,,,,,,,C,0,,,,Inactive (no sales in last 6 months),20260818T075922Z-deb02f
84949,SILVER HANGING T-LIGHT HOLDER,2011-11,2011-12,M2_gbm_poisson,357.246651,270.323570,product,18,1.645000,444.682273,802,0.756686,A,771,582.333333,1,24,Forecast,20260818T075922Z-deb02f
84950,ASSORTED COLOUR T-LIGHT HOLDER,2011-11,2011-12,M2_gbm_poisson,83.823540,86.514084,product,18,1.645000,142.315668,227,1.032098,A,210,206.000000,1,24,Forecast,20260818T075922Z-deb02f
84951A,SET OF 4 PISTACHIO LOVEBIRD COASTER,2011-11,2011-12,M2_gbm_poisson,47.481914,16.597707,product,18,1.645000,27.303228,75,0.349559,C,57,46.000000,1,24,Forecast,20260818T075922Z-deb02f
84951B,SET OF 4 BLACK LOVEBIRD COASTERS,2011-11,2011-12,M2_gbm_poisson,52.188693,30.777886,product,18,1.645000,50.629623,103,0.589742,C,67,24.666667,1,24,Forecast,20260818T075922Z-deb02f
84952A,CLEAR LOVE BIRD T-LIGHT HOLDER,2011-11,2011-12,M2_gbm_poisson,11.559196,6.866810,product,18,1.645000,11.295903,23,0.594056,C,8,7.000000,1,24,Forecast,20260818T075922Z-deb02f
84952B,BLACK LOVE BIRD T-LIGHT HOLDER,2011-11,2011-12,M2_gbm_poisson,7.515459,8.250743,product,18,1.645000,13.572472,22,1.097836,C,1,4.000000,1,24,Forecast,20260818T075922Z-deb02f
84952C,MIRROR LOVE BIRD T-LIGHT HOLDER,2011-11,2011-12,M2_gbm_poisson,3.541670,5.297626,product,17,1.645000,8.714595,13,1.495799,C,0,1.000000,2,24,Forecast,20260818T075922Z-deb02f
84962,SET/3 COLOUR PAINTED KASHMIRI STOOL,2011-11,2011-12,M2_gbm_poisson,,,,,,,,,C,0,,,,Inactive (no sales in last 6 months),20260818T075922Z-deb02f
84963A,PINK PAINTED KASHMIRI CHAIR,2011-11,2011-12,M2_gbm_poisson,,,,,,,,,C,0,,,,Inactive (no sales in last 6 months),20260818T075922Z-deb02f
84963B,BLUE PAINTED KASHMIRI CHAIR,2011-11,2011-12,M2_gbm_poisson,2.244789,1.555544,product,15,1.645000,2.558870,5,0.692958,C,0,0.000000,4,19,Forecast,20260818T075922Z-deb02f
84964A,PINK PAINTED KASHMIRI TABLE,2011-11,2011-12,M2_gbm_poisson,,,,,,,,,C,0,,,,Inactive (no sales in last 6 months),20260818T075922Z-deb02f
84964B,BLUE PAINTED KASHMIRI TABLE,2011-11,2011-12,M2_gbm_poisson,,,,,,,,,B,0,,,,Inactive (no sales in last 6 months),20260818T075922Z-deb02f
84965A,PINK KASHMIRI COFFEE TABLE,2011-11,2011-12,M2_gbm_poisson,,,,,,,,,B,0,,,,Inactive (no sales in last 6 months),20260818T075922Z-deb02f
84965B,BLUE KASHMIRI COFFEE TABLE,2011-11,2011-12,M2_gbm_poisson,,,,,,,,,B,0,,,,Inactive (no sales in last 6 months),20260818T075922Z-deb02f
84966A,PINK KASHMIRI BOXED MIRROR,2011-11,2011-12,M2_gbm_poisson,,,,,,,,,C,0,,,,Inactive (no sales in last 6 months),20260818T075922Z-deb02f
84966B,BLUE KASHMIRI BOXED MIRROR,2011-11,2011-12,M2_gbm_poisson,,,,,,,,,C,0,,,,Inactive (no sales in last 6 months),20260818T075922Z-deb02f
84966C,GREEN KASHMIRI BOXED MIRROR,2011-11,2011-12,M2_gbm_poisson,,,,,,,,,C,0,,,,Inactive (no sales in last 6 months),20260818T075922Z-deb02f
84967A,PINK KASHMIRI OCCASIONAL TABLE,2011-11,2011-12,M2_gbm_poisson,,,,,,,,,C,0,,,,Inactive (no sales in last 6 months),20260818T075922Z-deb02f
84967B,BLUE KASHMIRI OCCASIONAL TABLE,2011-11,2011-12,M2_gbm_poisson,,,,,,,,,B,0,,,,Inactive (no sales in last 6 months),20260818T075922Z-deb02f
84967C,GREEN KASHMIRI OCCASIONAL TABLE,2011-11,2011-12,M2_gbm_poisson,,,,,,,,,C,0,,,,Inactive (no sales in last 6 months),20260818T075922Z-deb02f
84968A,SET OF 16 VINTAGE ROSE CUTLERY,2011-11,2011-12,M2_gbm_poisson,17.721262,5.690367,product,18,1.645000,9.360654,28,0.321104,A,8,18.000000,1,24,Forecast,20260818T075922Z-deb02f
84968B,S/16 VINTAGE IVORY CUTLERY,2011-11,2011-12,M2_gbm_poisson,,,,,,,,,A,0,,,,Inactive (no sales in last 6 months),20260818T075922Z-deb02f
84968C,SET OF 16 VINTAGE PISTACHIO CUTLERY,2011-11,2011-12,M2_gbm_poisson,12.104704,6.604761,product,18,1.645000,10.864831,23,0.545636,A,7,5.333333,1,24,Forecast,20260818T075922Z-deb02f
84968D,SET OF 16 VINTAGE RED CUTLERY,2011-11,2011-12,M2_gbm_poisson,6.947846,11.013568,product,18,1.645000,18.117320,26,1.585177,A,1,3.666667,1,24,Forecast,20260818T075922Z-deb02f
84968E,SET OF 16 VINTAGE BLACK CUTLERY,2011-11,2011-12,M2_gbm_poisson,10.694604,14.961510,product,18,1.645000,24.611683,36,1.398977,A,3,11.000000,1,24,Forecast,20260818T075922Z-deb02f
84968F,SET OF 16 VINTAGE SKY BLUE CUTLERY,2011-11,2011-12,M2_gbm_poisson,8.311685,8.624729,product,18,1.645000,14.187679,23,1.037663,B,3,3.333333,1,24,Forecast,20260818T075922Z-deb02f
84969,BOX OF 6 ASSORTED COLOUR TEASPOONS,2011-11,2011-12,M2_gbm_poisson,49.560054,30.188998,product,18,1.645000,49.660901,100,0.609140,A,46,39.000000,1,24,Forecast,20260818T075922Z-deb02f
84970L,SINGLE HEART ZINC T-LIGHT HOLDER,2011-11,2011-12,M2_gbm_poisson,291.498014,309.143301,product,18,1.645000,508.540730,801,1.060533,A,400,418.666667,1,24,Forecast,20260818T075922Z-deb02f
84970S,HANGING HEART ZINC T-LIGHT HOLDER,2011-11,2011-12,M2_gbm_poisson,302.928678,470.565083,product,18,1.645000,774.079561,1078,1.553386,A,473,527.000000,1,24,Forecast,20260818T075922Z-deb02f
84971L,LARGE HEART FLOWERS HOOK,2011-11,2011-12,M2_gbm_poisson,8.564304,8.023905,abc_group,5,1.645000,13.199324,22,0.936901,C,2,0.666667,1,24,Forecast,20260818T075922Z-deb02f
84971S,SMALL HEART FLOWERS HOOK,2011-11,2011-12,M2_gbm_poisson,73.912323,83.273194,product,18,1.645000,136.984404,211,1.126648,A,93,106.333333,1,24,Forecast,20260818T075922Z-deb02f
84972L,GIANT PINK HEART MEMO HOLDER,2011-11,2011-12,M2_gbm_poisson,,,,,,,,,C,0,,,,Inactive (no sales in last 6 months),20260818T075922Z-deb02f
84974,S/2 ZINC HEART DESIGN PLANTERS,2011-11,2011-12,M2_gbm_poisson,6.961982,4.713630,product,18,1.645000,7.753922,15,0.677053,C,1,2.333333,1,23,Forecast,20260818T075922Z-deb02f
84975,HEART SHAPED MIRROR,2011-11,2011-12,M2_gbm_poisson,,,,,,,,,A,0,,,,Inactive (no sales in last 6 months),20260818T075922Z-deb02f
84976,RECTANGULAR SHAPED MIRROR,2011-11,2011-12,M2_gbm_poisson,30.109160,10.351439,product,18,1.645000,17.028117,48,0.343797,C,12,28.333333,1,24,Forecast,20260818T075922Z-deb02f
84977,WIRE FLOWER T-LIGHT HOLDER,2011-11,2011-12,M2_gbm_poisson,,,,,,,,,C,0,,,,Inactive (no sales in last 6 months),20260818T075922Z-deb02f
84978,HANGING HEART JAR T-LIGHT HOLDER,2011-11,2011-12,M2_gbm_poisson,609.917330,558.529001,product,18,1.645000,918.780206,1529,0.915745,A,1253,830.333333,1,24,Forecast,20260818T075922Z-deb02f
84984A,GREEN PEONY CUSHION COVER,2011-11,2011-12,M2_gbm_poisson,11.093760,2.965497,product,15,1.645000,4.878242,16,0.267312,C,6,3.666667,1,23,Forecast,20260818T075922Z-deb02f
84984B,RED PEONY CUSHION COVER,2011-11,2011-12,M2_gbm_poisson,11.093760,6.155755,product,15,1.645000,10.126217,22,0.554884,C,6,3.666667,1,23,Forecast,20260818T075922Z-deb02f
84984C,ORIENTAL BLUE C/COVER,2011-11,2011-12,M2_gbm_poisson,,,,,,,,,C,0,,,,Inactive (no sales in last 6 months),20260818T075922Z-deb02f
84984D,ORIENTAL RED C/COVER,2011-11,2011-12,M2_gbm_poisson,9.529337,2.369788,product,14,1.645000,3.898301,14,0.248683,C,6,2.666667,1,24,Forecast,20260818T075922Z-deb02f
84985A,SET OF 72 GREEN PAPER DOILIES,2011-11,2011-12,M2_gbm_poisson,,,,,,,,,B,0,,,,Inactive (no sales in last 6 months),20260818T075922Z-deb02f
84985B,SET OF 72 BLACK PAPER DOILIES,2011-11,2011-12,M2_gbm_poisson,,,,,,,,,C,0,,,,Inactive (no sales in last 6 months),20260818T075922Z-deb02f
84986B,SET OF 36 SILVER PAPER DOILIES,2011-11,2011-12,M2_gbm_poisson,,,,,,,,,C,0,,,,Inactive (no sales in last 6 months),20260818T075922Z-deb02f
84987,SET OF 36 TEATIME PAPER DOILIES,2011-11,2011-12,M2_gbm_poisson,176.366360,192.968989,product,18,1.645000,317.433987,494,1.094137,A,384,286.000000,1,24,Forecast,20260818T075922Z-deb02f
84988,SET OF 72 PINK HEART PAPER DOILIES,2011-11,2011-12,M2_gbm_poisson,246.159640,180.565187,product,18,1.645000,297.029732,544,0.733529,A,555,343.666667,1,24,Forecast,20260818T075922Z-deb02f
84989A,75 GREEN FAIRY CAKE CASES,2011-11,2011-12,M2_gbm_poisson,15.950964,21.223716,product,18,1.645000,34.913012,51,1.330560,B,7,4.000000,1,24,Forecast,20260818T075922Z-deb02f
84989B,75 BLACK FAIRY CAKE CASES,2011-11,2011-12,M2_gbm_poisson,,,,,,,,,C,0,,,,Inactive (no sales in last 6 months),20260818T075922Z-deb02f
84990,60 GOLD AND SILVER FAIRY CAKE CASES,2011-11,2011-12,M2_gbm_poisson,,,,,,,,,B,0,,,,Inactive (no sales in last 6 months),20260818T075922Z-deb02f
84991,60 TEATIME FAIRY CAKE CASES,2011-11,2011-12,M2_gbm_poisson,964.173612,823.501200,product,18,1.645000,1354.659474,2319,0.854101,A,1425,1788.000000,1,24,Forecast,20260818T075922Z-deb02f
84992,72 SWEETHEART FAIRY CAKE CASES,2011-11,2011-12,M2_gbm_poisson,515.398832,413.736654,product,18,1.645000,680.596796,1196,0.802750,A,918,1097.666667,1,24,Forecast,20260818T075922Z-deb02f
84993A,75 GREEN PETIT FOUR CASES,2011-11,2011-12,M2_gbm_poisson,47.726974,57.346523,product,18,1.645000,94.335031,143,1.201554,C,58,43.333333,1,24,Forecast,20260818T075922Z-deb02f
84993B,75 BLACK PETIT FOUR CASES,2011-11,2011-12,M2_gbm_poisson,3.651632,14.032957,product,18,1.645000,23.084215,27,3.842928,C,0,0.000000,4,24,Forecast,20260818T075922Z-deb02f
84997A,GREEN 3 PIECE MINI DOTS CUTLERY SET,2011-11,2011-12,M2_gbm_poisson,143.816591,145.568636,product,18,1.645000,239.460407,384,1.012182,A,273,205.666667,1,24,Forecast,20260818T075922Z-deb02f
84997B,RED 3 PIECE MINI DOTS CUTLERY SET,2011-11,2011-12,M2_gbm_poisson,221.486833,152.600015,product,18,1.645000,251.027025,473,0.688980,A,459,390.333333,1,24,Forecast,20260818T075922Z-deb02f
84997C,BLUE 3 PIECE MINI DOTS CUTLERY SET,2011-11,2011-12,M2_gbm_poisson,283.071340,252.048820,product,18,1.645000,414.620309,698,0.890407,A,655,410.000000,1,24,Forecast,20260818T075922Z-deb02f
84997D,PINK 3 PIECE MINI DOTS CUTLERY SET,2011-11,2011-12,M2_gbm_poisson,369.547579,164.376752,product,18,1.645000,270.399756,640,0.444805,A,779,585.000000,1,24,Forecast,20260818T075922Z-deb02f
85006,SET 4 NURSERY DES ROUND BOXES,2011-11,2011-12,M2_gbm_poisson,,,,,,,,,B,0,,,,Inactive (no sales in last 6 months),20260818T075922Z-deb02f
85007,SET OF 3 VINTAGE TEA TIME BOXES,2011-11,2011-12,M2_gbm_poisson,,,,,,,,,C,0,,,,Inactive (no sales in last 6 months),20260818T075922Z-deb02f
85008,SET OF 3 CONEY ISLAND OVAL BOXES,2011-11,2011-12,M2_gbm_poisson,,,,,,,,,B,0,,,,Inactive (no sales in last 6 months),20260818T075922Z-deb02f
85014A,BLACK/BLUE POLKADOT UMBRELLA,2011-11,2011-12,M2_gbm_poisson,97.280850,85.208728,product,18,1.645000,140.168358,238,0.875904,A,124,145.000000,1,24,Forecast,20260818T075922Z-deb02f
85014B,RED RETROSPOT UMBRELLA,2011-11,2011-12,M2_gbm_poisson,115.199211,139.182411,product,18,1.645000,228.955066,345,1.208189,A,158,252.333333,1,24,Forecast,20260818T075922Z-deb02f
85014C,BLUE/BROWN DOTS RUFFLED UMBRELLA,2011-11,2011-12,M2_gbm_poisson,,,,,,,,,B,0,,,,Inactive (no sales in last 6 months),20260818T075922Z-deb02f
85014D,PINK/BROWN DOTS RUFFLED UMBRELLA,2011-11,2011-12,M2_gbm_poisson,,,,,,,,,A,0,,,,Inactive (no sales in last 6 months),20260818T075922Z-deb02f
85015,SET OF 12  VINTAGE POSTCARD SET,2011-11,2011-12,M2_gbm_poisson,138.664793,56.530574,product,18,1.645000,92.992795,232,0.407678,B,349,351.333333,1,24,Forecast,20260818T075922Z-deb02f
85016,SET OF 6 VINTAGE NOTELETS KIT,2011-11,2011-12,M2_gbm_poisson,,,,,,,,,B,0,,,,Inactive (no sales in last 6 months),20260818T075922Z-deb02f
85017A,ENVELOPE 50 ROMANTIC IMAGES,2011-11,2011-12,M2_gbm_poisson,,,,,,,,,C,0,,,,Inactive (no sales in last 6 months),20260818T075922Z-deb02f
85017B,ENVELOPE 50 BLOSSOM IMAGES,2011-11,2011-12,M2_gbm_poisson,38.426382,68.048523,product,18,1.645000,111.939820,151,1.770880,B,9,95.333333,1,24,Forecast,20260818T075922Z-deb02f
85017C,ENVELOPE 50 CURIOUS IMAGES,2011-11,2011-12,M2_gbm_poisson,,,,,,,,,C,0,,,,Inactive (no sales in last 6 months),20260818T075922Z-deb02f
85018A,S/6 PAPER BOXES ROMANTIC IMAGES,2011-11,2011-12,M2_gbm_poisson,,,,,,,,,C,0,,,,Inactive (no sales in last 6 months),20260818T075922Z-deb02f
85018B,S/6 PAPER BOXES BLOSSOM IMAGES,2011-11,2011-12,M2_gbm_poisson,,,,,,,,,C,0,,,,Inactive (no sales in last 6 months),20260818T075922Z-deb02f
85018C,S/6 PAPER BOXES CURIOUS IMAGES,2011-11,2011-12,M2_gbm_poisson,,,,,,,,,C,0,,,,Inactive (no sales in last 6 months),20260818T075922Z-deb02f
85018D,YULETIDE IMAGES S/6 PAPER BOXES,2011-11,2011-12,M2_gbm_poisson,,,,,,,,,B,0,,,,Inactive (no sales in last 6 months),20260818T075922Z-deb02f
85019A,ROMANTIC IMAGES NOTEBOOK SET,2011-11,2011-12,M2_gbm_poisson,51.085254,8.689741,product,18,1.645000,14.294624,66,0.170103,C,52,57.666667,1,23,Forecast,20260818T075922Z-deb02f
85019B,BLOSSOM  IMAGES NOTEBOOK SET,2011-11,2011-12,M2_gbm_poisson,53.289616,24.705453,product,18,1.645000,40.640471,94,0.463607,C,54,100.000000,1,21,Forecast,20260818T075922Z-deb02f
85019C,CURIOUS  IMAGES NOTEBOOK SET,2011-11,2011-12,M2_gbm_poisson,2.054573,16.871173,product,18,1.645000,27.753079,30,8.211521,C,0,0.000000,6,24,Forecast,20260818T075922Z-deb02f
85020,ROUND PINK HEART MIRROR,2011-11,2011-12,M2_gbm_poisson,12.985326,6.929450,product,18,1.645000,11.398945,25,0.533637,C,9,3.000000,1,24,Forecast,20260818T075922Z-deb02f
85023A,CRYSTAL LARGE JEWELLED PHOTO FRAME,2011-11,2011-12,M2_gbm_poisson,,,,,,,,,C,0,,,,Inactive (no sales in last 6 months),20260818T075922Z-deb02f
85023B,EAU DE NILE JEWELLED PHOTOFRAME,2011-11,2011-12,M2_gbm_poisson,19.485213,13.046806,product,18,1.645000,21.461996,41,0.669575,C,7,9.000000,1,24,Forecast,20260818T075922Z-deb02f
85023C,PINK LARGE JEWELED PHOTOFRAME,2011-11,2011-12,M2_gbm_poisson,,,,,,,,,C,0,,,,Inactive (no sales in last 6 months),20260818T075922Z-deb02f
85024A,CRYSTAL SMALL JEWELLED PHOTOFRAME,2011-11,2011-12,M2_gbm_poisson,,,,,,,,,C,0,,,,Inactive (no sales in last 6 months),20260818T075922Z-deb02f
85024B,EAU DE NILE JEWELLED PHOTOFRAME,2011-11,2011-12,M2_gbm_poisson,14.833845,8.509160,product,18,1.645000,13.997569,29,0.573631,C,12,4.666667,1,23,Forecast,20260818T075922Z-deb02f
85024C,PINK SMALL JEWELLED PHOTOFRAME,2011-11,2011-12,M2_gbm_poisson,8.104324,4.281156,product,18,1.645000,7.042501,16,0.528256,C,2,2.666667,1,24,Forecast,20260818T075922Z-deb02f
85025B,EAU DE NILE HEART SHAPE PHOTO FRAME,2011-11,2011-12,M2_gbm_poisson,55.068436,11.287182,product,18,1.645000,18.567414,74,0.204966,C,71,50.000000,1,24,Forecast,20260818T075922Z-deb02f
85025C,PINK HEART SHAPE PHOTO FRAME,2011-11,2011-12,M2_gbm_poisson,3.645793,20.531934,product,18,1.645000,33.775032,38,5.631679,B,0,0.000000,4,24,Forecast,20260818T075922Z-deb02f
85026B,EAU DE NILE JEWELLED T-LIGHT HOLDER,2011-11,2011-12,M2_gbm_poisson,20.645246,4.162103,product,18,1.645000,6.846659,28,0.201601,C,10,13.333333,1,24,Forecast,20260818T075922Z-deb02f
85027L,FRENCH CHATEAU LARGE PLATTER,2011-11,2011-12,M2_gbm_poisson,,,,,,,,,C,0,,,,Inactive (no sales in last 6 months),20260818T075922Z-deb02f
85028L,FRENCH CHATEAU LARGE FRUIT BOWL,2011-11,2011-12,M2_gbm_poisson,,,,,,,,,C,0,,,,Inactive (no sales in last 6 months),20260818T075922Z-deb02f
85028S,FRENCH CHATEAU SMALL FRUITBOWL,2011-11,2011-12,M2_gbm_poisson,,,,,,,,,C,0,,,,Inactive (no sales in last 6 months),20260818T075922Z-deb02f
85030,FRENCH CHATEAU OVAL PLATTER,2011-11,2011-12,M2_gbm_poisson,,,,,,,,,C,0,,,,Inactive (no sales in last 6 months),20260818T075922Z-deb02f
85031A,ROMANTIC IMAGES SCRAP BOOK SET,2011-11,2011-12,M2_gbm_poisson,,,,,,,,,B,0,,,,Inactive (no sales in last 6 months),20260818T075922Z-deb02f
85031B,BLOSSOM IMAGES SCRAP BOOK SET,2011-11,2011-12,M2_gbm_poisson,,,,,,,,,C,0,,,,Inactive (no sales in last 6 months),20260818T075922Z-deb02f
85031C,CURIOUS IMAGES SCRAP BOOK SET,2011-11,2011-12,M2_gbm_poisson,,,,,,,,,B,0,,,,Inactive (no sales in last 6 months),20260818T075922Z-deb02f
85032A,ROMANTIC IMAGES GIFT WRAP SET,2011-11,2011-12,M2_gbm_poisson,78.744544,60.854725,product,18,1.645000,100.106023,179,0.772812,C,105,131.333333,1,24,Forecast,20260818T075922Z-deb02f
85032B,BLOSSOM IMAGES GIFT WRAP SET,2011-11,2011-12,M2_gbm_poisson,69.339666,28.022104,product,18,1.645000,46.096361,116,0.404128,C,81,90.666667,1,23,Forecast,20260818T075922Z-deb02f
85032C,CURIOUS IMAGES GIFT WRAP SET,2011-11,2011-12,M2_gbm_poisson,68.408190,47.159430,product,18,1.645000,77.577263,146,0.689383,C,74,107.000000,1,24,Forecast,20260818T075922Z-deb02f
85032D,YULETIDE IMAGES GIFT WRAP SET,2011-11,2011-12,M2_gbm_poisson,26.613095,84.033027,product,17,1.645000,138.234329,165,3.157582,B,0,112.666667,2,24,Forecast,20260818T075922Z-deb02f
85033G,SET/6 GOLD REINDEER T-LIGHT CANDLES,2011-11,2011-12,M2_gbm_poisson,,,,,,,,,C,0,,,,Inactive (no sales in last 6 months),20260818T075922Z-deb02f
85033S,SET/6 SILVER REINDEER T-LIGHTS,2011-11,2011-12,M2_gbm_poisson,,,,,,,,,C,0,,,,Inactive (no sales in last 6 months),20260818T075922Z-deb02f
85034A,3 GARDENIA MORRIS BOXED CANDLES,2011-11,2011-12,M2_gbm_poisson,71.898598,20.540608,product,18,1.645000,33.789299,106,0.285689,B,97,147.333333,1,24,Forecast,20260818T075922Z-deb02f
85034B,3 WHITE CHOC MORRIS BOXED CANDLES,2011-11,2011-12,M2_gbm_poisson,228.330388,22.829668,product,18,1.645000,37.554804,266,0.099985,B,462,224.666667,1,24,Forecast,20260818T075922Z-deb02f
85034C,3 ROSE MORRIS BOXED CANDLES,2011-11,2011-12,M2_gbm_poisson,248.712933,24.556081,product,18,1.645000,40.394754,290,0.098733,B,571,282.333333,1,24,Forecast,20260818T075922Z-deb02f
85035A,GARDENIA 3 WICK MORRIS BOXED CANDLE,2011-11,2011-12,M2_gbm_poisson,18.317968,29.461486,product,18,1.645000,48.464144,67,1.608338,B,0,60.333333,2,24,Forecast,20260818T075922Z-deb02f
85035B,CHOCOLATE 3 WICK MORRIS BOX CANDLE,2011-11,2011-12,M2_gbm_poisson,15.780674,25.338449,product,18,1.645000,41.681749,58,1.605663,B,0,30.000000,2,24,Forecast,20260818T075922Z-deb02f
85035C,ROSE 3 WICK MORRIS BOX CANDLE,2011-11,2011-12,M2_gbm_poisson,115.915866,29.259185,product,18,1.645000,48.131360,165,0.252417,B,248,189.000000,1,24,Forecast,20260818T075922Z-deb02f
85036A,GARDENIA 1 WICK MORRIS BOXED CANDLE,2011-11,2011-12,M2_gbm_poisson,17.461846,25.283148,product,18,1.645000,41.590779,60,1.447908,B,0,30.333333,2,24,Forecast,20260818T075922Z-deb02f
85036B,CHOCOLATE 1 WICK MORRIS BOX CANDLE,2011-11,2011-12,M2_gbm_poisson,49.520075,19.171797,product,18,1.645000,31.537606,82,0.387152,B,49,63.666667,1,24,Forecast,20260818T075922Z-deb02f
85036C,ROSE 1 WICK MORRIS BOXED CANDLE,2011-11,2011-12,M2_gbm_poisson,156.658366,12.417516,product,18,1.645000,20.426814,178,0.079265,C,403,204.666667,1,24,Forecast,20260818T075922Z-deb02f
85038,6 CHOCOLATE LOVE HEART T-LIGHTS,2011-11,2011-12,M2_gbm_poisson,136.813910,33.892755,product,18,1.645000,55.753582,193,0.247729,A,350,155.000000,1,24,Forecast,20260818T075922Z-deb02f
85039A,SET/4 RED MINI ROSE CANDLE IN BOWL,2011-11,2011-12,M2_gbm_poisson,61.260420,55.043082,product,18,1.645000,90.545869,152,0.898510,B,54,77.666667,1,24,Forecast,20260818T075922Z-deb02f
85039B,S/4 IVORY MINI ROSE CANDLE IN BOWL,2011-11,2011-12,M2_gbm_poisson,52.599482,53.800737,product,18,1.645000,88.502212,142,1.022838,B,52,55.333333,1,24,Forecast,20260818T075922Z-deb02f
85039C,S/4 BLACK MINI ROSE CANDLE IN BOWL,2011-11,2011-12,M2_gbm_poisson,21.763249,26.166185,product,18,1.645000,43.043374,65,1.202311,C,13,10.000000,1,24,Forecast,20260818T075922Z-deb02f
85040A,S/4 PINK FLOWER CANDLES IN BOWL,2011-11,2011-12,M2_gbm_poisson,74.106915,41.502051,product,18,1.645000,68.270874,143,0.560029,B,132,89.666667,1,24,Forecast,20260818T075922Z-deb02f
85040B,SET/4 BLUE FLOWER CANDLES IN BOWL,2011-11,2011-12,M2_gbm_poisson,,,,,,,,,A,0,,,,Inactive (no sales in last 6 months),20260818T075922Z-deb02f
85041,SET/4 PINK ORCHID CANDLES IN BOWL,2011-11,2011-12,M2_gbm_poisson,,,,,,,,,B,0,,,,Inactive (no sales in last 6 months),20260818T075922Z-deb02f
85042,ANTIQUE LILY FAIRY LIGHTS,2011-11,2011-12,M2_gbm_poisson,,,,,,,,,A,0,,,,Inactive (no sales in last 6 months),20260818T075922Z-deb02f
85043,RED HEART CANDY POP LIGHTS,2011-11,2011-12,M2_gbm_poisson,,,,,,,,,C,0,,,,Inactive (no sales in last 6 months),20260818T075922Z-deb02f
85044,RED REINDEER STRING OF 20 LIGHTS,2011-11,2011-12,M2_gbm_poisson,,,,,,,,,C,0,,,,Inactive (no sales in last 6 months),20260818T075922Z-deb02f
85045,GREEN CHRISTMAS TREE STRING 20LIGHT,2011-11,2011-12,M2_gbm_poisson,8.993956,16.719206,product,18,1.645000,27.503094,37,1.858938,B,4,2.333333,1,24,Forecast,20260818T075922Z-deb02f
85047,WHITE BEADED GARLAND STRING 20LIGHT,2011-11,2011-12,M2_gbm_poisson,,,,,,,,,A,0,,,,Inactive (no sales in last 6 months),20260818T075922Z-deb02f
85048,15CM CHRISTMAS GLASS BALL 20 LIGHTS,2011-11,2011-12,M2_gbm_poisson,276.013525,45.493507,product,18,1.645000,74.836819,351,0.164823,A,650,385.000000,1,24,Forecast,20260818T075922Z-deb02f
85049A,TRADITIONAL CHRISTMAS RIBBONS,2011-11,2011-12,M2_gbm_poisson,361.551680,236.744311,product,18,1.645000,389.444391,751,0.654801,A,886,708.333333,1,24,Forecast,20260818T075922Z-deb02f
85049B,LUSH GREENS RIBBONS,2011-11,2011-12,M2_gbm_poisson,4.489924,15.603401,product,18,1.645000,25.667595,31,3.475204,B,0,0.333333,3,24,Forecast,20260818T075922Z-deb02f
85049C,ROMANTIC PINKS RIBBONS,2011-11,2011-12,M2_gbm_poisson,69.507921,49.941455,product,18,1.645000,82.153694,152,0.718500,B,84,99.666667,1,24,Forecast,20260818T075922Z-deb02f
85049D,BRIGHT BLUES RIBBONS,2011-11,2011-12,M2_gbm_poisson,3.694567,33.114686,product,18,1.645000,54.473659,59,8.963077,B,0,0.333333,3,24,Forecast,20260818T075922Z-deb02f
85049E,SCANDINAVIAN REDS RIBBONS,2011-11,2011-12,M2_gbm_poisson,258.500052,121.929469,product,18,1.645000,200.573976,460,0.471681,A,447,499.333333,1,24,Forecast,20260818T075922Z-deb02f
85049F,BABY BOOM RIBBONS,2011-11,2011-12,M2_gbm_poisson,8.888246,34.038050,product,18,1.645000,55.992592,65,3.829558,B,0,10.000000,3,24,Forecast,20260818T075922Z-deb02f
85049G,CHOCOLATE BOX RIBBONS,2011-11,2011-12,M2_gbm_poisson,85.602336,114.292819,product,18,1.645000,188.011687,274,1.335160,A,105,162.666667,1,24,Forecast,20260818T075922Z-deb02f
85049H,URBAN BLACK RIBBONS,2011-11,2011-12,M2_gbm_poisson,73.850762,54.895563,product,18,1.645000,90.303201,165,0.743331,B,123,99.666667,1,24,Forecast,20260818T075922Z-deb02f
85050,FRENCH ENAMEL SOAP DISH WITH LID,2011-11,2011-12,M2_gbm_poisson,,,,,,,,,C,0,,,,Inactive (no sales in last 6 months),20260818T075922Z-deb02f
85053,FRENCH ENAMEL CANDLEHOLDER,2011-11,2011-12,M2_gbm_poisson,131.515800,33.313874,product,18,1.645000,54.801322,187,0.253307,B,256,252.666667,1,24,Forecast,20260818T075922Z-deb02f
85054,FRENCH ENAMEL POT W LID,2011-11,2011-12,M2_gbm_poisson,49.883554,23.874308,product,18,1.645000,39.273236,90,0.478601,B,52,36.666667,1,24,Forecast,20260818T075922Z-deb02f
85055,FRENCH ENAMEL UTENSIL HOLDER,2011-11,2011-12,M2_gbm_poisson,,,,,,,,,B,0,,,,Inactive (no sales in last 6 months),20260818T075922Z-deb02f
85059,FRENCH ENAMEL WATER BASIN,2011-11,2011-12,M2_gbm_poisson,37.986386,13.122270,product,18,1.645000,21.586134,60,0.345447,B,28,18.666667,1,24,Forecast,20260818T075922Z-deb02f
85060,WOOD FAN WITH FLOWER DESIGN,2011-11,2011-12,M2_gbm_poisson,,,,,,,,,B,0,,,,Inactive (no sales in last 6 months),20260818T075922Z-deb02f
85061W,WHITE JEWELLED HEART DECORATION,2011-11,2011-12,M2_gbm_poisson,100.586217,79.170618,product,18,1.645000,130.235666,231,0.787092,A,213,298.000000,1,24,Forecast,20260818T075922Z-deb02f
85062,PEARL CRYSTAL PUMPKIN T-LIGHT HLDR,2011-11,2011-12,M2_gbm_poisson,65.922395,76.643081,product,18,1.645000,126.077868,193,1.162626,A,99,68.333333,1,24,Forecast,20260818T075922Z-deb02f
85063,CREAM SWEETHEART MAGAZINE RACK,2011-11,2011-12,M2_gbm_poisson,,,,,,,,,A,0,,,,Inactive (no sales in last 6 months),20260818T075922Z-deb02f
85064,CREAM SWEETHEART LETTER RACK,2011-11,2011-12,M2_gbm_poisson,,,,,,,,,A,0,,,,Inactive (no sales in last 6 months),20260818T075922Z-deb02f
85065,CREAM SWEETHEART TRAYS,2011-11,2011-12,M2_gbm_poisson,,,,,,,,,A,0,,,,Inactive (no sales in last 6 months),20260818T075922Z-deb02f
85066,CREAM SWEETHEART MINI CHEST,2011-11,2011-12,M2_gbm_poisson,122.168714,69.633422,product,18,1.645000,114.546980,237,0.569978,A,271,195.666667,1,24,Forecast,20260818T075922Z-deb02f
85067,CREAM SWEETHEART WALL CABINET,2011-11,2011-12,M2_gbm_poisson,,,,,,,,,A,0,,,,Inactive (no sales in last 6 months),20260818T075922Z-deb02f
85068,CREAM SWEETHEART SHELF + HOOKS,2011-11,2011-12,M2_gbm_poisson,,,,,,,,,A,0,,,,Inactive (no sales in last 6 months),20260818T075922Z-deb02f
85069,CREAM SWEETHEART DOUBLE SHELF,2011-11,2011-12,M2_gbm_poisson,,,,,,,,,C,0,,,,Inactive (no sales in last 6 months),20260818T075922Z-deb02f
85070,ANT WHITE SWEETHEART TABLE W 3 DRAW,2011-11,2011-12,M2_gbm_poisson,,,,,,,,,C,0,,,,Inactive (no sales in last 6 months),20260818T075922Z-deb02f
85071A,BLUE CHARLIE+LOLA PERSONAL DOORSIGN,2011-11,2011-12,M2_gbm_poisson,85.621902,82.446571,product,18,1.645000,135.624609,222,0.962915,B,149,163.000000,1,24,Forecast,20260818T075922Z-deb02f
85071B,RED CHARLIE+LOLA PERSONAL DOORSIGN,2011-11,2011-12,M2_gbm_poisson,100.369579,92.682960,product,18,1.645000,152.463469,253,0.923417,C,182,172.666667,1,24,Forecast,20260818T075922Z-deb02f
85071C,"CHARLIE+LOLA""EXTREMELY BUSY"" SIGN",2011-11,2011-12,M2_gbm_poisson,66.315260,25.891311,product,18,1.645000,42.591207,109,0.390428,C,98,125.000000,1,24,Forecast,20260818T075922Z-deb02f
85071D,CHARLIE+LOLA MY ROOM DOOR SIGN,2011-11,2011-12,M2_gbm_poisson,62.549125,10.724906,product,18,1.645000,17.642470,81,0.171464,C,76,69.666667,1,24,Forecast,20260818T075922Z-deb02f
85072,OCCASIONS GIFT CARD ASSORTMENT,2011-11,2011-12,M2_gbm_poisson,,,,,,,,,C,0,,,,Inactive (no sales in last 6 months),20260818T075922Z-deb02f
85077,KISSING REINDEER TABLE RUNNER,2011-11,2011-12,M2_gbm_poisson,,,,,,,,,C,0,,,,Inactive (no sales in last 6 months),20260818T075922Z-deb02f
85078,SCANDINAVIAN 3 HEARTS NAPKIN RING,2011-11,2011-12,M2_gbm_poisson,58.996491,23.531160,product,18,1.645000,38.708758,98,0.398857,C,8,305.000000,1,24,Forecast,20260818T075922Z-deb02f
85079,EMBROIDERED REINDEER DECORATION,2011-11,2011-12,M2_gbm_poisson,,,,,,,,,C,0,,,,Inactive (no sales in last 6 months),20260818T075922Z-deb02f
85080,PADDED RED HEART DECORATION,2011-11,2011-12,M2_gbm_poisson,,,,,,,,,C,0,,,,Inactive (no sales in last 6 months),20260818T075922Z-deb02f
85081,PADDED HOLLY CHRISTMAS DECORATION,2011-11,2011-12,M2_gbm_poisson,,,,,,,,,C,0,,,,Inactive (no sales in last 6 months),20260818T075922Z-deb02f
85083,KISS REINDEER SCANDINAVIAN STOCKING,2011-11,2011-12,M2_gbm_poisson,,,,,,,,,C,0,,,,Inactive (no sales in last 6 months),20260818T075922Z-deb02f
85084,HOLLY TOP CHRISTMAS STOCKING,2011-11,2011-12,M2_gbm_poisson,,,,,,,,,C,0,,,,Inactive (no sales in last 6 months),20260818T075922Z-deb02f
85086A,CANDY SPOT HEART DECORATION,2011-11,2011-12,M2_gbm_poisson,3.637277,22.686597,product,18,1.645000,37.319452,41,6.237247,C,0,0.000000,4,24,Forecast,20260818T075922Z-deb02f
85087,CANDY SPOT CUSHION COVER,2011-11,2011-12,M2_gbm_poisson,15.063226,18.201361,product,18,1.645000,29.941239,46,1.208331,C,0,15.333333,2,24,Forecast,20260818T075922Z-deb02f
85088,CANDY SPOT HAND BAG,2011-11,2011-12,M2_gbm_poisson,51.583705,14.013165,product,18,1.645000,23.051656,75,0.271659,C,48,41.333333,1,24,Forecast,20260818T075922Z-deb02f
85089,CANDY SPOT BUNNY,2011-11,2011-12,M2_gbm_poisson,7.737752,3.201230,product,18,1.645000,5.266023,14,0.413716,C,4,2.666667,1,24,Forecast,20260818T075922Z-deb02f
85090,CANDY SPOT APRON,2011-11,2011-12,M2_gbm_poisson,,,,,,,,,C,0,,,,Inactive (no sales in last 6 months),20260818T075922Z-deb02f
85091,CANDY SPOT BREAD BASKETS,2011-11,2011-12,M2_gbm_poisson,,,,,,,,,C,0,,,,Inactive (no sales in last 6 months),20260818T075922Z-deb02f
85092,CANDY SPOT TEA COSY,2011-11,2011-12,M2_gbm_poisson,,,,,,,,,C,0,,,,Inactive (no sales in last 6 months),20260818T075922Z-deb02f
85093,CANDY SPOT EGG WARMER HARE,2011-11,2011-12,M2_gbm_poisson,35.941476,37.944701,product,18,1.645000,62.419033,99,1.055736,B,22,21.666667,1,24,Forecast,20260818T075922Z-deb02f
85094,CANDY SPOT EGG WARMER RABBIT,2011-11,2011-12,M2_gbm_poisson,61.622497,47.942540,product,18,1.645000,78.865478,141,0.778004,C,104,58.666667,1,24,Forecast,20260818T075922Z-deb02f
85095,THREE CANVAS LUGGAGE TAGS,2011-11,2011-12,M2_gbm_poisson,22.875624,24.482026,product,15,1.645000,40.272932,64,1.070223,C,16,8.333333,1,16,Forecast,20260818T075922Z-deb02f
85096,HILDA CANDY SPOT RABBIT,2011-11,2011-12,M2_gbm_poisson,5.611302,7.880316,product,18,1.645000,12.963119,19,1.404365,C,2,1.666667,1,24,Forecast,20260818T075922Z-deb02f
85097B,BLUE ROCKING SINGING CANARY,2011-11,2011-12,M2_gbm_poisson,,,,,,,,,C,0,,,,Inactive (no sales in last 6 months),20260818T075922Z-deb02f
85098B,BLUE FLYING SINGING CANARY,2011-11,2011-12,M2_gbm_poisson,,,,,,,,,B,0,,,,Inactive (no sales in last 6 months),20260818T075922Z-deb02f
85099B,JUMBO BAG RED RETROSPOT,2011-11,2011-12,M2_gbm_poisson,2259.178355,1707.563942,product,18,1.645000,2808.942684,5069,0.755834,A,5908,5239.666667,1,24,Forecast,20260818T075922Z-deb02f
85099C,JUMBO  BAG BAROQUE BLACK WHITE,2011-11,2011-12,M2_gbm_poisson,824.756390,560.325690,product,18,1.645000,921.735760,1747,0.679383,A,1565,1421.000000,1,24,Forecast,20260818T075922Z-deb02f
85099F,JUMBO BAG STRAWBERRY,2011-11,2011-12,M2_gbm_poisson,708.074283,900.299510,product,18,1.645000,1480.992693,2190,1.271476,A,898,1387.333333,1,24,Forecast,20260818T075922Z-deb02f
85103,SILVER T-LIGHT SETTING,2011-11,2011-12,M2_gbm_poisson,2.020614,13.900709,product,18,1.645000,22.866667,25,6.879448,B,0,0.000000,5,24,Forecast,20260818T075922Z-deb02f
85104,SILVER GLASS T-LIGHT SET,2011-11,2011-12,M2_gbm_poisson,12.038805,15.718970,product,18,1.645000,25.857706,38,1.305692,C,4,3.333333,1,24,Forecast,20260818T075922Z-deb02f
85106,CUT GLASS HEXAGON T-LIGHT HOLDER,2011-11,2011-12,M2_gbm_poisson,10.767225,21.178793,product,18,1.645000,34.839114,46,1.966968,B,6,2.000000,1,24,Forecast,20260818T075922Z-deb02f
85107,CUT GLASS T-LIGHT HOLDER OCTAGON,2011-11,2011-12,M2_gbm_poisson,52.237616,30.597232,product,18,1.645000,50.332446,103,0.585732,B,88,38.666667,1,24,Forecast,20260818T075922Z-deb02f
85109,PINK BOUDOIR T-LIGHT HOLDER,2011-11,2011-12,M2_gbm_poisson,,,,,,,,,C,0,,,,Inactive (no sales in last 6 months),20260818T075922Z-deb02f
85110,BLACK SILVER FLOWER T-LIGHT HOLDER,2011-11,2011-12,M2_gbm_poisson,,,,,,,,,B,0,,,,Inactive (no sales in last 6 months),20260818T075922Z-deb02f
85111,SILVER GLITTER FLOWER VOTIVE HOLDER,2011-11,2011-12,M2_gbm_poisson,73.226353,79.588266,product,18,1.645000,130.922698,205,1.086880,C,85,303.000000,1,24,Forecast,20260818T075922Z-deb02f
85112,S/3 TEAR DROP CUT GLASS DECORATION,2011-11,2011-12,M2_gbm_poisson,,,,,,,,,C,0,,,,Inactive (no sales in last 6 months),20260818T075922Z-deb02f
85113,POLKA DOT PISTACHIO PAIL,2011-11,2011-12,M2_gbm_poisson,,,,,,,,,C,0,,,,Inactive (no sales in last 6 months),20260818T075922Z-deb02f
85114A,BLACK ENCHANTED FOREST PLACEMAT,2011-11,2011-12,M2_gbm_poisson,31.686051,53.834170,product,18,1.645000,88.557209,121,1.698986,B,16,56.000000,1,24,Forecast,20260818T075922Z-deb02f
85114B,IVORY ENCHANTED FOREST PLACEMAT,2011-11,2011-12,M2_gbm_poisson,44.827780,52.151938,product,18,1.645000,85.789937,131,1.163384,A,32,53.333333,1,24,Forecast,20260818T075922Z-deb02f
85114C,RED ENCHANTED FOREST PLACEMAT,2011-11,2011-12,M2_gbm_poisson,74.480570,40.768312,product,18,1.645000,67.063874,142,0.547368,B,137,104.333333,1,24,Forecast,20260818T075922Z-deb02f
85115B,S/4 BLACK DISCO PARTITION PANEL,2011-11,2011-12,M2_gbm_poisson,3.203856,3.698939,product,7,1.645000,6.084754,10,1.154527,C,0,1.000000,2,18,Forecast,20260818T075922Z-deb02f
85116,BLACK CANDELABRA T-LIGHT HOLDER,2011-11,2011-12,M2_gbm_poisson,13.136335,70.013265,product,18,1.645000,115.171820,129,5.329741,B,0,15.666667,2,24,Forecast,20260818T075922Z-deb02f
85117,NIGHTINGALE COATHOOK WHITE,2011-11,2011-12,M2_gbm_poisson,,,,,,,,,C,0,,,,Inactive (no sales in last 6 months),20260818T075922Z-deb02f
85118,HEART T-LIGHT HOLDER,2011-11,2011-12,M2_gbm_poisson,,,,,,,,,B,0,,,,Inactive (no sales in last 6 months),20260818T075922Z-deb02f
85119,WATERING CAN SINGLE HOOK PISTACHIO,2011-11,2011-12,M2_gbm_poisson,,,,,,,,,C,0,,,,Inactive (no sales in last 6 months),20260818T075922Z-deb02f
85121B,RETRO LAUNDRY TUB PINK,2011-11,2011-12,M2_gbm_poisson,,,,,,,,,B,0,,,,Inactive (no sales in last 6 months),20260818T075922Z-deb02f
85121C,RETRO LAUNDRY TUB PISTACHIO,2011-11,2011-12,M2_gbm_poisson,,,,,,,,,B,0,,,,Inactive (no sales in last 6 months),20260818T075922Z-deb02f
85123A,WHITE HANGING HEART T-LIGHT HOLDER,2011-11,2011-12,M2_gbm_poisson,2352.396553,1488.503787,product,18,1.645000,2448.588730,4801,0.632761,A,4942,3046.333333,1,24,Forecast,20260818T075922Z-deb02f
85123B,ZINC HANGING HEART T-LITE HLDR,2011-11,2011-12,M2_gbm_poisson,,,,,,,,,C,0,,,,Inactive (no sales in last 6 months),20260818T075922Z-deb02f
85124A,PINK JUICY FRUIT PHOTO FRAME,2011-11,2011-12,M2_gbm_poisson,,,,,,,,,B,0,,,,Inactive (no sales in last 6 months),20260818T075922Z-deb02f
85124B,BLUE JUICY FRUIT PHOTO FRAME,2011-11,2011-12,M2_gbm_poisson,15.194641,12.973121,product,18,1.645000,21.340783,37,0.853796,C,7,6.666667,1,24,Forecast,20260818T075922Z-deb02f
85124C,GREEN JUICY FRUIT PHOTO FRAME,2011-11,2011-12,M2_gbm_poisson,7.696115,11.214979,product,18,1.645000,18.448641,27,1.457226,B,0,4.333333,2,24,Forecast,20260818T075922Z-deb02f
85125,SMALL ROUND CUT GLASS CANDLESTICK,2011-11,2011-12,M2_gbm_poisson,38.611027,19.688113,product,18,1.645000,32.386945,71,0.509909,B,46,32.000000,1,24,Forecast,20260818T075922Z-deb02f
85126,LARGE ROUND CUTGLASS CANDLESTICK,2011-11,2011-12,M2_gbm_poisson,,,,,,,,,B,0,,,,Inactive (no sales in last 6 months),20260818T075922Z-deb02f
85127,SMALL SQUARE CUT GLASS CANDLESTICK,2011-11,2011-12,M2_gbm_poisson,35.244295,10.611709,product,18,1.645000,17.456262,53,0.301090,B,25,18.666667,1,24,Forecast,20260818T075922Z-deb02f
85128,PLANTPOT SINGLE HOOK PISTACHIO,2011-11,2011-12,M2_gbm_poisson,,,,,,,,,C,0,,,,Inactive (no sales in last 6 months),20260818T075922Z-deb02f
85129A,"WHITE PEARL BEADED HEART, SMALL",2011-11,2011-12,M2_gbm_poisson,,,,,,,,,C,0,,,,Inactive (no sales in last 6 months),20260818T075922Z-deb02f
85129B,BEADED CRYSTAL HEART GREEN SMALL,2011-11,2011-12,M2_gbm_poisson,5.638405,8.879366,product,18,1.645000,14.606556,21,1.574801,C,2,1.000000,1,24,Forecast,20260818T075922Z-deb02f
85129C,BEADED CRYSTAL HEART BLUE SMALL,2011-11,2011-12,M2_gbm_poisson,14.501845,14.195154,product,18,1.645000,23.351028,38,0.978852,C,1,9.333333,1,24,Forecast,20260818T075922Z-deb02f
85129D,BEADED CRYSTAL HEART PINK SMALL,2011-11,2011-12,M2_gbm_poisson,16.039527,17.697796,product,18,1.645000,29.112875,46,1.103386,B,12,6.666667,1,24,Forecast,20260818T075922Z-deb02f
85130A,BEADED PEARL HEART WHITE LARGE,2011-11,2011-12,M2_gbm_poisson,,,,,,,,,B,0,,,,Inactive (no sales in last 6 months),20260818T075922Z-deb02f
85130B,BEADED CRYSTAL HEART GREEN LARGE,2011-11,2011-12,M2_gbm_poisson,55.209041,11.813431,product,18,1.645000,19.433094,75,0.213976,C,37,106.333333,1,23,Forecast,20260818T075922Z-deb02f
85130C,BEADED CRYSTAL HEART BLUE  LARGE,2011-11,2011-12,M2_gbm_poisson,25.215436,23.330638,product,18,1.645000,38.378900,64,0.925252,C,11,69.666667,1,23,Forecast,20260818T075922Z-deb02f
85130D,BEADED CRYSTAL HEART PINK LARGE,2011-11,2011-12,M2_gbm_poisson,18.843183,23.481493,product,18,1.645000,38.627056,58,1.246153,C,3,11.666667,1,24,Forecast,20260818T075922Z-deb02f
85131A,BEADED PEARL HEART WHITE ON STICK,2011-11,2011-12,M2_gbm_poisson,4.642089,89.267791,product,18,1.645000,146.845516,152,19.230089,B,0,1.000000,2,24,Forecast,20260818T075922Z-deb02f
85131B,BEADED CRYSTAL HEART GREEN ON STICK,2011-11,2011-12,M2_gbm_poisson,61.995835,40.583210,product,18,1.645000,66.759380,129,0.654612,C,94,64.666667,1,24,Forecast,20260818T075922Z-deb02f
85131C,BEADED CRYSTAL HEART BLUE ON STICK,2011-11,2011-12,M2_gbm_poisson,25.268979,24.195439,product,18,1.645000,39.801497,66,0.957515,C,6,20.000000,1,23,Forecast,20260818T075922Z-deb02f
85131D,BEADED CRYSTAL HEART PINK ON STICK,2011-11,2011-12,M2_gbm_poisson,47.297603,52.601684,product,18,1.645000,86.529771,134,1.112143,C,31,48.000000,1,24,Forecast,20260818T075922Z-deb02f
85132A,CHARLIE + LOLA BISCUITS TINS,2011-11,2011-12,M2_gbm_poisson,,,,,,,,,A,0,,,,Inactive (no sales in last 6 months),20260818T075922Z-deb02f
85132B,CHARLIE AND LOLA TABLE TINS,2011-11,2011-12,M2_gbm_poisson,2.059384,20.240603,product,18,1.645000,33.295793,36,9.828477,B,0,0.000000,6,24,Forecast,20260818T075922Z-deb02f
85132C,CHARLIE AND LOLA FIGURES TINS,2011-11,2011-12,M2_gbm_poisson,3.730307,108.692001,product,18,1.645000,178.798341,183,29.137551,A,0,1.333333,3,24,Forecast,20260818T075922Z-deb02f
85135A,YELLOW DRAGONFLY HELICOPTER,2011-11,2011-12,M2_gbm_poisson,39.091303,4.613703,product,17,1.645000,7.589541,47,0.118024,C,15,5.000000,1,24,Forecast,20260818T075922Z-deb02f
85135B,BLUE DRAGONFLY HELICOPTER,2011-11,2011-12,M2_gbm_poisson,9.777501,6.620550,product,18,1.645000,10.890805,21,0.677121,B,5,2.666667,1,24,Forecast,20260818T075922Z-deb02f
85135C,RED DRAGONFLY HELICOPTER,2011-11,2011-12,M2_gbm_poisson,12.137874,9.152460,product,18,1.645000,15.055797,28,0.754042,B,3,8.666667,1,24,Forecast,20260818T075922Z-deb02f
85136A,YELLOW SHARK HELICOPTER,2011-11,2011-12,M2_gbm_poisson,17.609425,5.353446,product,18,1.645000,8.806419,27,0.304010,C,14,7.666667,1,24,Forecast,20260818T075922Z-deb02f
85136B,BLUE SHARK HELICOPTER,2011-11,2011-12,M2_gbm_poisson,,,,,,,,,C,0,,,,Inactive (no sales in last 6 months),20260818T075922Z-deb02f
85136C,RED SHARK HELICOPTER,2011-11,2011-12,M2_gbm_poisson,20.406416,5.150923,product,18,1.645000,8.473268,29,0.252417,B,16,5.666667,1,24,Forecast,20260818T075922Z-deb02f
85141,JARDIN ETCHED GLASS FRUITBOWL,2011-11,2011-12,M2_gbm_poisson,2.043711,9.886866,product,18,1.645000,16.263895,19,4.837702,B,0,0.000000,6,24,Forecast,20260818T075922Z-deb02f
85142,JARDIN ETCHED GLASS GINGER JAR,2011-11,2011-12,M2_gbm_poisson,,,,,,,,,C,0,,,,Inactive (no sales in last 6 months),20260818T075922Z-deb02f
85144,JARDIN ETCHED GLASS CHEESE DISH,2011-11,2011-12,M2_gbm_poisson,,,,,,,,,B,0,,,,Inactive (no sales in last 6 months),20260818T075922Z-deb02f
85145,JARDIN ETCHED GLASS LARGE BELL JAR,2011-11,2011-12,M2_gbm_poisson,,,,,,,,,C,0,,,,Inactive (no sales in last 6 months),20260818T075922Z-deb02f
85146,JARDIN ETCHED GLASS SMALL BELL JAR,2011-11,2011-12,M2_gbm_poisson,,,,,,,,,C,0,,,,Inactive (no sales in last 6 months),20260818T075922Z-deb02f
85147,JARDIN ETCHED GLASS CANDLEHLDR LONG,2011-11,2011-12,M2_gbm_poisson,,,,,,,,,C,0,,,,Inactive (no sales in last 6 months),20260818T075922Z-deb02f
85150,LADIES & GENTLEMEN METAL SIGN,2011-11,2011-12,M2_gbm_poisson,221.902926,148.622940,product,18,1.645000,244.484737,467,0.669766,A,355,425.000000,1,24,Forecast,20260818T075922Z-deb02f
85151,WELCOME METAL SIGN,2011-11,2011-12,M2_gbm_poisson,,,,,,,,,C,0,,,,Inactive (no sales in last 6 months),20260818T075922Z-deb02f
85152,HAND OVER THE CHOCOLATE   SIGN,2011-11,2011-12,M2_gbm_poisson,414.431214,437.271817,product,18,1.645000,719.312139,1134,1.055113,A,574,909.666667,1,24,Forecast,20260818T075922Z-deb02f
85157,SET OF 2 CHESTS CHOCOLAT AU LAIT,2011-11,2011-12,M2_gbm_poisson,,,,,,,,,C,0,,,,Inactive (no sales in last 6 months),20260818T075922Z-deb02f
85159A,"BLACK TEA,COFFEE,SUGAR JARS",2011-11,2011-12,M2_gbm_poisson,35.141292,35.019753,product,18,1.645000,57.607494,93,0.996541,B,30,15.666667,1,24,Forecast,20260818T075922Z-deb02f
85159B,"WHITE TEA,COFFEE,SUGAR JARS",2011-11,2011-12,M2_gbm_poisson,51.085254,9.519256,product,18,1.645000,15.659176,67,0.186341,B,50,47.333333,1,24,Forecast,20260818T075922Z-deb02f
85160A,WHITE BIRD GARDEN DESIGN MUG,2011-11,2011-12,M2_gbm_poisson,,,,,,,,,B,0,,,,Inactive (no sales in last 6 months),20260818T075922Z-deb02f
85160B,BLACK BIRD GARDEN DESIGN MUG,2011-11,2011-12,M2_gbm_poisson,27.213362,34.683203,product,18,1.645000,57.053869,85,1.274492,B,24,9.000000,1,24,Forecast,20260818T075922Z-deb02f
85161,ACRYLIC GEOMETRIC LAMP,2011-11,2011-12,M2_gbm_poisson,6.620684,2.762751,product,18,1.645000,4.544725,12,0.417291,C,3,2.333333,1,24,Forecast,20260818T075922Z-deb02f
85162A,SILVER RETRODISC LAMPSHADE,2011-11,2011-12,M2_gbm_poisson,,,,,,,,,B,0,,,,Inactive (no sales in last 6 months),20260818T075922Z-deb02f
85162B,BLACK RETRODISC LAMPSHADE,2011-11,2011-12,M2_gbm_poisson,,,,,,,,,B,0,,,,Inactive (no sales in last 6 months),20260818T075922Z-deb02f
85162C,WHITE RETRODISC LAMPSHADE,2011-11,2011-12,M2_gbm_poisson,,,,,,,,,B,0,,,,Inactive (no sales in last 6 months),20260818T075922Z-deb02f
85163A,WHITE BAROQUE WALL CLOCK,2011-11,2011-12,M2_gbm_poisson,10.724523,7.602921,product,18,1.645000,12.506805,24,0.708929,C,4,4.333333,1,24,Forecast,20260818T075922Z-deb02f
85163B,BLACK BAROQUE WALL CLOCK,2011-11,2011-12,M2_gbm_poisson,4.345823,3.525623,product,18,1.645000,5.799650,11,0.811267,B,3,1.000000,1,24,Forecast,20260818T075922Z-deb02f
85164B,BLACK BAROQUE CUCKOO CLOCK,2011-11,2011-12,M2_gbm_poisson,,,,,,,,,B,0,,,,Inactive (no sales in last 6 months),20260818T075922Z-deb02f
85165,CANDY PINK FRENCH BOUDOIR CLOCK,2011-11,2011-12,M2_gbm_poisson,,,,,,,,,C,0,,,,Inactive (no sales in last 6 months),20260818T075922Z-deb02f
85166A,WHITE METAL BAROQUE PHOTO FRAME,2011-11,2011-12,M2_gbm_poisson,,,,,,,,,C,0,,,,Inactive (no sales in last 6 months),20260818T075922Z-deb02f
85166B,BLACK METAL BAROQUE PHOTO FRAME,2011-11,2011-12,M2_gbm_poisson,,,,,,,,,C,0,,,,Inactive (no sales in last 6 months),20260818T075922Z-deb02f
85167A,WHITE GRAND BAROQUE PHOTO FRAME,2011-11,2011-12,M2_gbm_poisson,,,,,,,,,C,0,,,,Inactive (no sales in last 6 months),20260818T075922Z-deb02f
85167B,BLACK GRAND BAROQUE PHOTO FRAME,2011-11,2011-12,M2_gbm_poisson,,,,,,,,,B,0,,,,Inactive (no sales in last 6 months),20260818T075922Z-deb02f
85168A,WHITE BAROQUE CARRIAGE CLOCK,2011-11,2011-12,M2_gbm_poisson,,,,,,,,,C,0,,,,Inactive (no sales in last 6 months),20260818T075922Z-deb02f
85168B,BLACK BAROQUE CARRIAGE CLOCK,2011-11,2011-12,M2_gbm_poisson,13.410670,4.879681,product,18,1.645000,8.027076,22,0.363866,C,6,6.333333,1,24,Forecast,20260818T075922Z-deb02f
85169A,IVORY LOVE BIRD CANDLE,2011-11,2011-12,M2_gbm_poisson,41.215608,18.267708,product,18,1.645000,30.050379,72,0.443223,B,36,32.000000,1,24,Forecast,20260818T075922Z-deb02f
85169B,BLACK LOVE BIRD CANDLE,2011-11,2011-12,M2_gbm_poisson,21.317934,15.612445,product,18,1.645000,25.682472,48,0.732362,C,10,15.333333,1,24,Forecast,20260818T075922Z-deb02f
85169C,EAU DE NIL LOVE BIRD CANDLE,2011-11,2011-12,M2_gbm_poisson,6.262938,10.810378,product,18,1.645000,17.783072,25,1.726087,C,2,1.000000,1,24,Forecast,20260818T075922Z-deb02f
85169D,PINK LOVE BIRD CANDLE,2011-11,2011-12,M2_gbm_poisson,33.847328,17.126032,product,18,1.645000,28.172322,63,0.505979,C,26,17.666667,1,24,Forecast,20260818T075922Z-deb02f
85170A,SET/6 IVORY BIRD T-LIGHT CANDLES,2011-11,2011-12,M2_gbm_poisson,,,,,,,,,B,0,,,,Inactive (no sales in last 6 months),20260818T075922Z-deb02f
85170B,SET/6 BLACK BIRD T-LIGHT CANDLES,2011-11,2011-12,M2_gbm_poisson,13.377094,22.764433,product,18,1.645000,37.447493,51,1.701747,C,6,4.666667,1,24,Forecast,20260818T075922Z-deb02f
85170C,SET/6 EAU DE NIL BIRD T-LIGHTS,2011-11,2011-12,M2_gbm_poisson,19.105827,16.419128,product,18,1.645000,27.009465,47,0.859378,C,12,11.333333,1,24,Forecast,20260818T075922Z-deb02f
85170D,SET/6 PINK BIRD T-LIGHT CANDLES,2011-11,2011-12,M2_gbm_poisson,30.708700,24.997822,product,18,1.645000,41.121417,72,0.814031,B,17,14.000000,1,24,Forecast,20260818T075922Z-deb02f
85171,S/2 HYACINTH BULB CANDLES,2011-11,2011-12,M2_gbm_poisson,,,,,,,,,C,0,,,,Inactive (no sales in last 6 months),20260818T075922Z-deb02f
85172,HYACINTH BULB T-LIGHT CANDLES,2011-11,2011-12,M2_gbm_poisson,106.297135,124.546184,product,18,1.645000,204.878472,312,1.171680,B,432,186.666667,1,24,Forecast,20260818T075922Z-deb02f
85173,SET/6 FROG PRINCE T-LIGHT CANDLES,2011-11,2011-12,M2_gbm_poisson,36.016114,42.996067,product,18,1.645000,70.728530,107,1.193801,B,17,34.666667,1,24,Forecast,20260818T075922Z-deb02f
85174,S/4 CACTI CANDLES,2011-11,2011-12,M2_gbm_poisson,70.920487,22.853464,product,18,1.645000,37.593948,109,0.322241,A,130,49.000000,1,24,Forecast,20260818T075922Z-deb02f
85175,CACTI T-LIGHT CANDLES,2011-11,2011-12,M2_gbm_poisson,162.552225,265.814539,product,18,1.645000,437.264916,600,1.635256,A,560,380.000000,1,24,Forecast,20260818T075922Z-deb02f
85176,SEWING SUSAN 21 NEEDLE SET,2011-11,2011-12,M2_gbm_poisson,67.563895,59.050994,product,18,1.645000,97.138886,165,0.874002,B,76,116.666667,1,24,Forecast,20260818T075922Z-deb02f
85177,BASKET OF FLOWERS SEWING KIT,2011-11,2011-12,M2_gbm_poisson,51.710261,34.509294,product,18,1.645000,56.767789,109,0.667359,B,33,53.000000,1,24,Forecast,20260818T075922Z-deb02f
85178,VICTORIAN SEWING KIT,2011-11,2011-12,M2_gbm_poisson,144.554824,115.852143,product,18,1.645000,190.576775,336,0.801441,A,384,283.333333,1,24,Forecast,20260818T075922Z-deb02f
85179A,GREEN BITTY LIGHT CHAIN,2011-11,2011-12,M2_gbm_poisson,100.859656,1.942280,product,18,1.645000,3.195051,105,0.019257,C,109,48.000000,1,24,Forecast,20260818T075922Z-deb02f
85179B,WHITE BITTY LIGHT CHAIN,2011-11,2011-12,M2_gbm_poisson,,,,,,,,,B,0,,,,Inactive (no sales in last 6 months),20260818T075922Z-deb02f
85179C,PINK BITTY LIGHT CHAIN,2011-11,2011-12,M2_gbm_poisson,56.616706,3.577069,product,13,1.645000,5.884279,63,0.063180,C,47,25.000000,1,24,Forecast,20260818T075922Z-deb02f
85180A,RED HEARTS LIGHT CHAIN,2011-11,2011-12,M2_gbm_poisson,10.201442,14.819847,product,18,1.645000,24.378649,35,1.452721,B,3,6.333333,1,24,Forecast,20260818T075922Z-deb02f
85180B,PINK HEARTS LIGHT CHAIN,2011-11,2011-12,M2_gbm_poisson,11.331683,7.225303,product,18,1.645000,11.885623,24,0.637620,C,2,4.666667,1,24,Forecast,20260818T075922Z-deb02f
85183A,CHARLIE & LOLA WASTEPAPER BIN BLUE,2011-11,2011-12,M2_gbm_poisson,64.587912,38.155897,product,18,1.645000,62.766451,128,0.590759,B,72,69.000000,1,24,Forecast,20260818T075922Z-deb02f
85183B,CHARLIE & LOLA WASTEPAPER BIN FLORA,2011-11,2011-12,M2_gbm_poisson,75.591407,34.609221,product,18,1.645000,56.932169,133,0.457846,B,128,107.333333,1,24,Forecast,20260818T075922Z-deb02f
85184B,SET 4 EASTER DECOUPAGE OVAL BOXES,2011-11,2011-12,M2_gbm_poisson,,,,,,,,,C,0,,,,Inactive (no sales in last 6 months),20260818T075922Z-deb02f
85184C,S/4 VALENTINE DECOUPAGE HEART BOX,2011-11,2011-12,M2_gbm_poisson,40.015321,21.104144,product,18,1.645000,34.716317,75,0.527402,A,32,25.666667,1,24,Forecast,20260818T075922Z-deb02f
85184D,S/4 BLUE ROUND DECOUPAGE BOXES,2011-11,2011-12,M2_gbm_poisson,,,,,,,,,A,0,,,,Inactive (no sales in last 6 months),20260818T075922Z-deb02f
85185B,PINK HORSE SOCK PUPPET,2011-11,2011-12,M2_gbm_poisson,40.015321,23.091050,product,18,1.645000,37.984778,79,0.577055,B,28,16.666667,1,24,Forecast,20260818T075922Z-deb02f
85185C,COW  SOCK PUPPET,2011-11,2011-12,M2_gbm_poisson,,,,,,,,,C,0,,,,Inactive (no sales in last 6 months),20260818T075922Z-deb02f
85185D,FROG SOCK PUPPET,2011-11,2011-12,M2_gbm_poisson,,,,,,,,,C,0,,,,Inactive (no sales in last 6 months),20260818T075922Z-deb02f
85185E,DUCK SOCK PUPPET,2011-11,2011-12,M2_gbm_poisson,,,,,,,,,C,0,,,,Inactive (no sales in last 6 months),20260818T075922Z-deb02f
85185F,LION SOCK PUPPET,2011-11,2011-12,M2_gbm_poisson,,,,,,,,,C,0,,,,Inactive (no sales in last 6 months),20260818T075922Z-deb02f
85186A,EASTER BUNNY GARLAND OF FLOWERS,2011-11,2011-12,M2_gbm_poisson,,,,,,,,,C,0,,,,Inactive (no sales in last 6 months),20260818T075922Z-deb02f
85186B,BUNNY BUNCH OF FLOWERS,2011-11,2011-12,M2_gbm_poisson,,,,,,,,,C,0,,,,Inactive (no sales in last 6 months),20260818T075922Z-deb02f
85186C,BUNNY EGG GARLAND,2011-11,2011-12,M2_gbm_poisson,11.118243,9.919261,product,18,1.645000,16.317185,28,0.892161,C,0,8.666667,2,24,Forecast,20260818T075922Z-deb02f
85187,S/12 MINI RABBIT EASTER,2011-11,2011-12,M2_gbm_poisson,10.810232,20.444387,product,18,1.645000,33.631016,45,1.891207,C,6,2.000000,1,23,Forecast,20260818T075922Z-deb02f
85188A,GREEN METAL SWINGING BUNNY,2011-11,2011-12,M2_gbm_poisson,,,,,,,,,C,0,,,,Inactive (no sales in last 6 months),20260818T075922Z-deb02f
85188B,PINK METAL SWINGING BUNNY,2011-11,2011-12,M2_gbm_poisson,,,,,,,,,C,0,,,,Inactive (no sales in last 6 months),20260818T075922Z-deb02f
85189,HANGING BUTTERFLY  EGG,2011-11,2011-12,M2_gbm_poisson,,,,,,,,,B,0,,,,Inactive (no sales in last 6 months),20260818T075922Z-deb02f
85190,PINK FLOWER HANGING HEART,2011-11,2011-12,M2_gbm_poisson,,,,,,,,,C,0,,,,Inactive (no sales in last 6 months),20260818T075922Z-deb02f
85192S,HANGING SPRING FLOWER HEART SMALL,2011-11,2011-12,M2_gbm_poisson,,,,,,,,,C,0,,,,Inactive (no sales in last 6 months),20260818T075922Z-deb02f
85194L,HANGING SPRING FLOWER EGG LARGE,2011-11,2011-12,M2_gbm_poisson,28.984738,23.082599,product,17,1.645000,37.970876,67,0.796371,B,11,3.666667,1,24,Forecast,20260818T075922Z-deb02f
85194S,HANGING SPRING FLOWER EGG SMALL,2011-11,2011-12,M2_gbm_poisson,85.892856,55.445756,product,18,1.645000,91.208268,178,0.645522,C,92,121.666667,1,23,Forecast,20260818T075922Z-deb02f
85195,HANGING HEART BASKET,2011-11,2011-12,M2_gbm_poisson,,,,,,,,,C,0,,,,Inactive (no sales in last 6 months),20260818T075922Z-deb02f
85196,EASTER BUNNIES ON A STICK,2011-11,2011-12,M2_gbm_poisson,,,,,,,,,C,0,,,,Inactive (no sales in last 6 months),20260818T075922Z-deb02f
85197,SET OF 12 MINI BUNNIES IN A BUCKET,2011-11,2011-12,M2_gbm_poisson,2.154878,3.514652,product,18,1.645000,5.781602,8,1.631021,B,0,0.000000,5,24,Forecast,20260818T075922Z-deb02f
85198,ASSORTED FARMYARD ANIMALS IN BUCKET,2011-11,2011-12,M2_gbm_poisson,,,,,,,,,B,0,,,,Inactive (no sales in last 6 months),20260818T075922Z-deb02f
85199L,LARGE HANGING IVORY & RED WOOD BIRD,2011-11,2011-12,M2_gbm_poisson,69.628674,55.745167,product,18,1.645000,91.700800,162,0.800606,B,157,168.666667,1,24,Forecast,20260818T075922Z-deb02f
85199S,SMALL HANGING IVORY/RED WOOD BIRD,2011-11,2011-12,M2_gbm_poisson,370.618188,153.952962,product,18,1.645000,253.252622,624,0.415395,B,917,506.333333,1,24,Forecast,20260818T075922Z-deb02f
85200,BUNNY EGG BOX,2011-11,2011-12,M2_gbm_poisson,,,,,,,,,B,0,,,,Inactive (no sales in last 6 months),20260818T075922Z-deb02f
85202,HANGING WOOD AND FELT HEART,2011-11,2011-12,M2_gbm_poisson,42.550099,37.041871,product,18,1.645000,60.933879,104,0.870547,C,51,23.333333,1,24,Forecast,20260818T075922Z-deb02f
85203,HANGING WOOD AND FELT BUTTERFLY,2011-11,2011-12,M2_gbm_poisson,45.203058,36.419995,product,18,1.645000,59.910892,106,0.805698,C,52,42.666667,1,24,Forecast,20260818T075922Z-deb02f
85204,HANGING WOOD AND FELT FLOWER,2011-11,2011-12,M2_gbm_poisson,116.916517,53.845512,product,18,1.645000,88.575867,206,0.460547,C,254,351.000000,1,24,Forecast,20260818T075922Z-deb02f
85205A,IVORY FELT EASTER RABBIT GARLAND,2011-11,2011-12,M2_gbm_poisson,,,,,,,,,C,0,,,,Inactive (no sales in last 6 months),20260818T075922Z-deb02f
85205B,PINK FELT EASTER RABBIT GARLAND,2011-11,2011-12,M2_gbm_poisson,,,,,,,,,C,0,,,,Inactive (no sales in last 6 months),20260818T075922Z-deb02f
85206A,CREAM FELT EASTER EGG BASKET,2011-11,2011-12,M2_gbm_poisson,,,,,,,,,A,0,,,,Inactive (no sales in last 6 months),20260818T075922Z-deb02f
85206B,PINK FELT EASTER EGG BASKET,2011-11,2011-12,M2_gbm_poisson,,,,,,,,,B,0,,,,Inactive (no sales in last 6 months),20260818T075922Z-deb02f
85208,SET/12 FUNKY FELT FLOWER PEG IN BAG,2011-11,2011-12,M2_gbm_poisson,15.321723,18.887731,product,18,1.645000,31.070317,47,1.232742,C,2,8.666667,1,24,Forecast,20260818T075922Z-deb02f
85211,S/4 GROOVY CAT MAGNETS,2011-11,2011-12,M2_gbm_poisson,7.257318,14.772478,product,18,1.645000,24.300727,32,2.035529,C,0,2.666667,2,24,Forecast,20260818T075922Z-deb02f
85212,MINI PAINTED GARDEN DECORATION,2011-11,2011-12,M2_gbm_poisson,85.410315,47.831864,product,18,1.645000,78.683416,165,0.560024,C,72,105.000000,1,24,Forecast,20260818T075922Z-deb02f
85213,MINI  ZINC GARDEN DECORATIONS,2011-11,2011-12,M2_gbm_poisson,3.257302,25.158758,product,18,1.645000,41.386157,45,7.723803,C,0,0.000000,5,24,Forecast,20260818T075922Z-deb02f
85214,TUB 24 PINK FLOWER PEGS,2011-11,2011-12,M2_gbm_poisson,3.645793,18.930430,product,18,1.645000,31.140557,35,5.192405,C,0,0.000000,4,24,Forecast,20260818T075922Z-deb02f
85215,ASSORTED CHEESE FRIDGE MAGNETS,2011-11,2011-12,M2_gbm_poisson,3.651632,25.462765,product,18,1.645000,41.886249,46,6.972983,C,0,0.000000,4,24,Forecast,20260818T075922Z-deb02f
85216,ASSORTED CAKES FRIDGE MAGNETS,2011-11,2011-12,M2_gbm_poisson,9.137277,30.485592,product,18,1.645000,50.148799,60,3.336398,B,1,2.333333,1,24,Forecast,20260818T075922Z-deb02f
85217,ASSORTED ICE CREAM FRIDGE MAGNETS,2011-11,2011-12,M2_gbm_poisson,,,,,,,,,B,0,,,,Inactive (no sales in last 6 months),20260818T075922Z-deb02f
85218,S/5 MINI ICE CREAM FRIDGE MAGNETS,2011-11,2011-12,M2_gbm_poisson,,,,,,,,,C,0,,,,Inactive (no sales in last 6 months),20260818T075922Z-deb02f
85220,SMALL FAIRY CAKE FRIDGE MAGNETS,2011-11,2011-12,M2_gbm_poisson,,,,,,,,,A,0,,,,Inactive (no sales in last 6 months),20260818T075922Z-deb02f
85221,ASSORTED COLOUR SILK COIN PURSE,2011-11,2011-12,M2_gbm_poisson,,,,,,,,,B,0,,,,Inactive (no sales in last 6 months),20260818T075922Z-deb02f
85222,ASSORTED COLOUR SILK COSMETIC PURSE,2011-11,2011-12,M2_gbm_poisson,,,,,,,,,B,0,,,,Inactive (no sales in last 6 months),20260818T075922Z-deb02f
85224,ASSORTED COLOUR SILK GLASSES CASE,2011-11,2011-12,M2_gbm_poisson,,,,,,,,,B,0,,,,Inactive (no sales in last 6 months),20260818T075922Z-deb02f
85225,BLING KEY RING STAND,2011-11,2011-12,M2_gbm_poisson,,,,,,,,,C,0,,,,Inactive (no sales in last 6 months),20260818T075922Z-deb02f
85226A,WHITE/BLUE PULL BACK RACING CAR,2011-11,2011-12,M2_gbm_poisson,,,,,,,,,B,0,,,,Inactive (no sales in last 6 months),20260818T075922Z-deb02f
85226C,BLUE PULL BACK RACING CAR,2011-11,2011-12,M2_gbm_poisson,,,,,,,,,C,0,,,,Inactive (no sales in last 6 months),20260818T075922Z-deb02f
85227,SET OF 6 3D KIT CARDS FOR KIDS,2011-11,2011-12,M2_gbm_poisson,118.517941,74.519924,product,18,1.645000,122.585275,242,0.628765,B,229,156.333333,1,24,Forecast,20260818T075922Z-deb02f
85230A,OPIUM SCENTED VOTIVE CANDLE,2011-11,2011-12,M2_gbm_poisson,34.875621,57.985598,product,18,1.645000,95.386309,131,1.662640,C,24,40.000000,1,24,Forecast,20260818T075922Z-deb02f
85230B,CINNAMON SCENTED VOTIVE CANDLE,2011-11,2011-12,M2_gbm_poisson,87.331328,82.337822,product,18,1.645000,135.445717,223,0.942821,C,312,232.000000,1,24,Forecast,20260818T075922Z-deb02f
85230C,ROSE SCENTED VOTIVE CANDLE,2011-11,2011-12,M2_gbm_poisson,,,,,,,,,C,0,,,,Inactive (no sales in last 6 months),20260818T075922Z-deb02f
85230D,VANILLA SCENTED VOTIVE CANDLE,2011-11,2011-12,M2_gbm_poisson,,,,,,,,,C,0,,,,Inactive (no sales in last 6 months),20260818T075922Z-deb02f
85230E,STRAWBRY SCENTED VOTIVE CANDLE,2011-11,2011-12,M2_gbm_poisson,14.774955,93.958218,product,18,1.645000,154.561269,170,6.359289,C,0,32.000000,3,24,Forecast,20260818T075922Z-deb02f
85230F,JASMINE VOTIVE CANDLE,2011-11,2011-12,M2_gbm_poisson,30.050098,43.353967,product,18,1.645000,71.317275,102,1.442723,C,24,16.000000,1,24,Forecast,20260818T075922Z-deb02f
85230G,ORANGE VOTIVE CANDLE,2011-11,2011-12,M2_gbm_poisson,44.982515,48.790958,product,18,1.645000,80.261125,126,1.084665,C,48,56.000000,1,24,Forecast,20260818T075922Z-deb02f
85231B,CINAMMON SET OF 9 T-LIGHTS,2011-11,2011-12,M2_gbm_poisson,70.764246,35.744596,product,18,1.645000,58.799861,130,0.505122,B,123,119.000000,1,24,Forecast,20260818T075922Z-deb02f
85231E,STRAWBERRY SCENTED SET/9 T-LIGHTS,2011-11,2011-12,M2_gbm_poisson,,,,,,,,,C,0,,,,Inactive (no sales in last 6 months),20260818T075922Z-deb02f
85231G,ORANGE SCENTED SET/9 T-LIGHTS,2011-11,2011-12,M2_gbm_poisson,16.417591,57.340445,product,18,1.645000,94.325031,111,3.492622,B,0,49.000000,2,24,Forecast,20260818T075922Z-deb02f
85231L,LAVENDER SCENTED SET/9 T-LIGHTS,2011-11,2011-12,M2_gbm_poisson,,,,,,,,,C,0,,,,Inactive (no sales in last 6 months),20260818T075922Z-deb02f
85232A,SET/3 POLKA DOT STACKING TINS,2011-11,2011-12,M2_gbm_poisson,2.033330,5.887775,product,18,1.645000,9.685390,12,2.895633,B,0,0.000000,6,24,Forecast,20260818T075922Z-deb02f
85232B,SET/3 RUSSIAN DOLL STACKING TINS,2011-11,2011-12,M2_gbm_poisson,,,,,,,,,A,0,,,,Inactive (no sales in last 6 months),20260818T075922Z-deb02f
85232C,RUSSIAN FOLKART STACKING TINS,2011-11,2011-12,M2_gbm_poisson,,,,,,,,,C,0,,,,Inactive (no sales in last 6 months),20260818T075922Z-deb02f
85232D,SET/3 DECOUPAGE STACKING TINS,2011-11,2011-12,M2_gbm_poisson,42.488336,19.604716,product,18,1.645000,32.249758,75,0.461414,B,49,29.000000,1,24,Forecast,20260818T075922Z-deb02f
90000A,RASPBERRY ANT COPPER FLOWER NECKLAC,2011-11,2011-12,M2_gbm_poisson,5.235184,3.084994,product,18,1.645000,5.074815,11,0.589281,C,3,1.666667,1,24,Forecast,20260818T075922Z-deb02f
90000B,MIDNIGHT BLUE COPPER FLOWER NECKLAC,2011-11,2011-12,M2_gbm_poisson,2.033330,2.258741,product,18,1.645000,3.715629,6,1.110858,C,0,0.000000,5,24,Forecast,20260818T075922Z-deb02f
90000C,OPAL WHITE/SILVER FLOWER NECKLACE,2011-11,2011-12,M2_gbm_poisson,,,,,,,,,C,0,,,,Inactive (no sales in last 6 months),20260818T075922Z-deb02f
90000D,COPPER/OLIVE GREEN FLOWER NECKLACE,2011-11,2011-12,M2_gbm_poisson,5.184311,3.215759,product,18,1.645000,5.289924,11,0.620287,C,1,1.333333,1,24,Forecast,20260818T075922Z-deb02f
90001A,ANTIQUE RASPBERRY FLOWER EARRINGS,2011-11,2011-12,M2_gbm_poisson,3.189117,1.045826,product,17,1.645000,1.720384,5,0.327936,C,0,0.333333,2,24,Forecast,20260818T075922Z-deb02f
90001B,ANTIQUE MID BLUE FLOWER EARRINGS,2011-11,2011-12,M2_gbm_poisson,4.257757,1.776155,product,17,1.645000,2.921775,8,0.417157,C,1,0.333333,1,23,Forecast,20260818T075922Z-deb02f
90001C,ANTIQUE OPAL WHITE FLOWER EARRINGS,2011-11,2011-12,M2_gbm_poisson,3.193127,1.232263,product,16,1.645000,2.027073,6,0.385911,C,0,0.333333,2,24,Forecast,20260818T075922Z-deb02f
90001D,ANTIQUE OLIVE GREEN FLOWER EARRINGS,2011-11,2011-12,M2_gbm_poisson,3.172917,0.888670,product,17,1.645000,1.461863,5,0.280080,C,0,0.333333,2,24,Forecast,20260818T075922Z-deb02f
90002A,FLOWER BURST SILVER RING OPAL,2011-11,2011-12,M2_gbm_poisson,,,,,,,,,C,0,,,,Inactive (no sales in last 6 months),20260818T075922Z-deb02f
90002B,FLOWER BURST SILVER RING ROSE,2011-11,2011-12,M2_gbm_poisson,,,,,,,,,C,0,,,,Inactive (no sales in last 6 months),20260818T075922Z-deb02f
90002C,FLOWER BURST SILVER RING MIDN'T BLU,2011-11,2011-12,M2_gbm_poisson,,,,,,,,,C,0,,,,Inactive (no sales in last 6 months),20260818T075922Z-deb02f
90002D,FLOWER BURST SILVER RING CRYSTAL,2011-11,2011-12,M2_gbm_poisson,,,,,,,,,C,0,,,,Inactive (no sales in last 6 months),20260818T075922Z-deb02f
90002E,FLOWER BURST SILVER RING GREEN,2011-11,2011-12,M2_gbm_poisson,,,,,,,,,C,0,,,,Inactive (no sales in last 6 months),20260818T075922Z-deb02f
90003B,ROSE COLOUR PAIR HEART HAIR SLIDES,2011-11,2011-12,M2_gbm_poisson,8.021642,2.155330,product,18,1.645000,3.545517,12,0.268689,C,4,2.666667,1,24,Forecast,20260818T075922Z-deb02f
90003C,MIDNIGHT BLUE PAIR HEART HAIR SLIDE,2011-11,2011-12,M2_gbm_poisson,10.144055,2.064743,product,18,1.645000,3.396502,14,0.203542,C,4,4.000000,1,24,Forecast,20260818T075922Z-deb02f
90003D,CRYSTAL PAIR HEART HAIR SLIDES,2011-11,2011-12,M2_gbm_poisson,14.408893,3.191445,product,18,1.645000,5.249927,20,0.221491,C,7,4.666667,1,24,Forecast,20260818T075922Z-deb02f
90003E,GREEN PAIR HEART HAIR SLIDES,2011-11,2011-12,M2_gbm_poisson,10.016796,1.952362,product,18,1.645000,3.211635,14,0.194909,C,5,3.000000,1,24,Forecast,20260818T075922Z-deb02f
90004A,JADE GREEN PAIR ENAMEL HAIR SLIDES,2011-11,2011-12,M2_gbm_poisson,,,,,,,,,C,0,,,,Inactive (no sales in last 6 months),20260818T075922Z-deb02f
90005A,JADE GREEN ENAMEL HAIR COMB,2011-11,2011-12,M2_gbm_poisson,,,,,,,,,C,0,,,,Inactive (no sales in last 6 months),20260818T075922Z-deb02f
90010A,MIDNIGHT BLUE GLASS/SILVER BRACELET,2011-11,2011-12,M2_gbm_poisson,8.096713,2.399292,product,18,1.645000,3.946835,13,0.296329,C,3,2.333333,1,24,Forecast,20260818T075922Z-deb02f
90010B,BLACK/WHITE GLASS/SILVER BRACELET,2011-11,2011-12,M2_gbm_poisson,,,,,,,,,C,0,,,,Inactive (no sales in last 6 months),20260818T075922Z-deb02f
90010E,AMBER GLASS/SILVER BRACELET,2011-11,2011-12,M2_gbm_poisson,9.839347,3.650754,product,18,1.645000,6.005491,16,0.371036,C,5,4.000000,1,24,Forecast,20260818T075922Z-deb02f
90011A,MIDNIGHT BLUE CRYSTAL DROP EARRINGS,2011-11,2011-12,M2_gbm_poisson,5.938108,1.015136,product,18,1.645000,1.669899,8,0.170953,C,2,0.666667,1,24,Forecast,20260818T075922Z-deb02f
90011B,BLACK CRYSTAL DROP EARRINGS,2011-11,2011-12,M2_gbm_poisson,7.968441,1.032927,product,18,1.645000,1.699166,10,0.129627,C,1,2.333333,1,24,Forecast,20260818T075922Z-deb02f
90011C,GREEN CRYSTAL DROP EARRINGS,2011-11,2011-12,M2_gbm_poisson,4.257757,1.356579,product,15,1.645000,2.231572,7,0.318614,C,1,0.333333,1,24,Forecast,20260818T075922Z-deb02f
90011D,PURPLE CRYSTAL DROP EARRINGS,2011-11,2011-12,M2_gbm_poisson,4.978871,0.689261,product,14,1.645000,1.133834,7,0.138437,C,1,0.333333,1,24,Forecast,20260818T075922Z-deb02f
90011E,AMBER CRYSTAL DROP EARRINGS,2011-11,2011-12,M2_gbm_poisson,2.631812,1.131891,product,18,1.645000,1.861961,5,0.430080,C,0,0.333333,3,24,Forecast,20260818T075922Z-deb02f
90012A,MIDNIGHT BLUE DROP CRYSTAL NECKLACE,2011-11,2011-12,M2_gbm_poisson,5.694942,1.024402,product,14,1.645000,1.685142,8,0.179879,C,0,2.666667,2,24,Forecast,20260818T075922Z-deb02f
90012B,BLACK DROP CRYSTAL NECKLACE,2011-11,2011-12,M2_gbm_poisson,10.888242,1.749616,product,14,1.645000,2.878119,14,0.160689,C,6,4.000000,1,24,Forecast,20260818T075922Z-deb02f
90013A,MIDNIGHT BLUE VINTAGE EARRINGS,2011-11,2011-12,M2_gbm_poisson,13.449224,7.927314,product,18,1.645000,13.040431,27,0.589425,C,6,5.333333,1,24,Forecast,20260818T075922Z-deb02f
90013B,BLACK VINTAGE EARRINGS,2011-11,2011-12,M2_gbm_poisson,15.286107,5.192806,product,18,1.645000,8.542167,24,0.339708,C,10,5.000000,1,24,Forecast,20260818T075922Z-deb02f
90013C,GREEN VINTAGE EARRINGS,2011-11,2011-12,M2_gbm_poisson,14.385232,4.288569,product,18,1.645000,7.054696,22,0.298123,C,10,5.333333,1,24,Forecast,20260818T075922Z-deb02f
90013D,PURPLE VINTAGE EARRINGS,2011-11,2011-12,M2_gbm_poisson,2.043711,1.907365,product,18,1.645000,3.137615,6,0.933285,C,0,0.000000,6,23,Forecast,20260818T075922Z-deb02f
90013E,AMBER VINTAGE EARRINGS,2011-11,2011-12,M2_gbm_poisson,,,,,,,,,C,0,,,,Inactive (no sales in last 6 months),20260818T075922Z-deb02f
90014A,SILVER/MOP ORBIT NECKLACE,2011-11,2011-12,M2_gbm_poisson,14.114203,3.289667,product,18,1.645000,5.411502,20,0.233075,C,7,3.333333,1,24,Forecast,20260818T075922Z-deb02f
90014B,GOLD M PEARL  ORBIT NECKLACE,2011-11,2011-12,M2_gbm_poisson,3.519253,1.778082,product,18,1.645000,2.924945,7,0.505244,C,0,0.666667,2,24,Forecast,20260818T075922Z-deb02f
90014C,SILVER/BLACK ORBIT NECKLACE,2011-11,2011-12,M2_gbm_poisson,5.044420,1.511807,product,18,1.645000,2.486923,8,0.299699,C,2,0.666667,1,24,Forecast,20260818T075922Z-deb02f
90016A,SILVER/M.O.P PENDANT ORBIT NECKLACE,2011-11,2011-12,M2_gbm_poisson,5.604981,1.555247,product,18,1.645000,2.558382,9,0.277476,C,0,3.000000,2,24,Forecast,20260818T075922Z-deb02f
90016B,GOLD/M.O.P PENDANT ORBIT NECKLACE,2011-11,2011-12,M2_gbm_poisson,8.130049,1.670001,product,18,1.645000,2.747151,11,0.205411,C,4,2.666667,1,24,Forecast,20260818T075922Z-deb02f
90016C,SILVER/BLACK PENDANT ORBIT NECKLACE,2011-11,2011-12,M2_gbm_poisson,2.033330,1.314696,product,18,1.645000,2.162674,5,0.646573,C,0,0.000000,6,23,Forecast,20260818T075922Z-deb02f
90018A,SILVER M.O.P ORBIT DROP EARRINGS,2011-11,2011-12,M2_gbm_poisson,15.101858,3.831928,product,18,1.645000,6.303521,22,0.253739,C,10,6.666667,1,24,Forecast,20260818T075922Z-deb02f
90018B,GOLD M.O.P ORBIT DROP EARRINGS,2011-11,2011-12,M2_gbm_poisson,8.495160,1.408692,product,18,1.645000,2.317299,11,0.165823,C,5,2.333333,1,24,Forecast,20260818T075922Z-deb02f
90018C,SILVER BLACK ORBIT DROP EARRINGS,2011-11,2011-12,M2_gbm_poisson,7.900453,2.431761,product,17,1.645000,4.000246,12,0.307800,C,2,2.333333,1,24,Forecast,20260818T075922Z-deb02f
90019A,SILVER M.O.P ORBIT BRACELET,2011-11,2011-12,M2_gbm_poisson,12.627736,2.621533,product,18,1.645000,4.312422,17,0.207601,C,7,5.666667,1,24,Forecast,20260818T075922Z-deb02f
90019B,GOLD M.O.P ORBIT BRACELET,2011-11,2011-12,M2_gbm_poisson,9.822825,2.936289,product,18,1.645000,4.830196,15,0.298925,C,5,2.666667,1,23,Forecast,20260818T075922Z-deb02f
90019C,SILVER BLACK ORBIT BRACELET,2011-11,2011-12,M2_gbm_poisson,4.239638,1.587716,product,18,1.645000,2.611793,7,0.374493,C,1,1.333333,1,24,Forecast,20260818T075922Z-deb02f
90020,FILIGREE DIAMANTE CHAIN,2011-11,2011-12,M2_gbm_poisson,2.430712,0.761908,product,9,1.645000,1.253339,4,0.313451,C,0,0.000000,4,24,Forecast,20260818T075922Z-deb02f
90021,LASER CUT MULTI STRAND NECKLACE,2011-11,2011-12,M2_gbm_poisson,,,,,,,,,C,0,,,,Inactive (no sales in last 6 months),20260818T075922Z-deb02f
90022,EDWARDIAN DROP EARRINGS JET BLACK,2011-11,2011-12,M2_gbm_poisson,7.177906,2.745108,product,18,1.645000,4.515703,12,0.382439,C,1,2.333333,1,24,Forecast,20260818T075922Z-deb02f
90023,FILIGREE DIAMANTE EARRINGS,2011-11,2011-12,M2_gbm_poisson,5.020509,1.085337,product,18,1.645000,1.785380,7,0.216181,C,2,1.333333,1,24,Forecast,20260818T075922Z-deb02f
90024A,NEW BAROQUE B'FLY NECKLACE BLACK,2011-11,2011-12,M2_gbm_poisson,,,,,,,,,C,0,,,,Inactive (no sales in last 6 months),20260818T075922Z-deb02f
90024B,NEW BAROQUE B'FLY NECKLACE RED,2011-11,2011-12,M2_gbm_poisson,5.347067,1.788535,product,18,1.645000,2.942139,9,0.334489,C,2,1.333333,1,24,Forecast,20260818T075922Z-deb02f
90024C,NEW BAROQUE B'FLY NECKLACE GREEN,2011-11,2011-12,M2_gbm_poisson,2.033330,0.967397,product,18,1.645000,1.591367,4,0.475770,C,0,0.000000,5,24,Forecast,20260818T075922Z-deb02f
90024D,NEW BAROQUE B'FLY NECKLACE PINK,2011-11,2011-12,M2_gbm_poisson,2.446845,1.472592,product,18,1.645000,2.422415,5,0.601833,C,0,0.333333,3,24,Forecast,20260818T075922Z-deb02f
90024E,NEW BAROQUE B'FLY NECKLACE MONTANA,2011-11,2011-12,M2_gbm_poisson,,,,,,,,,C,0,,,,Inactive (no sales in last 6 months),20260818T075922Z-deb02f
90024F,NEW BAROQUE B'FLY NECKLACE CRYSTAL,2011-11,2011-12,M2_gbm_poisson,3.861985,1.370590,product,16,1.645000,2.254620,7,0.354893,C,1,0.666667,1,20,Forecast,20260818T075922Z-deb02f
90025A,BAROQUE BUTTERFLY EARRINGS BLACK,2011-11,2011-12,M2_gbm_poisson,3.885047,2.505446,product,7,1.645000,4.121458,9,0.644895,C,0,0.333333,2,8,Forecast,20260818T075922Z-deb02f
90025B,BAROQUE BUTTERFLY EARRINGS RED,2011-11,2011-12,M2_gbm_poisson,,,,,,,,,C,0,,,,Inactive (no sales in last 6 months),20260818T075922Z-deb02f
90025C,BAROQUE BUTTERFLY EARRINGS GREEN,2011-11,2011-12,M2_gbm_poisson,,,,,,,,,C,0,,,,Inactive (no sales in last 6 months),20260818T075922Z-deb02f
90025D,BAROQUE BUTTERFLY EARRINGS PINK,2011-11,2011-12,M2_gbm_poisson,2.631812,0.640335,product,14,1.645000,1.053351,4,0.243306,C,0,0.333333,3,22,Forecast,20260818T075922Z-deb02f
90025E,BAROQUE BUTTERFLY EARRINGS MONTANA,2011-11,2011-12,M2_gbm_poisson,2.043711,1.390679,product,17,1.645000,2.287667,5,0.680467,C,0,0.000000,6,24,Forecast,20260818T075922Z-deb02f
90025F,BAROQUE BUTTERFLY EARRINGS CRYSTAL,2011-11,2011-12,M2_gbm_poisson,3.519253,1.166880,product,14,1.645000,1.919518,6,0.331570,C,0,0.666667,2,23,Forecast,20260818T075922Z-deb02f
90026A,GLASS BEAD HOOP NECKLACE BLACK,2011-11,2011-12,M2_gbm_poisson,2.033330,1.098162,product,16,1.645000,1.806476,4,0.540081,C,0,0.000000,6,21,Forecast,20260818T075922Z-deb02f
90026B,GLASS BEAD HOOP NECKLACE MONTANA,2011-11,2011-12,M2_gbm_poisson,,,,,,,,,C,0,,,,Inactive (no sales in last 6 months),20260818T075922Z-deb02f
90026C,GLASS BEAD HOOP NECKLACE GREEN,2011-11,2011-12,M2_gbm_poisson,4.298949,1.112617,product,14,1.645000,1.830255,7,0.258811,C,2,0.666667,1,24,Forecast,20260818T075922Z-deb02f
90026D,GLASS BEAD HOOP NECKLACE AMETHYST,2011-11,2011-12,M2_gbm_poisson,4.516069,1.567108,product,15,1.645000,2.577893,8,0.347007,C,1,0.333333,1,18,Forecast,20260818T075922Z-deb02f
90027A,GLASS BEAD HOOP EARRINGS BLACK,2011-11,2011-12,M2_gbm_poisson,2.614460,1.047457,product,15,1.645000,1.723067,5,0.400640,C,0,0.000000,4,21,Forecast,20260818T075922Z-deb02f
90027B,GLASS BEAD HOOP EARRINGS MONTANA,2011-11,2011-12,M2_gbm_poisson,4.978871,0.884297,product,14,1.645000,1.454668,7,0.177610,C,1,0.333333,1,24,Forecast,20260818T075922Z-deb02f
90027C,GLASS BEAD HOOP EARRINGS GREEN,2011-11,2011-12,M2_gbm_poisson,4.257757,0.850271,product,17,1.645000,1.398696,6,0.199699,C,1,0.333333,1,24,Forecast,20260818T075922Z-deb02f
90027D,GLASS BEAD HOOP EARRINGS AMETHYST,2011-11,2011-12,M2_gbm_poisson,5.078063,0.982519,product,15,1.645000,1.616244,7,0.193483,C,2,0.666667,1,24,Forecast,20260818T075922Z-deb02f
90028,NEW BAROQUE LARGE NECKLACE BLK/WHIT,2011-11,2011-12,M2_gbm_poisson,4.094619,2.069191,product,18,1.645000,3.403819,8,0.505344,C,1,1.000000,1,24,Forecast,20260818T075922Z-deb02f
90029,NEW BAROQUE SMALL NECKLACE BLACK,2011-11,2011-12,M2_gbm_poisson,2.430712,1.130038,product,17,1.645000,1.858912,5,0.464900,C,0,0.000000,4,24,Forecast,20260818T075922Z-deb02f
90030A,SPOTTED WHITE NATURAL SEED NECKLACE,2011-11,2011-12,M2_gbm_poisson,20.821506,7.925461,product,8,1.645000,13.037383,34,0.380638,C,6,20.000000,1,24,Forecast,20260818T075922Z-deb02f
90030B,RED KUKUI COCONUT SEED NECKLACE,2011-11,2011-12,M2_gbm_poisson,31.719298,7.263109,product,18,1.645000,11.947815,44,0.228981,C,18,22.000000,1,24,Forecast,20260818T075922Z-deb02f
90030C,BROWN KUKUI COCONUT SEED NECKLACE,2011-11,2011-12,M2_gbm_poisson,20.821506,1.527375,product,18,1.645000,2.512531,24,0.073356,C,6,19.666667,1,24,Forecast,20260818T075922Z-deb02f
90031,BILI NUT AND WOOD NECKLACE,2011-11,2011-12,M2_gbm_poisson,18.708103,1.727822,product,14,1.645000,2.842267,22,0.092357,C,6,12.000000,1,24,Forecast,20260818T075922Z-deb02f
90032,IVORY SHELL HEART NECKLACE,2011-11,2011-12,M2_gbm_poisson,5.813556,4.956777,product,18,1.645000,8.153897,14,0.852624,C,0,3.000000,2,23,Forecast,20260818T075922Z-deb02f
90033,IVORY SHELL HEART EARRINGS,2011-11,2011-12,M2_gbm_poisson,7.849915,0.962356,product,17,1.645000,1.583075,10,0.122594,C,2,0.666667,1,24,Forecast,20260818T075922Z-deb02f
90034,WHITE SILVER NECKLACE SHELL GLASS,2011-11,2011-12,M2_gbm_poisson,,,,,,,,,C,0,,,,Inactive (no sales in last 6 months),20260818T075922Z-deb02f
90035A,"PEARL & SHELL 42""NECKL. GREEN",2011-11,2011-12,M2_gbm_poisson,,,,,,,,,C,0,,,,Inactive (no sales in last 6 months),20260818T075922Z-deb02f
90035B,"PEARL & SHELL 42""NECKL. PINK",2011-11,2011-12,M2_gbm_poisson,,,,,,,,,C,0,,,,Inactive (no sales in last 6 months),20260818T075922Z-deb02f
90035C,"PEARL & SHELL 42""NECKL. IVORY",2011-11,2011-12,M2_gbm_poisson,,,,,,,,,C,0,,,,Inactive (no sales in last 6 months),20260818T075922Z-deb02f
90036A,FLOWER GARLAND NECKLACE RED,2011-11,2011-12,M2_gbm_poisson,2.430712,1.573632,product,18,1.645000,2.588624,6,0.647395,C,0,0.000000,4,24,Forecast,20260818T075922Z-deb02f
90036B,"FLOWER GLASS GARLAND NECKL.36""GREEN",2011-11,2011-12,M2_gbm_poisson,2.430712,1.856808,product,17,1.645000,3.054450,6,0.763895,C,0,0.000000,4,23,Forecast,20260818T075922Z-deb02f
90036C,"FLOWER GLASS GARLAND NECKL.36""BLUE",2011-11,2011-12,M2_gbm_poisson,4.647527,0.897937,product,18,1.645000,1.477106,7,0.193207,C,1,1.333333,1,24,Forecast,20260818T075922Z-deb02f
90036D,"FLOWER GLASS GARLAND NECKL.36""BLACK",2011-11,2011-12,M2_gbm_poisson,2.033330,1.768890,product,18,1.645000,2.909824,5,0.869948,C,0,0.000000,6,24,Forecast,20260818T075922Z-deb02f
90036E,"FLOWER GLASS GARLD NECKL36""AMETHYST",2011-11,2011-12,M2_gbm_poisson,2.964982,2.861047,product,18,1.645000,4.706423,8,0.964946,C,0,0.333333,2,24,Forecast,20260818T075922Z-deb02f
90036F,"FLOWER GLASS GARLD NECKL36""TURQUOIS",2011-11,2011-12,M2_gbm_poisson,,,,,,,,,C,0,,,,Inactive (no sales in last 6 months),20260818T075922Z-deb02f
90037A,TINY CRYSTAL BRACELET RED,2011-11,2011-12,M2_gbm_poisson,,,,,,,,,C,0,,,,Inactive (no sales in last 6 months),20260818T075922Z-deb02f
90037B,TINY CRYSTAL BRACELET GREEN,2011-11,2011-12,M2_gbm_poisson,4.420301,3.501605,product,18,1.645000,5.760140,11,0.792164,C,0,0.000000,4,21,Forecast,20260818T075922Z-deb02f
90037C,TINY CRYSTAL BRACELET BLUE,2011-11,2011-12,M2_gbm_poisson,2.823042,2.001807,product,18,1.645000,3.292972,7,0.709096,C,0,0.000000,5,24,Forecast,20260818T075922Z-deb02f
90037D,TINY CRYSTALS BRACELET BLACK,2011-11,2011-12,M2_gbm_poisson,,,,,,,,,C,0,,,,Inactive (no sales in last 6 months),20260818T075922Z-deb02f
90038A,GLASS AND PAINTED BEADS BRACELET TO,2011-11,2011-12,M2_gbm_poisson,8.764354,1.706398,product,18,1.645000,2.807025,12,0.194698,C,2,2.666667,1,24,Forecast,20260818T075922Z-deb02f
90038B,GLASS AND PAINTED BEADS BRACELET OL,2011-11,2011-12,M2_gbm_poisson,4.512597,2.313004,product,18,1.645000,3.804892,9,0.512566,C,1,1.000000,1,24,Forecast,20260818T075922Z-deb02f
90038C,GLASS AND BEADS BRACELET IVORY,2011-11,2011-12,M2_gbm_poisson,2.631812,1.452726,product,18,1.645000,2.389734,6,0.551987,C,0,0.333333,3,24,Forecast,20260818T075922Z-deb02f
90039A,FIRE POLISHED GLASS BRACELET RED,2011-11,2011-12,M2_gbm_poisson,,,,,,,,,C,0,,,,Inactive (no sales in last 6 months),20260818T075922Z-deb02f
90039B,FIRE POLISHED GLASS BRACELET MONTAN,2011-11,2011-12,M2_gbm_poisson,2.043711,1.603506,product,18,1.645000,2.637767,5,0.784605,C,0,0.000000,5,23,Forecast,20260818T075922Z-deb02f
90039C,FIRE POLISHED GLASS BRACELET BLACK,2011-11,2011-12,M2_gbm_poisson,5.938108,1.075923,product,15,1.645000,1.769893,8,0.181189,C,2,0.666667,1,24,Forecast,20260818T075922Z-deb02f
90039D,FIRE POLISHED GLASS BRACELET GREEN,2011-11,2011-12,M2_gbm_poisson,5.078063,3.230808,product,18,1.645000,5.314679,11,0.636228,C,2,0.666667,1,24,Forecast,20260818T075922Z-deb02f
90040A,MURANO STYLE GLASS BRACELET RED,2011-11,2011-12,M2_gbm_poisson,,,,,,,,,C,0,,,,Inactive (no sales in last 6 months),20260818T075922Z-deb02f
90040B,MURANO STYLE GLASS BRACELET BLACK,2011-11,2011-12,M2_gbm_poisson,,,,,,,,,C,0,,,,Inactive (no sales in last 6 months),20260818T075922Z-deb02f
90040C,MURANO STYLE GLASS BRACELET GOLD,2011-11,2011-12,M2_gbm_poisson,8.876559,3.932967,product,18,1.645000,6.469731,16,0.443073,C,5,2.666667,1,24,Forecast,20260818T075922Z-deb02f
90040D,MURANO STYLE GLASS BRACELET PINK,2011-11,2011-12,M2_gbm_poisson,,,,,,,,,C,0,,,,Inactive (no sales in last 6 months),20260818T075922Z-deb02f
90041,PEARL AND CHERRY QUARTZ BRACLET,2011-11,2011-12,M2_gbm_poisson,2.631812,0.939820,product,17,1.645000,1.546004,5,0.357100,C,0,0.333333,3,24,Forecast,20260818T075922Z-deb02f
90042A,FRESHWATER PEARL BRACELET GOLD,2011-11,2011-12,M2_gbm_poisson,,,,,,,,,C,0,,,,Inactive (no sales in last 6 months),20260818T075922Z-deb02f
90042B,FRESHWATER PEARL BRACELET PINK,2011-11,2011-12,M2_gbm_poisson,,,,,,,,,C,0,,,,Inactive (no sales in last 6 months),20260818T075922Z-deb02f
90042C,FRESHWATER PEARL BRACELET IVORY,2011-11,2011-12,M2_gbm_poisson,,,,,,,,,C,0,,,,Inactive (no sales in last 6 months),20260818T075922Z-deb02f
90043,COPPER AND BRASS BAG CHARM,2011-11,2011-12,M2_gbm_poisson,2.924601,1.143900,product,8,1.645000,1.881716,5,0.391130,C,0,0.333333,2,24,Forecast,20260818T075922Z-deb02f
90046,WHITE WITH METAL BAG CHARM,2011-11,2011-12,M2_gbm_poisson,2.033330,1.980902,product,13,1.645000,3.258584,6,0.974216,C,0,0.000000,5,21,Forecast,20260818T075922Z-deb02f
90048,GREEN WITH METAL BAG CHARM,2011-11,2011-12,M2_gbm_poisson,2.033330,2.238133,product,13,1.645000,3.681729,6,1.100723,C,0,0.000000,5,24,Forecast,20260818T075922Z-deb02f
90049,IVORY GOLD METAL BAG CHARM,2011-11,2011-12,M2_gbm_poisson,3.861985,2.487877,product,16,1.645000,4.092558,8,0.644196,C,1,0.666667,1,19,Forecast,20260818T075922Z-deb02f
90050,CRACKED GLAZE NECKLACE IVORY,2011-11,2011-12,M2_gbm_poisson,4.397964,0.803273,product,16,1.645000,1.321384,6,0.182646,C,3,1.000000,1,23,Forecast,20260818T075922Z-deb02f
90051,CRACKED GLAZE NECKLACE RED,2011-11,2011-12,M2_gbm_poisson,3.248093,1.771707,product,17,1.645000,2.914458,7,0.545461,C,0,1.000000,2,18,Forecast,20260818T075922Z-deb02f
90052,CRACKED GLAZE NECKLACE BROWN,2011-11,2011-12,M2_gbm_poisson,3.978728,1.072958,product,10,1.645000,1.765015,6,0.269674,C,1,0.333333,1,24,Forecast,20260818T075922Z-deb02f
90053,CRACKED GLAZE EARRINGS IVORY,2011-11,2011-12,M2_gbm_poisson,4.152979,1.478819,product,18,1.645000,2.432658,7,0.356086,C,0,0.333333,2,23,Forecast,20260818T075922Z-deb02f
90054,CRACKED GLAZE EARRINGS RED,2011-11,2011-12,M2_gbm_poisson,5.361180,1.197941,product,18,1.645000,1.970613,8,0.223447,C,2,1.000000,1,24,Forecast,20260818T075922Z-deb02f
90055,CRACKED GLAZE EARRINGS BROWN,2011-11,2011-12,M2_gbm_poisson,9.179413,0.867914,product,15,1.645000,1.427719,11,0.094550,C,2,0.666667,1,23,Forecast,20260818T075922Z-deb02f
90056,CHUNKY CRACKED GLAZE NECKLACE IVORY,2011-11,2011-12,M2_gbm_poisson,2.446845,1.727822,product,15,1.645000,2.842267,6,0.706143,C,0,0.333333,3,24,Forecast,20260818T075922Z-deb02f
90057,DIAMANTE RING ASSORTED IN BOX.,2011-11,2011-12,M2_gbm_poisson,154.388093,10.254329,product,16,1.645000,16.868371,172,0.066419,B,408,160.000000,1,24,Forecast,20260818T075922Z-deb02f
90058A,CRYSTAL STUD EARRINGS CLEAR DISPLAY,2011-11,2011-12,M2_gbm_poisson,73.154835,48.159741,product,15,1.645000,79.222773,153,0.658326,C,180,84.000000,1,24,Forecast,20260818T075922Z-deb02f
90058B,CRYSTAL STUD EARRINGS ASSORTED COL,2011-11,2011-12,M2_gbm_poisson,78.175300,43.321720,product,18,1.645000,71.264230,150,0.554161,C,216,144.000000,1,24,Forecast,20260818T075922Z-deb02f
90059A,DIAMANTE HAIR GRIP PACK/2 CRYSTAL,2011-11,2011-12,M2_gbm_poisson,17.377422,8.211899,product,18,1.645000,13.508574,31,0.472561,C,9,5.000000,1,24,Forecast,20260818T075922Z-deb02f
90059B,DIAMANTE HAIR GRIP PACK/2 BLACK DIA,2011-11,2011-12,M2_gbm_poisson,9.542855,3.123319,product,18,1.645000,5.137860,15,0.327294,C,2,2.666667,1,23,Forecast,20260818T075922Z-deb02f
90059C,DIAMANTE HAIR GRIP PACK/2 MONTANA,2011-11,2011-12,M2_gbm_poisson,11.467881,3.056009,product,18,1.645000,5.027135,17,0.266484,C,4,3.333333,1,24,Forecast,20260818T075922Z-deb02f
90059D,DIAMANTE HAIR GRIP PACK/2 PERIDOT,2011-11,2011-12,M2_gbm_poisson,12.408136,4.369593,product,18,1.645000,7.187980,20,0.352155,C,3,3.333333,1,24,Forecast,20260818T075922Z-deb02f
90059E,DIAMANTE HAIR GRIP PACK/2 RUBY,2011-11,2011-12,M2_gbm_poisson,15.918485,4.056097,product,18,1.645000,6.672280,23,0.254804,C,6,4.333333,1,24,Forecast,20260818T075922Z-deb02f
90059F,DIAMANTE HAIR GRIP PACK/2 LT ROSE,2011-11,2011-12,M2_gbm_poisson,10.629747,5.254483,product,18,1.645000,8.643624,20,0.494319,C,4,3.666667,1,24,Forecast,20260818T075922Z-deb02f
90060B,FIRE POLISHED GLASS NECKL GOLD,2011-11,2011-12,M2_gbm_poisson,,,,,,,,,C,0,,,,Inactive (no sales in last 6 months),20260818T075922Z-deb02f
90060C,FIRE POLISHED GLASS NECKL SILVER,2011-11,2011-12,M2_gbm_poisson,,,,,,,,,C,0,,,,Inactive (no sales in last 6 months),20260818T075922Z-deb02f
90060D,FIRE POLISHED GLASS NECKL BRONZE,2011-11,2011-12,M2_gbm_poisson,,,,,,,,,C,0,,,,Inactive (no sales in last 6 months),20260818T075922Z-deb02f
90060F,FIRE POLISHED GLASS NECKL GREEN,2011-11,2011-12,M2_gbm_poisson,4.188929,1.175405,product,18,1.645000,1.933542,7,0.280598,C,1,1.000000,1,24,Forecast,20260818T075922Z-deb02f
90062,CARNIVAL BRACELET,2011-11,2011-12,M2_gbm_poisson,,,,,,,,,B,0,,,,Inactive (no sales in last 6 months),20260818T075922Z-deb02f
90063A,WHITE VINT ART DECO CRYSTAL NECKLAC,2011-11,2011-12,M2_gbm_poisson,4.702724,1.761625,product,17,1.645000,2.897874,8,0.374597,C,2,2.000000,1,18,Forecast,20260818T075922Z-deb02f
90063B,BLACK VINT ART DEC CRYSTAL NECKLACE,2011-11,2011-12,M2_gbm_poisson,5.117320,2.506780,product,16,1.645000,4.123653,10,0.489862,C,3,1.666667,1,24,Forecast,20260818T075922Z-deb02f
90064A,WHITE VINTAGE CRYSTAL EARRINGS,2011-11,2011-12,M2_gbm_poisson,4.257757,2.193358,product,18,1.645000,3.608075,8,0.515144,C,1,0.333333,1,23,Forecast,20260818T075922Z-deb02f
90064B,BLACK VINTAGE  CRYSTAL EARRINGS,2011-11,2011-12,M2_gbm_poisson,3.729263,2.340062,product,18,1.645000,3.849402,8,0.627486,C,0,1.333333,2,24,Forecast,20260818T075922Z-deb02f
90065A,WHITE VINTAGE CRYSTAL BRACELET,2011-11,2011-12,M2_gbm_poisson,2.033330,2.599591,product,18,1.645000,4.276327,7,1.278490,C,0,0.000000,6,24,Forecast,20260818T075922Z-deb02f
90065B,BLACK VINT ART DEC CRYSTAL BRACELET,2011-11,2011-12,M2_gbm_poisson,3.978728,1.336416,product,13,1.645000,2.198404,7,0.335890,C,1,0.666667,1,24,Forecast,20260818T075922Z-deb02f
90066A,PINK VINTAGE VICTORIAN CHOKER,2011-11,2011-12,M2_gbm_poisson,,,,,,,,,C,0,,,,Inactive (no sales in last 6 months),20260818T075922Z-deb02f
90067A,PINK VINTAGE VICTORIAN EARRINGS,2011-11,2011-12,M2_gbm_poisson,9.524476,3.165129,product,18,1.645000,5.206637,15,0.332315,C,6,2.333333,1,24,Forecast,20260818T075922Z-deb02f
90067B,BROWN VINTAGE VICTORIAN EARRINGS,2011-11,2011-12,M2_gbm_poisson,2.043711,1.926342,product,13,1.645000,3.168833,6,0.942571,C,0,0.000000,5,24,Forecast,20260818T075922Z-deb02f
90068,"RUBY GLASS NECKLACE 42""",2011-11,2011-12,M2_gbm_poisson,,,,,,,,,C,0,,,,Inactive (no sales in last 6 months),20260818T075922Z-deb02f
90069,RUBY GLASS CLUSTER NECKLACE,2011-11,2011-12,M2_gbm_poisson,5.142824,1.251833,product,8,1.645000,2.059266,8,0.243414,C,2,0.666667,1,24,Forecast,20260818T075922Z-deb02f
90070,RUBY GLASS CLUSTER BRACELET,2011-11,2011-12,M2_gbm_poisson,6.088912,1.643610,product,18,1.645000,2.703739,9,0.269935,C,4,2.000000,1,24,Forecast,20260818T075922Z-deb02f
90071,RUBY GLASS CLUSTER EARRINGS,2011-11,2011-12,M2_gbm_poisson,13.459806,6.059831,product,18,1.645000,9.968422,24,0.450217,C,5,3.333333,1,24,Forecast,20260818T075922Z-deb02f
90072,RUBY DROP CHANDELIER EARRINGS,2011-11,2011-12,M2_gbm_poisson,9.821642,3.415762,product,18,1.645000,5.618929,16,0.347779,C,3,3.666667,1,24,Forecast,20260818T075922Z-deb02f
90073,VINTAGE ENAMEL & CRYSTAL EARRINGS,2011-11,2011-12,M2_gbm_poisson,5.207313,4.450839,product,18,1.645000,7.321631,13,0.854729,C,2,1.333333,1,24,Forecast,20260818T075922Z-deb02f
90074,BLACK DIAMOND CLUSTER NECKLACE,2011-11,2011-12,M2_gbm_poisson,4.066018,1.287490,product,14,1.645000,2.117921,7,0.316646,C,1,1.000000,1,21,Forecast,20260818T075922Z-deb02f
90075,MONTANA DIAMOND CLUSTER NECKLACE,2011-11,2011-12,M2_gbm_poisson,4.991924,2.241914,product,16,1.645000,3.687948,9,0.449108,C,2,0.666667,1,21,Forecast,20260818T075922Z-deb02f
90076,MONTANA DIAMOND CLUSTER EARRINGS,2011-11,2011-12,M2_gbm_poisson,4.978871,1.389789,product,18,1.645000,2.286203,8,0.279137,C,1,0.333333,1,23,Forecast,20260818T075922Z-deb02f
90077,BLACK DIAMOND CLUSTER EARRINGS,2011-11,2011-12,M2_gbm_poisson,2.631812,0.744265,product,12,1.645000,1.224316,4,0.282796,C,0,0.333333,3,24,Forecast,20260818T075922Z-deb02f
90078,PINK/WHITE GLASS DEMI CHOKER,2011-11,2011-12,M2_gbm_poisson,,,,,,,,,C,0,,,,Inactive (no sales in last 6 months),20260818T075922Z-deb02f
90079,VINTAGE ENAMEL & CRYSTAL NECKLACE,2011-11,2011-12,M2_gbm_poisson,2.964982,2.522273,product,18,1.645000,4.149139,8,0.850688,C,0,0.333333,2,24,Forecast,20260818T075922Z-deb02f
90081A,LILY BROOCH AMETHYST COLOUR,2011-11,2011-12,M2_gbm_poisson,4.223935,2.173492,product,18,1.645000,3.575394,8,0.514566,C,2,1.000000,1,24,Forecast,20260818T075922Z-deb02f
90081B,LILY BROOCH WHITE/SILVER COLOUR,2011-11,2011-12,M2_gbm_poisson,,,,,,,,,C,0,,,,Inactive (no sales in last 6 months),20260818T075922Z-deb02f
90081C,LILY BROOCH OLIVE COLOUR,2011-11,2011-12,M2_gbm_poisson,5.235184,3.452753,product,18,1.645000,5.679779,11,0.659528,C,3,1.333333,1,24,Forecast,20260818T075922Z-deb02f
90082A,DIAMANTE BOW BROOCH GREEN COLOUR,2011-11,2011-12,M2_gbm_poisson,4.668147,3.652237,product,18,1.645000,6.007930,11,0.782374,C,2,1.333333,1,24,Forecast,20260818T075922Z-deb02f
90082B,DIAMANTE BOW BROOCH RED COLOUR,2011-11,2011-12,M2_gbm_poisson,3.978728,5.419274,product,18,1.645000,8.914705,13,1.362062,C,1,0.333333,1,24,Forecast,20260818T075922Z-deb02f
90082C,DIAMANTE BOW BROOCH WHITE COLOUR,2011-11,2011-12,M2_gbm_poisson,,,,,,,,,C,0,,,,Inactive (no sales in last 6 months),20260818T075922Z-deb02f
90082D,DIAMANTE BOW BROOCH BLACK COLOUR,2011-11,2011-12,M2_gbm_poisson,4.652584,5.865759,product,13,1.645000,9.649173,15,1.260753,C,1,0.333333,1,24,Forecast,20260818T075922Z-deb02f
90083,CRYSTAL CZECH CROSS PHONE CHARM,2011-11,2011-12,M2_gbm_poisson,11.762000,4.250392,product,18,1.645000,6.991895,19,0.361366,C,8,2.666667,1,24,Forecast,20260818T075922Z-deb02f
90084,PINK CRYSTAL GUITAR PHONE CHARM,2011-11,2011-12,M2_gbm_poisson,,,,,,,,,C,0,,,,Inactive (no sales in last 6 months),20260818T075922Z-deb02f
90085,CRYSTAL STILETTO PHONE CHARM,2011-11,2011-12,M2_gbm_poisson,3.261337,5.908458,product,18,1.645000,9.719413,13,1.811667,C,0,0.000000,4,24,Forecast,20260818T075922Z-deb02f
90086,CRYSTAL FROG PHONE CHARM,2011-11,2011-12,M2_gbm_poisson,13.338308,6.056421,product,18,1.645000,9.962813,24,0.454062,C,7,6.000000,1,21,Forecast,20260818T075922Z-deb02f
90087,CRYSTAL SEA HORSE PHONE CHARM,2011-11,2011-12,M2_gbm_poisson,15.014812,15.332679,product,18,1.645000,25.222256,41,1.021170,C,5,7.666667,1,24,Forecast,20260818T075922Z-deb02f
90088,CRYSTAL KEY+LOCK PHONE CHARM,2011-11,2011-12,M2_gbm_poisson,,,,,,,,,C,0,,,,Inactive (no sales in last 6 months),20260818T075922Z-deb02f
90089,PINK CRYSTAL SKULL PHONE CHARM,2011-11,2011-12,M2_gbm_poisson,5.393995,6.846795,product,18,1.645000,11.262978,17,1.269337,C,2,1.000000,1,24,Forecast,20260818T075922Z-deb02f
90090,PINK CRYSTAL HEART PHONE CHARM,2011-11,2011-12,M2_gbm_poisson,,,,,,,,,C,0,,,,Inactive (no sales in last 6 months),20260818T075922Z-deb02f
90091,CRYSTAL DRAGONFLY PHONE CHARM,2011-11,2011-12,M2_gbm_poisson,,,,,,,,,C,0,,,,Inactive (no sales in last 6 months),20260818T075922Z-deb02f
90092,BLUE CRYSTAL BOOT PHONE CHARM,2011-11,2011-12,M2_gbm_poisson,,,,,,,,,C,0,,,,Inactive (no sales in last 6 months),20260818T075922Z-deb02f
90093,CLEAR CRYSTAL STAR PHONE CHARM,2011-11,2011-12,M2_gbm_poisson,5.363588,8.439404,product,18,1.645000,13.882820,20,1.573462,C,1,0.666667,1,24,Forecast,20260818T075922Z-deb02f
90094,NECKLACE+BRACELET SET FRUIT SALAD,2011-11,2011-12,M2_gbm_poisson,7.515419,3.639042,product,17,1.645000,5.986224,14,0.484210,C,5,1.666667,1,18,Forecast,20260818T075922Z-deb02f
90095,NECKLACE+BRACELET SET PINK BLOSSOM,2011-11,2011-12,M2_gbm_poisson,,,,,,,,,C,0,,,,Inactive (no sales in last 6 months),20260818T075922Z-deb02f
90096,NECKLACE+BRACELET SET BLUE BLOSSOM,2011-11,2011-12,M2_gbm_poisson,7.775992,7.830278,product,18,1.645000,12.880807,21,1.006981,C,5,2.000000,1,23,Forecast,20260818T075922Z-deb02f
90098,NECKLACE+BRACELET PINK BUTTERFLY,2011-11,2011-12,M2_gbm_poisson,12.986491,4.755736,product,18,1.645000,7.823186,21,0.366206,C,3,5.333333,1,24,Forecast,20260818T075922Z-deb02f
90099,NECKLACE+BRACELET SET BLUE HIBISCUS,2011-11,2011-12,M2_gbm_poisson,15.860926,3.153638,product,14,1.645000,5.187735,22,0.198831,C,12,4.333333,1,24,Forecast,20260818T075922Z-deb02f
90100,NECKLACE+BRACELET SET PINK DAISY,2011-11,2011-12,M2_gbm_poisson,,,,,,,,,C,0,,,,Inactive (no sales in last 6 months),20260818T075922Z-deb02f
90101,WHITE FRANGIPANI NECKLACE,2011-11,2011-12,M2_gbm_poisson,12.345752,3.534815,product,18,1.645000,5.814771,19,0.286318,C,5,4.666667,1,24,Forecast,20260818T075922Z-deb02f
90102,WHITE FRANGIPANI HAIR CLIP,2011-11,2011-12,M2_gbm_poisson,2.074774,4.724305,product,17,1.645000,7.771482,10,2.277021,C,0,0.000000,6,23,Forecast,20260818T075922Z-deb02f
90103,PURPLE FRANGIPANI NECKLACE,2011-11,2011-12,M2_gbm_poisson,10.504943,4.167737,product,18,1.645000,6.855927,18,0.396741,C,5,1.666667,1,24,Forecast,20260818T075922Z-deb02f
90104,PURPLE FRANGIPANI HAIRCLIP,2011-11,2011-12,M2_gbm_poisson,,,,,,,,,C,0,,,,Inactive (no sales in last 6 months),20260818T075922Z-deb02f
90108,BLUE BLOSSOM HAIR CLIP,2011-11,2011-12,M2_gbm_poisson,11.659477,8.331397,product,18,1.645000,13.705147,26,0.714560,C,2,5.000000,1,23,Forecast,20260818T075922Z-deb02f
90111,BLUE HIBISCUS  HAIR CLIP,2011-11,2011-12,M2_gbm_poisson,,,,,,,,,C,0,,,,Inactive (no sales in last 6 months),20260818T075922Z-deb02f
90112,PINK DOLLY HAIR CLIPS,2011-11,2011-12,M2_gbm_poisson,,,,,,,,,C,0,,,,Inactive (no sales in last 6 months),20260818T075922Z-deb02f
90114,SUMMER DAISIES BAG CHARM,2011-11,2011-12,M2_gbm_poisson,45.363113,11.137958,product,18,1.645000,18.321942,64,0.245529,C,54,20.000000,1,22,Forecast,20260818T075922Z-deb02f
90115,SUMMER BUTTERFLIES BAG CHARM,2011-11,2011-12,M2_gbm_poisson,2.141533,6.682523,product,18,1.645000,10.992750,14,3.120438,C,0,0.000000,6,24,Forecast,20260818T075922Z-deb02f
90116,FRUIT SALAD BAG CHARM,2011-11,2011-12,M2_gbm_poisson,11.732395,8.446002,product,18,1.645000,13.893673,26,0.719887,C,6,3.000000,1,22,Forecast,20260818T075922Z-deb02f
90118,PINK DAISY BAG CHARM,2011-11,2011-12,M2_gbm_poisson,16.048575,6.746720,product,17,1.645000,11.098354,28,0.420394,C,7,4.333333,1,18,Forecast,20260818T075922Z-deb02f
90119,METALIC LEAVES BAG CHARMS,2011-11,2011-12,M2_gbm_poisson,33.533799,6.130106,product,17,1.645000,10.084025,44,0.182804,C,26,15.666667,1,18,Forecast,20260818T075922Z-deb02f
90120A,PINK MURANO TWIST BRACELET,2011-11,2011-12,M2_gbm_poisson,,,,,,,,,C,0,,,,Inactive (no sales in last 6 months),20260818T075922Z-deb02f
90120B,BLUE MURANO TWIST BRACELET,2011-11,2011-12,M2_gbm_poisson,13.768173,5.062782,product,18,1.645000,8.328277,23,0.367716,C,12,5.000000,1,24,Forecast,20260818T075922Z-deb02f
90120C,GREEN MURANO TWIST BRACELET,2011-11,2011-12,M2_gbm_poisson,13.768173,4.926532,product,18,1.645000,8.104144,22,0.357820,C,11,5.666667,1,24,Forecast,20260818T075922Z-deb02f
90120D,WHITE MURANO TWIST BRACELET,2011-11,2011-12,M2_gbm_poisson,,,,,,,,,C,0,,,,Inactive (no sales in last 6 months),20260818T075922Z-deb02f
90121B,VINTAGE ROSE BEAD BRACELET BLUE,2011-11,2011-12,M2_gbm_poisson,,,,,,,,,C,0,,,,Inactive (no sales in last 6 months),20260818T075922Z-deb02f
90122A,PINK CRYSTAL+GLASS BRACELET,2011-11,2011-12,M2_gbm_poisson,4.223935,7.704850,product,18,1.645000,12.674478,17,1.824093,C,2,1.000000,1,23,Forecast,20260818T075922Z-deb02f
90122B,JADE CRYSTAL+GLASS BRACELET,2011-11,2011-12,M2_gbm_poisson,2.446845,1.696762,product,18,1.645000,2.791173,6,0.693449,C,0,0.333333,3,24,Forecast,20260818T075922Z-deb02f
90122C,TURQUOISE CRYSTAL+GLASS BRACELET,2011-11,2011-12,M2_gbm_poisson,7.243050,6.138854,product,18,1.645000,10.098414,18,0.847551,C,1,2.666667,1,24,Forecast,20260818T075922Z-deb02f
90123A,PINK HEART OF GLASS BRACELET,2011-11,2011-12,M2_gbm_poisson,2.964982,2.654744,product,18,1.645000,4.367053,8,0.895366,C,0,0.333333,2,24,Forecast,20260818T075922Z-deb02f
90123B,TURQUOISE HEART OF GLASS BRACELET,2011-11,2011-12,M2_gbm_poisson,2.430712,1.727674,product,18,1.645000,2.842023,6,0.710769,C,0,0.000000,4,23,Forecast,20260818T075922Z-deb02f
90123C,GREEN HEART OF GLASS BRACELET,2011-11,2011-12,M2_gbm_poisson,2.430712,1.643462,product,18,1.645000,2.703495,6,0.676124,C,0,0.000000,4,24,Forecast,20260818T075922Z-deb02f
90123D,WHITE HEART OF GLASS BRACELET,2011-11,2011-12,M2_gbm_poisson,3.978728,1.782530,product,18,1.645000,2.932262,7,0.448015,C,1,0.666667,1,24,Forecast,20260818T075922Z-deb02f
90124A,PINK MURANO TWIST NECKLACE,2011-11,2011-12,M2_gbm_poisson,3.226393,1.176740,product,18,1.645000,1.935737,6,0.364723,C,0,1.000000,2,24,Forecast,20260818T075922Z-deb02f
90124B,BLUE MURANO TWIST NECKLACE,2011-11,2011-12,M2_gbm_poisson,3.889151,0.657533,product,18,1.645000,1.081642,5,0.169069,C,1,0.666667,1,24,Forecast,20260818T075922Z-deb02f
90124C,GREEN MURANO TWIST NECKLACE,2011-11,2011-12,M2_gbm_poisson,4.542892,2.189133,product,18,1.645000,3.601124,9,0.481881,C,1,1.666667,1,24,Forecast,20260818T075922Z-deb02f
90125A,PINK BERTIE GLASS BEAD BAG CHARM,2011-11,2011-12,M2_gbm_poisson,2.043711,6.865031,product,18,1.645000,11.292976,14,3.359100,C,0,0.000000,5,24,Forecast,20260818T075922Z-deb02f
90125B,AQUA BERTIE GLASS BEAD BAG CHARM,2011-11,2011-12,M2_gbm_poisson,2.043711,2.698110,product,18,1.645000,4.438390,7,1.320201,C,0,0.000000,5,24,Forecast,20260818T075922Z-deb02f
90125C,TURQUOISE BERTIE GLASS BEAD CHARM,2011-11,2011-12,M2_gbm_poisson,,,,,,,,,C,0,,,,Inactive (no sales in last 6 months),20260818T075922Z-deb02f
90125D,PURPLE BERTIE GLASS BEAD BAG CHARM,2011-11,2011-12,M2_gbm_poisson,2.043711,9.941426,product,18,1.645000,16.353646,19,4.864398,C,0,0.000000,5,24,Forecast,20260818T075922Z-deb02f
90125E,AMBER BERTIE GLASS BEAD BAG CHARM,2011-11,2011-12,M2_gbm_poisson,,,,,,,,,C,0,,,,Inactive (no sales in last 6 months),20260818T075922Z-deb02f
90126A,PINK BERTIE MOBILE PHONE CHARM,2011-11,2011-12,M2_gbm_poisson,,,,,,,,,C,0,,,,Inactive (no sales in last 6 months),20260818T075922Z-deb02f
90126B,BLUE BERTIE MOBILE PHONE CHARM,2011-11,2011-12,M2_gbm_poisson,,,,,,,,,C,0,,,,Inactive (no sales in last 6 months),20260818T075922Z-deb02f
90126C,AMBER BERTIE MOBILE PHONE CHARM,2011-11,2011-12,M2_gbm_poisson,2.043711,1.576152,product,13,1.645000,2.592770,5,0.771221,C,0,0.000000,5,24,Forecast,20260818T075922Z-deb02f
90127A,PINK BEADS+HAND PHONE CHARM,2011-11,2011-12,M2_gbm_poisson,2.154878,8.736220,product,10,1.645000,14.371083,17,4.054161,C,0,0.000000,5,13,Forecast,20260818T075922Z-deb02f
90127B,BLUE BEADS+HAND PHONE CHARM,2011-11,2011-12,M2_gbm_poisson,,,,,,,,,C,0,,,,Inactive (no sales in last 6 months),20260818T075922Z-deb02f
90128A,PINK LEAVES AND BEADS PHONE CHARM,2011-11,2011-12,M2_gbm_poisson,2.154878,6.255238,product,17,1.645000,10.289866,13,2.902827,C,0,0.000000,5,23,Forecast,20260818T075922Z-deb02f
90128B,BLUE LEAVES AND BEADS PHONE CHARM,2011-11,2011-12,M2_gbm_poisson,,,,,,,,,C,0,,,,Inactive (no sales in last 6 months),20260818T075922Z-deb02f
90128C,GREEN LEAVES AND BEADS PHONE CHARM,2011-11,2011-12,M2_gbm_poisson,4.489924,4.139123,product,15,1.645000,6.808857,12,0.921869,C,0,0.333333,3,24,Forecast,20260818T075922Z-deb02f
90128D,PURPLE LEAVES AND BEADS PHONE CHAR,2011-11,2011-12,M2_gbm_poisson,,,,,,,,,C,0,,,,Inactive (no sales in last 6 months),20260818T075922Z-deb02f
90129A,PINK GLASS TASSLE BAG CHARM,2011-11,2011-12,M2_gbm_poisson,5.320863,10.323270,product,18,1.645000,16.981779,23,1.940149,C,0,2.000000,2,24,Forecast,20260818T075922Z-deb02f
90129B,TURQUOISE GLASS TASSLE BAG CHARM,2011-11,2011-12,M2_gbm_poisson,14.452329,6.624553,product,18,1.645000,10.897390,26,0.458373,C,9,6.333333,1,24,Forecast,20260818T075922Z-deb02f
90129C,GREEN GLASS TASSLE BAG CHARM,2011-11,2011-12,M2_gbm_poisson,11.030869,10.805559,product,18,1.645000,17.775145,29,0.979575,C,1,4.666667,1,24,Forecast,20260818T075922Z-deb02f
90129D,AMBER GLASS TASSLE BAG CHARM,2011-11,2011-12,M2_gbm_poisson,6.516934,5.466494,product,17,1.645000,8.992383,16,0.838814,C,0,3.666667,2,24,Forecast,20260818T075922Z-deb02f
90129E,PURPLE GLASS TASSLE BAG CHARM,2011-11,2011-12,M2_gbm_poisson,10.432142,3.693750,product,18,1.645000,6.076218,17,0.354074,C,2,4.333333,1,24,Forecast,20260818T075922Z-deb02f
90129F,RED GLASS TASSLE BAG CHARM,2011-11,2011-12,M2_gbm_poisson,13.315634,7.214851,product,18,1.645000,11.868429,26,0.541833,C,9,5.666667,1,24,Forecast,20260818T075922Z-deb02f
90130A,WHITE STONE/CRYSTAL EARRINGS,2011-11,2011-12,M2_gbm_poisson,5.282403,2.360522,product,16,1.645000,3.883058,10,0.446865,C,4,1.666667,1,24,Forecast,20260818T075922Z-deb02f
90130B,TURQ STONE/CRYSTAL EARRINGS,2011-11,2011-12,M2_gbm_poisson,13.751837,5.360637,product,18,1.645000,8.818248,23,0.389812,C,6,5.000000,1,24,Forecast,20260818T075922Z-deb02f
90130C,GREEN STONE/CRYSTAL EARRINGS,2011-11,2011-12,M2_gbm_poisson,5.282403,1.643610,product,18,1.645000,2.703739,8,0.311148,C,3,1.666667,1,24,Forecast,20260818T075922Z-deb02f
90130D,RED STONE/CRYSTAL EARRINGS,2011-11,2011-12,M2_gbm_poisson,5.938108,0.739076,product,13,1.645000,1.215780,8,0.124463,C,2,0.666667,1,23,Forecast,20260818T075922Z-deb02f
90131,PINK/AMETHYST/GOLD NECKLACE,2011-11,2011-12,M2_gbm_poisson,2.033330,1.060430,product,16,1.645000,1.744407,4,0.521524,C,0,0.000000,6,24,Forecast,20260818T075922Z-deb02f
90132,LIGHT TOPAZ TEAL/AQUA COL NECKLACE,2011-11,2011-12,M2_gbm_poisson,2.430712,1.029740,product,14,1.645000,1.693922,5,0.423637,C,0,0.000000,4,24,Forecast,20260818T075922Z-deb02f
90133,TEAL/FUSCHIA COL BEAD NECKLACE,2011-11,2011-12,M2_gbm_poisson,15.343581,2.360373,product,18,1.645000,3.882814,20,0.153835,C,12,4.000000,1,24,Forecast,20260818T075922Z-deb02f
90134,OLD ROSE COMBO BEAD NECKLACE,2011-11,2011-12,M2_gbm_poisson,15.396221,4.704512,product,18,1.645000,7.738923,24,0.305563,C,7,4.000000,1,24,Forecast,20260818T075922Z-deb02f
90135,ORANGE/WHT/FUSCHIA STONES NECKLACE,2011-11,2011-12,M2_gbm_poisson,,,,,,,,,C,0,,,,Inactive (no sales in last 6 months),20260818T075922Z-deb02f
90135A,ORANGE/FUSCHIA STONES NECKLACE,2011-11,2011-12,M2_gbm_poisson,,,,,,,,,C,0,,,,Inactive (no sales in last 6 months),20260818T075922Z-deb02f
90136,PALE PINK/AMETHYST STONE NECKLACE,2011-11,2011-12,M2_gbm_poisson,,,,,,,,,C,0,,,,Inactive (no sales in last 6 months),20260818T075922Z-deb02f
90137,PINK COMBO MINI CRYSTALS NECKLACE,2011-11,2011-12,M2_gbm_poisson,2.033330,0.841079,product,17,1.645000,1.383575,4,0.413646,C,0,0.000000,5,24,Forecast,20260818T075922Z-deb02f
90138,WHITE/PINK MINI CRYSTALS NECKLACE,2011-11,2011-12,M2_gbm_poisson,3.978728,1.011059,product,18,1.645000,1.663192,6,0.254116,C,1,0.333333,1,24,Forecast,20260818T075922Z-deb02f
90139,FLOWER BROOCH 4 ASSORTED COLOURS,2011-11,2011-12,M2_gbm_poisson,,,,,,,,,C,0,,,,Inactive (no sales in last 6 months),20260818T075922Z-deb02f
90140,PINK SWEETIE NECKLACE,2011-11,2011-12,M2_gbm_poisson,2.430712,1.024996,product,14,1.645000,1.686118,5,0.421685,C,0,0.000000,4,24,Forecast,20260818T075922Z-deb02f
90141A,GREEN PENDANT TRIPLE SHELL NECKLACE,2011-11,2011-12,M2_gbm_poisson,5.044420,2.205664,product,17,1.645000,3.628317,9,0.437248,C,2,0.666667,1,24,Forecast,20260818T075922Z-deb02f
90141B,IVORY PENDANT TRIPLE SHELL NECKLACE,2011-11,2011-12,M2_gbm_poisson,2.033330,1.169920,product,17,1.645000,1.924518,4,0.575371,C,0,0.000000,5,24,Forecast,20260818T075922Z-deb02f
90141C,TURQ PENDANT TRIPLE SHELL NECKLACE,2011-11,2011-12,M2_gbm_poisson,5.470223,1.177036,product,18,1.645000,1.936224,8,0.215171,C,4,1.333333,1,24,Forecast,20260818T075922Z-deb02f
90141D,ROSE PENDANT TRIPLE SHELL NECKLACE,2011-11,2011-12,M2_gbm_poisson,2.033330,1.043231,product,18,1.645000,1.716116,4,0.513066,C,0,0.000000,5,23,Forecast,20260818T075922Z-deb02f
90141E,ORANGE PENDANT TRIPLE SHELL NECKLAC,2011-11,2011-12,M2_gbm_poisson,3.250238,1.616553,product,12,1.645000,2.659230,6,0.497364,C,0,0.666667,2,24,Forecast,20260818T075922Z-deb02f
90142A,GREEN PENDANT SHELL NECKLACE,2011-11,2011-12,M2_gbm_poisson,,,,,,,,,C,0,,,,Inactive (no sales in last 6 months),20260818T075922Z-deb02f
90142B,IVORY PENDANT SHELL NECKLACE,2011-11,2011-12,M2_gbm_poisson,,,,,,,,,C,0,,,,Inactive (no sales in last 6 months),20260818T075922Z-deb02f
90142C,ROSE PINK PENDANT SHELL NECKLACE,2011-11,2011-12,M2_gbm_poisson,,,,,,,,,C,0,,,,Inactive (no sales in last 6 months),20260818T075922Z-deb02f
90142D,MOP PENDANT SHELL NECKLACE,2011-11,2011-12,M2_gbm_poisson,3.248093,1.365919,product,12,1.645000,2.246937,6,0.420530,C,0,1.000000,2,13,Forecast,20260818T075922Z-deb02f
90143,SILVER BRACELET W PASTEL FLOWER,2011-11,2011-12,M2_gbm_poisson,3.463376,4.949586,product,18,1.645000,8.142069,12,1.429122,C,0,1.333333,2,24,Forecast,20260818T075922Z-deb02f
90144,SILVER DROP EARRINGS WITH FLOWER,2011-11,2011-12,M2_gbm_poisson,5.797564,3.999981,product,18,1.645000,6.579968,13,0.689942,C,3,2.000000,1,24,Forecast,20260818T075922Z-deb02f
90145,SILVER HOOP EARRINGS WITH FLOWER,2011-11,2011-12,M2_gbm_poisson,9.612913,4.729197,product,18,1.645000,7.779530,18,0.491963,C,2,3.333333,1,24,Forecast,20260818T075922Z-deb02f
90146,FINE SILVER NECKLACE W PASTEL FLOWE,2011-11,2011-12,M2_gbm_poisson,5.776760,2.876170,product,18,1.645000,4.731299,11,0.497886,C,0,3.000000,2,24,Forecast,20260818T075922Z-deb02f
90147,CHUNKY SILVER NECKLACE PASTEL FLOWE,2011-11,2011-12,M2_gbm_poisson,12.548588,6.035590,product,18,1.645000,9.928546,23,0.480978,C,6,3.333333,1,24,Forecast,20260818T075922Z-deb02f
90148,LONG SILVER NECKLACE PASTEL FLOWER,2011-11,2011-12,M2_gbm_poisson,2.446845,1.331078,product,18,1.645000,2.189624,5,0.543998,C,0,0.333333,3,24,Forecast,20260818T075922Z-deb02f
90149,SILVER FLOWR PINK SHELL NECKLACE,2011-11,2011-12,M2_gbm_poisson,7.558830,2.418936,product,18,1.645000,3.979150,12,0.320015,C,0,17.000000,3,23,Forecast,20260818T075922Z-deb02f
90150,BLUE SHELL+SILVER NECKLACE,2011-11,2011-12,M2_gbm_poisson,,,,,,,,,C,0,,,,Inactive (no sales in last 6 months),20260818T075922Z-deb02f
90151,SILVER/NATURAL SHELL NECKLACE,2011-11,2011-12,M2_gbm_poisson,5.027039,2.942664,product,13,1.645000,4.840683,10,0.585367,C,2,0.666667,1,24,Forecast,20260818T075922Z-deb02f
90152A,SILVER/NAT SHELL NECKLACE W PENDANT,2011-11,2011-12,M2_gbm_poisson,3.978728,1.429745,product,16,1.645000,2.351931,7,0.359347,C,1,0.666667,1,24,Forecast,20260818T075922Z-deb02f
90152B,BLUE/GREEN SHELL NECKLACE W PENDANT,2011-11,2011-12,M2_gbm_poisson,,,,,,,,,C,0,,,,Inactive (no sales in last 6 months),20260818T075922Z-deb02f
90152C,BLUE/NAT SHELL NECKLACE W PENDANT,2011-11,2011-12,M2_gbm_poisson,,,,,,,,,C,0,,,,Inactive (no sales in last 6 months),20260818T075922Z-deb02f
90154,LAZER CUT NECKLACE W PASTEL BEADS,2011-11,2011-12,M2_gbm_poisson,11.464176,2.721461,product,16,1.645000,4.476803,16,0.237388,C,1,17.666667,1,18,Forecast,20260818T075922Z-deb02f
90155,RESIN NECKLACE W PASTEL BEADS,2011-11,2011-12,M2_gbm_poisson,5.470223,3.278696,product,18,1.645000,5.393455,11,0.599371,C,3,1.333333,1,24,Forecast,20260818T075922Z-deb02f
90156,RESIN BRACELET W PASTEL BEADS,2011-11,2011-12,M2_gbm_poisson,2.446845,2.887067,product,18,1.645000,4.749225,8,1.179914,C,0,0.333333,3,23,Forecast,20260818T075922Z-deb02f
90157,RIVIERA NECKLACE,2011-11,2011-12,M2_gbm_poisson,8.218810,1.901509,product,18,1.645000,3.127982,12,0.231361,C,6,2.000000,1,23,Forecast,20260818T075922Z-deb02f
90158,ST TROPEZ NECKLACE,2011-11,2011-12,M2_gbm_poisson,17.134614,3.671288,product,18,1.645000,6.039269,24,0.214262,C,13,6.000000,1,24,Forecast,20260818T075922Z-deb02f
90159,COTE D'AZURE NECKLACE,2011-11,2011-12,M2_gbm_poisson,3.978728,2.710341,product,18,1.645000,4.458511,9,0.681208,C,1,0.666667,1,24,Forecast,20260818T075922Z-deb02f
90160A,PURPLE BOUDICCA LARGE BRACELET,2011-11,2011-12,M2_gbm_poisson,6.810996,6.402237,product,18,1.645000,10.531681,18,0.939986,C,0,3.333333,2,23,Forecast,20260818T075922Z-deb02f
90160B,RED BOUDICCA LARGE BRACELET,2011-11,2011-12,M2_gbm_poisson,9.569057,6.122026,product,18,1.645000,10.070733,20,0.639773,C,1,3.333333,1,24,Forecast,20260818T075922Z-deb02f
90160C,TURQ+RED BOUDICCA LARGE BRACELET,2011-11,2011-12,M2_gbm_poisson,15.525888,6.710767,product,18,1.645000,11.039211,27,0.432231,C,13,7.333333,1,24,Forecast,20260818T075922Z-deb02f
90160D,PINK BOUDICCA LARGE BRACELET,2011-11,2011-12,M2_gbm_poisson,11.989602,5.804157,product,18,1.645000,9.547838,22,0.484099,C,10,6.666667,1,24,Forecast,20260818T075922Z-deb02f
90161A,ANT COPPER RED BOUDICCA BRACELET,2011-11,2011-12,M2_gbm_poisson,4.668147,4.070701,product,18,1.645000,6.696303,12,0.872016,C,2,1.333333,1,24,Forecast,20260818T075922Z-deb02f
90161B,ANT COPPER TURQ BOUDICCA BRACELET,2011-11,2011-12,M2_gbm_poisson,20.347141,6.658060,product,18,1.645000,10.952509,32,0.327223,C,14,12.333333,1,24,Forecast,20260818T075922Z-deb02f
90161C,ANT COPPER LIME BOUDICCA BRACELET,2011-11,2011-12,M2_gbm_poisson,28.305910,6.204162,product,18,1.645000,10.205847,39,0.219183,C,21,13.666667,1,24,Forecast,20260818T075922Z-deb02f
90161D,ANT COPPER PINK BOUDICCA BRACELET,2011-11,2011-12,M2_gbm_poisson,12.742603,7.722863,product,18,1.645000,12.704110,26,0.606066,C,5,7.666667,1,24,Forecast,20260818T075922Z-deb02f
90162A,ANT SILVER TURQUOISE BOUDICCA RING,2011-11,2011-12,M2_gbm_poisson,9.555802,2.432131,product,8,1.645000,4.000856,14,0.254519,C,6,2.000000,1,23,Forecast,20260818T075922Z-deb02f
90162B,ANT SILVER LIME GREEN BOUDICCA RING,2011-11,2011-12,M2_gbm_poisson,14.313664,3.383441,product,18,1.645000,5.565761,20,0.236378,C,12,5.666667,1,21,Forecast,20260818T075922Z-deb02f
90162C,ANT SILVER FUSCHIA BOUDICCA RING,2011-11,2011-12,M2_gbm_poisson,3.796420,2.774982,product,18,1.645000,4.564846,9,0.730947,C,0,1.333333,2,21,Forecast,20260818T075922Z-deb02f
90162D,ANT SILVER PURPLE BOUDICCA RING,2011-11,2011-12,M2_gbm_poisson,3.729263,2.073120,product,18,1.645000,3.410282,8,0.555906,C,0,1.333333,2,23,Forecast,20260818T075922Z-deb02f
90163A,PINK ROSEBUD & PEARL NECKLACE,2011-11,2011-12,M2_gbm_poisson,5.044420,2.171787,product,18,1.645000,3.572589,9,0.430532,C,3,1.000000,1,24,Forecast,20260818T075922Z-deb02f
90163B,WHITE ROSEBUD & PEARL NECKLACE,2011-11,2011-12,M2_gbm_poisson,2.983868,2.118042,product,17,1.645000,3.484180,7,0.709831,C,0,0.333333,2,24,Forecast,20260818T075922Z-deb02f
90164A,PINK ROSEBUD PEARL BRACELET,2011-11,2011-12,M2_gbm_poisson,13.901357,1.889055,product,18,1.645000,3.107495,18,0.135890,C,9,3.333333,1,24,Forecast,20260818T075922Z-deb02f
90164B,WHITE  ROSEBUD PEARL BRACELET,2011-11,2011-12,M2_gbm_poisson,26.060962,3.240741,product,18,1.645000,5.331019,32,0.124352,C,19,9.333333,1,24,Forecast,20260818T075922Z-deb02f
90165A,PINK ROSEBUD PEARL EARRINGS,2011-11,2011-12,M2_gbm_poisson,6.776652,2.010480,product,18,1.645000,3.307239,11,0.296677,C,3,1.333333,1,24,Forecast,20260818T075922Z-deb02f
90165B,WHITE ROSEBUD  PEARL EARRINGS,2011-11,2011-12,M2_gbm_poisson,6.750197,4.775825,product,18,1.645000,7.856233,15,0.707509,C,4,2.000000,1,24,Forecast,20260818T075922Z-deb02f
90166,PINK & WHITE ROSEBUD RING,2011-11,2011-12,M2_gbm_poisson,9.955480,3.486927,product,18,1.645000,5.735995,16,0.350252,C,2,3.666667,1,24,Forecast,20260818T075922Z-deb02f
90167,BEADED LOVE HEART JEWELLERY SET,2011-11,2011-12,M2_gbm_poisson,,,,,,,,,B,0,,,,Inactive (no sales in last 6 months),20260818T075922Z-deb02f
90168,2 DAISIES HAIR COMB,2011-11,2011-12,M2_gbm_poisson,9.867347,3.353419,product,18,1.645000,5.516374,16,0.339850,C,3,3.333333,1,24,Forecast,20260818T075922Z-deb02f
90169,DAISY HAIR COMB,2011-11,2011-12,M2_gbm_poisson,8.513200,2.319676,product,18,1.645000,3.815867,13,0.272480,C,1,2.666667,1,24,Forecast,20260818T075922Z-deb02f
90170,DAISY HAIR BAND,2011-11,2011-12,M2_gbm_poisson,22.576594,9.553133,product,18,1.645000,15.714904,39,0.423143,C,12,8.333333,1,24,Forecast,20260818T075922Z-deb02f
90171,DAISY RING,2011-11,2011-12,M2_gbm_poisson,,,,,,,,,C,0,,,,Inactive (no sales in last 6 months),20260818T075922Z-deb02f
90173,PAIR BUTTERFLY HAIR CLIPS,2011-11,2011-12,M2_gbm_poisson,3.189117,5.536547,product,18,1.645000,9.107620,13,1.736075,C,0,0.333333,2,24,Forecast,20260818T075922Z-deb02f
90174,BUTTERFLY HAIR BAND,2011-11,2011-12,M2_gbm_poisson,15.108271,1.343161,product,18,1.645000,2.209501,18,0.088902,C,8,6.333333,1,24,Forecast,20260818T075922Z-deb02f
90175A,WHITE GLASS CHUNKY CHARM BRACELET,2011-11,2011-12,M2_gbm_poisson,5.347067,4.534606,product,18,1.645000,7.459427,13,0.848055,C,3,1.333333,1,24,Forecast,20260818T075922Z-deb02f
90175B,PINK GLASS CHUNKY CHARM BRACELET,2011-11,2011-12,M2_gbm_poisson,4.563049,1.238342,product,18,1.645000,2.037072,7,0.271385,C,2,1.666667,1,24,Forecast,20260818T075922Z-deb02f
90175C,BLUE GLASS CHUNKY CHARM BRACELET,2011-11,2011-12,M2_gbm_poisson,5.027039,3.565950,product,18,1.645000,5.865987,11,0.709354,C,2,0.666667,1,24,Forecast,20260818T075922Z-deb02f
90175D,TIGRIS EYE CHUNKY CHARM BRACELET,2011-11,2011-12,M2_gbm_poisson,5.405370,3.692267,product,18,1.645000,6.073779,12,0.683074,C,3,1.666667,1,24,Forecast,20260818T075922Z-deb02f
90176A,CLASSIC DIAMANTE NECKLACE JET,2011-11,2011-12,M2_gbm_poisson,5.142824,2.450293,product,15,1.645000,4.030732,10,0.476449,C,2,0.666667,1,24,Forecast,20260818T075922Z-deb02f
90176B,DIAMANTE NECKLACE BLACK,2011-11,2011-12,M2_gbm_poisson,5.857563,1.310322,product,7,1.645000,2.155479,9,0.223697,C,3,1.000000,1,13,Forecast,20260818T075922Z-deb02f
90176C,DIAMANTE NECKLACE,2011-11,2011-12,M2_gbm_poisson,2.430712,2.420122,product,18,1.645000,3.981101,7,0.995643,C,0,0.000000,4,24,Forecast,20260818T075922Z-deb02f
90176D,DIAMANTE NECKLACE PURPLE,2011-11,2011-12,M2_gbm_poisson,4.223935,1.071178,product,15,1.645000,1.762089,6,0.253597,C,2,1.000000,1,24,Forecast,20260818T075922Z-deb02f
90176E,DIAMANTE NECKLACE GREEN,2011-11,2011-12,M2_gbm_poisson,3.761410,8.023905,abc_group,3,1.645000,13.199324,17,2.133217,C,0,0.333333,2,4,Forecast,20260818T075922Z-deb02f
90177A,CLASSIC DIAMANTE EARRINGS JET,2011-11,2011-12,M2_gbm_poisson,8.048630,2.337171,product,15,1.645000,3.844646,12,0.290381,C,1,2.666667,1,24,Forecast,20260818T075922Z-deb02f
90177B,DROP DIAMANTE EARRINGS BLACK DIAMON,2011-11,2011-12,M2_gbm_poisson,2.043711,2.970315,product,18,1.645000,4.886168,7,1.453393,C,0,0.000000,6,24,Forecast,20260818T075922Z-deb02f
90177C,DROP DIAMANTE EARRINGS CRYSTAL,2011-11,2011-12,M2_gbm_poisson,10.018273,2.248585,product,18,1.645000,3.698923,14,0.224448,C,2,2.666667,1,24,Forecast,20260818T075922Z-deb02f
90177D,DROP DIAMANTE EARRINGS PURPLE,2011-11,2011-12,M2_gbm_poisson,11.064318,2.742958,product,18,1.645000,4.512166,16,0.247910,C,3,3.666667,1,24,Forecast,20260818T075922Z-deb02f
90177E,DROP DIAMANTE EARRINGS GREEN,2011-11,2011-12,M2_gbm_poisson,7.968441,1.525892,product,18,1.645000,2.510092,11,0.191492,C,1,2.333333,1,24,Forecast,20260818T075922Z-deb02f
90178A,AMBER CHUNKY GLASS+BEAD NECKLACE,2011-11,2011-12,M2_gbm_poisson,2.924601,1.606842,product,17,1.645000,2.643255,6,0.549423,C,0,0.666667,2,24,Forecast,20260818T075922Z-deb02f
90178B,PURPLE CHUNKY GLASS+BEAD NECKLACE,2011-11,2011-12,M2_gbm_poisson,,,,,,,,,C,0,,,,Inactive (no sales in last 6 months),20260818T075922Z-deb02f
90179A,AMBER FINE BEAD NECKLACE W TASSEL,2011-11,2011-12,M2_gbm_poisson,5.044420,1.842279,product,15,1.645000,3.030549,9,0.365211,C,3,1.000000,1,23,Forecast,20260818T075922Z-deb02f
90179B,PURPLE FINE BEAD NECKLACE W TASSEL,2011-11,2011-12,M2_gbm_poisson,4.652584,1.239898,product,11,1.645000,2.039633,7,0.266497,C,1,0.333333,1,24,Forecast,20260818T075922Z-deb02f
90179C,BLACK FINE BEAD NECKLACE W TASSEL,2011-11,2011-12,M2_gbm_poisson,3.950936,2.599739,product,16,1.645000,4.276571,9,0.658006,C,1,0.333333,1,18,Forecast,20260818T075922Z-deb02f
90180A,BLACK+WHITE NECKLACE W TASSEL,2011-11,2011-12,M2_gbm_poisson,8.016729,3.205752,product,18,1.645000,5.273462,14,0.399883,C,2,2.666667,1,24,Forecast,20260818T075922Z-deb02f
90180B,PURPLE AMETHYST NECKLACE W TASSEL,2011-11,2011-12,M2_gbm_poisson,4.547836,1.701877,product,17,1.645000,2.799587,8,0.374217,C,1,0.333333,1,24,Forecast,20260818T075922Z-deb02f
90181A,AMBER GLASS/SHELL/PEARL NECKLACE,2011-11,2011-12,M2_gbm_poisson,5.117320,0.997048,product,18,1.645000,1.640145,7,0.194838,C,3,1.333333,1,23,Forecast,20260818T075922Z-deb02f
90181B,AMETHYST GLASS/SHELL/PEARL NECKLACE,2011-11,2011-12,M2_gbm_poisson,5.117320,2.037834,product,18,1.645000,3.352236,9,0.398223,C,2,1.333333,1,24,Forecast,20260818T075922Z-deb02f
90181C,BLACK GLASS/SHELL/PEARL NECKLACE,2011-11,2011-12,M2_gbm_poisson,,,,,,,,,C,0,,,,Inactive (no sales in last 6 months),20260818T075922Z-deb02f
90182A,AMBER 3 BEAD DROP EARRINGS,2011-11,2011-12,M2_gbm_poisson,5.245505,2.264597,product,10,1.645000,3.725263,9,0.431722,C,4,1.666667,1,13,Forecast,20260818T075922Z-deb02f
90182B,AMETHYST 3 BEAD DROP EARRINGS,2011-11,2011-12,M2_gbm_poisson,5.938108,0.844934,product,7,1.645000,1.389916,8,0.142290,C,3,1.000000,1,24,Forecast,20260818T075922Z-deb02f
90182C,BLACK 3 BEAD DROP EARRINGS,2011-11,2011-12,M2_gbm_poisson,5.700680,1.104240,product,15,1.645000,1.816476,8,0.193703,C,0,2.333333,2,24,Forecast,20260818T075922Z-deb02f
90183A,AMBER DROP EARRINGS W LONG BEADS,2011-11,2011-12,M2_gbm_poisson,11.890164,1.515440,product,18,1.645000,2.492898,15,0.127453,C,3,7.666667,1,23,Forecast,20260818T075922Z-deb02f
90183B,AMETHYST DROP EARRINGS W LONG BEADS,2011-11,2011-12,M2_gbm_poisson,8.648300,1.735087,product,18,1.645000,2.854218,12,0.200628,C,4,2.333333,1,24,Forecast,20260818T075922Z-deb02f
90183C,BLACK DROP EARRINGS W LONG BEADS,2011-11,2011-12,M2_gbm_poisson,7.526899,1.405505,product,18,1.645000,2.312055,10,0.186731,C,5,2.000000,1,24,Forecast,20260818T075922Z-deb02f
90184A,AMBER CHUNKY BEAD BRACELET W STRAP,2011-11,2011-12,M2_gbm_poisson,3.889151,2.737102,product,18,1.645000,4.502533,9,0.703779,C,1,0.333333,1,24,Forecast,20260818T075922Z-deb02f
90184B,AMETHYST CHUNKY BEAD BRACELET W STR,2011-11,2011-12,M2_gbm_poisson,12.271226,5.409785,product,18,1.645000,8.899096,22,0.440851,C,5,4.000000,1,24,Forecast,20260818T075922Z-deb02f
90184C,BLACK CHUNKY BEAD BRACELET W STRAP,2011-11,2011-12,M2_gbm_poisson,8.541943,2.976468,product,18,1.645000,4.896289,14,0.348453,C,4,3.333333,1,24,Forecast,20260818T075922Z-deb02f
90185A,AMBER DIAMANTE EXPANDABLE RING,2011-11,2011-12,M2_gbm_poisson,7.106392,6.209129,product,18,1.645000,10.214017,18,0.873739,C,1,3.000000,1,24,Forecast,20260818T075922Z-deb02f
90185B,AMETHYST DIAMANTE EXPANDABLE RING,2011-11,2011-12,M2_gbm_poisson,7.968441,5.246254,product,18,1.645000,8.630088,17,0.658379,C,1,2.666667,1,24,Forecast,20260818T075922Z-deb02f
90185C,BLACK DIAMANTE EXPANDABLE RING,2011-11,2011-12,M2_gbm_poisson,5.700680,6.565620,product,18,1.645000,10.800445,17,1.151726,C,0,3.000000,2,24,Forecast,20260818T075922Z-deb02f
90185D,CRYSTAL DIAMANTE EXPANDABLE RING,2011-11,2011-12,M2_gbm_poisson,2.043711,3.900276,product,18,1.645000,6.415954,9,1.908428,C,0,0.000000,6,24,Forecast,20260818T075922Z-deb02f
90186A,AMETHYST HOOP EARRING FLORAL LEAF,2011-11,2011-12,M2_gbm_poisson,4.257757,2.830728,product,18,1.645000,4.656548,9,0.664840,C,1,0.333333,1,24,Forecast,20260818T075922Z-deb02f
90186B,CRYSTAL HOOP EARRING FLORAL LEAF,2011-11,2011-12,M2_gbm_poisson,17.503015,1.628043,product,18,1.645000,2.678131,21,0.093015,C,13,4.666667,1,24,Forecast,20260818T075922Z-deb02f
90187A,BLUE DROP EARRINGS W BEAD CLUSTER,2011-11,2011-12,M2_gbm_poisson,,,,,,,,,C,0,,,,Inactive (no sales in last 6 months),20260818T075922Z-deb02f
90187B,GREEN DROP EARRINGS W BEAD CLUSTER,2011-11,2011-12,M2_gbm_poisson,4.257757,1.302909,product,17,1.645000,2.143285,7,0.306008,C,1,0.333333,1,24,Forecast,20260818T075922Z-deb02f
90188,DROP EARRINGS W FLOWER & LEAF,2011-11,2011-12,M2_gbm_poisson,4.512498,1.814851,product,18,1.645000,2.985429,8,0.402183,C,1,0.666667,1,24,Forecast,20260818T075922Z-deb02f
90189A,SILVER 2 STRAND NECKLACE-LEAF CHARM,2011-11,2011-12,M2_gbm_poisson,3.978728,1.575263,product,13,1.645000,2.591307,7,0.395921,C,1,0.666667,1,23,Forecast,20260818T075922Z-deb02f
90189B,GOLD 2 STRAND NECKLACE-LEAF CHARMS,2011-11,2011-12,M2_gbm_poisson,,,,,,,,,C,0,,,,Inactive (no sales in last 6 months),20260818T075922Z-deb02f
90190A,SILVER/CRYSTAL DROP EARRINGS W LEAF,2011-11,2011-12,M2_gbm_poisson,5.282403,2.025157,product,18,1.645000,3.331384,9,0.383378,C,4,1.666667,1,24,Forecast,20260818T075922Z-deb02f
90190B,GOLD/AMBER DROP EARRINGS W LEAF,2011-11,2011-12,M2_gbm_poisson,4.257757,3.829926,product,18,1.645000,6.300229,11,0.899517,C,1,0.333333,1,24,Forecast,20260818T075922Z-deb02f
90190C,SILVER/AMETHYST DROP EARRINGS LEAF,2011-11,2011-12,M2_gbm_poisson,12.107959,2.039835,product,18,1.645000,3.355529,16,0.168471,C,7,2.666667,1,24,Forecast,20260818T075922Z-deb02f
90191,SILVER LARIAT 40CM,2011-11,2011-12,M2_gbm_poisson,13.748325,1.943689,product,18,1.645000,3.197368,17,0.141376,C,6,6.666667,1,24,Forecast,20260818T075922Z-deb02f
90192,JADE DROP EARRINGS W FILIGREE,2011-11,2011-12,M2_gbm_poisson,9.869699,3.197449,product,18,1.645000,5.259804,16,0.323966,C,6,5.666667,1,24,Forecast,20260818T075922Z-deb02f
90194,SILVER LARIAT BLACK STONE EARRINGS,2011-11,2011-12,M2_gbm_poisson,5.203916,2.683877,product,18,1.645000,4.414977,10,0.515742,C,0,2.666667,2,24,Forecast,20260818T075922Z-deb02f
90195A,PURPLE GEMSTONE BRACELET,2011-11,2011-12,M2_gbm_poisson,4.668147,2.834583,product,16,1.645000,4.662889,10,0.607218,C,2,1.333333,1,24,Forecast,20260818T075922Z-deb02f
90195B,BLACK GEMSTONE BRACELET,2011-11,2011-12,M2_gbm_poisson,4.257757,2.527166,product,14,1.645000,4.157188,9,0.593544,C,1,0.666667,1,24,Forecast,20260818T075922Z-deb02f
90196A,PURPLE GEMSTONE NECKLACE 45CM,2011-11,2011-12,M2_gbm_poisson,5.765962,1.108466,product,14,1.645000,1.823426,8,0.192243,C,2,0.666667,1,24,Forecast,20260818T075922Z-deb02f
90196B,BLACK GEMSTONE NECKLACE 45CM,2011-11,2011-12,M2_gbm_poisson,4.930850,1.417069,product,17,1.645000,2.331079,8,0.287388,C,2,0.666667,1,24,Forecast,20260818T075922Z-deb02f
90197B,BLACK GLASS BRACELET W HEART CHARMS,2011-11,2011-12,M2_gbm_poisson,9.507696,6.390451,product,18,1.645000,10.512292,21,0.672135,C,6,3.000000,1,24,Forecast,20260818T075922Z-deb02f
90197D,AMBER GLASS BRACELET HEART CHARMS,2011-11,2011-12,M2_gbm_poisson,,,,,,,,,C,0,,,,Inactive (no sales in last 6 months),20260818T075922Z-deb02f
90198A,VINTAGE ROSE BEAD BRACELET RASPBERR,2011-11,2011-12,M2_gbm_poisson,24.723837,5.710901,product,18,1.645000,9.394432,35,0.230988,C,19,8.333333,1,24,Forecast,20260818T075922Z-deb02f
90198B,VINTAGE ROSE BEAD BRACELET BLACK,2011-11,2011-12,M2_gbm_poisson,13.768173,6.881933,product,18,1.645000,11.320779,26,0.499844,C,11,4.333333,1,24,Forecast,20260818T075922Z-deb02f
90199A,5 STRAND GLASS NECKLACE BLACK,2011-11,2011-12,M2_gbm_poisson,4.397964,1.289047,product,18,1.645000,2.120482,7,0.293101,C,2,0.666667,1,24,Forecast,20260818T075922Z-deb02f
90199B,5 STRAND GLASS NECKLACE AMETHYST,2011-11,2011-12,M2_gbm_poisson,5.235184,3.317985,product,14,1.645000,5.458085,11,0.633786,C,3,1.666667,1,24,Forecast,20260818T075922Z-deb02f
90199C,5 STRAND GLASS NECKLACE CRYSTAL,2011-11,2011-12,M2_gbm_poisson,9.952121,4.473375,product,18,1.645000,7.358702,18,0.449490,C,6,3.000000,1,24,Forecast,20260818T075922Z-deb02f
90199D,5 STRAND GLASS NECKLACE AMBER,2011-11,2011-12,M2_gbm_poisson,3.978728,0.963690,product,18,1.645000,1.585270,6,0.242211,C,1,0.666667,1,24,Forecast,20260818T075922Z-deb02f
90200A,PURPLE SWEETHEART BRACELET,2011-11,2011-12,M2_gbm_poisson,12.719589,5.389103,product,18,1.645000,8.865074,22,0.423685,C,7,4.000000,1,24,Forecast,20260818T075922Z-deb02f
90200B,BLACK SWEETHEART BRACELET,2011-11,2011-12,M2_gbm_poisson,10.343007,6.808322,product,18,1.645000,11.199689,22,0.658254,C,5,5.333333,1,24,Forecast,20260818T075922Z-deb02f
90200C,BLUE SWEETHEART BRACELET,2011-11,2011-12,M2_gbm_poisson,,,,,,,,,C,0,,,,Inactive (no sales in last 6 months),20260818T075922Z-deb02f
90200D,PINK SWEETHEART BRACELET,2011-11,2011-12,M2_gbm_poisson,27.711723,12.727750,product,18,1.645000,20.937149,49,0.459291,B,14,17.666667,1,24,Forecast,20260818T075922Z-deb02f
90200E,GREEN SWEETHEART BRACELET,2011-11,2011-12,M2_gbm_poisson,19.938359,7.924052,product,18,1.645000,13.035066,33,0.397428,C,8,12.000000,1,24,Forecast,20260818T075922Z-deb02f
90201A,PURPLE ENAMEL FLOWER RING,2011-11,2011-12,M2_gbm_poisson,14.312260,11.702829,product,18,1.645000,19.251154,34,0.817679,C,4,11.000000,1,24,Forecast,20260818T075922Z-deb02f
90201B,BLACK ENAMEL FLOWER RING,2011-11,2011-12,M2_gbm_poisson,14.365813,11.001114,product,18,1.645000,18.096833,33,0.765784,C,1,11.000000,1,24,Forecast,20260818T075922Z-deb02f
90201C,RED ENAMEL FLOWER RING,2011-11,2011-12,M2_gbm_poisson,11.911235,13.855490,product,18,1.645000,22.792281,35,1.163229,C,1,9.000000,1,24,Forecast,20260818T075922Z-deb02f
90201D,GREEN ENAMEL FLOWER RING,2011-11,2011-12,M2_gbm_poisson,17.302070,7.514780,product,18,1.645000,12.361814,30,0.434328,C,5,11.000000,1,24,Forecast,20260818T075922Z-deb02f
90202A,PURPLE ENAMEL FLOWER HAIR TIE,2011-11,2011-12,M2_gbm_poisson,10.594229,1.623150,product,18,1.645000,2.670083,14,0.153211,C,4,3.333333,1,22,Forecast,20260818T075922Z-deb02f
90202B,WHITE ENAMEL FLOWER HAIR TIE,2011-11,2011-12,M2_gbm_poisson,7.539581,2.001658,product,18,1.645000,3.292728,11,0.265487,C,2,3.000000,1,24,Forecast,20260818T075922Z-deb02f
90202C,GREEN ENAMEL FLOWER HAIR TIE,2011-11,2011-12,M2_gbm_poisson,8.035033,1.437307,product,18,1.645000,2.364369,11,0.178880,C,2,2.666667,1,24,Forecast,20260818T075922Z-deb02f
90202D,PINK ENAMEL FLOWER HAIR TIE,2011-11,2011-12,M2_gbm_poisson,8.877868,2.186538,product,18,1.645000,3.596856,13,0.246291,C,3,3.000000,1,24,Forecast,20260818T075922Z-deb02f
90203,SILVER CHARM NECKLACE 70CM,2011-11,2011-12,M2_gbm_poisson,,,,,,,,,C,0,,,,Inactive (no sales in last 6 months),20260818T075922Z-deb02f
90204,PAIR OF ENAMEL BUTTERFLY HAIRCLIP,2011-11,2011-12,M2_gbm_poisson,14.385232,2.626278,product,18,1.645000,4.320227,19,0.182568,C,7,4.000000,1,24,Forecast,20260818T075922Z-deb02f
90205A,LARGE MINT DIAMANTE HAIRSLIDE,2011-11,2011-12,M2_gbm_poisson,9.077905,5.139729,product,15,1.645000,8.454855,18,0.566180,C,4,3.000000,1,24,Forecast,20260818T075922Z-deb02f
90205C,LARGE CRYSTAL DIAMANTE HAIRSLIDE,2011-11,2011-12,M2_gbm_poisson,9.235818,4.628010,product,18,1.645000,7.613076,17,0.501094,C,4,3.000000,1,24,Forecast,20260818T075922Z-deb02f
90206A,GOLD DIAMANTE STAR BROOCH,2011-11,2011-12,M2_gbm_poisson,5.470223,1.973489,product,15,1.645000,3.246389,9,0.360769,C,2,1.666667,1,24,Forecast,20260818T075922Z-deb02f
90206C,CRYSTAL DIAMANTE STAR BROOCH,2011-11,2011-12,M2_gbm_poisson,12.445984,5.169678,product,18,1.645000,8.504120,21,0.415369,C,7,3.000000,1,24,Forecast,20260818T075922Z-deb02f
90208,PAIR OF PINK FLOWER CLUSTER SLIDE,2011-11,2011-12,M2_gbm_poisson,16.522108,10.092206,product,18,1.645000,16.601680,34,0.610830,C,12,7.000000,1,24,Forecast,20260818T075922Z-deb02f
90209A,PURPLE ENAMEL+GLASS HAIR COMB,2011-11,2011-12,M2_gbm_poisson,32.010528,13.583581,product,13,1.645000,22.344991,55,0.424347,C,40,15.333333,1,24,Forecast,20260818T075922Z-deb02f
90209B,GREEN ENAMEL+GLASS HAIR COMB,2011-11,2011-12,M2_gbm_poisson,4.520976,13.148438,product,18,1.645000,21.629181,27,2.908318,C,0,0.333333,2,24,Forecast,20260818T075922Z-deb02f
90209C,PINK ENAMEL+GLASS HAIR COMB,2011-11,2011-12,M2_gbm_poisson,6.522650,15.917638,product,18,1.645000,26.184515,33,2.440364,C,0,3.000000,2,24,Forecast,20260818T075922Z-deb02f
90210A,GREY ACRYLIC FACETED BANGLE,2011-11,2011-12,M2_gbm_poisson,2.043711,3.719324,product,18,1.645000,6.118289,9,1.819887,C,0,0.000000,6,24,Forecast,20260818T075922Z-deb02f
90210B,CLEAR ACRYLIC FACETED BANGLE,2011-11,2011-12,M2_gbm_poisson,8.340627,7.356513,product,15,1.645000,12.101464,21,0.882010,C,0,5.333333,2,24,Forecast,20260818T075922Z-deb02f
90210C,RED   ACRYLIC FACETED BANGLE,2011-11,2011-12,M2_gbm_poisson,2.043711,2.388691,product,18,1.645000,3.929397,6,1.168801,C,0,0.000000,6,24,Forecast,20260818T075922Z-deb02f
90210D,PURPLE ACRYLIC FACETED BANGLE,2011-11,2011-12,M2_gbm_poisson,17.025314,3.378104,product,17,1.645000,5.556981,23,0.198417,C,11,7.000000,1,24,Forecast,20260818T075922Z-deb02f
90211A,DIAMOND LAS VEGAS NECKLACE 45CM,2011-11,2011-12,M2_gbm_poisson,7.006186,2.351478,product,16,1.645000,3.868181,11,0.335629,C,5,1.666667,1,24,Forecast,20260818T075922Z-deb02f
90211B,JET BLACK LAS VEGAS NECKLACE 45CM,2011-11,2011-12,M2_gbm_poisson,5.142824,1.217585,product,16,1.645000,2.002928,8,0.236754,C,2,0.666667,1,24,Forecast,20260818T075922Z-deb02f
90212B,JET BLACK LAS VEGAS BRACELET ROUND,2011-11,2011-12,M2_gbm_poisson,,,,,,,,,C,0,,,,Inactive (no sales in last 6 months),20260818T075922Z-deb02f
90212C,PURPLE LAS VEGAS BRACELET ROUND,2011-11,2011-12,M2_gbm_poisson,2.904256,1.202982,product,17,1.645000,1.978905,5,0.414213,C,0,1.000000,3,24,Forecast,20260818T075922Z-deb02f
90214A,"LETTER ""A"" BLING KEY RING",2011-11,2011-12,M2_gbm_poisson,24.933098,19.425841,product,18,1.645000,31.955508,57,0.779119,C,16,9.000000,1,24,Forecast,20260818T075922Z-deb02f
90214B,"LETTER ""B"" BLING KEY RING",2011-11,2011-12,M2_gbm_poisson,3.335459,3.971811,product,18,1.645000,6.533630,10,1.190784,C,0,1.000000,3,24,Forecast,20260818T075922Z-deb02f
90214C,"LETTER ""C"" BLING KEY RING",2011-11,2011-12,M2_gbm_poisson,30.258021,19.330806,product,18,1.645000,31.799176,63,0.638866,C,6,2.666667,1,24,Forecast,20260818T075922Z-deb02f
90214D,"LETTER ""D"" BLING KEY RING",2011-11,2011-12,M2_gbm_poisson,10.808493,9.000420,product,18,1.645000,14.805691,26,0.832717,C,6,3.000000,1,24,Forecast,20260818T075922Z-deb02f
90214E,"LETTER ""E"" BLING KEY RING",2011-11,2011-12,M2_gbm_poisson,13.001329,11.698604,product,18,1.645000,19.244203,33,0.899801,C,6,4.000000,1,24,Forecast,20260818T075922Z-deb02f
90214F,"LETTER ""F"" BLING KEY RING",2011-11,2011-12,M2_gbm_poisson,4.190539,2.705967,product,18,1.645000,4.451316,9,0.645733,C,0,1.000000,2,24,Forecast,20260818T075922Z-deb02f
90214G,"LETTER ""G"" BLING KEY RING",2011-11,2011-12,M2_gbm_poisson,10.808493,6.179032,product,18,1.645000,10.164508,21,0.571683,C,6,3.000000,1,24,Forecast,20260818T075922Z-deb02f
90214H,"LETTER ""H"" BLING KEY RING",2011-11,2011-12,M2_gbm_poisson,15.846985,7.349396,product,18,1.645000,12.089757,28,0.463773,C,8,4.333333,1,24,Forecast,20260818T075922Z-deb02f
90214I,"LETTER ""I"" BLING KEY RING",2011-11,2011-12,M2_gbm_poisson,4.484473,6.614101,product,18,1.645000,10.880196,16,1.474889,C,0,1.000000,2,24,Forecast,20260818T075922Z-deb02f
90214J,"LETTER ""J"" BLING KEY RING",2011-11,2011-12,M2_gbm_poisson,14.091061,12.602026,product,18,1.645000,20.730333,35,0.894328,C,7,5.333333,1,24,Forecast,20260818T075922Z-deb02f
90214K,"LETTER ""K"" BLING KEY RING",2011-11,2011-12,M2_gbm_poisson,12.573095,12.343386,product,18,1.645000,20.304870,33,0.981730,C,6,3.333333,1,24,Forecast,20260818T075922Z-deb02f
90214L,"LETTER ""L"" BLING KEY RING",2011-11,2011-12,M2_gbm_poisson,7.037797,12.450578,product,18,1.645000,20.481201,28,1.769102,C,0,3.000000,2,24,Forecast,20260818T075922Z-deb02f
90214M,"LETTER ""M"" BLING KEY RING",2011-11,2011-12,M2_gbm_poisson,13.001329,11.724549,product,18,1.645000,19.286883,33,0.901796,C,6,4.000000,1,24,Forecast,20260818T075922Z-deb02f
90214N,"LETTER ""N"" BLING KEY RING",2011-11,2011-12,M2_gbm_poisson,5.841149,3.420803,product,18,1.645000,5.627221,12,0.585639,C,2,2.000000,1,24,Forecast,20260818T075922Z-deb02f
90214O,"LETTER ""O"" BLING KEY RING",2011-11,2011-12,M2_gbm_poisson,4.278522,3.831483,product,18,1.645000,6.302790,11,0.895516,C,0,0.333333,2,24,Forecast,20260818T075922Z-deb02f
90214P,"LETTER ""P"" BLING KEY RING",2011-11,2011-12,M2_gbm_poisson,4.251441,5.393106,product,18,1.645000,8.871659,14,1.268536,C,0,0.333333,2,24,Forecast,20260818T075922Z-deb02f
90214R,"LETTER ""R"" BLING KEY RING",2011-11,2011-12,M2_gbm_poisson,3.540435,6.501646,product,18,1.645000,10.695207,15,1.836397,C,0,1.333333,3,24,Forecast,20260818T075922Z-deb02f
90214S,"LETTER ""S"" BLING KEY RING",2011-11,2011-12,M2_gbm_poisson,14.978018,14.807319,product,18,1.645000,24.358040,40,0.988603,C,12,8.000000,1,24,Forecast,20260818T075922Z-deb02f
90214T,"LETTER ""T"" BLING KEY RING",2011-11,2011-12,M2_gbm_poisson,3.335459,2.993147,product,18,1.645000,4.923727,9,0.897372,C,0,0.666667,3,24,Forecast,20260818T075922Z-deb02f
90214U,"LETTER ""U"" BLING KEY RING",2011-11,2011-12,M2_gbm_poisson,,,,,,,,,C,0,,,,Inactive (no sales in last 6 months),20260818T075922Z-deb02f
90214V,"LETTER ""V"" BLING KEY RING",2011-11,2011-12,M2_gbm_poisson,5.237590,2.628353,product,18,1.645000,4.323641,10,0.501825,C,1,0.666667,1,22,Forecast,20260818T075922Z-deb02f
90214W,"LETTER ""W"" BLING KEY RING",2011-11,2011-12,M2_gbm_poisson,2.192547,4.304877,product,17,1.645000,7.081523,10,1.963414,C,0,0.000000,5,18,Forecast,20260818T075922Z-deb02f
90214Y,"LETTER ""Y"" BLING KEY RING",2011-11,2011-12,M2_gbm_poisson,4.234083,1.421962,product,12,1.645000,2.339127,7,0.335837,C,0,0.666667,2,13,Forecast,20260818T075922Z-deb02f
90214Z,"LETTER ""Z"" BLING KEY RING",2011-11,2011-12,M2_gbm_poisson,3.905592,1.959849,product,18,1.645000,3.223952,8,0.501806,C,0,1.000000,2,24,Forecast,20260818T075922Z-deb02f
DCGS0003,BOXED GLASS ASHTRAY,2011-11,2011-12,M2_gbm_poisson,,,,,,,,,C,0,,,,Inactive (no sales in last 6 months),20260818T075922Z-deb02f
DCGS0004,HAYNES CAMPER SHOULDER BAG,2011-11,2011-12,M2_gbm_poisson,,,,,,,,,C,0,,,,Inactive (no sales in last 6 months),20260818T075922Z-deb02f
DCGS0037,KEY-RING CORKSCREW,2011-11,2011-12,M2_gbm_poisson,,,,,,,,,C,0,,,,Inactive (no sales in last 6 months),20260818T075922Z-deb02f
DCGS0041,HAYNES MINI-COOPER PLAYING CARDS,2011-11,2011-12,M2_gbm_poisson,,,,,,,,,C,0,,,,Inactive (no sales in last 6 months),20260818T075922Z-deb02f
DCGS0044,HANDZ-OFF CAR FRESHENER,2011-11,2011-12,M2_gbm_poisson,,,,,,,,,C,0,,,,Inactive (no sales in last 6 months),20260818T075922Z-deb02f
DCGS0058,MISO PRETTY  GUM,2011-11,2011-12,M2_gbm_poisson,,,,,,,,,C,0,,,,Inactive (no sales in last 6 months),20260818T075922Z-deb02f
DCGS0062,ROAD-RAGE CAR FRESHENER,2011-11,2011-12,M2_gbm_poisson,,,,,,,,,C,0,,,,Inactive (no sales in last 6 months),20260818T075922Z-deb02f
DCGS0066N,NAVY CUDDLES DOG HOODIE,2011-11,2011-12,M2_gbm_poisson,,,,,,,,,C,0,,,,Inactive (no sales in last 6 months),20260818T075922Z-deb02f
DCGS0068,DOGS NIGHT COLLAR,2011-11,2011-12,M2_gbm_poisson,,,,,,,,,C,0,,,,Inactive (no sales in last 6 months),20260818T075922Z-deb02f
DCGS0069,OOH LA LA DOGS COLLAR,2011-11,2011-12,M2_gbm_poisson,,,,,,,,,C,0,,,,Inactive (no sales in last 6 months),20260818T075922Z-deb02f
DCGS0070,CAMOUFLAGE DOG COLLAR,2011-11,2011-12,M2_gbm_poisson,,,,,,,,,C,0,,,,Inactive (no sales in last 6 months),20260818T075922Z-deb02f
DCGS0072,CAT CAMOUFLAGUE COLLAR,2011-11,2011-12,M2_gbm_poisson,,,,,,,,,C,0,,,,Inactive (no sales in last 6 months),20260818T075922Z-deb02f
DCGS0075,CAMOUFLAGUE DOG LEAD,2011-11,2011-12,M2_gbm_poisson,,,,,,,,,C,0,,,,Inactive (no sales in last 6 months),20260818T075922Z-deb02f
DCGS0076,SUNJAR LED NIGHT NIGHT LIGHT,2011-11,2011-12,M2_gbm_poisson,,,,,,,,,C,0,,,,Inactive (no sales in last 6 months),20260818T075922Z-deb02f
DCGSSBOY,BOYS PARTY BAG,2011-11,2011-12,M2_gbm_poisson,3.386798,8.984111,product,17,1.645000,14.778863,19,2.652686,C,0,0.666667,3,18,Forecast,20260818T075922Z-deb02f
DCGSSGIRL,GIRLS PARTY BAG,2011-11,2011-12,M2_gbm_poisson,4.725553,11.229509,product,17,1.645000,18.472542,24,2.376338,C,1,0.666667,1,18,Forecast,20260818T075922Z-deb02f
