stock_code,description,forecast_origin,target_month,model,prediction,lag_1,rolling_mean_3,abc_class,is_active,status
10080,GROOVY CACTUS INFLATABLE,2011-11,2011-12,M2_gbm_poisson,50.246865,91,52.333333,C,True,Forecast
10120,DOGGY RUBBER,2011-11,2011-12,M2_gbm_poisson,49.738208,49,23.000000,C,True,Forecast
10124A,SPOTS ON RED BOOKCOVER TAPE,2011-11,2011-12,M2_gbm_poisson,7.829304,4,1.333333,C,True,Forecast
10124G,ARMY CAMO BOOKCOVER TAPE,2011-11,2011-12,M2_gbm_poisson,8.840760,4,2.666667,C,True,Forecast
10125,MINI FUNKY DESIGN TAPES,2011-11,2011-12,M2_gbm_poisson,55.967204,62,107.666667,B,True,Forecast
10133,COLOURING PENCILS BROWN TUBE,2011-11,2011-12,M2_gbm_poisson,25.560982,0,69.000000,B,True,Forecast
10135,COLOURING PENCILS BROWN TUBE,2011-11,2011-12,M2_gbm_poisson,84.757657,181,106.666667,A,True,Forecast
11001,ASSTD DESIGN RACING CAR PEN,2011-11,2011-12,M2_gbm_poisson,111.232502,128,113.333333,A,True,Forecast
15030,FAN BLACK FRAME,2011-11,2011-12,M2_gbm_poisson,38.047590,22,11.666667,C,True,Forecast
15034,PAPER POCKET TRAVELING FAN,2011-11,2011-12,M2_gbm_poisson,300.065731,573,919.333333,C,True,Forecast
15036,ASSORTED COLOURS SILK FAN,2011-11,2011-12,M2_gbm_poisson,456.260613,604,782.000000,A,True,Forecast
15039,SANDALWOOD FAN,2011-11,2011-12,M2_gbm_poisson,113.022708,208,134.333333,B,True,Forecast
15044A,PINK PAPER PARASOL,2011-11,2011-12,M2_gbm_poisson,42.976700,34,23.000000,A,True,Forecast
15044B,BLUE PAPER PARASOL,2011-11,2011-12,M2_gbm_poisson,5.393778,0,2.000000,A,True,Forecast
15044C,PURPLE PAPER PARASOL,2011-11,2011-12,M2_gbm_poisson,30.771120,16,17.666667,B,True,Forecast
15044D,RED PAPER PARASOL,2011-11,2011-12,M2_gbm_poisson,47.072061,24,67.333333,A,True,Forecast
15056BL,EDWARDIAN PARASOL BLACK,2011-11,2011-12,M2_gbm_poisson,153.230411,176,333.000000,A,True,Forecast
15056N,EDWARDIAN PARASOL NATURAL,2011-11,2011-12,M2_gbm_poisson,159.335581,169,271.666667,A,True,Forecast
15056P,EDWARDIAN PARASOL PINK,2011-11,2011-12,M2_gbm_poisson,64.148554,88,62.000000,A,True,Forecast
15058A,BLUE POLKADOT GARDEN PARASOL,2011-11,2011-12,M2_gbm_poisson,9.140558,2,3.666667,B,True,Forecast
15058B,PINK POLKADOT GARDEN PARASOL,2011-11,2011-12,M2_gbm_poisson,8.677140,1,2.666667,B,True,Forecast
15058C,ICE CREAM DESIGN GARDEN PARASOL,2011-11,2011-12,M2_gbm_poisson,6.107861,1,2.000000,B,True,Forecast
15060B,FAIRY CAKE DESIGN UMBRELLA,2011-11,2011-12,M2_gbm_poisson,31.062746,19,40.000000,A,True,Forecast
16008,SMALL FOLDING SCISSOR(POINTED EDGE),2011-11,2011-12,M2_gbm_poisson,247.949697,941,517.000000,C,True,Forecast
16011,ANIMAL STICKERS,2011-11,2011-12,M2_gbm_poisson,129.952565,359,175.333333,C,True,Forecast
16012,FOOD/DRINK SPONGE STICKERS,2011-11,2011-12,M2_gbm_poisson,77.253342,168,64.000000,C,True,Forecast
16014,SMALL CHINESE STYLE SCISSOR,2011-11,2011-12,M2_gbm_poisson,737.426786,3606,1569.000000,A,True,Forecast
16015,MEDIUM CHINESE STYLE SCISSOR,2011-11,2011-12,M2_gbm_poisson,40.122294,30,16.666667,C,True,Forecast
16016,LARGE CHINESE STYLE SCISSOR,2011-11,2011-12,M2_gbm_poisson,63.185177,140,76.666667,B,True,Forecast
16020C,CLEAR STATIONERY BOX SET,2011-11,2011-12,M2_gbm_poisson,2.054573,0,0.000000,C,True,Forecast
16043,POP ART PUSH DOWN RUBBER,2011-11,2011-12,M2_gbm_poisson,3.515583,0,0.000000,C,True,Forecast
16045,POPART WOODEN PENCILS ASST,2011-11,2011-12,M2_gbm_poisson,463.819604,1000,1366.666667,C,True,Forecast
16046,TEATIME PEN CASE & PENS,2011-11,2011-12,M2_gbm_poisson,6.882817,1,1.333333,B,True,Forecast
16048,TEATIME ROUND PENCIL SHARPENER,2011-11,2011-12,M2_gbm_poisson,94.630598,126,160.333333,C,True,Forecast
16052,TEATIME PUSH DOWN RUBBER,2011-11,2011-12,M2_gbm_poisson,2.042813,0,0.000000,C,True,Forecast
16054,POPART RECT PENCIL SHARPENER ASST,2011-11,2011-12,M2_gbm_poisson,92.771793,330,231.333333,C,True,Forecast
16156L,"WRAP, CAROUSEL",2011-11,2011-12,M2_gbm_poisson,32.512159,25,25.000000,C,True,Forecast
16156S,WRAP PINK FAIRY CAKES,2011-11,2011-12,M2_gbm_poisson,188.600615,475,616.666667,A,True,Forecast
16161G,WRAP BAD HAIR DAY,2011-11,2011-12,M2_gbm_poisson,63.259885,125,116.666667,C,True,Forecast
16161P,WRAP ENGLISH ROSE,2011-11,2011-12,M2_gbm_poisson,221.592764,525,666.666667,A,True,Forecast
16161U,WRAP SUKI AND FRIENDS,2011-11,2011-12,M2_gbm_poisson,146.899182,300,491.666667,B,True,Forecast
16162L,THE KING GIFT BAG,2011-11,2011-12,M2_gbm_poisson,7.951494,0,3.333333,C,True,Forecast
16162M,THE KING GIFT BAG 25x24x12cm,2011-11,2011-12,M2_gbm_poisson,15.869600,4,6.000000,C,True,Forecast
16168M,FUNKY MONKEY GIFT BAG MEDIUM,2011-11,2011-12,M2_gbm_poisson,40.153269,35,19.333333,C,True,Forecast
16169E,WRAP 50'S  CHRISTMAS,2011-11,2011-12,M2_gbm_poisson,679.893606,1625,1254.000000,C,True,Forecast
16169K,WRAP FOLK ART,2011-11,2011-12,M2_gbm_poisson,9.673063,0,16.666667,C,True,Forecast
16169M,WRAP DAISY CARPET,2011-11,2011-12,M2_gbm_poisson,42.243701,50,50.000000,C,True,Forecast
16207A,PINK STRAWBERRY HANDBAG,2011-11,2011-12,M2_gbm_poisson,9.177725,1,2.333333,C,True,Forecast
16207B,PINK HEART RED HANDBAG,2011-11,2011-12,M2_gbm_poisson,3.559565,0,0.000000,C,True,Forecast
16216,LETTER SHAPE PENCIL SHARPENER,2011-11,2011-12,M2_gbm_poisson,201.824964,394,251.666667,C,True,Forecast
16218,CARTOON  PENCIL SHARPENERS,2011-11,2011-12,M2_gbm_poisson,223.386098,565,550.333333,C,True,Forecast
16219,HOUSE SHAPE PENCIL SHARPENER,2011-11,2011-12,M2_gbm_poisson,218.018566,265,424.666667,C,True,Forecast
16225,RATTLE SNAKE EGGS,2011-11,2011-12,M2_gbm_poisson,68.295838,112,79.333333,C,True,Forecast
16235,RECYCLED PENCIL WITH RABBIT ERASER,2011-11,2011-12,M2_gbm_poisson,136.644311,228,173.000000,B,True,Forecast
16236,KITTY PENCIL ERASERS,2011-11,2011-12,M2_gbm_poisson,118.159277,260,165.333333,C,True,Forecast
16237,SLEEPING CAT ERASERS,2011-11,2011-12,M2_gbm_poisson,355.185130,927,517.666667,B,True,Forecast
16238,PARTY TIME PENCIL ERASERS,2011-11,2011-12,M2_gbm_poisson,75.849315,176,121.333333,C,True,Forecast
16248B,BLUE HOLE PUNCH,2011-11,2011-12,M2_gbm_poisson,5.955761,0,3.000000,C,True,Forecast
16254,TRANSPARENT ACRYLIC TAPE DISPENSER,2011-11,2011-12,M2_gbm_poisson,18.541560,7,7.666667,C,True,Forecast
16258A,SWIRLY CIRCULAR RUBBERS IN BAG,2011-11,2011-12,M2_gbm_poisson,55.677787,37,42.000000,C,True,Forecast
16259,PIECE OF CAMO STATIONERY SET,2011-11,2011-12,M2_gbm_poisson,152.728767,20,166.666667,C,True,Forecast
17003,BROCADE RING PURSE,2011-11,2011-12,M2_gbm_poisson,725.934611,1071,1876.666667,A,True,Forecast
17007B,S/3 POT POURI CUSHIONS BLUE COLOURS,2011-11,2011-12,M2_gbm_poisson,2.114785,0,0.000000,C,True,Forecast
17012A,ORIGAMI VANILLA INCENSE/CANDLE SET,2011-11,2011-12,M2_gbm_poisson,34.524135,10,54.000000,C,True,Forecast
17012B,ORIGAMI JASMINE INCENSE/CANDLE SET,2011-11,2011-12,M2_gbm_poisson,33.625255,5,60.666667,C,True,Forecast
17012C,ORIGAMI LAVENDER INCENSE/CANDL SET,2011-11,2011-12,M2_gbm_poisson,63.384650,94,58.666667,C,True,Forecast
17012D,ORIGAMI ROSE INCENSE/CANDLE SET,2011-11,2011-12,M2_gbm_poisson,79.591090,165,98.000000,C,True,Forecast
17012F,ORIGAMI SANDLEWOOD INCENSE/CAND SET,2011-11,2011-12,M2_gbm_poisson,77.728377,162,81.333333,C,True,Forecast
17013D,ORIGAMI ROSE INCENSE IN TUBE,2011-11,2011-12,M2_gbm_poisson,2.082963,0,0.000000,C,True,Forecast
17014A,ORIGAMI VANILLA INCENSE CONES,2011-11,2011-12,M2_gbm_poisson,2.062682,0,0.000000,C,True,Forecast
17021,NAMASTE SWAGAT INCENSE,2011-11,2011-12,M2_gbm_poisson,62.558055,108,144.000000,C,True,Forecast
17038,PORCELAIN BUDAH INCENSE HOLDER,2011-11,2011-12,M2_gbm_poisson,78.599591,204,203.000000,C,True,Forecast
17084A,TRANQUILITY MASALA INCENSE,2011-11,2011-12,M2_gbm_poisson,9.077137,0,8.333333,C,True,Forecast
17084J,LOVE POTION MASALA INCENSE,2011-11,2011-12,M2_gbm_poisson,8.907193,0,8.333333,C,True,Forecast
17084N,FAIRY DREAMS INCENSE,2011-11,2011-12,M2_gbm_poisson,75.995214,162,163.333333,C,True,Forecast
17084P,DRAGONS BLOOD INCENSE,2011-11,2011-12,M2_gbm_poisson,43.567276,38,39.666667,C,True,Forecast
17084R,ASSORTED INCENSE PACK,2011-11,2011-12,M2_gbm_poisson,118.108276,216,312.000000,B,True,Forecast
17090A,LAVENDER INCENSE 40 CONES IN TIN,2011-11,2011-12,M2_gbm_poisson,14.643089,9,5.000000,C,True,Forecast
17090D,VANILLA INCENSE 40 CONES IN TIN,2011-11,2011-12,M2_gbm_poisson,2.085133,0,0.000000,C,True,Forecast
17091J,VANILLA INCENSE IN TIN,2011-11,2011-12,M2_gbm_poisson,89.556654,182,153.333333,B,True,Forecast
17096,ASSORTED LAQUERED INCENSE HOLDERS,2011-11,2011-12,M2_gbm_poisson,2.287662,0,0.000000,B,True,Forecast
17107D,"FLOWER FAIRY,5 SUMMER B'DRAW LINERS",2011-11,2011-12,M2_gbm_poisson,32.610561,15,18.666667,C,True,Forecast
17129F,BLUE GLASS GEMS IN BAG,2011-11,2011-12,M2_gbm_poisson,24.053807,1,17.666667,B,True,Forecast
17136A,BLUE STONES ON WIRE FOR CANDLE,2011-11,2011-12,M2_gbm_poisson,62.013459,96,63.666667,C,True,Forecast
17174,ASSTD RASTA KEY-CHAINS,2011-11,2011-12,M2_gbm_poisson,14.798043,8,2.666667,C,True,Forecast
17191A,ROSE FLOWER CANDLE+INCENSE 16X16CM,2011-11,2011-12,M2_gbm_poisson,5.540197,2,0.666667,C,True,Forecast
18007,ESSENTIAL BALM 3.5g TIN IN ENVELOPE,2011-11,2011-12,M2_gbm_poisson,3.436533,0,0.000000,C,True,Forecast
18094C,WHITE AND BLUE CERAMIC OIL BURNER,2011-11,2011-12,M2_gbm_poisson,9.788058,0,8.333333,C,True,Forecast
18097A,PINK TALL PORCELAIN T-LIGHT HOLDER,2011-11,2011-12,M2_gbm_poisson,2.141533,0,0.000000,C,True,Forecast
18097C,WHITE TALL PORCELAIN T-LIGHT HOLDER,2011-11,2011-12,M2_gbm_poisson,33.153885,26,14.666667,A,True,Forecast
18098C,PORCELAIN BUTTERFLY OIL BURNER,2011-11,2011-12,M2_gbm_poisson,3.021769,0,0.000000,A,True,Forecast
20615,BLUE POLKADOT PASSPORT COVER,2011-11,2011-12,M2_gbm_poisson,52.038571,75,35.000000,C,True,Forecast
20616,CHERRY BLOSSOM PASSPORT COVER,2011-11,2011-12,M2_gbm_poisson,30.837796,25,11.333333,C,True,Forecast
20617,FIRST CLASS PASSPORT COVER,2011-11,2011-12,M2_gbm_poisson,15.501440,12,6.000000,C,True,Forecast
20618,QUEEN OF THE SKIES PASSPORT COVER,2011-11,2011-12,M2_gbm_poisson,16.696545,10,5.333333,C,True,Forecast
20619,TROPICAL PASSPORT COVER,2011-11,2011-12,M2_gbm_poisson,14.267031,8,5.333333,C,True,Forecast
20622,VIPPASSPORT COVER,2011-11,2011-12,M2_gbm_poisson,20.025278,17,7.000000,B,True,Forecast
20652,BLUE POLKADOT LUGGAGE TAG,2011-11,2011-12,M2_gbm_poisson,44.173338,47,22.000000,C,True,Forecast
20653,CHERRY BLOSSOM LUGGAGE TAG,2011-11,2011-12,M2_gbm_poisson,18.126530,14,5.000000,C,True,Forecast
20654,FIRST CLASS LUGGAGE TAG,2011-11,2011-12,M2_gbm_poisson,31.160890,23,9.333333,C,True,Forecast
20655,QUEEN OF SKIES LUGGAGE TAG,2011-11,2011-12,M2_gbm_poisson,17.467245,10,7.666667,C,True,Forecast
20657,TROPICAL LUGGAGE TAG,2011-11,2011-12,M2_gbm_poisson,15.327706,9,5.333333,C,True,Forecast
20658,RED SPOTTY LUGGAGE TAG,2011-11,2011-12,M2_gbm_poisson,5.844373,0,2.666667,B,True,Forecast
20659,ECONOMY LUGGAGE TAG,2011-11,2011-12,M2_gbm_poisson,30.274957,21,13.666667,C,True,Forecast
20661,BLUE SPOTTY PURSE,2011-11,2011-12,M2_gbm_poisson,12.099235,5,4.333333,C,True,Forecast
20662,FIRST CLASS HOLIDAY PURSE,2011-11,2011-12,M2_gbm_poisson,3.250238,0,1.000000,C,True,Forecast
20663,QUEEN OF THE SKIES HOLIDAY PURSE,2011-11,2011-12,M2_gbm_poisson,2.964982,0,0.333333,C,True,Forecast
20664,TROPICAL HOLIDAY PURSE,2011-11,2011-12,M2_gbm_poisson,3.645793,0,0.000000,C,True,Forecast
20665,RED RETROSPOT PURSE,2011-11,2011-12,M2_gbm_poisson,20.770729,5,19.000000,A,True,Forecast
20666,ECONOMY HOLIDAY PURSE,2011-11,2011-12,M2_gbm_poisson,2.054573,0,0.000000,C,True,Forecast
20667,CHERRY BLOSSOM PURSE,2011-11,2011-12,M2_gbm_poisson,3.559565,0,0.000000,C,True,Forecast
20668,DISCO BALL CHRISTMAS DECORATION,2011-11,2011-12,M2_gbm_poisson,1613.290184,4329,2338.000000,B,True,Forecast
20669,RED HEART LUGGAGE TAG,2011-11,2011-12,M2_gbm_poisson,40.853688,28,26.666667,C,True,Forecast
20670,VIP HOLIDAY PURSE,2011-11,2011-12,M2_gbm_poisson,4.473680,2,1.333333,C,True,Forecast
20674,GREEN POLKADOT BOWL,2011-11,2011-12,M2_gbm_poisson,71.107072,107,129.000000,A,True,Forecast
20675,BLUE POLKADOT BOWL,2011-11,2011-12,M2_gbm_poisson,120.280693,173,209.666667,A,True,Forecast
20676,RED RETROSPOT BOWL,2011-11,2011-12,M2_gbm_poisson,231.611360,454,296.000000,A,True,Forecast
20677,PINK POLKADOT BOWL,2011-11,2011-12,M2_gbm_poisson,139.181026,209,210.000000,A,True,Forecast
20678,LARGE BLACK DIAMANTE HAIRSLIDE,2011-11,2011-12,M2_gbm_poisson,35.611094,0,1.333333,C,True,Forecast
20679,EDWARDIAN PARASOL RED,2011-11,2011-12,M2_gbm_poisson,104.248617,162,189.000000,A,True,Forecast
20682,RED RETROSPOT CHILDRENS UMBRELLA,2011-11,2011-12,M2_gbm_poisson,85.301082,124,147.000000,A,True,Forecast
20684,STRAWBERRY DREAM CHILDS UMBRELLA,2011-11,2011-12,M2_gbm_poisson,2.043711,0,0.000000,B,True,Forecast
20685,DOORMAT RED RETROSPOT,2011-11,2011-12,M2_gbm_poisson,224.521940,339,241.000000,A,True,Forecast
20686,DOLLY MIXTURE CHILDREN'S UMBRELLA,2011-11,2011-12,M2_gbm_poisson,47.197802,62,40.000000,B,True,Forecast
20694,FLORAL PINK MONSTER,2011-11,2011-12,M2_gbm_poisson,9.741369,1,4.333333,C,True,Forecast
20695,FLORAL BLUE MONSTER,2011-11,2011-12,M2_gbm_poisson,4.512597,1,1.000000,C,True,Forecast
20696,FLORAL SOFT CAR TOY,2011-11,2011-12,M2_gbm_poisson,11.347893,3,6.000000,C,True,Forecast
20697,LITTLE GREEN MONSTER SOFT TOY,2011-11,2011-12,M2_gbm_poisson,9.300159,4,3.000000,C,True,Forecast
20698,LITTLE PINK MONSTER SOFT TOY,2011-11,2011-12,M2_gbm_poisson,12.600962,6,3.666667,C,True,Forecast
20699,MOUSEY LONG LEGS SOFT TOY,2011-11,2011-12,M2_gbm_poisson,5.191489,3,1.000000,C,True,Forecast
20700,GREEN CAT FLORAL CUSHION COVER,2011-11,2011-12,M2_gbm_poisson,6.418552,0,6.333333,B,True,Forecast
20701,PINK CAT FLORAL CUSHION COVER,2011-11,2011-12,M2_gbm_poisson,2.067319,0,0.000000,C,True,Forecast
20702,PINK PADDED MOBILE,2011-11,2011-12,M2_gbm_poisson,4.934939,0,2.000000,B,True,Forecast
20704,MR ROBOT SOFT TOY,2011-11,2011-12,M2_gbm_poisson,11.018163,3,6.666667,B,True,Forecast
20705,MRS ROBOT SOFT TOY,2011-11,2011-12,M2_gbm_poisson,7.084906,1,3.000000,C,True,Forecast
20707,CRAZY DAISY HEART DECORATION,2011-11,2011-12,M2_gbm_poisson,30.461178,16,12.333333,B,True,Forecast
20711,JUMBO BAG TOYS,2011-11,2011-12,M2_gbm_poisson,186.328026,391,362.000000,A,True,Forecast
20712,JUMBO BAG WOODLAND ANIMALS,2011-11,2011-12,M2_gbm_poisson,444.404687,772,1055.666667,A,True,Forecast
20713,JUMBO BAG OWLS,2011-11,2011-12,M2_gbm_poisson,522.379526,689,1196.333333,A,True,Forecast
20716,PARTY FOOD SHOPPER BAG,2011-11,2011-12,M2_gbm_poisson,2.054573,0,0.000000,B,True,Forecast
20717,STRAWBERRY SHOPPER BAG,2011-11,2011-12,M2_gbm_poisson,118.504153,234,143.333333,A,True,Forecast
20718,RED RETROSPOT SHOPPER BAG,2011-11,2011-12,M2_gbm_poisson,253.973558,505,348.333333,A,True,Forecast
20719,WOODLAND CHARLOTTE BAG,2011-11,2011-12,M2_gbm_poisson,531.474073,1018,1020.333333,A,True,Forecast
20723,STRAWBERRY CHARLOTTE BAG,2011-11,2011-12,M2_gbm_poisson,408.389420,935,914.000000,A,True,Forecast
20724,RED RETROSPOT CHARLOTTE BAG,2011-11,2011-12,M2_gbm_poisson,969.145395,2209,1887.333333,A,True,Forecast
20725,LUNCH BAG RED RETROSPOT,2011-11,2011-12,M2_gbm_poisson,1007.618266,1992,1685.666667,A,True,Forecast
20726,LUNCH BAG WOODLAND,2011-11,2011-12,M2_gbm_poisson,377.067988,697,694.666667,A,True,Forecast
20727,LUNCH BAG  BLACK SKULL.,2011-11,2011-12,M2_gbm_poisson,858.276694,1207,1195.000000,A,True,Forecast
20728,LUNCH BAG CARS BLUE,2011-11,2011-12,M2_gbm_poisson,560.980134,935,938.000000,A,True,Forecast
20731,POSY CANDY BAG,2011-11,2011-12,M2_gbm_poisson,2.085133,0,0.000000,B,True,Forecast
20733,GOLD MINI TAPE MEASURE,2011-11,2011-12,M2_gbm_poisson,55.480077,63,50.666667,B,True,Forecast
20735,BLACK MINI TAPE MEASURE,2011-11,2011-12,M2_gbm_poisson,15.169608,6,5.666667,B,True,Forecast
20748,KENSINGTON COFFEE SET,2011-11,2011-12,M2_gbm_poisson,16.900884,14,7.666667,A,True,Forecast
20749,ASSORTED COLOUR MINI CASES,2011-11,2011-12,M2_gbm_poisson,128.078803,281,187.000000,A,True,Forecast
20750,RED RETROSPOT MINI CASES,2011-11,2011-12,M2_gbm_poisson,114.602938,212,158.666667,A,True,Forecast
20751,FUNKY WASHING UP GLOVES ASSORTED,2011-11,2011-12,M2_gbm_poisson,57.762033,50,56.666667,A,True,Forecast
20752,BLUE POLKADOT WASHING UP GLOVES,2011-11,2011-12,M2_gbm_poisson,40.853688,25,25.000000,B,True,Forecast
20754,RETROSPOT RED WASHING UP GLOVES,2011-11,2011-12,M2_gbm_poisson,56.755803,43,66.333333,A,True,Forecast
20755,BLUE PAISLEY POCKET BOOK,2011-11,2011-12,M2_gbm_poisson,54.094463,87,48.666667,B,True,Forecast
20756,GREEN FERN POCKET BOOK,2011-11,2011-12,M2_gbm_poisson,24.412839,13,10.000000,C,True,Forecast
20757,RED DAISY POCKET BOOK,2011-11,2011-12,M2_gbm_poisson,47.296093,60,24.333333,C,True,Forecast
20758,ABSTRACT CIRCLES POCKET BOOK,2011-11,2011-12,M2_gbm_poisson,39.799689,37,20.000000,C,True,Forecast
20759,CHRYSANTHEMUM POCKET BOOK,2011-11,2011-12,M2_gbm_poisson,31.678818,26,11.666667,C,True,Forecast
20760,GARDEN PATH POCKET BOOK,2011-11,2011-12,M2_gbm_poisson,28.307961,18,13.333333,B,True,Forecast
20761,BLUE PAISLEY SKETCHBOOK,2011-11,2011-12,M2_gbm_poisson,20.083996,14,14.000000,B,True,Forecast
20762,GREEN FERN SKETCHBOOK,2011-11,2011-12,M2_gbm_poisson,12.380713,8,7.333333,B,True,Forecast
20763,DAISY SKETCHBOOK,2011-11,2011-12,M2_gbm_poisson,31.895099,24,10.333333,C,True,Forecast
20764,ABSTRACT CIRCLES SKETCHBOOK,2011-11,2011-12,M2_gbm_poisson,33.199811,26,16.000000,B,True,Forecast
20765,CHRYSANTHEMUM SKETCHBOOK,2011-11,2011-12,M2_gbm_poisson,18.562019,12,9.000000,B,True,Forecast
20766,GARDEN PATH SKETCHBOOK,2011-11,2011-12,M2_gbm_poisson,20.757927,14,11.333333,B,True,Forecast
20767,BLUE PAISLEY JOURNAL,2011-11,2011-12,M2_gbm_poisson,40.201920,23,18.333333,B,True,Forecast
20768,GREEN FERN JOURNAL,2011-11,2011-12,M2_gbm_poisson,42.910557,42,19.666667,B,True,Forecast
20769,DAISY JOURNAL,2011-11,2011-12,M2_gbm_poisson,22.186513,14,10.666667,C,True,Forecast
20770,ABSTRACT CIRCLE JOURNAL,2011-11,2011-12,M2_gbm_poisson,7.231542,2,2.000000,B,True,Forecast
20771,CHRYSANTHEMUM  JOURNAL,2011-11,2011-12,M2_gbm_poisson,29.580105,22,13.000000,B,True,Forecast
20772,GARDEN PATH JOURNAL,2011-11,2011-12,M2_gbm_poisson,57.943338,105,46.333333,B,True,Forecast
20773,BLUE PAISLEY NOTEBOOK,2011-11,2011-12,M2_gbm_poisson,3.785912,0,0.666667,B,True,Forecast
20774,GREEN FERN NOTEBOOK,2011-11,2011-12,M2_gbm_poisson,10.527934,0,14.666667,C,True,Forecast
20775,DAISY NOTEBOOK,2011-11,2011-12,M2_gbm_poisson,44.976026,48,29.333333,C,True,Forecast
20777,CHRYSANTHEMUM NOTEBOOK,2011-11,2011-12,M2_gbm_poisson,53.731671,56,35.666667,B,True,Forecast
20780,BLACK EAR MUFF HEADPHONES,2011-11,2011-12,M2_gbm_poisson,13.659094,10,3.666667,B,True,Forecast
20781,GOLD EAR MUFF HEADPHONES,2011-11,2011-12,M2_gbm_poisson,14.870462,10,4.000000,C,True,Forecast
20782,CAMOUFLAGE EAR MUFF HEADPHONES,2011-11,2011-12,M2_gbm_poisson,12.548588,6,3.666667,C,True,Forecast
20793,BLUE TILED TRAY,2011-11,2011-12,M2_gbm_poisson,2.446845,0,0.333333,C,True,Forecast
20794,BLUE  TILE HOOK,2011-11,2011-12,M2_gbm_poisson,12.677553,5,4.333333,C,True,Forecast
20795,LARGE BLUE PROVENCAL CERAMIC BALL,2011-11,2011-12,M2_gbm_poisson,13.373933,5,5.666667,C,True,Forecast
20796,SMALL BLUE PROVENCAL CERAMIC BALL,2011-11,2011-12,M2_gbm_poisson,11.920919,4,5.000000,C,True,Forecast
20802,SMALL GLASS SUNDAE DISH CLEAR,2011-11,2011-12,M2_gbm_poisson,37.632768,30,25.333333,B,True,Forecast
20819,SILVER TEDDY BEAR,2011-11,2011-12,M2_gbm_poisson,31.303334,25,11.666667,C,True,Forecast
20821,GOLDIE LOOKING MIRROR,2011-11,2011-12,M2_gbm_poisson,4.397964,2,0.666667,C,True,Forecast
20823,GOLD WINE GOBLET,2011-11,2011-12,M2_gbm_poisson,2.074774,0,0.000000,C,True,Forecast
20828,GLITTER BUTTERFLY CLIPS,2011-11,2011-12,M2_gbm_poisson,78.082547,124,90.666667,A,True,Forecast
20829,GLITTER HANGING BUTTERFLY STRING,2011-11,2011-12,M2_gbm_poisson,88.421533,153,103.333333,A,True,Forecast
20830,SILVER PHOTO FRAME,2011-11,2011-12,M2_gbm_poisson,5.303210,0,2.000000,B,True,Forecast
20831,GOLD PHOTO FRAME,2011-11,2011-12,M2_gbm_poisson,19.456072,12,9.666667,C,True,Forecast
20832,RED FLOCK LOVE HEART PHOTO FRAME,2011-11,2011-12,M2_gbm_poisson,65.567970,103,122.000000,C,True,Forecast
20835,FRENCH LATTICE CUSHION COVER,2011-11,2011-12,M2_gbm_poisson,16.389314,12,8.000000,C,True,Forecast
20836,FRENCH PAISLEY CUSHION COVER,2011-11,2011-12,M2_gbm_poisson,41.123460,42,30.000000,C,True,Forecast
20837,FRENCH FLORAL CUSHION COVER,2011-11,2011-12,M2_gbm_poisson,42.369033,39,19.000000,C,True,Forecast
20838,FRENCH LATTICE CUSHION COVER,2011-11,2011-12,M2_gbm_poisson,47.185595,34,51.000000,C,True,Forecast
20839,FRENCH PAISLEY CUSHION COVER,2011-11,2011-12,M2_gbm_poisson,70.362595,92,95.666667,C,True,Forecast
20840,FRENCH FLORAL CUSHION COVER,2011-11,2011-12,M2_gbm_poisson,41.102400,30,34.000000,B,True,Forecast
20845,ZINC HEART LATTICE 2 WALL PLANTER,2011-11,2011-12,M2_gbm_poisson,2.430712,0,0.000000,C,True,Forecast
20846,ZINC HEART LATTICE T-LIGHT HOLDER,2011-11,2011-12,M2_gbm_poisson,60.382455,90,51.666667,B,True,Forecast
20847,ZINC HEART LATTICE CHARGER LARGE,2011-11,2011-12,M2_gbm_poisson,8.574417,1,2.333333,C,True,Forecast
20848,ZINC HEART LATTICE CHARGER SMALL,2011-11,2011-12,M2_gbm_poisson,5.020509,3,1.666667,C,True,Forecast
20856,DENIM PATCH PURSE PINK BUTTERFLY,2011-11,2011-12,M2_gbm_poisson,3.645793,0,0.000000,C,True,Forecast
20866,BLUE ROSE FABRIC MIRROR,2011-11,2011-12,M2_gbm_poisson,56.296878,45,77.000000,B,True,Forecast
20867,PINK ROSE FABRIC MIRROR,2011-11,2011-12,M2_gbm_poisson,32.102983,24,11.000000,B,True,Forecast
20868,SILVER FABRIC MIRROR,2011-11,2011-12,M2_gbm_poisson,91.297683,279,109.000000,C,True,Forecast
20869,GOLD FABRIC MIRROR,2011-11,2011-12,M2_gbm_poisson,51.834556,80,42.000000,C,True,Forecast
20886,BOX OF 9 PEBBLE CANDLES,2011-11,2011-12,M2_gbm_poisson,19.243784,5,13.333333,A,True,Forecast
20893,HANGING BAUBLE T-LIGHT HOLDER SMALL,2011-11,2011-12,M2_gbm_poisson,19.531328,8,11.666667,B,True,Forecast
20894,HANGING BAUBLE T-LIGHT HOLDER LARGE,2011-11,2011-12,M2_gbm_poisson,16.447454,13,8.000000,C,True,Forecast
20897,VINTAGE NOTEBOOK PARIS DAYS,2011-11,2011-12,M2_gbm_poisson,3.251991,0,0.000000,C,True,Forecast
20898,VINTAGE NOTEBOOK TRAVELOGUE,2011-11,2011-12,M2_gbm_poisson,4.657633,0,1.666667,C,True,Forecast
20901,VINTAGE KEEPSAKE BOX PINK FLOWER,2011-11,2011-12,M2_gbm_poisson,4.695900,1,0.333333,C,True,Forecast
20902,VINTAGE KEEPSAKE BOX PARIS DAYS,2011-11,2011-12,M2_gbm_poisson,2.745041,0,0.000000,B,True,Forecast
20903,VINTAGE KEEPSAKE BOX TRAVELOGUE,2011-11,2011-12,M2_gbm_poisson,3.668354,0,0.666667,C,True,Forecast
20914,SET/5 RED RETROSPOT LID GLASS BOWLS,2011-11,2011-12,M2_gbm_poisson,425.936176,762,557.000000,A,True,Forecast
20931,BLUE POT PLANT CANDLE,2011-11,2011-12,M2_gbm_poisson,64.577868,110,43.333333,B,True,Forecast
20932,PINK POT PLANT CANDLE,2011-11,2011-12,M2_gbm_poisson,47.607435,77,38.666667,C,True,Forecast
20933,YELLOW POT PLANT CANDLE,2011-11,2011-12,M2_gbm_poisson,4.978901,1,1.666667,B,True,Forecast
20934,SET/3 POT PLANT CANDLES,2011-11,2011-12,M2_gbm_poisson,10.499295,2,7.666667,B,True,Forecast
20935,ROUND CACTUS CANDLE,2011-11,2011-12,M2_gbm_poisson,7.644682,5,2.000000,C,True,Forecast
20936,FORKED CACTUS CANDLE,2011-11,2011-12,M2_gbm_poisson,45.707878,22,18.000000,C,True,Forecast
20941,FROG CANDLE,2011-11,2011-12,M2_gbm_poisson,2.074774,0,0.000000,C,True,Forecast
20956,PORCELAIN T-LIGHT HOLDERS ASSORTED,2011-11,2011-12,M2_gbm_poisson,102.069796,237,181.333333,B,True,Forecast
20961,STRAWBERRY BATH SPONGE,2011-11,2011-12,M2_gbm_poisson,108.913070,252,137.333333,A,True,Forecast
20963,APPLE BATH SPONGE,2011-11,2011-12,M2_gbm_poisson,135.158757,275,151.000000,A,True,Forecast
20966,SANDWICH BATH SPONGE,2011-11,2011-12,M2_gbm_poisson,3.261337,0,0.000000,A,True,Forecast
20967,GREY FLORAL FELTCRAFT SHOULDER BAG,2011-11,2011-12,M2_gbm_poisson,2.983868,0,0.333333,A,True,Forecast
20969,RED FLORAL FELTCRAFT SHOULDER BAG,2011-11,2011-12,M2_gbm_poisson,171.881383,212,350.666667,A,True,Forecast
20970,PINK FLORAL FELTCRAFT SHOULDER BAG,2011-11,2011-12,M2_gbm_poisson,120.976984,236,198.333333,A,True,Forecast
20971,PINK BLUE FELT CRAFT TRINKET BOX,2011-11,2011-12,M2_gbm_poisson,923.640472,1389,2289.666667,A,True,Forecast
20972,PINK CREAM FELT CRAFT TRINKET BOX,2011-11,2011-12,M2_gbm_poisson,445.112938,1004,846.333333,A,True,Forecast
20973,12 PENCIL SMALL TUBE WOODLAND,2011-11,2011-12,M2_gbm_poisson,934.095751,1649,761.333333,A,True,Forecast
20974,12 PENCILS SMALL TUBE SKULL,2011-11,2011-12,M2_gbm_poisson,251.690167,610,620.000000,A,True,Forecast
20975,12 PENCILS SMALL TUBE RED RETROSPOT,2011-11,2011-12,M2_gbm_poisson,620.828514,895,891.000000,A,True,Forecast
20977,36 PENCILS TUBE WOODLAND,2011-11,2011-12,M2_gbm_poisson,79.589810,62,122.333333,A,True,Forecast
20978,36 PENCILS TUBE SKULLS,2011-11,2011-12,M2_gbm_poisson,159.606852,309,266.000000,A,True,Forecast
20979,36 PENCILS TUBE RED RETROSPOT,2011-11,2011-12,M2_gbm_poisson,290.749749,485,468.333333,A,True,Forecast
20980,36 PENCILS TUBE POSY,2011-11,2011-12,M2_gbm_poisson,3.637277,0,0.000000,C,True,Forecast
20981,12 PENCILS TALL TUBE WOODLAND,2011-11,2011-12,M2_gbm_poisson,170.565329,393,269.333333,B,True,Forecast
20982,12 PENCILS TALL TUBE SKULLS,2011-11,2011-12,M2_gbm_poisson,286.309085,671,395.000000,B,True,Forecast
20983,12 PENCILS TALL TUBE RED RETROSPOT,2011-11,2011-12,M2_gbm_poisson,246.358139,586,398.666667,A,True,Forecast
20984,12 PENCILS TALL TUBE POSY,2011-11,2011-12,M2_gbm_poisson,245.736853,0,413.333333,C,True,Forecast
20985,HEART CALCULATOR,2011-11,2011-12,M2_gbm_poisson,69.782726,76,86.333333,B,True,Forecast
20986,BLUE CALCULATOR RULER,2011-11,2011-12,M2_gbm_poisson,94.597731,169,135.333333,C,True,Forecast
20992,JAZZ HEARTS PURSE NOTEBOOK,2011-11,2011-12,M2_gbm_poisson,497.839638,1160,718.666667,B,True,Forecast
20996,JAZZ HEARTS ADDRESS BOOK,2011-11,2011-12,M2_gbm_poisson,246.980958,449,459.333333,B,True,Forecast
20997,ROSE DU SUD CUSHION COVER,2011-11,2011-12,M2_gbm_poisson,13.297536,7,4.666667,C,True,Forecast
20998,ROSE DU SUD OVEN GLOVE,2011-11,2011-12,M2_gbm_poisson,12.898125,0,3.333333,C,True,Forecast
21000,ROSE DU SUD COSMETICS BAG,2011-11,2011-12,M2_gbm_poisson,21.567658,15,8.000000,B,True,Forecast
21001,ROSE DU SUD WASHBAG,2011-11,2011-12,M2_gbm_poisson,21.216425,15,7.666667,C,True,Forecast
21002,ROSE DU SUD DRAWSTRING BAG,2011-11,2011-12,M2_gbm_poisson,3.710319,0,1.333333,B,True,Forecast
21003,ROSE DU SUD CUSHION COVER,2011-11,2011-12,M2_gbm_poisson,19.487230,12,9.333333,C,True,Forecast
21012,ANTIQUE ALL GLASS CANDLESTICK,2011-11,2011-12,M2_gbm_poisson,86.168897,158,104.333333,B,True,Forecast
21014,SWISS CHALET TREE DECORATION,2011-11,2011-12,M2_gbm_poisson,135.957076,307,398.000000,C,True,Forecast
21015,DARK BIRD HOUSE TREE DECORATION,2011-11,2011-12,M2_gbm_poisson,257.774517,624,423.000000,C,True,Forecast
21025,SPACE FROG,2011-11,2011-12,M2_gbm_poisson,23.153466,18,7.333333,C,True,Forecast
21026,SPACE OWL,2011-11,2011-12,M2_gbm_poisson,51.462386,56,25.333333,C,True,Forecast
21027,NINJA RABBIT PINK,2011-11,2011-12,M2_gbm_poisson,14.355964,8,7.333333,C,True,Forecast
21028,NINJA RABBIT BLACK,2011-11,2011-12,M2_gbm_poisson,28.717223,18,11.666667,C,True,Forecast
21030,SPACE CADET RED,2011-11,2011-12,M2_gbm_poisson,22.448780,17,7.333333,C,True,Forecast
21031,SPACE CADET BLACK,2011-11,2011-12,M2_gbm_poisson,14.814737,10,4.666667,C,True,Forecast
21032,SPACE CADET WHITE,2011-11,2011-12,M2_gbm_poisson,21.484199,18,7.333333,C,True,Forecast
21033,JUMBO BAG CHARLIE AND LOLA TOYS,2011-11,2011-12,M2_gbm_poisson,5.295766,0,0.333333,A,True,Forecast
21034,REX CASH+CARRY JUMBO SHOPPER,2011-11,2011-12,M2_gbm_poisson,193.850549,349,244.000000,B,True,Forecast
21035,SET/2 RED RETROSPOT TEA TOWELS,2011-11,2011-12,M2_gbm_poisson,158.968339,325,197.333333,A,True,Forecast
21039,RED SPOTTY SHOPPING BAG,2011-11,2011-12,M2_gbm_poisson,49.080564,39,38.333333,B,True,Forecast
21041,RED RETROSPOT OVEN GLOVE DOUBLE,2011-11,2011-12,M2_gbm_poisson,28.279726,14,25.333333,A,True,Forecast
21042,RED SPOTTY APRON,2011-11,2011-12,M2_gbm_poisson,27.808306,21,13.000000,A,True,Forecast
21043,APRON MODERN VINTAGE COTTON,2011-11,2011-12,M2_gbm_poisson,2.843410,0,0.000000,B,True,Forecast
21051,RIBBONS PURSE,2011-11,2011-12,M2_gbm_poisson,22.453715,21,7.000000,B,True,Forecast
21054,NURSE'S BAG SOFT TOY,2011-11,2011-12,M2_gbm_poisson,4.298949,3,1.000000,A,True,Forecast
21055,TOOL BOX SOFT TOY,2011-11,2011-12,M2_gbm_poisson,43.520185,42,20.333333,B,True,Forecast
21056,DOCTOR'S BAG SOFT TOY,2011-11,2011-12,M2_gbm_poisson,29.849063,28,10.000000,A,True,Forecast
21058,PARTY INVITES WOODLAND,2011-11,2011-12,M2_gbm_poisson,57.271011,35,78.333333,B,True,Forecast
21059,PARTY INVITES DINOSAURS,2011-11,2011-12,M2_gbm_poisson,54.062556,43,51.666667,B,True,Forecast
21060,PARTY INVITES BALLOON GIRL,2011-11,2011-12,M2_gbm_poisson,42.307913,34,32.000000,C,True,Forecast
21061,PARTY INVITES FOOTBALL,2011-11,2011-12,M2_gbm_poisson,42.846102,47,41.333333,C,True,Forecast
21062,PARTY INVITES SPACEMAN,2011-11,2011-12,M2_gbm_poisson,44.011186,43,41.666667,C,True,Forecast
21063,PARTY INVITES JAZZ HEARTS,2011-11,2011-12,M2_gbm_poisson,47.967628,33,29.666667,B,True,Forecast
21064,BOOM BOX SPEAKER BOYS,2011-11,2011-12,M2_gbm_poisson,57.317500,67,47.666667,A,True,Forecast
21065,BOOM BOX SPEAKER GIRLS,2011-11,2011-12,M2_gbm_poisson,45.046305,43,20.333333,B,True,Forecast
21066,VINTAGE RED MUG,2011-11,2011-12,M2_gbm_poisson,139.648561,487,182.000000,B,True,Forecast
21067,VINTAGE RED TEATIME MUG,2011-11,2011-12,M2_gbm_poisson,7.277880,0,2.333333,A,True,Forecast
21068,VINTAGE BILLBOARD LOVE/HATE MUG,2011-11,2011-12,M2_gbm_poisson,248.184051,650,264.000000,A,True,Forecast
21069,VINTAGE BILLBOARD TEA MUG,2011-11,2011-12,M2_gbm_poisson,15.890688,0,0.000000,A,True,Forecast
21070,VINTAGE BILLBOARD MUG,2011-11,2011-12,M2_gbm_poisson,187.882844,553,282.666667,B,True,Forecast
21071,VINTAGE BILLBOARD DRINK ME MUG,2011-11,2011-12,M2_gbm_poisson,19.620308,0,83.666667,A,True,Forecast
21078,SET/20 STRAWBERRY PAPER NAPKINS,2011-11,2011-12,M2_gbm_poisson,19.836465,0,51.000000,A,True,Forecast
21080,SET/20 RED RETROSPOT PAPER NAPKINS,2011-11,2011-12,M2_gbm_poisson,441.400081,882,897.333333,A,True,Forecast
21082,SET/20 FRUIT SALAD PAPER NAPKINS,2011-11,2011-12,M2_gbm_poisson,2.059384,0,0.000000,B,True,Forecast
21084,SET/6 COLLAGE PAPER CUPS,2011-11,2011-12,M2_gbm_poisson,94.764001,92,148.000000,C,True,Forecast
21086,SET/6 RED SPOTTY PAPER CUPS,2011-11,2011-12,M2_gbm_poisson,250.291523,541,546.333333,A,True,Forecast
21088,SET/6 FRUIT SALAD PAPER CUPS,2011-11,2011-12,M2_gbm_poisson,42.617157,58,65.666667,B,True,Forecast
21089,SET/6 GREEN SPRING PAPER CUPS,2011-11,2011-12,M2_gbm_poisson,3.566845,0,0.000000,C,True,Forecast
21090,SET/6 COLLAGE PAPER PLATES,2011-11,2011-12,M2_gbm_poisson,85.429226,86,115.666667,B,True,Forecast
21094,SET/6 RED SPOTTY PAPER PLATES,2011-11,2011-12,M2_gbm_poisson,297.442699,346,574.333333,A,True,Forecast
21095,SET/6 POSIES PAPER PLATES,2011-11,2011-12,M2_gbm_poisson,2.074774,0,0.000000,C,True,Forecast
21096,SET/6 FRUIT SALAD  PAPER PLATES,2011-11,2011-12,M2_gbm_poisson,34.575531,26,25.666667,B,True,Forecast
21098,CHRISTMAS TOILET ROLL,2011-11,2011-12,M2_gbm_poisson,293.986613,333,867.666667,A,True,Forecast
21106,CREAM SLICE FLANNEL CHOCOLATE SPOT,2011-11,2011-12,M2_gbm_poisson,50.952606,89,42.000000,B,True,Forecast
21107,CREAM SLICE FLANNEL PINK SPOT,2011-11,2011-12,M2_gbm_poisson,77.151455,163,89.000000,A,True,Forecast
21108,FAIRY CAKE FLANNEL ASSORTED COLOUR,2011-11,2011-12,M2_gbm_poisson,875.207238,2354,1048.000000,A,True,Forecast
21109,"LARGE CAKE TOWEL, CHOCOLATE SPOTS",2011-11,2011-12,M2_gbm_poisson,45.584952,63,28.333333,A,True,Forecast
21110,LARGE CAKE TOWEL PINK SPOTS,2011-11,2011-12,M2_gbm_poisson,52.031577,55,49.333333,A,True,Forecast
21111,"SWISS ROLL TOWEL, CHOCOLATE  SPOTS",2011-11,2011-12,M2_gbm_poisson,55.395479,66,41.333333,B,True,Forecast
21112,"SWISS ROLL TOWEL, PINK  SPOTS",2011-11,2011-12,M2_gbm_poisson,64.405905,66,133.333333,A,True,Forecast
21114,LAVENDER SCENTED FABRIC HEART,2011-11,2011-12,M2_gbm_poisson,69.312838,98,99.666667,A,True,Forecast
21115,ROSE CARAVAN DOORSTOP,2011-11,2011-12,M2_gbm_poisson,56.927105,42,71.333333,A,True,Forecast
21116,OWL DOORSTOP,2011-11,2011-12,M2_gbm_poisson,98.292560,196,108.666667,A,True,Forecast
21117,BLOND DOLL DOORSTOP,2011-11,2011-12,M2_gbm_poisson,40.391947,41,20.000000,C,True,Forecast
21121,SET/10 RED POLKADOT PARTY CANDLES,2011-11,2011-12,M2_gbm_poisson,295.018639,415,565.666667,A,True,Forecast
21122,SET/10 PINK POLKADOT PARTY CANDLES,2011-11,2011-12,M2_gbm_poisson,252.303188,303,337.333333,A,True,Forecast
21123,SET/10 IVORY POLKADOT PARTY CANDLES,2011-11,2011-12,M2_gbm_poisson,71.372619,102,107.000000,B,True,Forecast
21124,SET/10 BLUE SPOTTY PARTY CANDLES,2011-11,2011-12,M2_gbm_poisson,158.985713,239,252.666667,A,True,Forecast
21125,SET 6 FOOTBALL CELEBRATION CANDLES,2011-11,2011-12,M2_gbm_poisson,58.253948,54,87.333333,B,True,Forecast
21126,SET OF 6 GIRLS CELEBRATION CANDLES,2011-11,2011-12,M2_gbm_poisson,52.961003,54,47.333333,B,True,Forecast
21128,GOLD FISHING GNOME,2011-11,2011-12,M2_gbm_poisson,9.564313,4,3.333333,C,True,Forecast
21129,SILVER FISHING GNOME,2011-11,2011-12,M2_gbm_poisson,16.459334,13,6.333333,C,True,Forecast
21131,GOLD STANDING GNOME,2011-11,2011-12,M2_gbm_poisson,10.654887,2,4.666667,B,True,Forecast
21132,SILVER STANDING GNOME,2011-11,2011-12,M2_gbm_poisson,12.241319,5,4.333333,C,True,Forecast
21135,VICTORIAN  METAL POSTCARD SPRING,2011-11,2011-12,M2_gbm_poisson,334.659670,1322,508.333333,A,True,Forecast
21136,PAINTED METAL PEARS ASSORTED,2011-11,2011-12,M2_gbm_poisson,273.829246,561,551.000000,A,True,Forecast
21137,BLACK RECORD COVER FRAME,2011-11,2011-12,M2_gbm_poisson,865.658139,2228,1193.000000,A,True,Forecast
21143,ANTIQUE GLASS HEART DECORATION,2011-11,2011-12,M2_gbm_poisson,3.645793,0,0.000000,A,True,Forecast
21145,ANTIQUE GLASS PLACE SETTING,2011-11,2011-12,M2_gbm_poisson,15.293196,10,3.333333,B,True,Forecast
21147,JINGLE BELLS TREE DECORATION,2011-11,2011-12,M2_gbm_poisson,58.432804,70,52.333333,C,True,Forecast
21154,RED RETROSPOT OVEN GLOVE,2011-11,2011-12,M2_gbm_poisson,228.647480,429,354.333333,A,True,Forecast
21155,RED RETROSPOT PEG BAG,2011-11,2011-12,M2_gbm_poisson,158.065222,244,224.666667,A,True,Forecast
21156,RETROSPOT CHILDRENS APRON,2011-11,2011-12,M2_gbm_poisson,248.554180,569,401.333333,A,True,Forecast
21157,RED SPOTTY WASHBAG,2011-11,2011-12,M2_gbm_poisson,4.156667,0,1.000000,B,True,Forecast
21158,MOODY GIRL DOOR HANGER,2011-11,2011-12,M2_gbm_poisson,135.372686,221,263.666667,B,True,Forecast
21159,MOODY BOY  DOOR HANGER,2011-11,2011-12,M2_gbm_poisson,104.916531,161,192.333333,B,True,Forecast
21161,KEEP OUT BOYS DOOR HANGER,2011-11,2011-12,M2_gbm_poisson,2.614754,0,0.000000,B,True,Forecast
21162,TOXIC AREA  DOOR HANGER,2011-11,2011-12,M2_gbm_poisson,147.129277,229,254.333333,B,True,Forecast
21163,DO NOT TOUCH MY STUFF DOOR HANGER,2011-11,2011-12,M2_gbm_poisson,34.159306,0,158.333333,B,True,Forecast
21164,HOME SWEET HOME METAL SIGN,2011-11,2011-12,M2_gbm_poisson,73.792214,88,76.333333,A,True,Forecast
21165,BEWARE OF THE CAT METAL SIGN,2011-11,2011-12,M2_gbm_poisson,253.753611,415,422.666667,A,True,Forecast
21166,COOK WITH WINE METAL SIGN,2011-11,2011-12,M2_gbm_poisson,718.556727,1340,1440.333333,A,True,Forecast
21167,WHITE SAGE INCENSE,2011-11,2011-12,M2_gbm_poisson,80.678900,211,175.000000,C,True,Forecast
21169,YOU'RE CONFUSING ME METAL SIGN,2011-11,2011-12,M2_gbm_poisson,256.720945,529,530.666667,A,True,Forecast
21171,BATHROOM METAL SIGN,2011-11,2011-12,M2_gbm_poisson,3.645793,0,0.000000,B,True,Forecast
21172,PARTY METAL SIGN,2011-11,2011-12,M2_gbm_poisson,236.454219,439,307.666667,A,True,Forecast
21174,POTTERING IN THE SHED METAL SIGN,2011-11,2011-12,M2_gbm_poisson,291.499926,570,570.666667,A,True,Forecast
21175,GIN + TONIC DIET METAL SIGN,2011-11,2011-12,M2_gbm_poisson,787.168852,1533,1165.333333,A,True,Forecast
21179,NO JUNK MAIL METAL SIGN,2011-11,2011-12,M2_gbm_poisson,18.670602,0,83.333333,B,True,Forecast
21181,PLEASE ONE PERSON METAL SIGN,2011-11,2011-12,M2_gbm_poisson,545.294418,989,1841.666667,A,True,Forecast
21187,WHITE BELL HONEYCOMB PAPER GARLAND,2011-11,2011-12,M2_gbm_poisson,3.674923,0,0.000000,B,True,Forecast
21188,3D HEARTS  HONEYCOMB PAPER GARLAND,2011-11,2011-12,M2_gbm_poisson,3.858518,0,0.000000,B,True,Forecast
21189,WHITE HONEYCOMB PAPER GARLAND,2011-11,2011-12,M2_gbm_poisson,56.702603,105,38.666667,B,True,Forecast
21190,PINK HEARTS PAPER GARLAND,2011-11,2011-12,M2_gbm_poisson,10.119178,4,1.333333,B,True,Forecast
21191,LARGE WHITE HONEYCOMB PAPER BELL,2011-11,2011-12,M2_gbm_poisson,69.083512,124,57.333333,B,True,Forecast
21192,WHITE BELL HONEYCOMB PAPER,2011-11,2011-12,M2_gbm_poisson,62.182903,57,139.333333,B,True,Forecast
21194,PINK  HONEYCOMB PAPER FAN,2011-11,2011-12,M2_gbm_poisson,54.446320,53,48.000000,C,True,Forecast
21196,ROUND WHITE CONFETTI IN TUBE,2011-11,2011-12,M2_gbm_poisson,7.758747,0,4.333333,C,True,Forecast
21197,MULTICOLOUR  CONFETTI IN TUBE,2011-11,2011-12,M2_gbm_poisson,44.689702,62,21.000000,C,True,Forecast
21198,WHITE HEART CONFETTI IN TUBE,2011-11,2011-12,M2_gbm_poisson,41.811964,62,37.666667,B,True,Forecast
21199,PINK  HEART CONFETTI IN TUBE,2011-11,2011-12,M2_gbm_poisson,41.485200,49,16.666667,B,True,Forecast
21200,MULTICOLOUR HONEYCOMB PAPER GARLAND,2011-11,2011-12,M2_gbm_poisson,89.696691,290,207.333333,B,True,Forecast
21201,TROPICAL  HONEYCOMB PAPER GARLAND,2011-11,2011-12,M2_gbm_poisson,90.657193,294,204.000000,A,True,Forecast
21202,DOLLY HONEYCOMB GARLAND,2011-11,2011-12,M2_gbm_poisson,20.545877,13,9.333333,B,True,Forecast
21204,DAISIES  HONEYCOMB GARLAND,2011-11,2011-12,M2_gbm_poisson,26.376068,14,32.333333,B,True,Forecast
21205,MULTICOLOUR 3D BALLS GARLAND,2011-11,2011-12,M2_gbm_poisson,26.693191,16,14.333333,B,True,Forecast
21206,STRAWBERRY HONEYCOMB  GARLAND,2011-11,2011-12,M2_gbm_poisson,36.931336,17,42.000000,B,True,Forecast
21207,SKULL AND CROSSBONES  GARLAND,2011-11,2011-12,M2_gbm_poisson,72.041866,64,142.333333,A,True,Forecast
21208,PASTEL COLOUR HONEYCOMB FAN,2011-11,2011-12,M2_gbm_poisson,63.595771,125,90.666667,C,True,Forecast
21209,MULTICOLOUR HONEYCOMB FAN,2011-11,2011-12,M2_gbm_poisson,64.025968,108,108.666667,B,True,Forecast
21210,SET OF 72 RETROSPOT PAPER  DOILIES,2011-11,2011-12,M2_gbm_poisson,328.592700,865,627.666667,A,True,Forecast
21211,SET OF 72 SKULL PAPER  DOILIES,2011-11,2011-12,M2_gbm_poisson,60.052541,44,102.666667,B,True,Forecast
21212,PACK OF 72 RETROSPOT CAKE CASES,2011-11,2011-12,M2_gbm_poisson,1717.744451,2621,2707.000000,A,True,Forecast
21213,PACK OF 72 SKULL CAKE CASES,2011-11,2011-12,M2_gbm_poisson,530.591439,686,1538.333333,A,True,Forecast
21215,IVORY PAPER CUP CAKE CASES,2011-11,2011-12,M2_gbm_poisson,59.703289,32,82.333333,B,True,Forecast
21216,"SET 3 RETROSPOT TEA,COFFEE,SUGAR",2011-11,2011-12,M2_gbm_poisson,104.600921,168,147.333333,A,True,Forecast
21217,RED RETROSPOT ROUND CAKE TINS,2011-11,2011-12,M2_gbm_poisson,72.151910,119,72.666667,A,True,Forecast
21218,RED SPOTTY BISCUIT TIN,2011-11,2011-12,M2_gbm_poisson,128.633487,274,158.000000,A,True,Forecast
21219,SET/4 BADGES BALLOON GIRL,2011-11,2011-12,M2_gbm_poisson,49.314280,60,42.000000,B,True,Forecast
21220,SET/4 BADGES DOGS,2011-11,2011-12,M2_gbm_poisson,45.144933,48,29.000000,C,True,Forecast
21221,SET/4 BADGES CUTE CREATURES,2011-11,2011-12,M2_gbm_poisson,19.066068,11,11.000000,C,True,Forecast
21222,SET/4 BADGES BEETLES,2011-11,2011-12,M2_gbm_poisson,39.862465,28,22.666667,C,True,Forecast
21224,SET/4 SKULL BADGES,2011-11,2011-12,M2_gbm_poisson,71.081969,101,97.333333,B,True,Forecast
21226,POCKET MIRROR WOODLAND,2011-11,2011-12,M2_gbm_poisson,13.928644,6,2.333333,C,True,Forecast
21231,SWEETHEART CERAMIC TRINKET BOX,2011-11,2011-12,M2_gbm_poisson,309.116370,741,603.333333,A,True,Forecast
21232,STRAWBERRY CERAMIC TRINKET BOX,2011-11,2011-12,M2_gbm_poisson,757.673439,1503,1178.000000,A,True,Forecast
21238,RED RETROSPOT CUP,2011-11,2011-12,M2_gbm_poisson,190.067934,296,193.666667,A,True,Forecast
21239,PINK  POLKADOT CUP,2011-11,2011-12,M2_gbm_poisson,119.834361,122,138.333333,A,True,Forecast
21240,BLUE POLKADOT CUP,2011-11,2011-12,M2_gbm_poisson,100.844839,192,135.666667,A,True,Forecast
21242,RED RETROSPOT PLATE,2011-11,2011-12,M2_gbm_poisson,119.901716,193,219.000000,A,True,Forecast
21243,PINK  POLKADOT PLATE,2011-11,2011-12,M2_gbm_poisson,93.757440,185,153.333333,A,True,Forecast
21244,BLUE POLKADOT PLATE,2011-11,2011-12,M2_gbm_poisson,19.580256,4,15.333333,A,True,Forecast
21245,GREEN POLKADOT PLATE,2011-11,2011-12,M2_gbm_poisson,51.571994,43,44.666667,A,True,Forecast
21246,RED RETROSPOT BIG BOWL,2011-11,2011-12,M2_gbm_poisson,2.757878,0,0.333333,B,True,Forecast
21248,DOOR HANGER  MUM + DADS ROOM,2011-11,2011-12,M2_gbm_poisson,40.993431,37,18.333333,B,True,Forecast
21249,WOODLAND  HEIGHT CHART STICKERS,2011-11,2011-12,M2_gbm_poisson,57.904603,71,50.000000,A,True,Forecast
21250,SET OF SKULL WALL STICKERS,2011-11,2011-12,M2_gbm_poisson,18.935940,16,7.666667,C,True,Forecast
21251,DINOSAUR HEIGHT CHART STICKER SET,2011-11,2011-12,M2_gbm_poisson,29.820407,20,14.333333,B,True,Forecast
21253,SET OF PICTURE FRAME  STICKERS,2011-11,2011-12,M2_gbm_poisson,30.264182,15,18.000000,C,True,Forecast
21257,VICTORIAN SEWING BOX MEDIUM,2011-11,2011-12,M2_gbm_poisson,69.689536,120,72.333333,A,True,Forecast
21258,VICTORIAN SEWING BOX LARGE,2011-11,2011-12,M2_gbm_poisson,62.457090,86,56.333333,A,True,Forecast
21259,VICTORIAN SEWING BOX SMALL,2011-11,2011-12,M2_gbm_poisson,76.874770,109,96.000000,A,True,Forecast
21260,FIRST AID TIN,2011-11,2011-12,M2_gbm_poisson,62.069513,56,98.666667,A,True,Forecast
21261,GREEN GOOSE FEATHER CHRISTMAS TREE,2011-11,2011-12,M2_gbm_poisson,32.961961,17,45.000000,C,True,Forecast
21262,WHITE GOOSE FEATHER CHRISTMAS TREE,2011-11,2011-12,M2_gbm_poisson,59.342834,83,58.000000,B,True,Forecast
21263,GREEN GOOSE FEATHER TREE 60CM,2011-11,2011-12,M2_gbm_poisson,50.725725,47,40.333333,C,True,Forecast
21264,WHITE GOOSE FEATHER TREE 60CM,2011-11,2011-12,M2_gbm_poisson,62.522467,119,70.333333,C,True,Forecast
21265,PINK GOOSE FEATHER TREE 60CM,2011-11,2011-12,M2_gbm_poisson,33.857448,16,26.666667,C,True,Forecast
21269,ANTIQUE CREAM CUTLERY SHELF,2011-11,2011-12,M2_gbm_poisson,4.923740,1,1.666667,B,True,Forecast
21270,ANTIQUE CREAM CUTLERY CUPBOARD,2011-11,2011-12,M2_gbm_poisson,3.889151,1,0.666667,C,True,Forecast
21272,SALLE DE BAIN HOOK,2011-11,2011-12,M2_gbm_poisson,3.645793,0,0.000000,B,True,Forecast
21275,ZINC TOP  2 DOOR WOODEN SHELF,2011-11,2011-12,M2_gbm_poisson,4.308639,1,0.333333,B,True,Forecast
21277,FRENCH STYLE EMBOSSED HEART CABINET,2011-11,2011-12,M2_gbm_poisson,8.570063,4,3.666667,B,True,Forecast
21278,VINTAGE KITCHEN PRINT PUDDINGS,2011-11,2011-12,M2_gbm_poisson,2.080312,0,0.000000,B,True,Forecast
21279,VINTAGE KITCHEN PRINT FRUITS,2011-11,2011-12,M2_gbm_poisson,8.098365,0,4.666667,B,True,Forecast
21280,VINTAGE KITCHEN PRINT VEGETABLES,2011-11,2011-12,M2_gbm_poisson,9.458295,6,2.000000,B,True,Forecast
21281,VINTAGE KITCHEN PRINT SEAFOOD,2011-11,2011-12,M2_gbm_poisson,5.663945,3,1.000000,B,True,Forecast
21284,RETROSPOT CANDLE  SMALL,2011-11,2011-12,M2_gbm_poisson,18.796736,5,14.333333,B,True,Forecast
21285,RETROSPOT CANDLE  MEDIUM,2011-11,2011-12,M2_gbm_poisson,39.532454,34,20.333333,B,True,Forecast
21286,RETROSPOT CANDLE  LARGE,2011-11,2011-12,M2_gbm_poisson,24.643202,6,18.666667,B,True,Forecast
21287,SCENTED VELVET LOUNGE CANDLE,2011-11,2011-12,M2_gbm_poisson,159.461756,564,314.000000,B,True,Forecast
21288,STRIPEY CHOCOLATE NESTING BOXES,2011-11,2011-12,M2_gbm_poisson,40.290596,22,54.000000,B,True,Forecast
21289,LARGE STRIPES CHOCOLATE GIFT BAG,2011-11,2011-12,M2_gbm_poisson,36.062662,22,53.333333,B,True,Forecast
21291,SMALL SPOTTY CHOCOLATE GIFT BAG,2011-11,2011-12,M2_gbm_poisson,56.111058,99,71.000000,B,True,Forecast
21292,SMALL STRIPES CHOCOLATE GIFT BAG,2011-11,2011-12,M2_gbm_poisson,43.894155,64,53.666667,B,True,Forecast
21293,MIRRORED DOVE WALL DECORATION,2011-11,2011-12,M2_gbm_poisson,39.165841,37,21.333333,C,True,Forecast
21294,ETCHED GLASS COASTER,2011-11,2011-12,M2_gbm_poisson,21.424675,0,25.333333,B,True,Forecast
21306,SET/4 DAISY MIRROR MAGNETS,2011-11,2011-12,M2_gbm_poisson,65.793889,108,96.000000,C,True,Forecast
21307,SET/4 BUTTERFLY MIRROR MAGNETS,2011-11,2011-12,M2_gbm_poisson,2.048169,0,0.000000,C,True,Forecast
21311,SET/4 BIRD MIRROR MAGNETS,2011-11,2011-12,M2_gbm_poisson,42.604581,45,28.000000,C,True,Forecast
21313,GLASS HEART T-LIGHT HOLDER,2011-11,2011-12,M2_gbm_poisson,114.174189,293,284.000000,A,True,Forecast
21314,SMALL GLASS HEART TRINKET POT,2011-11,2011-12,M2_gbm_poisson,213.436765,403,402.333333,A,True,Forecast
21317,GLASS SPHERE CANDLE STAND MEDIUM,2011-11,2011-12,M2_gbm_poisson,35.447714,25,20.333333,B,True,Forecast
21326,AGED GLASS SILVER T-LIGHT HOLDER,2011-11,2011-12,M2_gbm_poisson,617.502691,1141,1149.000000,A,True,Forecast
21327,SKULLS WRITING SET,2011-11,2011-12,M2_gbm_poisson,99.370162,176,102.000000,B,True,Forecast
21328,BALLOONS  WRITING SET,2011-11,2011-12,M2_gbm_poisson,110.698949,222,155.000000,B,True,Forecast
21329,DINOSAURS  WRITING SET,2011-11,2011-12,M2_gbm_poisson,104.525775,221,137.333333,B,True,Forecast
21331,MOROCCAN BEATEN METAL DISH LARGE,2011-11,2011-12,M2_gbm_poisson,4.144187,1,1.333333,C,True,Forecast
21332,MOROCCAN BEATEN METAL MIRROR,2011-11,2011-12,M2_gbm_poisson,2.614460,0,0.000000,B,True,Forecast
21336,GOLD WASHBAG,2011-11,2011-12,M2_gbm_poisson,2.114785,0,0.000000,C,True,Forecast
21340,CLASSIC METAL BIRDCAGE PLANT HOLDER,2011-11,2011-12,M2_gbm_poisson,69.831972,86,69.666667,A,True,Forecast
21344,MOROCCAN BEATEN METAL DISH,2011-11,2011-12,M2_gbm_poisson,7.268189,5,3.000000,C,True,Forecast
21349,IVY HEART WREATH,2011-11,2011-12,M2_gbm_poisson,5.266984,1,2.000000,A,True,Forecast
21351,CINAMMON & ORANGE WREATH,2011-11,2011-12,M2_gbm_poisson,27.805747,22,12.666667,A,True,Forecast
21352,EUCALYPTUS & PINECONE  WREATH,2011-11,2011-12,M2_gbm_poisson,38.172303,22,91.333333,B,True,Forecast
21354,TOAST ITS - BEST MUM,2011-11,2011-12,M2_gbm_poisson,63.641981,96,60.000000,B,True,Forecast
21355,TOAST ITS - I LOVE YOU,2011-11,2011-12,M2_gbm_poisson,27.835572,16,9.333333,A,True,Forecast
21356,TOAST ITS - FAIRY FLOWER,2011-11,2011-12,M2_gbm_poisson,85.123968,157,111.333333,B,True,Forecast
21358,TOAST ITS - HAPPY BIRTHDAY,2011-11,2011-12,M2_gbm_poisson,55.202421,59,43.333333,B,True,Forecast
21359,RELAX LARGE WOOD LETTERS,2011-11,2011-12,M2_gbm_poisson,3.046930,0,0.000000,B,True,Forecast
21360,JOY LARGE WOOD LETTERS,2011-11,2011-12,M2_gbm_poisson,2.043711,0,0.000000,B,True,Forecast
21361,LOVE LARGE WOOD LETTERS,2011-11,2011-12,M2_gbm_poisson,2.033330,0,0.000000,A,True,Forecast
21363,HOME SMALL WOOD LETTERS,2011-11,2011-12,M2_gbm_poisson,3.939020,0,2.000000,A,True,Forecast
21364,PEACE SMALL WOOD LETTERS,2011-11,2011-12,M2_gbm_poisson,3.463376,0,1.666667,A,True,Forecast
21365,MIRRORED WALL ART STARS,2011-11,2011-12,M2_gbm_poisson,35.910864,20,26.333333,C,True,Forecast
21366,MIRRORED WALL ART PHOTO FRAMES,2011-11,2011-12,M2_gbm_poisson,10.525403,4,3.333333,B,True,Forecast
21367,MIRRORED WALL ART GENTS,2011-11,2011-12,M2_gbm_poisson,19.392392,12,13.333333,C,True,Forecast
21368,MIRRORED WALL ART LADIES,2011-11,2011-12,M2_gbm_poisson,22.798937,10,12.333333,C,True,Forecast
21369,MIRRORED WALL ART SPLODGES,2011-11,2011-12,M2_gbm_poisson,14.202020,2,9.666667,C,True,Forecast
21370,MIRRORED WALL ART FOXY,2011-11,2011-12,M2_gbm_poisson,12.341805,7,2.333333,C,True,Forecast
21371,MIRRORED WALL ART POPPIES,2011-11,2011-12,M2_gbm_poisson,17.538583,4,9.333333,C,True,Forecast
21372,MIRRORED WALL ART TABLE LAMP,2011-11,2011-12,M2_gbm_poisson,19.558159,11,11.333333,C,True,Forecast
21373,MIRRORED WALL ART SNOWFLAKES,2011-11,2011-12,M2_gbm_poisson,65.833296,112,73.000000,C,True,Forecast
21374,MIRRORED WALL ART SKULLS,2011-11,2011-12,M2_gbm_poisson,38.855492,27,28.333333,C,True,Forecast
21375,LARGE CAMPHOR WOOD FIELD MUSHROOM,2011-11,2011-12,M2_gbm_poisson,5.647323,1,2.000000,C,True,Forecast
21376,LARGE  TALL CAMPHOR WOOD TOADSTOOL,2011-11,2011-12,M2_gbm_poisson,7.149456,2,2.666667,C,True,Forecast
21377,SMALL CAMPHOR WOOD FIELD  MUSHROOM,2011-11,2011-12,M2_gbm_poisson,17.925731,12,9.000000,C,True,Forecast
21378,SMALL TALL CAMPHOR WOOD TOADSTOOL,2011-11,2011-12,M2_gbm_poisson,19.573774,8,9.666667,C,True,Forecast
21379,CAMPHOR WOOD PORTOBELLO MUSHROOM,2011-11,2011-12,M2_gbm_poisson,25.755692,8,15.666667,C,True,Forecast
21380,WOODEN HAPPY BIRTHDAY GARLAND,2011-11,2011-12,M2_gbm_poisson,108.825225,95,144.000000,A,True,Forecast
21381,MINI WOODEN HAPPY BIRTHDAY GARLAND,2011-11,2011-12,M2_gbm_poisson,69.743692,86,107.666667,A,True,Forecast
21382,SET/4 SPRING FLOWER DECORATION,2011-11,2011-12,M2_gbm_poisson,69.035316,62,129.666667,C,True,Forecast
21383,PACK OF 12 STICKY BUNNIES,2011-11,2011-12,M2_gbm_poisson,48.015027,54,21.333333,B,True,Forecast
21385,IVORY HANGING DECORATION  HEART,2011-11,2011-12,M2_gbm_poisson,116.160677,121,205.000000,A,True,Forecast
21386,IVORY HANGING DECORATION  EGG,2011-11,2011-12,M2_gbm_poisson,80.057926,76,70.000000,C,True,Forecast
21389,IVORY HANGING DECORATION  BIRD,2011-11,2011-12,M2_gbm_poisson,33.647374,22,19.666667,B,True,Forecast
21390,FILIGRIS HEART WITH BUTTERFLY,2011-11,2011-12,M2_gbm_poisson,154.881779,179,416.666667,A,True,Forecast
21391,FRENCH LAVENDER SCENT HEART,2011-11,2011-12,M2_gbm_poisson,21.436549,1,14.333333,B,True,Forecast
21394,RED POLKADOT BEAKER,2011-11,2011-12,M2_gbm_poisson,125.754806,28,166.000000,B,True,Forecast
21395,BLUE POLKADOT BEAKER,2011-11,2011-12,M2_gbm_poisson,42.438475,8,9.666667,C,True,Forecast
21399,BLUE POLKADOT COFFEE MUG,2011-11,2011-12,M2_gbm_poisson,2.082963,0,0.000000,B,True,Forecast
21400,RED PUDDING SPOON,2011-11,2011-12,M2_gbm_poisson,69.226282,90,103.333333,C,True,Forecast
21401,BLUE PUDDING SPOON,2011-11,2011-12,M2_gbm_poisson,93.367163,70,98.000000,C,True,Forecast
21402,RED  EGG  SPOON,2011-11,2011-12,M2_gbm_poisson,80.962388,213,145.000000,C,True,Forecast
21403,BLUE EGG  SPOON,2011-11,2011-12,M2_gbm_poisson,106.954568,271,183.666667,C,True,Forecast
21407,BROWN CHECK CAT DOORSTOP,2011-11,2011-12,M2_gbm_poisson,19.489769,4,24.000000,A,True,Forecast
21408,SPOTTY PINK DUCK DOORSTOP,2011-11,2011-12,M2_gbm_poisson,37.153132,27,21.666667,B,True,Forecast
21411,GINGHAM HEART  DOORSTOP RED,2011-11,2011-12,M2_gbm_poisson,61.246633,71,56.666667,A,True,Forecast
21413,PERIWINKLE T-LIGHT HOLDER,2011-11,2011-12,M2_gbm_poisson,8.860135,4,2.666667,B,True,Forecast
21415,CLAM SHELL SMALL,2011-11,2011-12,M2_gbm_poisson,31.450795,15,26.333333,C,True,Forecast
21417,COCKLE SHELL DISH,2011-11,2011-12,M2_gbm_poisson,33.698321,22,23.666667,C,True,Forecast
21418,STARFISH SOAP DISH,2011-11,2011-12,M2_gbm_poisson,8.386569,0,3.333333,C,True,Forecast
21420,OYSTER TRINKET BOX,2011-11,2011-12,M2_gbm_poisson,8.731703,4,2.333333,C,True,Forecast
21422,PORCELAIN ROSE SMALL,2011-11,2011-12,M2_gbm_poisson,61.357065,24,273.666667,B,True,Forecast
21424,WOODLAND STORAGE BOX LARGE,2011-11,2011-12,M2_gbm_poisson,19.165212,0,23.000000,B,True,Forecast
21425,SKULLS STORAGE BOX LARGE,2011-11,2011-12,M2_gbm_poisson,25.527980,16,10.000000,B,True,Forecast
21426,WOODLAND STORAGE BOX SMALL,2011-11,2011-12,M2_gbm_poisson,41.209442,36,26.333333,B,True,Forecast
21427,SKULLS STORAGE BOX SMALL,2011-11,2011-12,M2_gbm_poisson,31.705741,19,16.333333,C,True,Forecast
21428,SET3 BOOK BOX GREEN GINGHAM FLOWER,2011-11,2011-12,M2_gbm_poisson,92.585921,170,124.666667,A,True,Forecast
21429,RED GINGHAM ROSE JEWELLERY BOX,2011-11,2011-12,M2_gbm_poisson,185.457612,318,242.000000,A,True,Forecast
21430,SET/3 RED GINGHAM ROSE STORAGE BOX,2011-11,2011-12,M2_gbm_poisson,171.851235,183,203.000000,A,True,Forecast
21439,BASKET OF TOADSTOOLS,2011-11,2011-12,M2_gbm_poisson,74.849219,186,73.000000,B,True,Forecast
21441,BLUE BIRDHOUSE DECORATION,2011-11,2011-12,M2_gbm_poisson,30.795682,19,14.666667,C,True,Forecast
21442,GREEN BIRDHOUSE DECORATION,2011-11,2011-12,M2_gbm_poisson,32.313921,17,20.666667,C,True,Forecast
21445,12 PINK ROSE PEG PLACE SETTINGS,2011-11,2011-12,M2_gbm_poisson,2.192547,0,0.000000,B,True,Forecast
21446,12 RED ROSE PEG PLACE SETTINGS,2011-11,2011-12,M2_gbm_poisson,46.195231,52,53.000000,B,True,Forecast
21447,12 IVORY ROSE PEG PLACE SETTINGS,2011-11,2011-12,M2_gbm_poisson,9.142994,0,13.666667,A,True,Forecast
21448,12 DAISY PEGS IN WOOD BOX,2011-11,2011-12,M2_gbm_poisson,8.251202,0,3.666667,B,True,Forecast
21452,TOADSTOOL MONEY BOX,2011-11,2011-12,M2_gbm_poisson,62.814432,76,55.666667,A,True,Forecast
21454,PAINTED PINK RABBIT,2011-11,2011-12,M2_gbm_poisson,13.715101,4,5.000000,C,True,Forecast
21455,PAINTED YELLOW WOODEN DAISY,2011-11,2011-12,M2_gbm_poisson,15.120552,3,4.666667,C,True,Forecast
21456,2 PICTURE BOOK EGGS EASTER CHICKS,2011-11,2011-12,M2_gbm_poisson,4.420301,0,0.000000,C,True,Forecast
21457,2 PICTURE BOOK EGGS EASTER DUCKS,2011-11,2011-12,M2_gbm_poisson,18.593941,12,4.000000,C,True,Forecast
21458,2 PICTURE BOOK EGGS EASTER BUNNY,2011-11,2011-12,M2_gbm_poisson,14.985264,12,4.000000,C,True,Forecast
21462,"NURSERY A,B,C PAINTED LETTERS",2011-11,2011-12,M2_gbm_poisson,15.073923,5,9.000000,B,True,Forecast
21463,MIRRORED DISCO BALL,2011-11,2011-12,M2_gbm_poisson,73.793883,104,95.666667,A,True,Forecast
21464,DISCO BALL ROTATOR BATTERY OPERATED,2011-11,2011-12,M2_gbm_poisson,39.923342,39,30.000000,B,True,Forecast
21465,PINK FLOWER CROCHET FOOD COVER,2011-11,2011-12,M2_gbm_poisson,23.665241,12,16.666667,B,True,Forecast
21466,RED FLOWER CROCHET FOOD COVER,2011-11,2011-12,M2_gbm_poisson,34.559796,28,15.000000,B,True,Forecast
21467,CHERRY CROCHET FOOD COVER,2011-11,2011-12,M2_gbm_poisson,10.654364,3,5.333333,B,True,Forecast
21468,BUTTERFLY CROCHET FOOD COVER,2011-11,2011-12,M2_gbm_poisson,9.166200,3,3.666667,B,True,Forecast
21469,POLKA DOT RAFFIA FOOD COVER,2011-11,2011-12,M2_gbm_poisson,12.576396,3,6.666667,B,True,Forecast
21470,FLOWER VINE RAFFIA FOOD COVER,2011-11,2011-12,M2_gbm_poisson,38.864543,24,21.000000,A,True,Forecast
21471,STRAWBERRY RAFFIA FOOD COVER,2011-11,2011-12,M2_gbm_poisson,46.063104,26,27.333333,A,True,Forecast
21472,LADYBIRD + BEE RAFFIA FOOD COVER,2011-11,2011-12,M2_gbm_poisson,2.043711,0,0.000000,A,True,Forecast
21473,SWEETHEART CREAM STEEL TABLE RECT,2011-11,2011-12,M2_gbm_poisson,3.969030,1,1.666667,B,True,Forecast
21476,STEEL SWEETHEART ROUND TABLE CREAM,2011-11,2011-12,M2_gbm_poisson,3.393239,0,1.000000,B,True,Forecast
21479,WHITE SKULL HOT WATER BOTTLE,2011-11,2011-12,M2_gbm_poisson,515.853758,911,510.000000,A,True,Forecast
21481,FAWN BLUE HOT WATER BOTTLE,2011-11,2011-12,M2_gbm_poisson,266.041290,537,421.333333,A,True,Forecast
21484,CHICK GREY HOT WATER BOTTLE,2011-11,2011-12,M2_gbm_poisson,247.033094,450,296.333333,A,True,Forecast
21485,RETROSPOT HEART HOT WATER BOTTLE,2011-11,2011-12,M2_gbm_poisson,496.726184,770,656.666667,A,True,Forecast
21494,ROTATING LEAVES T-LIGHT HOLDER,2011-11,2011-12,M2_gbm_poisson,203.706266,388,357.000000,A,True,Forecast
21495,SKULLS AND CROSSBONES WRAP,2011-11,2011-12,M2_gbm_poisson,269.362263,1075,775.000000,A,True,Forecast
21497,FANCY FONTS BIRTHDAY WRAP,2011-11,2011-12,M2_gbm_poisson,370.949637,925,1041.666667,A,True,Forecast
21498,RED RETROSPOT WRAP,2011-11,2011-12,M2_gbm_poisson,555.937842,1200,1058.333333,A,True,Forecast
21499,BLUE POLKADOT WRAP,2011-11,2011-12,M2_gbm_poisson,239.284668,825,683.333333,A,True,Forecast
21500,PINK POLKADOT WRAP,2011-11,2011-12,M2_gbm_poisson,184.699148,650,608.333333,A,True,Forecast
21503,TOYBOX  WRAP,2011-11,2011-12,M2_gbm_poisson,41.506565,50,41.666667,C,True,Forecast
21504,SKULLS GREETING CARD,2011-11,2011-12,M2_gbm_poisson,104.169936,126,225.666667,B,True,Forecast
21506,"FANCY FONT BIRTHDAY CARD,",2011-11,2011-12,M2_gbm_poisson,224.673634,430,536.666667,A,True,Forecast
21507,"ELEPHANT, BIRTHDAY CARD,",2011-11,2011-12,M2_gbm_poisson,187.362774,470,326.000000,B,True,Forecast
21508,VINTAGE KID DOLLY CARD,2011-11,2011-12,M2_gbm_poisson,90.846965,203,166.333333,B,True,Forecast
21509,COWBOYS AND INDIANS BIRTHDAY CARD,2011-11,2011-12,M2_gbm_poisson,169.293353,300,321.333333,B,True,Forecast
21518,BANK ACCOUNT  GREETING  CARD,2011-11,2011-12,M2_gbm_poisson,2.192547,0,0.000000,C,True,Forecast
21519,GIN & TONIC DIET GREETING CARD,2011-11,2011-12,M2_gbm_poisson,120.370456,365,282.333333,B,True,Forecast
21520,BOOZE & WOMEN GREETING CARD,2011-11,2011-12,M2_gbm_poisson,31.144145,14,25.000000,C,True,Forecast
21523,DOORMAT FANCY FONT HOME SWEET HOME,2011-11,2011-12,M2_gbm_poisson,194.209969,226,276.333333,A,True,Forecast
21524,DOORMAT SPOTTY HOME SWEET HOME,2011-11,2011-12,M2_gbm_poisson,99.031741,150,200.666667,A,True,Forecast
21528,DAIRY MAID TRADITIONAL TEAPOT,2011-11,2011-12,M2_gbm_poisson,21.403877,10,14.333333,A,True,Forecast
21530,DAIRY MAID TOASTRACK,2011-11,2011-12,M2_gbm_poisson,61.997757,81,84.666667,C,True,Forecast
21531,RED RETROSPOT SUGAR JAM BOWL,2011-11,2011-12,M2_gbm_poisson,76.541132,106,149.000000,A,True,Forecast
21533,RETRO SPOT LARGE MILK JUG,2011-11,2011-12,M2_gbm_poisson,67.700452,75,69.333333,A,True,Forecast
21534,DAIRY MAID LARGE MILK JUG,2011-11,2011-12,M2_gbm_poisson,44.411040,24,25.666667,A,True,Forecast
21535,RED RETROSPOT SMALL MILK JUG,2011-11,2011-12,M2_gbm_poisson,128.501004,132,215.000000,A,True,Forecast
21537,RED RETROSPOT PUDDING BOWL,2011-11,2011-12,M2_gbm_poisson,41.954006,50,22.000000,A,True,Forecast
21539,RED RETROSPOT BUTTER DISH,2011-11,2011-12,M2_gbm_poisson,23.629285,1,73.333333,A,True,Forecast
21544,SKULLS  WATER TRANSFER TATTOOS,2011-11,2011-12,M2_gbm_poisson,121.512366,213,202.333333,A,True,Forecast
21555,CERAMIC STRAWBERRY TRINKET TRAY,2011-11,2011-12,M2_gbm_poisson,28.008569,17,12.666667,B,True,Forecast
21556,CERAMIC STRAWBERRY MONEY BOX,2011-11,2011-12,M2_gbm_poisson,6.799749,4,1.666667,A,True,Forecast
21557,SET OF 6 FUNKY BEAKERS,2011-11,2011-12,M2_gbm_poisson,40.346842,35,19.666667,B,True,Forecast
21558,SKULL LUNCH BOX WITH CUTLERY,2011-11,2011-12,M2_gbm_poisson,124.123731,216,203.000000,A,True,Forecast
21559,STRAWBERRY LUNCH BOX WITH CUTLERY,2011-11,2011-12,M2_gbm_poisson,184.481411,257,322.333333,A,True,Forecast
21561,DINOSAUR LUNCH BOX WITH CUTLERY,2011-11,2011-12,M2_gbm_poisson,62.179850,39,99.333333,A,True,Forecast
21562,HAWAIIAN GRASS SKIRT,2011-11,2011-12,M2_gbm_poisson,36.676411,25,40.666667,C,True,Forecast
21563,RED HEART SHAPE LOVE BUCKET,2011-11,2011-12,M2_gbm_poisson,68.158812,127,66.333333,A,True,Forecast
21564,PINK  HEART SHAPE LOVE BUCKET,2011-11,2011-12,M2_gbm_poisson,37.926880,23,18.333333,A,True,Forecast
21576,LETS GO SHOPPING COTTON TOTE BAG,2011-11,2011-12,M2_gbm_poisson,33.312311,18,18.000000,B,True,Forecast
21577,SAVE THE PLANET COTTON TOTE BAG,2011-11,2011-12,M2_gbm_poisson,53.016676,53,42.000000,A,True,Forecast
21578,WOODLAND DESIGN  COTTON TOTE BAG,2011-11,2011-12,M2_gbm_poisson,21.018706,1,3.333333,A,True,Forecast
21579,LOLITA  DESIGN  COTTON TOTE BAG,2011-11,2011-12,M2_gbm_poisson,17.532663,5,11.333333,B,True,Forecast
21580,RABBIT  DESIGN  COTTON TOTE BAG,2011-11,2011-12,M2_gbm_poisson,26.436120,17,12.333333,B,True,Forecast
21581,SKULLS  DESIGN  COTTON TOTE BAG,2011-11,2011-12,M2_gbm_poisson,32.687125,18,28.333333,B,True,Forecast
21584,RETROSPOT SMALL TUBE MATCHES,2011-11,2011-12,M2_gbm_poisson,86.168897,159,107.333333,A,True,Forecast
21586,KINGS CHOICE GIANT TUBE MATCHES,2011-11,2011-12,M2_gbm_poisson,76.304424,288,102.000000,A,True,Forecast
21587,COSY HOUR GIANT TUBE MATCHES,2011-11,2011-12,M2_gbm_poisson,14.348565,0,15.000000,A,True,Forecast
21588,RETROSPOT GIANT TUBE MATCHES,2011-11,2011-12,M2_gbm_poisson,227.848514,561,308.000000,A,True,Forecast
21591,COSY HOUR CIGAR BOX MATCHES,2011-11,2011-12,M2_gbm_poisson,229.456172,475,351.333333,A,True,Forecast
21592,RETROSPOT CIGAR BOX MATCHES,2011-11,2011-12,M2_gbm_poisson,215.696190,459,232.000000,A,True,Forecast
21609,SET 12 LAVENDER  BOTANICAL T-LIGHTS,2011-11,2011-12,M2_gbm_poisson,3.894792,0,0.000000,A,True,Forecast
21613,S/12 VANILLA  BOTANICAL T-LIGHTS,2011-11,2011-12,M2_gbm_poisson,18.613763,0,18.000000,B,True,Forecast
21615,4 LAVENDER BOTANICAL DINNER CANDLES,2011-11,2011-12,M2_gbm_poisson,215.895516,472,202.666667,B,True,Forecast
21616,4 PEAR BOTANICAL DINNER CANDLES,2011-11,2011-12,M2_gbm_poisson,215.895516,457,200.333333,B,True,Forecast
21617,4 LILY  BOTANICAL DINNER CANDLES,2011-11,2011-12,M2_gbm_poisson,81.174686,165,99.000000,B,True,Forecast
21618,4 WILDFLOWER BOTANICAL CANDLES,2011-11,2011-12,M2_gbm_poisson,66.271404,102,69.666667,B,True,Forecast
21619,4 VANILLA BOTANICAL CANDLES,2011-11,2011-12,M2_gbm_poisson,242.430213,510,235.000000,B,True,Forecast
21620,SET OF 4 ROSE BOTANICAL CANDLES,2011-11,2011-12,M2_gbm_poisson,183.106965,337,149.666667,B,True,Forecast
21621,VINTAGE UNION JACK BUNTING,2011-11,2011-12,M2_gbm_poisson,93.611325,120,126.333333,A,True,Forecast
21622,VINTAGE UNION JACK CUSHION COVER,2011-11,2011-12,M2_gbm_poisson,12.720065,3,9.000000,A,True,Forecast
21623,VINTAGE UNION JACK MEMOBOARD,2011-11,2011-12,M2_gbm_poisson,77.626807,173,87.333333,A,True,Forecast
21624,VINTAGE UNION JACK DOORSTOP,2011-11,2011-12,M2_gbm_poisson,36.226578,27,19.666667,A,True,Forecast
21625,VINTAGE UNION JACK APRON,2011-11,2011-12,M2_gbm_poisson,43.293125,42,30.333333,A,True,Forecast
21626,VINTAGE UNION JACK PENNANT,2011-11,2011-12,M2_gbm_poisson,23.670285,12,18.000000,B,True,Forecast
21627,ELEPHANT CARNIVAL POUFFE,2011-11,2011-12,M2_gbm_poisson,6.291617,0,3.333333,B,True,Forecast
21628,TRIANGULAR POUFFE VINTAGE,2011-11,2011-12,M2_gbm_poisson,9.967581,3,7.333333,B,True,Forecast
21629,SQUARE FLOOR CUSHION VINTAGE RED,2011-11,2011-12,M2_gbm_poisson,27.151611,21,13.333333,B,True,Forecast
21630,FLOOR CUSHION ELEPHANT CARNIVAL,2011-11,2011-12,M2_gbm_poisson,14.811593,5,12.000000,B,True,Forecast
21631,HIPPY CHIC DECORATIVE PARASOL,2011-11,2011-12,M2_gbm_poisson,3.889151,1,0.333333,B,True,Forecast
21633,SUNFLOWER DECORATIVE PARASOL,2011-11,2011-12,M2_gbm_poisson,10.660029,6,2.333333,B,True,Forecast
21634,ASSORTED MINI MADRAS NOTEBOOK,2011-11,2011-12,M2_gbm_poisson,30.976604,0,24.000000,B,True,Forecast
21635,MADRAS NOTEBOOK LARGE,2011-11,2011-12,M2_gbm_poisson,2.054573,0,0.000000,C,True,Forecast
21636,MADRAS NOTEBOOK MEDIUM,2011-11,2011-12,M2_gbm_poisson,82.599288,140,148.000000,C,True,Forecast
21637,ASSORTED SANSKRIT MINI NOTEBOOK,2011-11,2011-12,M2_gbm_poisson,4.504319,0,0.333333,B,True,Forecast
21638,ASSORTED TUTTI FRUTTI NOTEBOOK,2011-11,2011-12,M2_gbm_poisson,48.267801,59,43.000000,B,True,Forecast
21640,ASSORTED TUTTI FRUTTI  FOB NOTEBOOK,2011-11,2011-12,M2_gbm_poisson,68.245741,121,97.666667,B,True,Forecast
21641,ASSORTED TUTTI FRUTTI KEYRING BALL,2011-11,2011-12,M2_gbm_poisson,18.449330,0,208.666667,C,True,Forecast
21642,ASSORTED TUTTI FRUTTI PEN,2011-11,2011-12,M2_gbm_poisson,194.918443,459,455.333333,B,True,Forecast
21643,ASSORTED TUTTI FRUTTI MIRROR,2011-11,2011-12,M2_gbm_poisson,49.701066,106,56.333333,B,True,Forecast
21644,ASSORTED TUTTI FRUTTI HEART BOX,2011-11,2011-12,M2_gbm_poisson,25.116920,18,9.333333,B,True,Forecast
21647,ASSORTED TUTTI FRUTTI LARGE PURSE,2011-11,2011-12,M2_gbm_poisson,17.014987,8,9.000000,B,True,Forecast
21648,ASSORTED TUTTI FRUTTI SMALL PURSE,2011-11,2011-12,M2_gbm_poisson,67.093296,93,117.000000,A,True,Forecast
21650,ASSORTED TUTTI FRUTTI BRACELET,2011-11,2011-12,M2_gbm_poisson,167.407257,386,306.000000,C,True,Forecast
21654,RIDGED GLASS FINGER BOWL,2011-11,2011-12,M2_gbm_poisson,4.040576,0,1.333333,C,True,Forecast
21658,GLASS  BEURRE DISH,2011-11,2011-12,M2_gbm_poisson,2.661924,0,0.000000,A,True,Forecast
21662,VINTAGE GLASS COFFEE CADDY,2011-11,2011-12,M2_gbm_poisson,2.430712,0,0.000000,B,True,Forecast
21664,RIDGED GLASS STORAGE JAR CREAM LID,2011-11,2011-12,M2_gbm_poisson,3.519253,0,1.000000,B,True,Forecast
21666,RIDGED GLASS T-LIGHT HOLDER,2011-11,2011-12,M2_gbm_poisson,51.907376,83,41.000000,B,True,Forecast
21668,RED STRIPE CERAMIC DRAWER KNOB,2011-11,2011-12,M2_gbm_poisson,286.767158,438,462.333333,A,True,Forecast
21669,BLUE STRIPE CERAMIC DRAWER KNOB,2011-11,2011-12,M2_gbm_poisson,273.301849,437,471.333333,A,True,Forecast
21670,BLUE SPOT CERAMIC DRAWER KNOB,2011-11,2011-12,M2_gbm_poisson,232.709859,515,444.333333,A,True,Forecast
21671,RED SPOT CERAMIC DRAWER KNOB,2011-11,2011-12,M2_gbm_poisson,196.866629,404,343.333333,A,True,Forecast
21672,WHITE SPOT RED CERAMIC DRAWER KNOB,2011-11,2011-12,M2_gbm_poisson,166.467356,212,354.000000,A,True,Forecast
21673,WHITE SPOT BLUE CERAMIC DRAWER KNOB,2011-11,2011-12,M2_gbm_poisson,193.821886,268,354.666667,A,True,Forecast
21675,BUTTERFLIES STICKERS,2011-11,2011-12,M2_gbm_poisson,62.745806,88,62.333333,B,True,Forecast
21676,FLOWERS  STICKERS,2011-11,2011-12,M2_gbm_poisson,39.815478,26,19.333333,C,True,Forecast
21677,HEARTS  STICKERS,2011-11,2011-12,M2_gbm_poisson,68.045767,119,88.000000,B,True,Forecast
21678,PAISLEY PATTERN  STICKERS,2011-11,2011-12,M2_gbm_poisson,36.273022,31,17.000000,C,True,Forecast
21679,SKULLS  STICKERS,2011-11,2011-12,M2_gbm_poisson,73.680372,155,138.000000,A,True,Forecast
21680,WOODLAND  STICKERS,2011-11,2011-12,M2_gbm_poisson,71.003945,103,136.333333,B,True,Forecast
21682,LARGE MEDINA STAMPED METAL BOWL,2011-11,2011-12,M2_gbm_poisson,33.278507,16,24.333333,B,True,Forecast
21683,MEDIUM MEDINA STAMPED METAL BOWL,2011-11,2011-12,M2_gbm_poisson,28.897283,10,38.333333,B,True,Forecast
21684,SMALL MEDINA STAMPED METAL BOWL,2011-11,2011-12,M2_gbm_poisson,47.313729,50,33.000000,B,True,Forecast
21686,MEDINA STAMPED METAL STOOL,2011-11,2011-12,M2_gbm_poisson,2.729033,0,1.000000,B,True,Forecast
21688,SILVER PLATE CANDLE BOWL SMALL,2011-11,2011-12,M2_gbm_poisson,38.104185,31,20.333333,B,True,Forecast
21689,SILVER VANILLA  FLOWER CANDLE POT,2011-11,2011-12,M2_gbm_poisson,11.849363,3,7.666667,B,True,Forecast
21693,SMALL HAMMERED SILVER CANDLEPOT,2011-11,2011-12,M2_gbm_poisson,50.159360,46,50.333333,B,True,Forecast
21694,SMALL REGAL  SILVER CANDLEPOT,2011-11,2011-12,M2_gbm_poisson,31.698627,32,15.333333,B,True,Forecast
21695,SMALL SILVER FLOWER CANDLE POT,2011-11,2011-12,M2_gbm_poisson,50.942297,49,42.666667,B,True,Forecast
21696,SMALL SILVER TRELLIS CANDLEPOT,2011-11,2011-12,M2_gbm_poisson,19.656846,14,9.666667,B,True,Forecast
21698,MOCK LOBSTER FRIDGE MAGNET,2011-11,2011-12,M2_gbm_poisson,53.969002,56,53.000000,C,True,Forecast
21700,BIG DOUGHNUT FRIDGE MAGNETS,2011-11,2011-12,M2_gbm_poisson,20.929372,2,11.666667,A,True,Forecast
21703,BAG 125g SWIRLY MARBLES,2011-11,2011-12,M2_gbm_poisson,719.678171,1711,1267.000000,A,True,Forecast
21704,BAG 250g SWIRLY MARBLES,2011-11,2011-12,M2_gbm_poisson,308.972364,744,573.666667,A,True,Forecast
21705,BAG 500g SWIRLY MARBLES,2011-11,2011-12,M2_gbm_poisson,81.348994,142,96.000000,B,True,Forecast
21706,FOLDING UMBRELLA RED/WHITE POLKADOT,2011-11,2011-12,M2_gbm_poisson,32.688427,18,26.333333,A,True,Forecast
21707,FOLDING UMBRELLA BLACKBLUE POLKADOT,2011-11,2011-12,M2_gbm_poisson,31.261651,27,13.666667,A,True,Forecast
21708,FOLDING UMBRELLA CREAM POLKADOT,2011-11,2011-12,M2_gbm_poisson,24.345854,12,24.000000,B,True,Forecast
21709,FOLDING UMBRELLA CHOCOLATE POLKADOT,2011-11,2011-12,M2_gbm_poisson,19.785810,13,12.000000,B,True,Forecast
21710,FOLDING UMBRELLA PINKWHITE POLKADOT,2011-11,2011-12,M2_gbm_poisson,18.906605,10,10.666667,B,True,Forecast
21711,FOLDING UMBRELLA WHITE/RED POLKADOT,2011-11,2011-12,M2_gbm_poisson,20.240696,7,18.000000,B,True,Forecast
21713,CITRONELLA CANDLE FLOWERPOT,2011-11,2011-12,M2_gbm_poisson,35.170895,21,18.666667,A,True,Forecast
21714,CITRONELLA CANDLE GARDEN POT,2011-11,2011-12,M2_gbm_poisson,53.171791,54,47.666667,A,True,Forecast
21715,GIRLS VINTAGE TIN SEASIDE BUCKET,2011-11,2011-12,M2_gbm_poisson,49.632995,56,40.666667,A,True,Forecast
21716,BOYS VINTAGE TIN SEASIDE BUCKET,2011-11,2011-12,M2_gbm_poisson,59.749159,101,44.000000,A,True,Forecast
21718,RED METAL BEACH SPADE,2011-11,2011-12,M2_gbm_poisson,46.198367,48,28.666667,A,True,Forecast
21719,LOVELY BONBON STICKER SHEET,2011-11,2011-12,M2_gbm_poisson,38.525065,28,23.666667,C,True,Forecast
21720,CAKE SHOP  STICKER SHEET,2011-11,2011-12,M2_gbm_poisson,2.054573,0,0.000000,B,True,Forecast
21721,CANDY SHOP  STICKER SHEET,2011-11,2011-12,M2_gbm_poisson,6.203240,0,1.666667,B,True,Forecast
21722,SWEET PUDDING STICKER SHEET,2011-11,2011-12,M2_gbm_poisson,15.342972,5,4.666667,C,True,Forecast
21723,ALPHABET HEARTS STICKER SHEET,2011-11,2011-12,M2_gbm_poisson,31.700434,20,11.333333,C,True,Forecast
21724,PANDA AND BUNNIES STICKER SHEET,2011-11,2011-12,M2_gbm_poisson,57.767054,93,41.666667,C,True,Forecast
21725,SWEETIES  STICKERS,2011-11,2011-12,M2_gbm_poisson,20.558874,15,6.666667,B,True,Forecast
21726,MULTI HEARTS  STICKERS,2011-11,2011-12,M2_gbm_poisson,27.323942,22,10.333333,C,True,Forecast
21730,GLASS STAR FROSTED T-LIGHT HOLDER,2011-11,2011-12,M2_gbm_poisson,55.258924,84,43.666667,A,True,Forecast
21731,RED TOADSTOOL LED NIGHT LIGHT,2011-11,2011-12,M2_gbm_poisson,888.508147,1879,1399.333333,A,True,Forecast
21733,RED HANGING HEART T-LIGHT HOLDER,2011-11,2011-12,M2_gbm_poisson,724.592055,1546,882.000000,A,True,Forecast
21735,TWO DOOR CURIO CABINET,2011-11,2011-12,M2_gbm_poisson,5.709153,0,3.333333,A,True,Forecast
21738,COSY SLIPPER SHOES SMALL  RED,2011-11,2011-12,M2_gbm_poisson,3.729263,0,1.333333,B,True,Forecast
21739,COSY SLIPPER SHOES SMALL GREEN,2011-11,2011-12,M2_gbm_poisson,63.913257,69,51.000000,C,True,Forecast
21741,COSY SLIPPER SHOES LARGE GREEN,2011-11,2011-12,M2_gbm_poisson,20.222030,9,13.666667,B,True,Forecast
21742,LARGE ROUND WICKER PLATTER,2011-11,2011-12,M2_gbm_poisson,49.821113,68,36.333333,B,True,Forecast
21743,STAR PORTABLE TABLE LIGHT,2011-11,2011-12,M2_gbm_poisson,4.082265,0,0.666667,A,True,Forecast
21744,SNOWFLAKE PORTABLE TABLE LIGHT,2011-11,2011-12,M2_gbm_poisson,111.007884,252,153.000000,B,True,Forecast
21745,GAOLERS KEYS DECORATIVE GARDEN,2011-11,2011-12,M2_gbm_poisson,69.793523,96,108.000000,A,True,Forecast
21746,SMALL RED RETROSPOT WINDMILL,2011-11,2011-12,M2_gbm_poisson,53.153481,52,34.666667,A,True,Forecast
21747,SMALL SKULL WINDMILL,2011-11,2011-12,M2_gbm_poisson,23.088893,14,8.333333,B,True,Forecast
21749,LARGE RED RETROSPOT WINDMILL,2011-11,2011-12,M2_gbm_poisson,25.269895,18,8.666667,A,True,Forecast
21750,LARGE SKULL WINDMILL,2011-11,2011-12,M2_gbm_poisson,6.254190,1,1.333333,C,True,Forecast
21754,HOME BUILDING BLOCK WORD,2011-11,2011-12,M2_gbm_poisson,120.358966,236,195.666667,A,True,Forecast
21755,LOVE BUILDING BLOCK WORD,2011-11,2011-12,M2_gbm_poisson,111.157624,180,154.333333,A,True,Forecast
21756,BATH BUILDING BLOCK WORD,2011-11,2011-12,M2_gbm_poisson,56.898668,63,46.666667,A,True,Forecast
21758,VINTAGE SHELLS PRINT,2011-11,2011-12,M2_gbm_poisson,13.626487,12,5.666667,C,True,Forecast
21761,WOOD AND GLASS MEDICINE CABINET,2011-11,2011-12,M2_gbm_poisson,3.339019,1,0.666667,B,True,Forecast
21763,VINTAGE WOODEN BAR STOOL,2011-11,2011-12,M2_gbm_poisson,2.033330,0,0.000000,B,True,Forecast
21770,OPEN CLOSED METAL SIGN,2011-11,2011-12,M2_gbm_poisson,108.125954,146,167.333333,A,True,Forecast
21773,DECORATIVE ROSE BATHROOM BOTTLE,2011-11,2011-12,M2_gbm_poisson,71.619055,142,73.000000,B,True,Forecast
21774,DECORATIVE CATS BATHROOM BOTTLE,2011-11,2011-12,M2_gbm_poisson,63.097635,59,106.000000,B,True,Forecast
21775,DECORATIVE FLORE BATHROOM BOTTLE,2011-11,2011-12,M2_gbm_poisson,52.031380,46,43.000000,B,True,Forecast
21781,MA CAMPAGNE CUTLERY BOX,2011-11,2011-12,M2_gbm_poisson,2.017532,0,0.000000,A,True,Forecast
21784,SHOE SHINE BOX,2011-11,2011-12,M2_gbm_poisson,2.446845,0,0.333333,A,True,Forecast
21786,POLKADOT RAIN HAT,2011-11,2011-12,M2_gbm_poisson,89.340295,159,175.000000,B,True,Forecast
21787,RAIN PONCHO RETROSPOT,2011-11,2011-12,M2_gbm_poisson,652.164654,1641,1671.000000,A,True,Forecast
21788,KIDS RAIN MAC BLUE,2011-11,2011-12,M2_gbm_poisson,68.496267,45,120.333333,B,True,Forecast
21789,KIDS RAIN MAC PINK,2011-11,2011-12,M2_gbm_poisson,60.628772,44,95.000000,B,True,Forecast
21790,VINTAGE SNAP CARDS,2011-11,2011-12,M2_gbm_poisson,1050.835389,2738,2250.000000,A,True,Forecast
21791,VINTAGE HEADS AND TAILS CARD GAME,2011-11,2011-12,M2_gbm_poisson,646.897262,1509,962.000000,A,True,Forecast
21792,CLASSIC FRENCH STYLE BASKET GREEN,2011-11,2011-12,M2_gbm_poisson,3.046930,0,0.000000,B,True,Forecast
21793,CLASSIC FRENCH STYLE BASKET BROWN,2011-11,2011-12,M2_gbm_poisson,50.887091,45,36.666667,C,True,Forecast
21794,CLASSIC FRENCH STYLE BASKET NATURAL,2011-11,2011-12,M2_gbm_poisson,20.165194,0,37.000000,B,True,Forecast
21801,CHRISTMAS TREE DECORATION WITH BELL,2011-11,2011-12,M2_gbm_poisson,17.664994,0,110.666667,B,True,Forecast
21802,CHRISTMAS TREE HEART DECORATION,2011-11,2011-12,M2_gbm_poisson,70.231254,71,320.000000,B,True,Forecast
21803,CHRISTMAS TREE STAR DECORATION,2011-11,2011-12,M2_gbm_poisson,224.628695,566,468.000000,B,True,Forecast
21804,WHITE CHRISTMAS GARLAND STARS TREES,2011-11,2011-12,M2_gbm_poisson,92.695076,139,68.333333,B,True,Forecast
21807,WHITE CHRISTMAS STAR DECORATION,2011-11,2011-12,M2_gbm_poisson,40.553140,12,39.333333,B,True,Forecast
21808,"CHRISTMAS GARLAND STARS,TREES",2011-11,2011-12,M2_gbm_poisson,52.691030,65,48.666667,B,True,Forecast
21809,CHRISTMAS HANGING TREE WITH BELL,2011-11,2011-12,M2_gbm_poisson,98.142016,128,556.666667,B,True,Forecast
21810,CHRISTMAS HANGING STAR WITH BELL,2011-11,2011-12,M2_gbm_poisson,1178.459437,3177,1688.000000,B,True,Forecast
21811,HANGING HEART WITH BELL,2011-11,2011-12,M2_gbm_poisson,698.538930,1416,1407.666667,B,True,Forecast
21812,GARLAND WITH HEARTS AND BELLS,2011-11,2011-12,M2_gbm_poisson,81.995297,136,95.000000,B,True,Forecast
21813,GARLAND WITH STARS AND BELLS,2011-11,2011-12,M2_gbm_poisson,102.219208,195,123.666667,B,True,Forecast
21814,HEART T-LIGHT HOLDER,2011-11,2011-12,M2_gbm_poisson,37.713820,33,13.000000,B,True,Forecast
21815,STAR  T-LIGHT HOLDER,2011-11,2011-12,M2_gbm_poisson,36.222428,19,16.666667,B,True,Forecast
21816,CHRISTMAS TREE T-LIGHT HOLDER,2011-11,2011-12,M2_gbm_poisson,20.938768,6,10.333333,C,True,Forecast
21817,GLITTER CHRISTMAS TREE,2011-11,2011-12,M2_gbm_poisson,72.890412,170,270.333333,C,True,Forecast
21818,GLITTER CHRISTMAS HEART,2011-11,2011-12,M2_gbm_poisson,660.254904,1253,735.666667,B,True,Forecast
21819,GLITTER CHRISTMAS STAR,2011-11,2011-12,M2_gbm_poisson,742.091272,1462,724.000000,B,True,Forecast
21820,GLITTER HEART GARLAND WITH BELLS,2011-11,2011-12,M2_gbm_poisson,79.944375,146,68.000000,B,True,Forecast
21821,GLITTER STAR GARLAND WITH BELLS,2011-11,2011-12,M2_gbm_poisson,70.199719,125,63.666667,B,True,Forecast
21822,GLITTER CHRISTMAS TREE WITH BELLS,2011-11,2011-12,M2_gbm_poisson,252.126277,443,183.333333,C,True,Forecast
21823,PAINTED METAL HEART WITH HOLLY BELL,2011-11,2011-12,M2_gbm_poisson,33.097983,3,413.666667,B,True,Forecast
21824,PAINTED METAL STAR WITH HOLLY BELLS,2011-11,2011-12,M2_gbm_poisson,152.312009,363,602.000000,B,True,Forecast
21828,EIGHT PIECE SNAKE  SET,2011-11,2011-12,M2_gbm_poisson,61.923648,85,48.333333,B,True,Forecast
21829,DINOSAUR KEYRINGS ASSORTED,2011-11,2011-12,M2_gbm_poisson,128.895275,0,448.000000,B,True,Forecast
21830,ASSORTED CREEPY CRAWLIES,2011-11,2011-12,M2_gbm_poisson,37.522124,1,98.000000,B,True,Forecast
21832,CHOCOLATE CALCULATOR,2011-11,2011-12,M2_gbm_poisson,89.826477,172,108.666667,A,True,Forecast
21833,CAMOUFLAGE LED TORCH,2011-11,2011-12,M2_gbm_poisson,200.274510,378,408.333333,A,True,Forecast
21841,BABY MOUSE RED GINGHAM DRESS,2011-11,2011-12,M2_gbm_poisson,33.818069,16,22.333333,B,True,Forecast
21843,RED RETROSPOT CAKE STAND,2011-11,2011-12,M2_gbm_poisson,193.950304,437,213.000000,A,True,Forecast
21844,RED RETROSPOT MUG,2011-11,2011-12,M2_gbm_poisson,78.083023,112,171.000000,A,True,Forecast
21845,DAIRY MAID STRIPE MUG,2011-11,2011-12,M2_gbm_poisson,80.580536,108,128.000000,B,True,Forecast
21846,PINK DIAMANTE PEN IN GIFT BOX,2011-11,2011-12,M2_gbm_poisson,30.648592,26,12.333333,A,True,Forecast
21847,GREEN  DIAMANTE PEN IN GIFT BOX,2011-11,2011-12,M2_gbm_poisson,6.356336,2,2.000000,C,True,Forecast
21849,SILVER DIAMANTE PEN IN GIFT BOX,2011-11,2011-12,M2_gbm_poisson,21.375900,16,7.000000,B,True,Forecast
21850,BLUE  DIAMANTE PEN IN GIFT BOX,2011-11,2011-12,M2_gbm_poisson,16.790278,11,5.333333,C,True,Forecast
21851,LILAC DIAMANTE PEN IN GIFT BOX,2011-11,2011-12,M2_gbm_poisson,11.010031,5,5.000000,B,True,Forecast
21864,UNION JACK FLAG PASSPORT COVER,2011-11,2011-12,M2_gbm_poisson,48.206585,26,41.666667,A,True,Forecast
21865,PINK UNION JACK  PASSPORT COVER,2011-11,2011-12,M2_gbm_poisson,30.452862,22,10.666667,B,True,Forecast
21866,UNION JACK FLAG LUGGAGE TAG,2011-11,2011-12,M2_gbm_poisson,53.828510,65,52.666667,B,True,Forecast
21867,PINK UNION JACK  LUGGAGE TAG,2011-11,2011-12,M2_gbm_poisson,42.097500,33,18.666667,B,True,Forecast
21868,POTTING SHED TEA MUG,2011-11,2011-12,M2_gbm_poisson,82.409674,137,49.333333,A,True,Forecast
21870,I CAN ONLY PLEASE ONE PERSON MUG,2011-11,2011-12,M2_gbm_poisson,2.614460,0,0.000000,A,True,Forecast
21871,SAVE THE PLANET MUG,2011-11,2011-12,M2_gbm_poisson,365.533574,747,553.000000,A,True,Forecast
21872,GLAMOROUS  MUG,2011-11,2011-12,M2_gbm_poisson,180.145482,495,269.333333,A,True,Forecast
21873,IF YOU CAN'T STAND THE HEAT MUG,2011-11,2011-12,M2_gbm_poisson,101.120167,33,244.333333,B,True,Forecast
21874,GIN AND TONIC MUG,2011-11,2011-12,M2_gbm_poisson,258.640254,661,548.333333,A,True,Forecast
21875,KINGS CHOICE MUG,2011-11,2011-12,M2_gbm_poisson,78.928854,108,72.333333,A,True,Forecast
21876,POTTERING MUG,2011-11,2011-12,M2_gbm_poisson,160.479849,245,387.333333,A,True,Forecast
21877,HOME SWEET HOME MUG,2011-11,2011-12,M2_gbm_poisson,295.222608,378,646.666667,A,True,Forecast
21878,PACK OF 6 SANDCASTLE FLAGS ASSORTED,2011-11,2011-12,M2_gbm_poisson,46.418292,40,23.000000,A,True,Forecast
21879,HEARTS GIFT TAPE,2011-11,2011-12,M2_gbm_poisson,32.690319,7,23.000000,C,True,Forecast
21880,RED RETROSPOT TAPE,2011-11,2011-12,M2_gbm_poisson,72.489853,124,177.000000,C,True,Forecast
21881,CUTE CATS TAPE,2011-11,2011-12,M2_gbm_poisson,39.873870,32,28.000000,C,True,Forecast
21882,SKULLS TAPE,2011-11,2011-12,M2_gbm_poisson,44.578111,50,32.000000,C,True,Forecast
21883,STARS GIFT TAPE,2011-11,2011-12,M2_gbm_poisson,68.910337,97,103.000000,B,True,Forecast
21884,CAKES AND BOWS GIFT  TAPE,2011-11,2011-12,M2_gbm_poisson,38.125616,28,27.666667,C,True,Forecast
21888,BINGO SET,2011-11,2011-12,M2_gbm_poisson,171.070752,306,281.000000,A,True,Forecast
21889,WOODEN BOX OF DOMINOES,2011-11,2011-12,M2_gbm_poisson,694.463037,1463,1100.000000,A,True,Forecast
21890,S/6 WOODEN SKITTLES IN COTTON BAG,2011-11,2011-12,M2_gbm_poisson,94.351140,152,116.333333,A,True,Forecast
21891,TRADITIONAL WOODEN SKIPPING ROPE,2011-11,2011-12,M2_gbm_poisson,649.807562,1422,990.333333,A,True,Forecast
21892,TRADITIONAL WOODEN CATCH CUP GAME,2011-11,2011-12,M2_gbm_poisson,271.768217,614,419.000000,A,True,Forecast
21894,POTTING SHED SEED ENVELOPES,2011-11,2011-12,M2_gbm_poisson,59.517924,70,46.333333,B,True,Forecast
21896,POTTING SHED TWINE,2011-11,2011-12,M2_gbm_poisson,34.048730,25,12.333333,A,True,Forecast
21899,"KEY FOB , GARAGE DESIGN",2011-11,2011-12,M2_gbm_poisson,102.352594,127,139.666667,A,True,Forecast
21900,"KEY FOB , SHED",2011-11,2011-12,M2_gbm_poisson,140.990262,173,185.666667,A,True,Forecast
21901,"KEY FOB , BACK DOOR",2011-11,2011-12,M2_gbm_poisson,102.352594,130,138.666667,A,True,Forecast
21902,"KEY FOB , FRONT  DOOR",2011-11,2011-12,M2_gbm_poisson,86.854006,156,134.000000,B,True,Forecast
21903,MAN FLU METAL SIGN,2011-11,2011-12,M2_gbm_poisson,66.644987,103,78.000000,A,True,Forecast
21905,MORE BUTTER METAL SIGN,2011-11,2011-12,M2_gbm_poisson,65.392542,110,86.666667,B,True,Forecast
21906,PHARMACIE FIRST AID TIN,2011-11,2011-12,M2_gbm_poisson,32.635396,18,53.333333,A,True,Forecast
21907,I'M ON HOLIDAY METAL SIGN,2011-11,2011-12,M2_gbm_poisson,108.998419,94,126.666667,A,True,Forecast
21908,CHOCOLATE THIS WAY METAL SIGN,2011-11,2011-12,M2_gbm_poisson,187.597590,248,409.666667,A,True,Forecast
21912,VINTAGE SNAKES & LADDERS,2011-11,2011-12,M2_gbm_poisson,119.039130,176,140.666667,A,True,Forecast
21913,VINTAGE SEASIDE JIGSAW PUZZLES,2011-11,2011-12,M2_gbm_poisson,44.627948,25,31.333333,A,True,Forecast
21914,BLUE HARMONICA IN BOX,2011-11,2011-12,M2_gbm_poisson,709.902140,1662,1116.666667,A,True,Forecast
21915,RED  HARMONICA IN BOX,2011-11,2011-12,M2_gbm_poisson,1659.141269,3644,3327.666667,A,True,Forecast
21916,SET 12 RETRO WHITE CHALK STICKS,2011-11,2011-12,M2_gbm_poisson,189.998079,231,393.333333,A,True,Forecast
21917,SET 12 KIDS  WHITE CHALK STICKS,2011-11,2011-12,M2_gbm_poisson,172.787791,215,473.333333,B,True,Forecast
21918,SET 12 KIDS COLOUR  CHALK STICKS,2011-11,2011-12,M2_gbm_poisson,317.172441,425,394.333333,A,True,Forecast
21922,UNION STRIPE WITH FRINGE  HAMMOCK,2011-11,2011-12,M2_gbm_poisson,19.049840,6,11.333333,A,True,Forecast
21925,UNION STRIPE CUSHION COVER,2011-11,2011-12,M2_gbm_poisson,17.189264,1,12.666667,B,True,Forecast
21926,RED/CREAM STRIPE CUSHION COVER,2011-11,2011-12,M2_gbm_poisson,39.923415,25,32.000000,B,True,Forecast
21927,BLUE/CREAM STRIPE CUSHION COVER,2011-11,2011-12,M2_gbm_poisson,44.139699,39,53.000000,B,True,Forecast
21928,JUMBO BAG SCANDINAVIAN PAISLEY,2011-11,2011-12,M2_gbm_poisson,404.989927,765,803.666667,A,True,Forecast
21929,JUMBO BAG PINK VINTAGE PAISLEY,2011-11,2011-12,M2_gbm_poisson,380.668235,716,759.666667,A,True,Forecast
21930,JUMBO STORAGE BAG SKULLS,2011-11,2011-12,M2_gbm_poisson,327.668304,617,694.666667,A,True,Forecast
21931,JUMBO STORAGE BAG SUKI,2011-11,2011-12,M2_gbm_poisson,854.260747,1177,1249.000000,A,True,Forecast
21932,SCANDINAVIAN PAISLEY PICNIC BAG,2011-11,2011-12,M2_gbm_poisson,145.360249,182,128.000000,A,True,Forecast
21933,PINK VINTAGE PAISLEY PICNIC BAG,2011-11,2011-12,M2_gbm_poisson,126.967803,131,103.666667,A,True,Forecast
21934,SKULL SHOULDER BAG,2011-11,2011-12,M2_gbm_poisson,231.590677,492,288.000000,A,True,Forecast
21935,SUKI  SHOULDER BAG,2011-11,2011-12,M2_gbm_poisson,259.042796,546,372.666667,A,True,Forecast
21936,RED RETROSPOT PICNIC BAG,2011-11,2011-12,M2_gbm_poisson,72.438558,45,92.000000,A,True,Forecast
21937,STRAWBERRY   PICNIC BAG,2011-11,2011-12,M2_gbm_poisson,5.265464,1,0.333333,A,True,Forecast
21942,SKULLS DESIGN FLANNEL,2011-11,2011-12,M2_gbm_poisson,54.505000,83,40.333333,B,True,Forecast
21943,CAKES AND RABBITS DESIGN FLANNEL,2011-11,2011-12,M2_gbm_poisson,22.395186,6,9.000000,C,True,Forecast
21944,KITTENS DESIGN FLANNEL,2011-11,2011-12,M2_gbm_poisson,53.366796,72,32.000000,C,True,Forecast
21945,STRAWBERRIES  DESIGN FLANNEL,2011-11,2011-12,M2_gbm_poisson,60.787318,80,53.000000,B,True,Forecast
21946,PARTY TIME DESIGN FLANNEL,2011-11,2011-12,M2_gbm_poisson,13.458412,3,5.666667,C,True,Forecast
21947,SET OF 6 HEART CHOPSTICKS,2011-11,2011-12,M2_gbm_poisson,56.136178,60,49.666667,B,True,Forecast
21948,SET OF 6 CAKE CHOPSTICKS,2011-11,2011-12,M2_gbm_poisson,51.329348,48,36.666667,B,True,Forecast
21949,SET OF 6 STRAWBERRY CHOPSTICKS,2011-11,2011-12,M2_gbm_poisson,52.599482,52,42.333333,B,True,Forecast
21955,DOORMAT UNION JACK GUNS AND ROSES,2011-11,2011-12,M2_gbm_poisson,40.972204,27,58.000000,A,True,Forecast
21967,PACK OF 12 SKULL TISSUES,2011-11,2011-12,M2_gbm_poisson,150.444929,277,328.333333,A,True,Forecast
21972,SET OF 36 DINOSAUR PAPER DOILIES,2011-11,2011-12,M2_gbm_poisson,47.606956,57,29.333333,B,True,Forecast
21973,SET OF 36 MUSHROOM PAPER DOILIES,2011-11,2011-12,M2_gbm_poisson,19.287069,5,8.666667,B,True,Forecast
21974,SET OF 36 PAISLEY FLOWER DOILIES,2011-11,2011-12,M2_gbm_poisson,165.627009,276,269.333333,A,True,Forecast
21975,PACK OF 60 DINOSAUR CAKE CASES,2011-11,2011-12,M2_gbm_poisson,499.839666,756,1040.333333,A,True,Forecast
21976,PACK OF 60 MUSHROOM CAKE CASES,2011-11,2011-12,M2_gbm_poisson,269.683479,271,353.000000,A,True,Forecast
21977,PACK OF 60 PINK PAISLEY CAKE CASES,2011-11,2011-12,M2_gbm_poisson,979.569205,1426,1700.000000,A,True,Forecast
21980,PACK OF 12 RED RETROSPOT TISSUES,2011-11,2011-12,M2_gbm_poisson,253.903166,326,622.000000,A,True,Forecast
21981,PACK OF 12 WOODLAND TISSUES,2011-11,2011-12,M2_gbm_poisson,159.299627,252,329.333333,A,True,Forecast
21982,PACK OF 12 SUKI TISSUES,2011-11,2011-12,M2_gbm_poisson,325.847520,924,552.000000,A,True,Forecast
21983,PACK OF 12 BLUE PAISLEY TISSUES,2011-11,2011-12,M2_gbm_poisson,99.446174,177,240.000000,B,True,Forecast
21984,PACK OF 12 PINK PAISLEY TISSUES,2011-11,2011-12,M2_gbm_poisson,130.065197,142,301.333333,A,True,Forecast
21985,PACK OF 12 HEARTS DESIGN TISSUES,2011-11,2011-12,M2_gbm_poisson,298.457914,500,639.666667,A,True,Forecast
21986,PACK OF 12 PINK POLKADOT TISSUES,2011-11,2011-12,M2_gbm_poisson,109.775335,144,233.666667,A,True,Forecast
21987,PACK OF 6 SKULL PAPER CUPS,2011-11,2011-12,M2_gbm_poisson,111.084132,381,235.333333,B,True,Forecast
21988,PACK OF 6 SKULL PAPER PLATES,2011-11,2011-12,M2_gbm_poisson,116.773093,337,209.666667,A,True,Forecast
21989,PACK OF 20 SKULL PAPER NAPKINS,2011-11,2011-12,M2_gbm_poisson,118.047864,193,177.000000,A,True,Forecast
21990,MODERN FLORAL STATIONERY SET,2011-11,2011-12,M2_gbm_poisson,189.326277,342,250.666667,B,True,Forecast
21991,BOHEMIAN COLLAGE STATIONERY SET,2011-11,2011-12,M2_gbm_poisson,73.697982,126,75.333333,B,True,Forecast
21992,VINTAGE PAISLEY STATIONERY SET,2011-11,2011-12,M2_gbm_poisson,143.058344,153,277.333333,A,True,Forecast
21993,FLORAL FOLK STATIONERY SET,2011-11,2011-12,M2_gbm_poisson,213.495139,435,277.333333,B,True,Forecast
22016,Dotcomgiftshop Gift Voucher £100.00,2011-11,2011-12,M2_gbm_poisson,4.285763,0,0.000000,C,True,Forecast
22023,EMPIRE BIRTHDAY CARD,2011-11,2011-12,M2_gbm_poisson,68.801441,129,91.000000,B,True,Forecast
22024,RAINY LADIES BIRTHDAY CARD,2011-11,2011-12,M2_gbm_poisson,86.153630,203,201.333333,B,True,Forecast
22025,RING OF ROSES BIRTHDAY CARD,2011-11,2011-12,M2_gbm_poisson,76.748328,109,145.000000,B,True,Forecast
22026,BANQUET BIRTHDAY  CARD,2011-11,2011-12,M2_gbm_poisson,81.831971,143,135.666667,B,True,Forecast
22027,TEA PARTY BIRTHDAY CARD,2011-11,2011-12,M2_gbm_poisson,222.223551,477,460.000000,A,True,Forecast
22028,PENNY FARTHING BIRTHDAY CARD,2011-11,2011-12,M2_gbm_poisson,167.148235,406,303.000000,B,True,Forecast
22029,SPACEBOY BIRTHDAY CARD,2011-11,2011-12,M2_gbm_poisson,304.955655,676,776.666667,A,True,Forecast
22030,SWALLOWS GREETING CARD,2011-11,2011-12,M2_gbm_poisson,523.983710,1010,421.666667,A,True,Forecast
22031,BOTANICAL LAVENDER BIRTHDAY CARD,2011-11,2011-12,M2_gbm_poisson,45.529387,51,29.666667,C,True,Forecast
22032,BOTANICAL LILY GREETING CARD,2011-11,2011-12,M2_gbm_poisson,51.418295,50,41.000000,C,True,Forecast
22033,BOTANICAL ROSE GREETING CARD,2011-11,2011-12,M2_gbm_poisson,6.306988,1,0.333333,C,True,Forecast
22034,ROBIN CHRISTMAS CARD,2011-11,2011-12,M2_gbm_poisson,6.978807,2,0.666667,C,True,Forecast
22035,VINTAGE CARAVAN GREETING CARD,2011-11,2011-12,M2_gbm_poisson,14.296236,0,30.666667,B,True,Forecast
22037,ROBOT BIRTHDAY CARD,2011-11,2011-12,M2_gbm_poisson,202.865840,310,350.666667,B,True,Forecast
22038,BOTANICAL LAVENDER GIFT WRAP,2011-11,2011-12,M2_gbm_poisson,42.243701,50,41.666667,C,True,Forecast
22039,BOTANICAL LILY GIFT WRAP,2011-11,2011-12,M2_gbm_poisson,16.497899,0,58.333333,C,True,Forecast
22040,BOTANICAL ROSE GIFT WRAP,2011-11,2011-12,M2_gbm_poisson,50.661470,50,41.666667,B,True,Forecast
22041,"RECORD FRAME 7"" SINGLE SIZE",2011-11,2011-12,M2_gbm_poisson,291.459140,644,493.333333,A,True,Forecast
22042,CHRISTMAS CARD SINGING ANGEL,2011-11,2011-12,M2_gbm_poisson,57.249106,73,60.333333,C,True,Forecast
22043,CHRISTMAS CARD SCREEN PRINT,2011-11,2011-12,M2_gbm_poisson,133.295872,434,348.000000,C,True,Forecast
22044,CHRISTMAS CARD STACK OF PRESENTS,2011-11,2011-12,M2_gbm_poisson,65.330311,36,216.000000,C,True,Forecast
22045,SPACEBOY GIFT WRAP,2011-11,2011-12,M2_gbm_poisson,260.294668,875,816.666667,A,True,Forecast
22046,TEA PARTY  WRAPPING PAPER,2011-11,2011-12,M2_gbm_poisson,95.059192,275,216.666667,B,True,Forecast
22047,EMPIRE GIFT WRAP,2011-11,2011-12,M2_gbm_poisson,150.498408,500,358.333333,B,True,Forecast
22048,BIRTHDAY BANQUET GIFT WRAP,2011-11,2011-12,M2_gbm_poisson,56.692176,75,83.333333,B,True,Forecast
22049,WRAP CHRISTMAS SCREEN PRINT,2011-11,2011-12,M2_gbm_poisson,28.634485,0,225.000000,C,True,Forecast
22050,PINK PAISLEY ROSE GIFT WRAP,2011-11,2011-12,M2_gbm_poisson,64.248664,50,100.000000,B,True,Forecast
22051,BLUE SCANDINAVIAN PAISLEY WRAP,2011-11,2011-12,M2_gbm_poisson,59.100959,125,75.000000,B,True,Forecast
22052,VINTAGE CARAVAN GIFT WRAP,2011-11,2011-12,M2_gbm_poisson,2.062682,0,0.000000,B,True,Forecast
22053,EMPIRE DESIGN ROSETTE,2011-11,2011-12,M2_gbm_poisson,22.112021,11,10.333333,A,True,Forecast
22055,MINI CAKE STAND  HANGING STRAWBERY,2011-11,2011-12,M2_gbm_poisson,57.695268,82,81.333333,A,True,Forecast
22057,CERAMIC PLATE STRAWBERRY DESIGN,2011-11,2011-12,M2_gbm_poisson,58.033693,67,37.000000,A,True,Forecast
22059,CERAMIC STRAWBERRY DESIGN MUG,2011-11,2011-12,M2_gbm_poisson,73.021923,135,65.666667,A,True,Forecast
22061,LARGE CAKE STAND  HANGING STRAWBERY,2011-11,2011-12,M2_gbm_poisson,41.050413,45,24.333333,A,True,Forecast
22062,CERAMIC BOWL WITH LOVE HEART DESIGN,2011-11,2011-12,M2_gbm_poisson,18.560224,0,34.666667,B,True,Forecast
22063,CERAMIC BOWL WITH STRAWBERRY DESIGN,2011-11,2011-12,M2_gbm_poisson,35.338043,26,14.666667,A,True,Forecast
22064,PINK DOUGHNUT TRINKET POT,2011-11,2011-12,M2_gbm_poisson,100.576871,232,122.000000,A,True,Forecast
22065,CHRISTMAS PUDDING TRINKET POT,2011-11,2011-12,M2_gbm_poisson,822.047848,1804,1984.333333,B,True,Forecast
22066,LOVE HEART TRINKET POT,2011-11,2011-12,M2_gbm_poisson,124.269017,401,273.666667,B,True,Forecast
22067,CHOC TRUFFLE GOLD TRINKET POT,2011-11,2011-12,M2_gbm_poisson,45.074268,52,30.000000,B,True,Forecast
22068,BLACK PIRATE TREASURE CHEST,2011-11,2011-12,M2_gbm_poisson,56.289352,56,54.000000,B,True,Forecast
22069,BROWN  PIRATE TREASURE CHEST,2011-11,2011-12,M2_gbm_poisson,63.160007,75,46.000000,B,True,Forecast
22070,SMALL RED RETROSPOT MUG IN BOX,2011-11,2011-12,M2_gbm_poisson,217.518868,529,213.666667,A,True,Forecast
22071,SMALL WHITE RETROSPOT MUG IN BOX,2011-11,2011-12,M2_gbm_poisson,185.148810,507,200.333333,A,True,Forecast
22072,RED RETROSPOT TEA CUP AND SAUCER,2011-11,2011-12,M2_gbm_poisson,46.962896,40,31.333333,A,True,Forecast
22074,6 RIBBONS SHIMMERING PINKS,2011-11,2011-12,M2_gbm_poisson,69.024248,79,75.000000,B,True,Forecast
22075,6 RIBBONS ELEGANT CHRISTMAS,2011-11,2011-12,M2_gbm_poisson,164.349305,343,229.000000,B,True,Forecast
22076,6 RIBBONS EMPIRE,2011-11,2011-12,M2_gbm_poisson,88.869929,152,135.000000,B,True,Forecast
22077,6 RIBBONS RUSTIC CHARM,2011-11,2011-12,M2_gbm_poisson,668.498939,1177,1166.333333,A,True,Forecast
22078,RIBBON REEL LACE DESIGN,2011-11,2011-12,M2_gbm_poisson,104.377701,213,161.666667,A,True,Forecast
22079,RIBBON REEL HEARTS DESIGN,2011-11,2011-12,M2_gbm_poisson,113.795775,172,195.333333,A,True,Forecast
22080,RIBBON REEL SPOTS DESIGN,2011-11,2011-12,M2_gbm_poisson,120.859595,215,203.666667,A,True,Forecast
22081,RIBBON REEL FLORA + FAUNA,2011-11,2011-12,M2_gbm_poisson,63.368610,69,77.000000,B,True,Forecast
22082,RIBBON REEL STRIPES DESIGN,2011-11,2011-12,M2_gbm_poisson,194.350735,394,324.000000,A,True,Forecast
22083,PAPER CHAIN KIT RETROSPOT,2011-11,2011-12,M2_gbm_poisson,294.506489,653,462.000000,A,True,Forecast
22084,PAPER CHAIN KIT EMPIRE,2011-11,2011-12,M2_gbm_poisson,8.325591,0,3.666667,A,True,Forecast
22085,PAPER CHAIN KIT SKULLS,2011-11,2011-12,M2_gbm_poisson,39.076099,28,32.333333,A,True,Forecast
22086,PAPER CHAIN KIT 50'S CHRISTMAS,2011-11,2011-12,M2_gbm_poisson,1967.639643,7898,4475.666667,A,True,Forecast
22087,PAPER BUNTING WHITE LACE,2011-11,2011-12,M2_gbm_poisson,367.644615,580,193.333333,A,True,Forecast
22088,PAPER BUNTING COLOURED LACE,2011-11,2011-12,M2_gbm_poisson,2.502422,0,0.000000,A,True,Forecast
22089,PAPER BUNTING VINTAGE PAISLEY,2011-11,2011-12,M2_gbm_poisson,65.781021,111,76.666667,A,True,Forecast
22090,PAPER BUNTING RETROSPOT,2011-11,2011-12,M2_gbm_poisson,307.084136,327,313.666667,A,True,Forecast
22091,EMPIRE TISSUE BOX,2011-11,2011-12,M2_gbm_poisson,194.555307,338,377.333333,B,True,Forecast
22092,BLUE PAISLEY TISSUE BOX,2011-11,2011-12,M2_gbm_poisson,71.477939,155,130.000000,C,True,Forecast
22093,MOTORING TISSUE BOX,2011-11,2011-12,M2_gbm_poisson,171.179941,287,349.333333,C,True,Forecast
22094,RED RETROSPOT TISSUE BOX,2011-11,2011-12,M2_gbm_poisson,223.419913,525,422.000000,B,True,Forecast
22095,LADS ONLY TISSUE BOX,2011-11,2011-12,M2_gbm_poisson,184.436193,409,258.666667,B,True,Forecast
22096,PINK PAISLEY SQUARE TISSUE BOX,2011-11,2011-12,M2_gbm_poisson,85.485656,168,306.666667,C,True,Forecast
22097,SWALLOW SQUARE TISSUE BOX,2011-11,2011-12,M2_gbm_poisson,132.779193,147,256.666667,C,True,Forecast
22098,BOUDOIR SQUARE TISSUE BOX,2011-11,2011-12,M2_gbm_poisson,145.845104,226,435.333333,B,True,Forecast
22099,CARAVAN SQUARE TISSUE BOX,2011-11,2011-12,M2_gbm_poisson,110.252973,124,245.666667,B,True,Forecast
22100,SKULLS SQUARE TISSUE BOX,2011-11,2011-12,M2_gbm_poisson,71.716059,195,117.000000,C,True,Forecast
22101,MIRROR MOSAIC VOTIVE HOLDER,2011-11,2011-12,M2_gbm_poisson,77.265107,102,287.666667,B,True,Forecast
22102,MIRROR MOSAIC T-LIGHT HOLDER,2011-11,2011-12,M2_gbm_poisson,44.485558,22,510.000000,C,True,Forecast
22103,MIRROR MOSAIC T-LIGHT HOLDER ROUND,2011-11,2011-12,M2_gbm_poisson,29.212473,0,330.666667,B,True,Forecast
22104,MIRROR MOSAIC CANDLE PLATE,2011-11,2011-12,M2_gbm_poisson,41.136660,22,29.333333,C,True,Forecast
22105,MIRROR MOSAIC GOBLET CANDLE HOLDER,2011-11,2011-12,M2_gbm_poisson,27.250072,4,166.333333,C,True,Forecast
22106,MIRROR MOSAIC HURRICANE LAMP,2011-11,2011-12,M2_gbm_poisson,29.769212,14,91.000000,B,True,Forecast
22107,PIZZA PLATE IN BOX,2011-11,2011-12,M2_gbm_poisson,90.563880,162,96.333333,A,True,Forecast
22108,PING! MICROWAVE PLATE,2011-11,2011-12,M2_gbm_poisson,33.352953,27,16.000000,C,True,Forecast
22109,FULL ENGLISH BREAKFAST PLATE,2011-11,2011-12,M2_gbm_poisson,113.754851,248,176.666667,A,True,Forecast
22110,BIRD HOUSE HOT WATER BOTTLE,2011-11,2011-12,M2_gbm_poisson,135.214941,277,162.666667,A,True,Forecast
22111,SCOTTIE DOG HOT WATER BOTTLE,2011-11,2011-12,M2_gbm_poisson,650.674338,982,837.000000,A,True,Forecast
22112,CHOCOLATE HOT WATER BOTTLE,2011-11,2011-12,M2_gbm_poisson,831.589660,1600,1063.666667,A,True,Forecast
22113,GREY HEART HOT WATER BOTTLE,2011-11,2011-12,M2_gbm_poisson,347.465517,681,563.000000,A,True,Forecast
22114,HOT WATER BOTTLE TEA AND SYMPATHY,2011-11,2011-12,M2_gbm_poisson,884.664479,1815,1276.333333,A,True,Forecast
22115,METAL SIGN EMPIRE TEA,2011-11,2011-12,M2_gbm_poisson,138.209316,204,233.333333,A,True,Forecast
22116,METAL SIGN HIS DINNER IS SERVED,2011-11,2011-12,M2_gbm_poisson,72.407421,93,75.000000,C,True,Forecast
22117,METAL SIGN HER DINNER IS SERVED,2011-11,2011-12,M2_gbm_poisson,28.429529,12,270.666667,B,True,Forecast
22118,JOY WOODEN BLOCK LETTERS,2011-11,2011-12,M2_gbm_poisson,37.555523,31,29.000000,B,True,Forecast
22119,PEACE WOODEN BLOCK LETTERS,2011-11,2011-12,M2_gbm_poisson,42.837224,30,31.000000,A,True,Forecast
22120,WELCOME  WOODEN BLOCK LETTERS,2011-11,2011-12,M2_gbm_poisson,51.618283,80,44.666667,A,True,Forecast
22121,NOEL WOODEN BLOCK LETTERS,2011-11,2011-12,M2_gbm_poisson,65.140224,87,57.333333,A,True,Forecast
22123,PING MICROWAVE APRON,2011-11,2011-12,M2_gbm_poisson,53.097489,54,50.666667,B,True,Forecast
22124,SET OF 2 TEA TOWELS PING MICROWAVE,2011-11,2011-12,M2_gbm_poisson,21.762595,14,13.000000,C,True,Forecast
22125,UNION JACK HOT WATER BOTTLE,2011-11,2011-12,M2_gbm_poisson,16.164527,12,4.000000,A,True,Forecast
22128,PARTY CONES CANDY ASSORTED,2011-11,2011-12,M2_gbm_poisson,60.730156,133,202.333333,A,True,Forecast
22129,PARTY CONES CANDY TREE DECORATION,2011-11,2011-12,M2_gbm_poisson,139.556409,295,140.666667,B,True,Forecast
22130,PARTY CONE CHRISTMAS DECORATION,2011-11,2011-12,M2_gbm_poisson,333.319937,960,526.000000,A,True,Forecast
22131,FOOD CONTAINER SET 3 LOVE HEART,2011-11,2011-12,M2_gbm_poisson,102.194418,201,197.000000,A,True,Forecast
22132,RED LOVE HEART SHAPE CUP,2011-11,2011-12,M2_gbm_poisson,70.045294,153,107.666667,B,True,Forecast
22133,PINK LOVE HEART SHAPE CUP,2011-11,2011-12,M2_gbm_poisson,56.086336,37,80.333333,B,True,Forecast
22134,MINI LADLE LOVE HEART RED,2011-11,2011-12,M2_gbm_poisson,59.084876,59,38.000000,C,True,Forecast
22135,MINI LADLE LOVE HEART PINK,2011-11,2011-12,M2_gbm_poisson,54.822125,65,53.333333,C,True,Forecast
22136,LOVE HEART SOCK HANGER,2011-11,2011-12,M2_gbm_poisson,8.900296,0,6.666667,B,True,Forecast
22137,BATHROOM SET LOVE HEART DESIGN,2011-11,2011-12,M2_gbm_poisson,2.614460,0,0.000000,B,True,Forecast
22138,BAKING SET 9 PIECE RETROSPOT,2011-11,2011-12,M2_gbm_poisson,681.601926,1145,854.666667,A,True,Forecast
22139,RETROSPOT TEA SET CERAMIC 11 PC,2011-11,2011-12,M2_gbm_poisson,503.349618,830,589.333333,A,True,Forecast
22141,CHRISTMAS CRAFT TREE TOP ANGEL,2011-11,2011-12,M2_gbm_poisson,486.010137,969,712.333333,B,True,Forecast
22142,CHRISTMAS CRAFT WHITE FAIRY,2011-11,2011-12,M2_gbm_poisson,433.819074,888,916.333333,B,True,Forecast
22144,CHRISTMAS CRAFT LITTLE FRIENDS,2011-11,2011-12,M2_gbm_poisson,748.969587,1428,1027.000000,A,True,Forecast
22147,FELTCRAFT BUTTERFLY HEARTS,2011-11,2011-12,M2_gbm_poisson,157.576342,72,981.000000,A,True,Forecast
22148,EASTER CRAFT 4 CHICKS,2011-11,2011-12,M2_gbm_poisson,24.371813,15,10.333333,A,True,Forecast
22149,FELTCRAFT 6 FLOWER FRIENDS,2011-11,2011-12,M2_gbm_poisson,257.872272,40,788.000000,A,True,Forecast
22150,3 STRIPEY MICE FELTCRAFT,2011-11,2011-12,M2_gbm_poisson,219.199296,419,331.333333,A,True,Forecast
22151,PLACE SETTING WHITE HEART,2011-11,2011-12,M2_gbm_poisson,408.006271,687,785.000000,A,True,Forecast
22152,PLACE SETTING WHITE STAR,2011-11,2011-12,M2_gbm_poisson,249.127653,931,487.333333,B,True,Forecast
22153,ANGEL DECORATION STARS ON DRESS,2011-11,2011-12,M2_gbm_poisson,301.031341,814,595.333333,B,True,Forecast
22154,ANGEL DECORATION 3 BUTTONS,2011-11,2011-12,M2_gbm_poisson,392.227450,1083,674.666667,B,True,Forecast
22155,STAR DECORATION RUSTIC,2011-11,2011-12,M2_gbm_poisson,333.706649,846,566.666667,B,True,Forecast
22156,HEART DECORATION WITH PEARLS,2011-11,2011-12,M2_gbm_poisson,150.077137,263,198.333333,A,True,Forecast
22157,ANGEL DECORATION WITH LACE PADDED,2011-11,2011-12,M2_gbm_poisson,3.637277,0,0.000000,B,True,Forecast
22158,3 HEARTS HANGING DECORATION RUSTIC,2011-11,2011-12,M2_gbm_poisson,625.564173,1295,762.000000,A,True,Forecast
22161,HEART DECORATION RUSTIC HANGING,2011-11,2011-12,M2_gbm_poisson,325.439261,626,821.000000,B,True,Forecast
22162,HEART GARLAND RUSTIC PADDED,2011-11,2011-12,M2_gbm_poisson,35.657517,34,12.666667,A,True,Forecast
22163,HEART STRING MEMO HOLDER HANGING,2011-11,2011-12,M2_gbm_poisson,176.923535,393,253.666667,B,True,Forecast
22164,STRING OF STARS CARD HOLDER,2011-11,2011-12,M2_gbm_poisson,36.882278,37,16.333333,C,True,Forecast
22165,"DIAMANTE HEART SHAPED WALL MIRROR,",2011-11,2011-12,M2_gbm_poisson,32.171266,22,18.000000,A,True,Forecast
22166,WALL MIRROR RECTANGLE DIAMANTE PINK,2011-11,2011-12,M2_gbm_poisson,15.785943,11,9.000000,B,True,Forecast
22167,OVAL WALL MIRROR DIAMANTE,2011-11,2011-12,M2_gbm_poisson,26.997811,20,12.000000,A,True,Forecast
22169,FAMILY ALBUM WHITE PICTURE FRAME,2011-11,2011-12,M2_gbm_poisson,77.143924,123,152.666667,A,True,Forecast
22170,PICTURE FRAME WOOD TRIPLE PORTRAIT,2011-11,2011-12,M2_gbm_poisson,76.533024,110,117.333333,A,True,Forecast
22171,3 HOOK PHOTO SHELF ANTIQUE WHITE,2011-11,2011-12,M2_gbm_poisson,67.207462,101,46.666667,A,True,Forecast
22173,METAL 4 HOOK HANGER FRENCH CHATEAU,2011-11,2011-12,M2_gbm_poisson,175.377425,319,221.333333,A,True,Forecast
22174,PHOTO CUBE,2011-11,2011-12,M2_gbm_poisson,197.559599,417,275.333333,A,True,Forecast
22175,PINK OWL SOFT TOY,2011-11,2011-12,M2_gbm_poisson,141.396002,292,161.666667,A,True,Forecast
22176,BLUE OWL SOFT TOY,2011-11,2011-12,M2_gbm_poisson,24.859201,0,64.000000,B,True,Forecast
22178,VICTORIAN GLASS HANGING T-LIGHT,2011-11,2011-12,M2_gbm_poisson,1027.950640,1806,2125.333333,A,True,Forecast
22179,SET 10 LIGHTS NIGHT OWL,2011-11,2011-12,M2_gbm_poisson,79.463900,138,104.666667,A,True,Forecast
22180,RETROSPOT LAMP,2011-11,2011-12,M2_gbm_poisson,14.428641,1,26.000000,A,True,Forecast
22181,SNOWSTORM PHOTO FRAME FRIDGE MAGNET,2011-11,2011-12,M2_gbm_poisson,65.664403,137,76.000000,B,True,Forecast
22182,CAKE STAND VICTORIAN FILIGREE SMALL,2011-11,2011-12,M2_gbm_poisson,30.992200,18,23.000000,B,True,Forecast
22183,CAKE STAND VICTORIAN FILIGREE MED,2011-11,2011-12,M2_gbm_poisson,3.978728,1,0.333333,A,True,Forecast
22185,SLATE TILE NATURAL HANGING,2011-11,2011-12,M2_gbm_poisson,89.123813,197,134.000000,A,True,Forecast
22186,RED STAR CARD HOLDER,2011-11,2011-12,M2_gbm_poisson,149.634490,288,252.333333,A,True,Forecast
22187,GREEN CHRISTMAS TREE CARD HOLDER,2011-11,2011-12,M2_gbm_poisson,264.721377,565,382.000000,A,True,Forecast
22188,BLACK HEART CARD HOLDER,2011-11,2011-12,M2_gbm_poisson,136.732229,232,251.000000,A,True,Forecast
22189,CREAM HEART CARD HOLDER,2011-11,2011-12,M2_gbm_poisson,282.788267,458,523.666667,A,True,Forecast
22190,LOCAL CAFE MUG,2011-11,2011-12,M2_gbm_poisson,48.397076,55,40.333333,B,True,Forecast
22191,IVORY DINER WALL CLOCK,2011-11,2011-12,M2_gbm_poisson,77.483183,98,114.000000,A,True,Forecast
22192,BLUE DINER WALL CLOCK,2011-11,2011-12,M2_gbm_poisson,73.447014,71,92.333333,A,True,Forecast
22193,RED DINER WALL CLOCK,2011-11,2011-12,M2_gbm_poisson,77.958225,116,201.666667,A,True,Forecast
22194,BLACK DINER WALL CLOCK,2011-11,2011-12,M2_gbm_poisson,2.391857,0,0.000000,B,True,Forecast
22195,LARGE HEART MEASURING SPOONS,2011-11,2011-12,M2_gbm_poisson,158.957355,294,216.000000,A,True,Forecast
22196,SMALL HEART MEASURING SPOONS,2011-11,2011-12,M2_gbm_poisson,196.388914,423,337.666667,A,True,Forecast
22197,SMALL POPCORN HOLDER,2011-11,2011-12,M2_gbm_poisson,2275.858765,12452,7517.000000,A,True,Forecast
22199,FRYING PAN RED RETROSPOT,2011-11,2011-12,M2_gbm_poisson,39.941111,35,33.000000,A,True,Forecast
22200,FRYING PAN PINK POLKADOT,2011-11,2011-12,M2_gbm_poisson,39.950289,34,37.333333,A,True,Forecast
22201,FRYING PAN BLUE POLKADOT,2011-11,2011-12,M2_gbm_poisson,19.296723,9,13.000000,B,True,Forecast
22203,MILK PAN RED RETROSPOT,2011-11,2011-12,M2_gbm_poisson,40.346842,33,24.000000,A,True,Forecast
22204,MILK PAN BLUE POLKADOT,2011-11,2011-12,M2_gbm_poisson,13.744887,4,6.333333,B,True,Forecast
22206,"MUG , DOTCOMGIFTSHOP.COM",2011-11,2011-12,M2_gbm_poisson,5.342957,1,0.333333,C,True,Forecast
22207,FRYING PAN UNION FLAG,2011-11,2011-12,M2_gbm_poisson,102.077781,188,158.666667,A,True,Forecast
22208,WOOD STAMP SET THANK YOU,2011-11,2011-12,M2_gbm_poisson,177.774579,367,209.333333,B,True,Forecast
22209,WOOD STAMP SET HAPPY BIRTHDAY,2011-11,2011-12,M2_gbm_poisson,74.143637,88,84.000000,B,True,Forecast
22210,WOOD STAMP SET BEST WISHES,2011-11,2011-12,M2_gbm_poisson,92.782240,155,183.666667,B,True,Forecast
22211,WOOD STAMP SET FLOWERS,2011-11,2011-12,M2_gbm_poisson,95.373092,202,131.333333,B,True,Forecast
22212,FOUR HOOK  WHITE LOVEBIRDS,2011-11,2011-12,M2_gbm_poisson,85.315956,130,109.000000,A,True,Forecast
22214,CANDLE PLATE LACE WHITE,2011-11,2011-12,M2_gbm_poisson,8.632509,2,2.666667,B,True,Forecast
22215,CAKE STAND WHITE TWO TIER LACE,2011-11,2011-12,M2_gbm_poisson,21.161883,11,24.000000,A,True,Forecast
22216,T-LIGHT HOLDER WHITE LACE,2011-11,2011-12,M2_gbm_poisson,30.057686,16,16.000000,B,True,Forecast
22217,T-LIGHT HOLDER HANGING LACE,2011-11,2011-12,M2_gbm_poisson,55.645158,93,45.333333,B,True,Forecast
22219,LOVEBIRD HANGING DECORATION WHITE,2011-11,2011-12,M2_gbm_poisson,274.023057,683,395.000000,A,True,Forecast
22220,CAKE STAND LOVEBIRD 2 TIER WHITE,2011-11,2011-12,M2_gbm_poisson,31.665552,27,16.000000,A,True,Forecast
22221,CAKE STAND LOVEBIRD 2 TIER PINK,2011-11,2011-12,M2_gbm_poisson,13.544348,6,6.333333,A,True,Forecast
22222,CAKE PLATE LOVEBIRD WHITE,2011-11,2011-12,M2_gbm_poisson,53.105980,41,38.333333,A,True,Forecast
22223,CAKE PLATE LOVEBIRD PINK,2011-11,2011-12,M2_gbm_poisson,15.978221,9,7.666667,B,True,Forecast
22224,WHITE LOVEBIRD LANTERN,2011-11,2011-12,M2_gbm_poisson,57.483852,77,54.666667,A,True,Forecast
22227,HANGING HEART MIRROR DECORATION,2011-11,2011-12,M2_gbm_poisson,103.792773,233,178.666667,A,True,Forecast
22228,BUNNY WOODEN PAINTED WITH BIRD,2011-11,2011-12,M2_gbm_poisson,57.246869,33,54.666667,B,True,Forecast
22229,BUNNY WOODEN PAINTED WITH FLOWER,2011-11,2011-12,M2_gbm_poisson,43.263178,8,35.333333,C,True,Forecast
22230,JIGSAW TREE WITH WATERING CAN,2011-11,2011-12,M2_gbm_poisson,99.090719,71,146.333333,C,True,Forecast
22231,JIGSAW TREE WITH BIRDHOUSE,2011-11,2011-12,M2_gbm_poisson,56.525690,59,57.333333,B,True,Forecast
22232,JIGSAW TOADSTOOLS 3 PIECE,2011-11,2011-12,M2_gbm_poisson,56.173736,58,68.000000,B,True,Forecast
22233,JIGSAW RABBIT AND BIRDHOUSE,2011-11,2011-12,M2_gbm_poisson,48.759559,19,52.000000,B,True,Forecast
22236,CAKE STAND 3 TIER MAGIC GARDEN,2011-11,2011-12,M2_gbm_poisson,39.915134,46,21.666667,A,True,Forecast
22241,GARLAND WOODEN HAPPY EASTER,2011-11,2011-12,M2_gbm_poisson,23.110034,15,8.666667,A,True,Forecast
22243,5 HOOK HANGER RED MAGIC TOADSTOOL,2011-11,2011-12,M2_gbm_poisson,34.921908,27,16.333333,A,True,Forecast
22244,3 HOOK HANGER MAGIC GARDEN,2011-11,2011-12,M2_gbm_poisson,10.526462,0,46.333333,A,True,Forecast
22245,"HOOK, 1 HANGER ,MAGIC GARDEN",2011-11,2011-12,M2_gbm_poisson,3.694567,0,0.333333,A,True,Forecast
22246,"GARLAND, MAGIC GARDEN 1.8M",2011-11,2011-12,M2_gbm_poisson,53.750863,53,29.000000,B,True,Forecast
22247,BUNNY DECORATION MAGIC GARDEN,2011-11,2011-12,M2_gbm_poisson,8.169621,4,1.666667,B,True,Forecast
22248,DECORATION  PINK CHICK MAGIC GARDEN,2011-11,2011-12,M2_gbm_poisson,28.587808,17,11.666667,C,True,Forecast
22249,DECORATION WHITE CHICK MAGIC GARDEN,2011-11,2011-12,M2_gbm_poisson,14.468449,6,2.333333,B,True,Forecast
22250,DECORATION  BUTTERFLY  MAGIC GARDEN,2011-11,2011-12,M2_gbm_poisson,14.036947,7,4.000000,B,True,Forecast
22251,BIRDHOUSE DECORATION MAGIC GARDEN,2011-11,2011-12,M2_gbm_poisson,32.804491,23,9.666667,B,True,Forecast
22252,BIRDCAGE DECORATION TEALIGHT HOLDER,2011-11,2011-12,M2_gbm_poisson,57.822863,82,59.666667,C,True,Forecast
22254,FELT TOADSTOOL LARGE,2011-11,2011-12,M2_gbm_poisson,35.589794,30,16.333333,B,True,Forecast
22255,FELT TOADSTOOL  SMALL,2011-11,2011-12,M2_gbm_poisson,57.767054,100,52.666667,B,True,Forecast
22256,FELT FARM ANIMAL CHICKEN,2011-11,2011-12,M2_gbm_poisson,4.489924,0,0.333333,B,True,Forecast
22257,FELT FARM ANIMAL SHEEP,2011-11,2011-12,M2_gbm_poisson,4.909044,0,2.000000,C,True,Forecast
22258,FELT FARM ANIMAL RABBIT,2011-11,2011-12,M2_gbm_poisson,18.986101,13,4.333333,B,True,Forecast
22260,FELT EGG COSY BLUE RABBIT,2011-11,2011-12,M2_gbm_poisson,40.383987,35,17.333333,B,True,Forecast
22261,FELT EGG COSY WHITE RABBIT,2011-11,2011-12,M2_gbm_poisson,32.381903,26,13.000000,B,True,Forecast
22262,FELT EGG COSY CHICKEN,2011-11,2011-12,M2_gbm_poisson,54.483077,45,42.333333,B,True,Forecast
22263,FELT EGG COSY LADYBIRD,2011-11,2011-12,M2_gbm_poisson,22.953471,16,7.333333,C,True,Forecast
22264,FELT FARM ANIMAL WHITE BUNNY,2011-11,2011-12,M2_gbm_poisson,4.038763,0,0.333333,B,True,Forecast
22265,EASTER DECORATION NATURAL CHICK,2011-11,2011-12,M2_gbm_poisson,19.061427,14,8.000000,B,True,Forecast
22266,EASTER DECORATION HANGING BUNNY,2011-11,2011-12,M2_gbm_poisson,94.083834,137,339.333333,C,True,Forecast
22267,EASTER DECORATION EGG BUNNY,2011-11,2011-12,M2_gbm_poisson,61.025782,70,90.666667,B,True,Forecast
22268,EASTER DECORATION SITTING BUNNY,2011-11,2011-12,M2_gbm_poisson,145.169683,98,127.000000,B,True,Forecast
22269,EGG CUP NATURAL CHICKEN,2011-11,2011-12,M2_gbm_poisson,69.057989,94,154.666667,B,True,Forecast
22270,HAPPY EASTER HANGING DECORATION,2011-11,2011-12,M2_gbm_poisson,14.898723,6,9.666667,B,True,Forecast
22271,FELTCRAFT DOLL ROSIE,2011-11,2011-12,M2_gbm_poisson,149.499951,269,222.333333,A,True,Forecast
22273,FELTCRAFT DOLL MOLLY,2011-11,2011-12,M2_gbm_poisson,322.158614,302,979.666667,A,True,Forecast
22274,FELTCRAFT DOLL EMILY,2011-11,2011-12,M2_gbm_poisson,112.509574,252,188.000000,A,True,Forecast
22276,WASH BAG VINTAGE ROSE PAISLEY,2011-11,2011-12,M2_gbm_poisson,15.558136,3,11.666667,A,True,Forecast
22277,COSMETIC BAG VINTAGE ROSE PAISLEY,2011-11,2011-12,M2_gbm_poisson,48.608309,25,59.333333,B,True,Forecast
22278,OVERNIGHT BAG VINTAGE ROSE PAISLEY,2011-11,2011-12,M2_gbm_poisson,61.346776,71,49.666667,A,True,Forecast
22279,POCKET BAG BLUE PAISLEY RED SPOT,2011-11,2011-12,M2_gbm_poisson,71.109933,146,57.666667,B,True,Forecast
22280,POCKET BAG PINK PAISELY BROWN SPOT,2011-11,2011-12,M2_gbm_poisson,45.363051,47,22.333333,B,True,Forecast
22281,EASTER TREE YELLOW BIRDS,2011-11,2011-12,M2_gbm_poisson,4.397964,2,0.666667,A,True,Forecast
22282,12 EGG HOUSE PAINTED WOOD,2011-11,2011-12,M2_gbm_poisson,31.368954,22,17.000000,A,True,Forecast
22283,6 EGG HOUSE PAINTED WOOD,2011-11,2011-12,M2_gbm_poisson,32.765114,22,20.666667,A,True,Forecast
22284,HEN HOUSE DECORATION,2011-11,2011-12,M2_gbm_poisson,51.151150,43,53.666667,A,True,Forecast
22285,"DECORATION HEN ON NEST, HANGING",2011-11,2011-12,M2_gbm_poisson,33.180628,21,35.666667,A,True,Forecast
22286,"DECORATION , WOBBLY RABBIT , METAL",2011-11,2011-12,M2_gbm_poisson,70.021404,61,94.000000,B,True,Forecast
22287,"DECORATION , WOBBLY CHICKEN, METAL",2011-11,2011-12,M2_gbm_poisson,61.185755,66,75.333333,B,True,Forecast
22288,HANGING METAL RABBIT DECORATION,2011-11,2011-12,M2_gbm_poisson,8.169621,3,1.333333,B,True,Forecast
22289,"DECORATION , HANGING METAL CHICKEN",2011-11,2011-12,M2_gbm_poisson,6.135229,1,0.333333,C,True,Forecast
22291,"SPRING DEC , HANGING CHICK CREAM",2011-11,2011-12,M2_gbm_poisson,18.513302,2,18.666667,A,True,Forecast
22292,HANGING CHICK  YELLOW DECORATION,2011-11,2011-12,M2_gbm_poisson,21.191167,9,13.333333,A,True,Forecast
22293,HANGING CHICK GREEN DECORATION,2011-11,2011-12,M2_gbm_poisson,25.260164,8,16.666667,B,True,Forecast
22294,HEART FILIGREE DOVE  SMALL,2011-11,2011-12,M2_gbm_poisson,255.065142,428,577.333333,A,True,Forecast
22295,HEART FILIGREE DOVE LARGE,2011-11,2011-12,M2_gbm_poisson,139.222651,337,261.666667,A,True,Forecast
22296,HEART IVORY TRELLIS LARGE,2011-11,2011-12,M2_gbm_poisson,130.255589,202,188.333333,A,True,Forecast
22297,HEART IVORY TRELLIS SMALL,2011-11,2011-12,M2_gbm_poisson,191.561253,314,299.666667,A,True,Forecast
22299,PIG KEYRING WITH LIGHT & SOUND,2011-11,2011-12,M2_gbm_poisson,107.678593,260,135.666667,A,True,Forecast
22300,COFFEE MUG DOG + BALL DESIGN,2011-11,2011-12,M2_gbm_poisson,199.453087,524,228.666667,A,True,Forecast
22301,COFFEE MUG CAT + BIRD DESIGN,2011-11,2011-12,M2_gbm_poisson,198.315254,527,271.000000,A,True,Forecast
22302,COFFEE MUG PEARS  DESIGN,2011-11,2011-12,M2_gbm_poisson,192.390336,588,291.333333,A,True,Forecast
22303,COFFEE MUG APPLES DESIGN,2011-11,2011-12,M2_gbm_poisson,233.600927,629,311.333333,A,True,Forecast
22304,COFFEE MUG BLUE PAISLEY DESIGN,2011-11,2011-12,M2_gbm_poisson,174.711607,466,162.333333,A,True,Forecast
22305,COFFEE MUG PINK PAISLEY DESIGN,2011-11,2011-12,M2_gbm_poisson,32.845648,23,14.666667,A,True,Forecast
22306,SILVER MUG BONE CHINA TREE OF LIFE,2011-11,2011-12,M2_gbm_poisson,187.449434,406,327.666667,B,True,Forecast
22307,GOLD MUG BONE CHINA TREE OF LIFE,2011-11,2011-12,M2_gbm_poisson,138.766482,302,213.333333,B,True,Forecast
22308,TEA COSY BLUE STRIPE,2011-11,2011-12,M2_gbm_poisson,43.353303,42,25.333333,B,True,Forecast
22309,TEA COSY RED  STRIPE,2011-11,2011-12,M2_gbm_poisson,55.796350,47,71.000000,B,True,Forecast
22310,IVORY KNITTED MUG COSY,2011-11,2011-12,M2_gbm_poisson,89.191961,234,112.333333,B,True,Forecast
22311,OFFICE MUG WARMER BLACK+SILVER,2011-11,2011-12,M2_gbm_poisson,151.885241,410,212.000000,A,True,Forecast
22312,OFFICE MUG WARMER POLKADOT,2011-11,2011-12,M2_gbm_poisson,83.507466,161,75.000000,A,True,Forecast
22313,OFFICE MUG WARMER PINK,2011-11,2011-12,M2_gbm_poisson,59.614820,42,110.333333,B,True,Forecast
22314,OFFICE MUG WARMER CHOC+BLUE,2011-11,2011-12,M2_gbm_poisson,51.272673,42,43.000000,B,True,Forecast
22315,200 RED + WHITE BENDY STRAWS,2011-11,2011-12,M2_gbm_poisson,59.057736,70,79.000000,B,True,Forecast
22316,200 BENDY SKULL STRAWS,2011-11,2011-12,M2_gbm_poisson,32.112285,28,10.666667,B,True,Forecast
22317,FIVE CATS HANGING DECORATION,2011-11,2011-12,M2_gbm_poisson,19.707901,11,14.000000,B,True,Forecast
22318,FIVE HEART HANGING DECORATION,2011-11,2011-12,M2_gbm_poisson,26.469261,11,22.666667,A,True,Forecast
22319,HAIRCLIPS FORTIES FABRIC ASSORTED,2011-11,2011-12,M2_gbm_poisson,56.898823,60,72.333333,B,True,Forecast
22320,BIRDS MOBILE VINTAGE DESIGN,2011-11,2011-12,M2_gbm_poisson,43.084466,23,24.666667,B,True,Forecast
22321,BIRD DECORATION RED RETROSPOT,2011-11,2011-12,M2_gbm_poisson,56.351061,81,68.333333,B,True,Forecast
22322,BIRD DECORATION GREEN POLKADOT,2011-11,2011-12,M2_gbm_poisson,22.882493,6,11.333333,B,True,Forecast
22324,BLUE POLKADOT KIDS BAG,2011-11,2011-12,M2_gbm_poisson,27.053661,12,42.666667,B,True,Forecast
22325,MOBILE VINTAGE HEARTS,2011-11,2011-12,M2_gbm_poisson,37.604392,31,18.333333,B,True,Forecast
22326,ROUND SNACK BOXES SET OF4 WOODLAND,2011-11,2011-12,M2_gbm_poisson,478.744147,952,818.000000,A,True,Forecast
22327,ROUND SNACK BOXES SET OF 4 SKULLS,2011-11,2011-12,M2_gbm_poisson,94.431115,155,137.666667,A,True,Forecast
22328,ROUND SNACK BOXES SET OF 4 FRUITS,2011-11,2011-12,M2_gbm_poisson,299.635989,546,458.666667,A,True,Forecast
22329,ROUND CONTAINER SET OF 5 RETROSPOT,2011-11,2011-12,M2_gbm_poisson,69.743692,89,108.333333,A,True,Forecast
22331,WOODLAND PARTY BAG + STICKER SET,2011-11,2011-12,M2_gbm_poisson,97.690598,146,189.333333,A,True,Forecast
22332,SKULLS PARTY BAG + STICKER SET,2011-11,2011-12,M2_gbm_poisson,67.657955,90,90.000000,A,True,Forecast
22333,RETROSPOT PARTY BAG + STICKER SET,2011-11,2011-12,M2_gbm_poisson,226.658093,400,387.000000,A,True,Forecast
22334,DINOSAUR PARTY BAG + STICKER SET,2011-11,2011-12,M2_gbm_poisson,53.992293,57,46.000000,B,True,Forecast
22335,HEART DECORATION PAINTED ZINC,2011-11,2011-12,M2_gbm_poisson,127.153320,152,157.333333,A,True,Forecast
22336,DOVE DECORATION PAINTED ZINC,2011-11,2011-12,M2_gbm_poisson,39.505167,0,610.666667,B,True,Forecast
22337,ANGEL DECORATION PAINTED ZINC,2011-11,2011-12,M2_gbm_poisson,133.579005,255,171.666667,B,True,Forecast
22338,STAR DECORATION PAINTED ZINC,2011-11,2011-12,M2_gbm_poisson,930.809597,2000,1322.666667,B,True,Forecast
22339,CHRISTMAS TREE PAINTED ZINC,2011-11,2011-12,M2_gbm_poisson,199.075179,546,706.000000,C,True,Forecast
22340,NOEL GARLAND PAINTED ZINC,2011-11,2011-12,M2_gbm_poisson,304.699565,722,408.333333,C,True,Forecast
22341,LOVE GARLAND PAINTED ZINC,2011-11,2011-12,M2_gbm_poisson,25.029381,11,26.000000,A,True,Forecast
22342,HOME GARLAND PAINTED ZINC,2011-11,2011-12,M2_gbm_poisson,61.836718,62,106.333333,B,True,Forecast
22343,PARTY PIZZA DISH RED RETROSPOT,2011-11,2011-12,M2_gbm_poisson,54.387965,56,58.666667,B,True,Forecast
22344,PARTY PIZZA DISH PINK POLKADOT,2011-11,2011-12,M2_gbm_poisson,29.441161,19,14.666667,C,True,Forecast
22345,PARTY PIZZA DISH BLUE POLKADOT,2011-11,2011-12,M2_gbm_poisson,26.670904,18,10.666667,C,True,Forecast
22346,PARTY PIZZA DISH GREEN POLKADOT,2011-11,2011-12,M2_gbm_poisson,22.465121,21,7.000000,C,True,Forecast
22348,TEA BAG PLATE RED RETROSPOT,2011-11,2011-12,M2_gbm_poisson,223.907056,462,332.000000,A,True,Forecast
22349,DOG BOWL CHASING BALL DESIGN,2011-11,2011-12,M2_gbm_poisson,52.600419,37,78.000000,A,True,Forecast
22350,ILLUSTRATED CAT BOWL,2011-11,2011-12,M2_gbm_poisson,50.091750,33,57.666667,A,True,Forecast
22351,DOTCOMGIFTSHOP TEA TOWEL,2011-11,2011-12,M2_gbm_poisson,2.043711,0,0.000000,C,True,Forecast
22352,LUNCH BOX WITH CUTLERY RETROSPOT,2011-11,2011-12,M2_gbm_poisson,144.917510,181,295.000000,A,True,Forecast
22354,RETROSPOT PADDED SEAT CUSHION,2011-11,2011-12,M2_gbm_poisson,35.781190,16,33.666667,A,True,Forecast
22355,CHARLOTTE BAG SUKI DESIGN,2011-11,2011-12,M2_gbm_poisson,833.326747,2088,1615.333333,A,True,Forecast
22356,CHARLOTTE BAG PINK POLKADOT,2011-11,2011-12,M2_gbm_poisson,654.605349,1384,965.666667,A,True,Forecast
22357,KINGS CHOICE BISCUIT TIN,2011-11,2011-12,M2_gbm_poisson,57.177951,79,39.000000,A,True,Forecast
22358,KINGS CHOICE TEA CADDY,2011-11,2011-12,M2_gbm_poisson,50.611570,63,41.666667,A,True,Forecast
22359,GLASS JAR KINGS CHOICE,2011-11,2011-12,M2_gbm_poisson,28.342215,15,16.000000,A,True,Forecast
22360,GLASS JAR ENGLISH CONFECTIONERY,2011-11,2011-12,M2_gbm_poisson,64.502373,50,71.666667,A,True,Forecast
22361,GLASS JAR DAISY FRESH COTTON WOOL,2011-11,2011-12,M2_gbm_poisson,64.684332,75,65.000000,A,True,Forecast
22362,GLASS JAR PEACOCK BATH SALTS,2011-11,2011-12,M2_gbm_poisson,43.743045,31,31.333333,B,True,Forecast
22363,GLASS JAR MARMALADE,2011-11,2011-12,M2_gbm_poisson,21.722289,8,14.333333,B,True,Forecast
22364,GLASS JAR DIGESTIVE BISCUITS,2011-11,2011-12,M2_gbm_poisson,48.908222,40,58.666667,A,True,Forecast
22365,DOORMAT RESPECTABLE HOUSE,2011-11,2011-12,M2_gbm_poisson,70.950361,135,150.666667,A,True,Forecast
22366,DOORMAT AIRMAIL,2011-11,2011-12,M2_gbm_poisson,72.880295,82,132.000000,A,True,Forecast
22367,CHILDRENS APRON SPACEBOY DESIGN,2011-11,2011-12,M2_gbm_poisson,303.227297,675,457.333333,A,True,Forecast
22371,AIRLINE BAG VINTAGE TOKYO 78,2011-11,2011-12,M2_gbm_poisson,100.695578,175,130.666667,A,True,Forecast
22372,AIRLINE BAG VINTAGE WORLD CHAMPION,2011-11,2011-12,M2_gbm_poisson,45.562351,49,37.666667,B,True,Forecast
22374,AIRLINE BAG VINTAGE JET SET RED,2011-11,2011-12,M2_gbm_poisson,68.231191,75,72.666667,A,True,Forecast
22375,AIRLINE BAG VINTAGE JET SET BROWN,2011-11,2011-12,M2_gbm_poisson,48.002067,36,42.666667,B,True,Forecast
22376,AIRLINE BAG VINTAGE JET SET WHITE,2011-11,2011-12,M2_gbm_poisson,43.387676,28,31.333333,B,True,Forecast
22377,BOTTLE BAG RETROSPOT,2011-11,2011-12,M2_gbm_poisson,38.894684,19,45.000000,A,True,Forecast
22378,WALL TIDY RETROSPOT,2011-11,2011-12,M2_gbm_poisson,59.706875,89,49.666667,A,True,Forecast
22379,RECYCLING BAG RETROSPOT,2011-11,2011-12,M2_gbm_poisson,317.832339,396,687.333333,A,True,Forecast
22380,TOY TIDY SPACEBOY,2011-11,2011-12,M2_gbm_poisson,75.811428,107,95.666667,A,True,Forecast
22381,TOY TIDY PINK POLKADOT,2011-11,2011-12,M2_gbm_poisson,159.169565,161,369.666667,A,True,Forecast
22382,LUNCH BAG SPACEBOY DESIGN,2011-11,2011-12,M2_gbm_poisson,713.835807,1529,1090.333333,A,True,Forecast
22383,LUNCH BAG SUKI  DESIGN,2011-11,2011-12,M2_gbm_poisson,524.922475,947,885.000000,A,True,Forecast
22384,LUNCH BAG PINK POLKADOT,2011-11,2011-12,M2_gbm_poisson,520.745098,912,719.666667,A,True,Forecast
22385,JUMBO BAG SPACEBOY DESIGN,2011-11,2011-12,M2_gbm_poisson,414.938477,773,748.333333,A,True,Forecast
22386,JUMBO BAG PINK POLKADOT,2011-11,2011-12,M2_gbm_poisson,1603.516351,1641,2519.333333,A,True,Forecast
22389,PAPERWEIGHT SAVE THE PLANET,2011-11,2011-12,M2_gbm_poisson,35.498983,17,50.666667,C,True,Forecast
22390,PAPERWEIGHT CHILDHOOD MEMORIES,2011-11,2011-12,M2_gbm_poisson,32.922301,25,15.666667,B,True,Forecast
22391,PAPERWEIGHT HOME SWEET HOME,2011-11,2011-12,M2_gbm_poisson,14.449176,11,7.333333,C,True,Forecast
22393,PAPERWEIGHT VINTAGE COLLAGE,2011-11,2011-12,M2_gbm_poisson,43.398844,31,24.333333,B,True,Forecast
22394,PAPERWEIGHT KINGS CHOICE,2011-11,2011-12,M2_gbm_poisson,14.199395,11,7.000000,C,True,Forecast
22395,PAPERWEIGHT VINTAGE PAISLEY,2011-11,2011-12,M2_gbm_poisson,14.449176,11,6.333333,C,True,Forecast
22396,MAGNETS PACK OF 4 RETRO PHOTO,2011-11,2011-12,M2_gbm_poisson,74.062379,132,127.333333,B,True,Forecast
22398,MAGNETS PACK OF 4 SWALLOWS,2011-11,2011-12,M2_gbm_poisson,189.293990,376,382.000000,B,True,Forecast
22399,MAGNETS PACK OF 4 CHILDHOOD MEMORY,2011-11,2011-12,M2_gbm_poisson,29.730629,5,24.000000,A,True,Forecast
22400,MAGNETS PACK OF 4 HOME SWEET HOME,2011-11,2011-12,M2_gbm_poisson,116.279946,248,196.000000,B,True,Forecast
22402,MAGNETS PACK OF 4 VINTAGE COLLAGE,2011-11,2011-12,M2_gbm_poisson,107.273288,245,225.333333,B,True,Forecast
22403,MAGNETS PACK OF 4 VINTAGE LABELS,2011-11,2011-12,M2_gbm_poisson,67.623571,117,113.666667,C,True,Forecast
22405,MONEY BOX POCKET MONEY DESIGN,2011-11,2011-12,M2_gbm_poisson,34.703398,22,17.333333,B,True,Forecast
22406,MONEY BOX KINGS CHOICE DESIGN,2011-11,2011-12,M2_gbm_poisson,43.252777,43,26.333333,B,True,Forecast
22407,MONEY BOX FIRST ADE DESIGN,2011-11,2011-12,M2_gbm_poisson,15.777011,8,3.666667,C,True,Forecast
22408,MONEY BOX CONFECTIONERY DESIGN,2011-11,2011-12,M2_gbm_poisson,35.751419,26,18.333333,C,True,Forecast
22409,MONEY BOX BISCUITS DESIGN,2011-11,2011-12,M2_gbm_poisson,23.113813,4,19.000000,B,True,Forecast
22410,MONEY BOX HOUSEKEEPING DESIGN,2011-11,2011-12,M2_gbm_poisson,24.164301,8,23.000000,B,True,Forecast
22411,JUMBO SHOPPER VINTAGE RED PAISLEY,2011-11,2011-12,M2_gbm_poisson,837.777877,1475,1324.333333,A,True,Forecast
22412,METAL SIGN NEIGHBOURHOOD WITCH,2011-11,2011-12,M2_gbm_poisson,40.200561,20,57.000000,A,True,Forecast
22413,METAL SIGN TAKE IT OR LEAVE IT,2011-11,2011-12,M2_gbm_poisson,142.673381,126,213.666667,A,True,Forecast
22414,DOORMAT NEIGHBOURHOOD WITCH,2011-11,2011-12,M2_gbm_poisson,30.525956,17,51.666667,A,True,Forecast
22416,SET OF 36 DOILIES SPACEBOY DESIGN,2011-11,2011-12,M2_gbm_poisson,37.621993,30,42.000000,B,True,Forecast
22417,PACK OF 60 SPACEBOY CAKE CASES,2011-11,2011-12,M2_gbm_poisson,326.690684,673,665.333333,A,True,Forecast
22418,10 COLOUR SPACEBOY PEN,2011-11,2011-12,M2_gbm_poisson,358.884782,805,740.666667,A,True,Forecast
22419,LIPSTICK PEN RED,2011-11,2011-12,M2_gbm_poisson,270.924959,637,377.333333,B,True,Forecast
22420,LIPSTICK PEN BABY PINK,2011-11,2011-12,M2_gbm_poisson,153.811409,329,176.000000,C,True,Forecast
22421,LIPSTICK PEN FUSCHIA,2011-11,2011-12,M2_gbm_poisson,256.197588,517,433.333333,B,True,Forecast
22422,TOOTHPASTE TUBE PEN,2011-11,2011-12,M2_gbm_poisson,103.795649,210,117.333333,B,True,Forecast
22423,REGENCY CAKESTAND 3 TIER,2011-11,2011-12,M2_gbm_poisson,522.834078,1052,969.000000,A,True,Forecast
22424,ENAMEL BREAD BIN CREAM,2011-11,2011-12,M2_gbm_poisson,68.548578,73,84.333333,A,True,Forecast
22425,ENAMEL COLANDER CREAM,2011-11,2011-12,M2_gbm_poisson,48.052192,44,38.666667,B,True,Forecast
22426,ENAMEL WASH BOWL CREAM,2011-11,2011-12,M2_gbm_poisson,50.213023,47,58.666667,A,True,Forecast
22427,ENAMEL FLOWER JUG CREAM,2011-11,2011-12,M2_gbm_poisson,30.523260,12,115.000000,A,True,Forecast
22428,ENAMEL FIRE BUCKET CREAM,2011-11,2011-12,M2_gbm_poisson,33.159387,20,19.000000,B,True,Forecast
22429,ENAMEL MEASURING JUG CREAM,2011-11,2011-12,M2_gbm_poisson,74.162226,73,104.000000,A,True,Forecast
22430,ENAMEL WATERING CAN CREAM,2011-11,2011-12,M2_gbm_poisson,42.283925,40,32.333333,A,True,Forecast
22431,WATERING CAN BLUE ELEPHANT,2011-11,2011-12,M2_gbm_poisson,88.800682,130,67.666667,A,True,Forecast
22432,WATERING CAN PINK BUNNY,2011-11,2011-12,M2_gbm_poisson,43.892903,61,38.666667,A,True,Forecast
22433,WATERING CAN GREEN DINOSAUR,2011-11,2011-12,M2_gbm_poisson,56.424826,115,53.666667,A,True,Forecast
22434,BALLOON PUMP WITH 10 BALLOONS,2011-11,2011-12,M2_gbm_poisson,55.489712,61,63.666667,A,True,Forecast
22435,SET OF 9 HEART SHAPED BALLOONS,2011-11,2011-12,M2_gbm_poisson,110.454692,252,138.333333,A,True,Forecast
22436,12 COLOURED PARTY BALLOONS,2011-11,2011-12,M2_gbm_poisson,120.097665,330,215.333333,B,True,Forecast
22437,SET OF 9 BLACK SKULL BALLOONS,2011-11,2011-12,M2_gbm_poisson,119.374678,256,228.333333,A,True,Forecast
22438,BALLOON ART MAKE YOUR OWN FLOWERS,2011-11,2011-12,M2_gbm_poisson,43.252777,44,20.333333,B,True,Forecast
22439,6 ROCKET BALLOONS,2011-11,2011-12,M2_gbm_poisson,100.851740,182,191.666667,B,True,Forecast
22440,BALLOON WATER BOMB PACK OF 35,2011-11,2011-12,M2_gbm_poisson,128.741076,298,169.666667,B,True,Forecast
22441,GROW YOUR OWN BASIL IN ENAMEL MUG,2011-11,2011-12,M2_gbm_poisson,89.655708,165,129.333333,A,True,Forecast
22442,GROW YOUR OWN FLOWERS SET OF 3,2011-11,2011-12,M2_gbm_poisson,17.375971,13,8.000000,A,True,Forecast
22443,GROW YOUR OWN HERBS SET OF 3,2011-11,2011-12,M2_gbm_poisson,2.724830,0,0.000000,A,True,Forecast
22445,PENCIL CASE LIFE IS BEAUTIFUL,2011-11,2011-12,M2_gbm_poisson,54.807740,60,42.333333,A,True,Forecast
22446,PIN CUSHION BABUSHKA PINK,2011-11,2011-12,M2_gbm_poisson,63.693123,82,60.333333,B,True,Forecast
22447,PIN CUSHION BABUSHKA BLUE,2011-11,2011-12,M2_gbm_poisson,6.461605,3,2.000000,C,True,Forecast
22448,PIN CUSHION BABUSHKA RED,2011-11,2011-12,M2_gbm_poisson,22.676304,14,14.333333,B,True,Forecast
22449,SILK PURSE BABUSHKA PINK,2011-11,2011-12,M2_gbm_poisson,47.457146,28,54.000000,A,True,Forecast
22450,SILK PURSE BABUSHKA BLUE,2011-11,2011-12,M2_gbm_poisson,29.993203,20,10.333333,B,True,Forecast
22452,MEASURING TAPE BABUSHKA PINK,2011-11,2011-12,M2_gbm_poisson,48.859242,24,82.666667,B,True,Forecast
22453,MEASURING TAPE BABUSHKA BLUE,2011-11,2011-12,M2_gbm_poisson,38.013466,31,19.000000,B,True,Forecast
22454,MEASURING TAPE BABUSHKA RED,2011-11,2011-12,M2_gbm_poisson,26.440040,16,11.000000,A,True,Forecast
22456,NATURAL SLATE CHALKBOARD LARGE,2011-11,2011-12,M2_gbm_poisson,107.675718,145,169.333333,A,True,Forecast
22457,NATURAL SLATE HEART CHALKBOARD,2011-11,2011-12,M2_gbm_poisson,463.818835,804,738.666667,A,True,Forecast
22460,EMBOSSED GLASS TEALIGHT HOLDER,2011-11,2011-12,M2_gbm_poisson,164.361928,377,255.666667,A,True,Forecast
22461,SAVOY ART DECO CLOCK,2011-11,2011-12,M2_gbm_poisson,3.104723,0,0.000000,B,True,Forecast
22464,HANGING METAL HEART LANTERN,2011-11,2011-12,M2_gbm_poisson,170.758956,347,280.666667,A,True,Forecast
22465,HANGING METAL STAR LANTERN,2011-11,2011-12,M2_gbm_poisson,146.831263,310,269.000000,A,True,Forecast
22466,FAIRY TALE COTTAGE NIGHTLIGHT,2011-11,2011-12,M2_gbm_poisson,217.608011,442,298.333333,A,True,Forecast
22467,GUMBALL COAT RACK,2011-11,2011-12,M2_gbm_poisson,444.037527,1007,882.666667,A,True,Forecast
22468,BABUSHKA LIGHTS STRING OF 10,2011-11,2011-12,M2_gbm_poisson,60.277290,90,63.000000,A,True,Forecast
22469,HEART OF WICKER SMALL,2011-11,2011-12,M2_gbm_poisson,878.946164,2625,1894.333333,A,True,Forecast
22470,HEART OF WICKER LARGE,2011-11,2011-12,M2_gbm_poisson,723.614540,1716,1158.000000,A,True,Forecast
22471,TV DINNER TRAY AIR HOSTESS,2011-11,2011-12,M2_gbm_poisson,42.420680,23,28.666667,B,True,Forecast
22472,TV DINNER TRAY DOLLY GIRL,2011-11,2011-12,M2_gbm_poisson,35.973531,32,16.333333,A,True,Forecast
22473,TV DINNER TRAY VINTAGE PAISLEY,2011-11,2011-12,M2_gbm_poisson,38.999129,35,23.000000,B,True,Forecast
22474,SPACEBOY TV DINNER TRAY,2011-11,2011-12,M2_gbm_poisson,42.354908,44,24.333333,A,True,Forecast
22475,SKULL DESIGN TV DINNER TRAY,2011-11,2011-12,M2_gbm_poisson,58.376278,71,46.666667,B,True,Forecast
22476,EMPIRE UNION JACK TV DINNER TRAY,2011-11,2011-12,M2_gbm_poisson,46.590750,45,31.000000,A,True,Forecast
22477,WATERING CAN GARDEN MARKER,2011-11,2011-12,M2_gbm_poisson,63.036195,110,48.666667,B,True,Forecast
22478,BIRDHOUSE GARDEN MARKER,2011-11,2011-12,M2_gbm_poisson,55.259050,61,68.000000,A,True,Forecast
22479,DAISY GARDEN MARKER,2011-11,2011-12,M2_gbm_poisson,30.387975,19,15.333333,B,True,Forecast
22480,RED TEA TOWEL CLASSIC DESIGN,2011-11,2011-12,M2_gbm_poisson,3.637277,0,0.000000,B,True,Forecast
22481,BLACK TEA TOWEL CLASSIC DESIGN,2011-11,2011-12,M2_gbm_poisson,52.232068,52,51.333333,C,True,Forecast
22482,BLUE TEA TOWEL CLASSIC DESIGN,2011-11,2011-12,M2_gbm_poisson,2.054573,0,0.000000,B,True,Forecast
22483,RED GINGHAM TEDDY BEAR,2011-11,2011-12,M2_gbm_poisson,73.215403,109,76.666667,A,True,Forecast
22485,SET OF 2 WOODEN MARKET CRATES,2011-11,2011-12,M2_gbm_poisson,46.877942,58,43.333333,A,True,Forecast
22486,PLASMATRONIC LAMP,2011-11,2011-12,M2_gbm_poisson,10.525767,5,4.666667,C,True,Forecast
22487,WHITE WOOD GARDEN PLANT LADDER,2011-11,2011-12,M2_gbm_poisson,56.682585,65,62.000000,A,True,Forecast
22488,NATURAL SLATE RECTANGLE CHALKBOARD,2011-11,2011-12,M2_gbm_poisson,195.657825,323,298.333333,A,True,Forecast
22489,PACK OF 12 TRADITIONAL CRAYONS,2011-11,2011-12,M2_gbm_poisson,397.186734,999,979.000000,A,True,Forecast
22491,PACK OF 12 COLOURED PENCILS,2011-11,2011-12,M2_gbm_poisson,196.167421,477,298.333333,A,True,Forecast
22492,MINI PAINT SET VINTAGE,2011-11,2011-12,M2_gbm_poisson,1561.927732,3188,3258.666667,A,True,Forecast
22493,PAINT YOUR OWN CANVAS SET,2011-11,2011-12,M2_gbm_poisson,161.955834,204,164.000000,A,True,Forecast
22494,EMERGENCY FIRST AID TIN,2011-11,2011-12,M2_gbm_poisson,73.026635,94,76.666667,B,True,Forecast
22495,SET OF 2 ROUND TINS CAMEMBERT,2011-11,2011-12,M2_gbm_poisson,37.986386,25,23.000000,B,True,Forecast
22496,SET OF 2 ROUND TINS DUTCH CHEESE,2011-11,2011-12,M2_gbm_poisson,37.953720,25,23.000000,B,True,Forecast
22497,SET OF 2 TINS VINTAGE BATHROOM,2011-11,2011-12,M2_gbm_poisson,15.481281,5,10.666667,A,True,Forecast
22498,WOODEN REGATTA BUNTING,2011-11,2011-12,M2_gbm_poisson,27.706294,17,13.333333,A,True,Forecast
22499,WOODEN UNION JACK BUNTING,2011-11,2011-12,M2_gbm_poisson,45.946313,46,31.666667,A,True,Forecast
22500,SET OF 2 TINS JARDIN DE PROVENCE,2011-11,2011-12,M2_gbm_poisson,15.937000,11,11.333333,B,True,Forecast
22501,PICNIC BASKET WICKER LARGE,2011-11,2011-12,M2_gbm_poisson,29.429771,16,23.000000,A,True,Forecast
22502,PICNIC BASKET WICKER SMALL,2011-11,2011-12,M2_gbm_poisson,5.045424,0,2.333333,A,True,Forecast
22503,CABIN BAG VINTAGE PAISLEY,2011-11,2011-12,M2_gbm_poisson,9.406790,3,6.333333,B,True,Forecast
22504,CABIN BAG VINTAGE RETROSPOT,2011-11,2011-12,M2_gbm_poisson,20.262481,25,10.333333,A,True,Forecast
22505,MEMO BOARD COTTAGE DESIGN,2011-11,2011-12,M2_gbm_poisson,88.366515,152,118.666667,A,True,Forecast
22507,MEMO BOARD RETROSPOT  DESIGN,2011-11,2011-12,M2_gbm_poisson,142.380851,186,279.000000,A,True,Forecast
22508,DOORSTOP RETROSPOT HEART,2011-11,2011-12,M2_gbm_poisson,110.678589,138,346.000000,A,True,Forecast
22509,SEWING BOX RETROSPOT DESIGN,2011-11,2011-12,M2_gbm_poisson,15.867504,13,8.333333,A,True,Forecast
22510,GINGHAM BABUSHKA DOORSTOP,2011-11,2011-12,M2_gbm_poisson,24.041861,16,10.666667,C,True,Forecast
22511,RETROSPOT BABUSHKA DOORSTOP,2011-11,2011-12,M2_gbm_poisson,21.225522,22,7.666667,C,True,Forecast
22512,DOORSTOP RACING CAR DESIGN,2011-11,2011-12,M2_gbm_poisson,15.116951,12,9.000000,C,True,Forecast
22513,DOORSTOP FOOTBALL DESIGN,2011-11,2011-12,M2_gbm_poisson,16.824245,10,12.000000,B,True,Forecast
22514,CHILDS GARDEN SPADE BLUE,2011-11,2011-12,M2_gbm_poisson,32.289656,23,10.000000,B,True,Forecast
22515,CHILDS GARDEN SPADE PINK,2011-11,2011-12,M2_gbm_poisson,26.505204,18,9.333333,B,True,Forecast
22516,CHILDS GARDEN RAKE BLUE,2011-11,2011-12,M2_gbm_poisson,20.922797,15,5.000000,B,True,Forecast
22517,CHILDS GARDEN RAKE PINK,2011-11,2011-12,M2_gbm_poisson,18.548647,13,6.666667,B,True,Forecast
22519,CHILDS GARDEN BRUSH PINK,2011-11,2011-12,M2_gbm_poisson,2.069452,0,0.000000,B,True,Forecast
22522,CHILDS GARDEN FORK BLUE,2011-11,2011-12,M2_gbm_poisson,37.937467,18,19.000000,B,True,Forecast
22523,CHILDS GARDEN FORK PINK,2011-11,2011-12,M2_gbm_poisson,45.846623,27,23.000000,B,True,Forecast
22526,WHEELBARROW FOR CHILDREN,2011-11,2011-12,M2_gbm_poisson,14.263658,7,7.666667,A,True,Forecast
22529,MAGIC DRAWING SLATE GO TO THE FAIR,2011-11,2011-12,M2_gbm_poisson,75.626767,160,148.000000,C,True,Forecast
22530,MAGIC DRAWING SLATE DOLLY GIRL,2011-11,2011-12,M2_gbm_poisson,277.673378,744,584.666667,A,True,Forecast
22531,MAGIC DRAWING SLATE CIRCUS PARADE,2011-11,2011-12,M2_gbm_poisson,193.337191,448,332.666667,B,True,Forecast
22532,MAGIC DRAWING SLATE LEAP FROG,2011-11,2011-12,M2_gbm_poisson,79.169390,69,150.666667,C,True,Forecast
22533,MAGIC DRAWING SLATE BAKE A CAKE,2011-11,2011-12,M2_gbm_poisson,77.792929,72,122.000000,B,True,Forecast
22534,MAGIC DRAWING SLATE SPACEBOY,2011-11,2011-12,M2_gbm_poisson,253.199293,507,559.333333,A,True,Forecast
22535,MAGIC DRAWING SLATE BUNNIES,2011-11,2011-12,M2_gbm_poisson,96.267866,181,247.000000,B,True,Forecast
22536,MAGIC DRAWING SLATE PURDEY,2011-11,2011-12,M2_gbm_poisson,122.189349,116,286.666667,B,True,Forecast
22537,MAGIC DRAWING SLATE DINOSAUR,2011-11,2011-12,M2_gbm_poisson,137.290723,338,266.000000,B,True,Forecast
22538,MINI JIGSAW GO TO THE FAIR,2011-11,2011-12,M2_gbm_poisson,22.696091,12,13.333333,C,True,Forecast
22539,MINI JIGSAW DOLLY GIRL,2011-11,2011-12,M2_gbm_poisson,112.984142,359,370.000000,B,True,Forecast
22540,MINI JIGSAW CIRCUS PARADE,2011-11,2011-12,M2_gbm_poisson,64.653597,128,82.333333,B,True,Forecast
22541,MINI JIGSAW LEAP FROG,2011-11,2011-12,M2_gbm_poisson,52.208779,31,30.666667,C,True,Forecast
22543,MINI JIGSAW BAKE A CAKE,2011-11,2011-12,M2_gbm_poisson,65.085802,10,109.666667,B,True,Forecast
22544,MINI JIGSAW SPACEBOY,2011-11,2011-12,M2_gbm_poisson,206.724714,484,420.000000,B,True,Forecast
22545,MINI JIGSAW BUNNIES,2011-11,2011-12,M2_gbm_poisson,66.000899,48,123.666667,B,True,Forecast
22546,MINI JIGSAW PURDEY,2011-11,2011-12,M2_gbm_poisson,111.181745,323,246.666667,B,True,Forecast
22547,MINI JIGSAW DINOSAUR,2011-11,2011-12,M2_gbm_poisson,48.812925,56,32.666667,C,True,Forecast
22548,HEADS AND TAILS SPORTING FUN,2011-11,2011-12,M2_gbm_poisson,123.112584,75,264.333333,B,True,Forecast
22549,PICTURE DOMINOES,2011-11,2011-12,M2_gbm_poisson,319.050479,757,459.000000,A,True,Forecast
22550,HOLIDAY FUN LUDO,2011-11,2011-12,M2_gbm_poisson,74.447544,80,110.666667,A,True,Forecast
22551,PLASTERS IN TIN SPACEBOY,2011-11,2011-12,M2_gbm_poisson,535.467524,1249,874.666667,A,True,Forecast
22553,PLASTERS IN TIN SKULLS,2011-11,2011-12,M2_gbm_poisson,273.805540,622,586.333333,A,True,Forecast
22554,PLASTERS IN TIN WOODLAND ANIMALS,2011-11,2011-12,M2_gbm_poisson,551.749147,1173,948.666667,A,True,Forecast
22555,PLASTERS IN TIN STRONGMAN,2011-11,2011-12,M2_gbm_poisson,289.366418,643,638.666667,A,True,Forecast
22556,PLASTERS IN TIN CIRCUS PARADE,2011-11,2011-12,M2_gbm_poisson,329.515755,735,645.333333,A,True,Forecast
22557,PLASTERS IN TIN VINTAGE PAISLEY,2011-11,2011-12,M2_gbm_poisson,266.953477,599,502.333333,A,True,Forecast
22558,CLOTHES PEGS RETROSPOT PACK 24,2011-11,2011-12,M2_gbm_poisson,312.719731,634,724.666667,A,True,Forecast
22559,SEASIDE FLYING DISC,2011-11,2011-12,M2_gbm_poisson,35.635302,28,15.666667,B,True,Forecast
22560,TRADITIONAL MODELLING CLAY,2011-11,2011-12,M2_gbm_poisson,595.294000,1307,972.666667,A,True,Forecast
22561,WOODEN SCHOOL COLOURING SET,2011-11,2011-12,M2_gbm_poisson,400.508930,847,703.666667,A,True,Forecast
22562,MONSTERS STENCIL CRAFT,2011-11,2011-12,M2_gbm_poisson,108.392812,223,206.333333,A,True,Forecast
22563,HAPPY STENCIL CRAFT,2011-11,2011-12,M2_gbm_poisson,178.944005,306,281.666667,A,True,Forecast
22564,ALPHABET STENCIL CRAFT,2011-11,2011-12,M2_gbm_poisson,269.762536,556,256.000000,B,True,Forecast
22565,FELTCRAFT HAIRBANDS PINK AND WHITE,2011-11,2011-12,M2_gbm_poisson,92.091193,179,104.000000,B,True,Forecast
22566,FELTCRAFT HAIRBAND PINK AND PURPLE,2011-11,2011-12,M2_gbm_poisson,98.663200,243,122.333333,B,True,Forecast
22567,20 DOLLY PEGS RETROSPOT,2011-11,2011-12,M2_gbm_poisson,82.843620,120,149.333333,A,True,Forecast
22568,FELTCRAFT CUSHION OWL,2011-11,2011-12,M2_gbm_poisson,269.504603,468,519.333333,A,True,Forecast
22569,FELTCRAFT CUSHION BUTTERFLY,2011-11,2011-12,M2_gbm_poisson,42.273860,0,264.333333,A,True,Forecast
22570,FELTCRAFT CUSHION RABBIT,2011-11,2011-12,M2_gbm_poisson,67.174057,41,320.333333,A,True,Forecast
22571,ROCKING HORSE RED CHRISTMAS,2011-11,2011-12,M2_gbm_poisson,312.673792,757,510.666667,A,True,Forecast
22572,ROCKING HORSE GREEN CHRISTMAS,2011-11,2011-12,M2_gbm_poisson,230.127239,486,344.000000,B,True,Forecast
22573,STAR WOODEN CHRISTMAS DECORATION,2011-11,2011-12,M2_gbm_poisson,301.365465,731,672.666667,B,True,Forecast
22574,HEART WOODEN CHRISTMAS DECORATION,2011-11,2011-12,M2_gbm_poisson,372.862743,918,490.333333,B,True,Forecast
22575,METAL MERRY CHRISTMAS WREATH,2011-11,2011-12,M2_gbm_poisson,80.186338,146,158.333333,A,True,Forecast
22576,SWALLOW WOODEN CHRISTMAS DECORATION,2011-11,2011-12,M2_gbm_poisson,245.716152,542,317.333333,B,True,Forecast
22577,WOODEN HEART CHRISTMAS SCANDINAVIAN,2011-11,2011-12,M2_gbm_poisson,2008.824321,5001,3109.666667,A,True,Forecast
22578,WOODEN STAR CHRISTMAS SCANDINAVIAN,2011-11,2011-12,M2_gbm_poisson,1927.844226,5365,2982.666667,B,True,Forecast
22579,WOODEN TREE CHRISTMAS SCANDINAVIAN,2011-11,2011-12,M2_gbm_poisson,822.852069,2503,1643.333333,B,True,Forecast
22580,ADVENT CALENDAR GINGHAM SACK,2011-11,2011-12,M2_gbm_poisson,271.061557,559,372.333333,A,True,Forecast
22581,WOOD STOCKING CHRISTMAS SCANDISPOT,2011-11,2011-12,M2_gbm_poisson,246.336202,521,342.000000,B,True,Forecast
22582,PACK OF 6 SWEETIE GIFT BOXES,2011-11,2011-12,M2_gbm_poisson,59.203573,37,119.000000,A,True,Forecast
22583,PACK OF 6 HANDBAG GIFT BOXES,2011-11,2011-12,M2_gbm_poisson,42.091084,29,30.333333,A,True,Forecast
22584,PACK OF 6 PANNETONE GIFT BOXES,2011-11,2011-12,M2_gbm_poisson,143.737983,270,271.333333,A,True,Forecast
22585,PACK OF 6 BIRDY GIFT TAGS,2011-11,2011-12,M2_gbm_poisson,384.629047,790,792.000000,A,True,Forecast
22586,FELTCRAFT HAIRBAND PINK AND BLUE,2011-11,2011-12,M2_gbm_poisson,76.741657,101,92.666667,B,True,Forecast
22587,FELTCRAFT HAIRBAND RED AND BLUE,2011-11,2011-12,M2_gbm_poisson,103.471716,248,152.333333,B,True,Forecast
22588,CARD HOLDER GINGHAM HEART,2011-11,2011-12,M2_gbm_poisson,80.848246,131,124.000000,A,True,Forecast
22589,CARDHOLDER GINGHAM STAR,2011-11,2011-12,M2_gbm_poisson,70.266049,126,90.666667,B,True,Forecast
22591,CARDHOLDER GINGHAM CHRISTMAS TREE,2011-11,2011-12,M2_gbm_poisson,92.333476,175,121.666667,B,True,Forecast
22592,CARDHOLDER HOLLY WREATH METAL,2011-11,2011-12,M2_gbm_poisson,126.770183,271,174.333333,A,True,Forecast
22593,CHRISTMAS GINGHAM STAR,2011-11,2011-12,M2_gbm_poisson,282.854179,694,513.666667,B,True,Forecast
22594,CHRISTMAS GINGHAM TREE,2011-11,2011-12,M2_gbm_poisson,371.421369,773,453.333333,B,True,Forecast
22595,GINGHAM HEART DECORATION,2011-11,2011-12,M2_gbm_poisson,581.903492,953,1429.333333,A,True,Forecast
22596,CHRISTMAS STAR WISH LIST CHALKBOARD,2011-11,2011-12,M2_gbm_poisson,354.791735,890,787.333333,B,True,Forecast
22597,MUSICAL ZINC HEART DECORATION,2011-11,2011-12,M2_gbm_poisson,635.094368,1275,748.666667,B,True,Forecast
22598,CHRISTMAS MUSICAL ZINC TREE,2011-11,2011-12,M2_gbm_poisson,168.364200,392,288.333333,C,True,Forecast
22599,CHRISTMAS MUSICAL ZINC STAR,2011-11,2011-12,M2_gbm_poisson,334.477200,836,562.333333,B,True,Forecast
22600,CHRISTMAS RETROSPOT STAR WOOD,2011-11,2011-12,M2_gbm_poisson,222.336996,455,379.666667,B,True,Forecast
22601,CHRISTMAS RETROSPOT ANGEL WOOD,2011-11,2011-12,M2_gbm_poisson,244.581805,455,621.000000,B,True,Forecast
22602,CHRISTMAS RETROSPOT HEART WOOD,2011-11,2011-12,M2_gbm_poisson,192.556136,399,370.666667,A,True,Forecast
22603,CHRISTMAS RETROSPOT TREE WOOD,2011-11,2011-12,M2_gbm_poisson,195.017112,426,320.333333,B,True,Forecast
22604,SET OF 4 NAPKIN CHARMS CUTLERY,2011-11,2011-12,M2_gbm_poisson,60.625376,91,60.666667,A,True,Forecast
22605,WOODEN CROQUET GARDEN SET,2011-11,2011-12,M2_gbm_poisson,48.085311,54,36.333333,A,True,Forecast
22606,WOODEN SKITTLES GARDEN SET,2011-11,2011-12,M2_gbm_poisson,10.139803,1,6.333333,A,True,Forecast
22607,WOODEN ROUNDERS GARDEN SET,2011-11,2011-12,M2_gbm_poisson,55.542139,67,37.333333,A,True,Forecast
22608,PENS ASSORTED FUNKY JEWELED,2011-11,2011-12,M2_gbm_poisson,255.770792,681,541.000000,C,True,Forecast
22609,PENS ASSORTED SPACEBALL,2011-11,2011-12,M2_gbm_poisson,465.750211,1228,752.333333,B,True,Forecast
22610,PENS ASSORTED FUNNY FACE,2011-11,2011-12,M2_gbm_poisson,920.887890,1658,1345.000000,A,True,Forecast
22611,VINTAGE UNION JACK SHOPPING BAG,2011-11,2011-12,M2_gbm_poisson,20.910490,5,19.333333,A,True,Forecast
22613,PACK OF 20 SPACEBOY NAPKINS,2011-11,2011-12,M2_gbm_poisson,60.281515,54,85.000000,B,True,Forecast
22614,PACK OF 12 SPACEBOY TISSUES,2011-11,2011-12,M2_gbm_poisson,185.313725,298,396.666667,B,True,Forecast
22615,PACK OF 12 CIRCUS PARADE TISSUES,2011-11,2011-12,M2_gbm_poisson,84.119459,80,195.666667,C,True,Forecast
22616,PACK OF 12 LONDON TISSUES,2011-11,2011-12,M2_gbm_poisson,1015.434985,2979,2044.000000,A,True,Forecast
22617,BAKING SET SPACEBOY DESIGN,2011-11,2011-12,M2_gbm_poisson,349.356857,679,337.000000,A,True,Forecast
22619,SET OF 6 SOLDIER SKITTLES,2011-11,2011-12,M2_gbm_poisson,209.227098,419,297.000000,A,True,Forecast
22620,4 TRADITIONAL SPINNING TOPS,2011-11,2011-12,M2_gbm_poisson,282.568077,674,468.333333,A,True,Forecast
22621,TRADITIONAL KNITTING NANCY,2011-11,2011-12,M2_gbm_poisson,685.795503,1425,907.666667,A,True,Forecast
22622,BOX OF VINTAGE ALPHABET BLOCKS,2011-11,2011-12,M2_gbm_poisson,92.583152,194,152.666667,A,True,Forecast
22623,BOX OF VINTAGE JIGSAW BLOCKS,2011-11,2011-12,M2_gbm_poisson,82.127500,126,137.333333,A,True,Forecast
22624,IVORY KITCHEN SCALES,2011-11,2011-12,M2_gbm_poisson,135.578886,154,197.000000,A,True,Forecast
22625,RED KITCHEN SCALES,2011-11,2011-12,M2_gbm_poisson,102.275387,147,162.333333,A,True,Forecast
22626,BLACK KITCHEN SCALES,2011-11,2011-12,M2_gbm_poisson,43.542159,26,36.000000,A,True,Forecast
22627,MINT KITCHEN SCALES,2011-11,2011-12,M2_gbm_poisson,75.766572,104,109.000000,A,True,Forecast
22628,PICNIC BOXES SET OF 3 RETROSPOT,2011-11,2011-12,M2_gbm_poisson,44.391041,51,46.333333,A,True,Forecast
22629,SPACEBOY LUNCH BOX,2011-11,2011-12,M2_gbm_poisson,664.364338,1460,1140.000000,A,True,Forecast
22630,DOLLY GIRL LUNCH BOX,2011-11,2011-12,M2_gbm_poisson,509.025324,884,929.000000,A,True,Forecast
22631,CIRCUS PARADE LUNCH BOX,2011-11,2011-12,M2_gbm_poisson,227.409453,410,385.666667,A,True,Forecast
22632,HAND WARMER RED RETROSPOT,2011-11,2011-12,M2_gbm_poisson,629.957974,1352,1035.000000,A,True,Forecast
22633,HAND WARMER UNION JACK,2011-11,2011-12,M2_gbm_poisson,681.802805,1129,1086.666667,A,True,Forecast
22634,CHILDS BREAKFAST SET SPACEBOY,2011-11,2011-12,M2_gbm_poisson,69.326003,107,69.000000,A,True,Forecast
22635,CHILDS BREAKFAST SET DOLLY GIRL,2011-11,2011-12,M2_gbm_poisson,56.655901,86,55.333333,A,True,Forecast
22636,CHILDS BREAKFAST SET CIRCUS PARADE,2011-11,2011-12,M2_gbm_poisson,60.463707,89,52.333333,A,True,Forecast
22637,PIGGY BANK RETROSPOT,2011-11,2011-12,M2_gbm_poisson,141.999223,124,470.666667,A,True,Forecast
22638,SET OF 4 NAPKIN CHARMS CROWNS,2011-11,2011-12,M2_gbm_poisson,33.074493,20,16.666667,C,True,Forecast
22639,SET OF 4 NAPKIN CHARMS HEARTS,2011-11,2011-12,M2_gbm_poisson,67.225135,85,81.666667,B,True,Forecast
22640,SET OF 4 NAPKIN CHARMS 3 KEYS,2011-11,2011-12,M2_gbm_poisson,27.310311,17,13.666667,C,True,Forecast
22641,SET OF 4 NAPKIN CHARMS INSTRUMENT,2011-11,2011-12,M2_gbm_poisson,20.666345,11,13.333333,C,True,Forecast
22642,SET OF 4 NAPKIN CHARMS STARS,2011-11,2011-12,M2_gbm_poisson,47.219113,37,40.666667,B,True,Forecast
22643,SET OF 4 NAPKIN CHARMS LEAVES,2011-11,2011-12,M2_gbm_poisson,34.001489,32,14.333333,C,True,Forecast
22644,CERAMIC CHERRY CAKE MONEY BANK,2011-11,2011-12,M2_gbm_poisson,96.441370,214,145.333333,A,True,Forecast
22645,CERAMIC HEART FAIRY CAKE MONEY BANK,2011-11,2011-12,M2_gbm_poisson,118.220542,257,193.333333,A,True,Forecast
22646,CERAMIC STRAWBERRY CAKE MONEY BANK,2011-11,2011-12,M2_gbm_poisson,254.509372,581,409.666667,A,True,Forecast
22647,CERAMIC LOVE HEART MONEY BANK,2011-11,2011-12,M2_gbm_poisson,24.475325,15,12.666667,C,True,Forecast
22649,STRAWBERRY FAIRY CAKE TEAPOT,2011-11,2011-12,M2_gbm_poisson,52.676059,55,45.333333,A,True,Forecast
22650,CERAMIC PIRATE CHEST MONEY BANK,2011-11,2011-12,M2_gbm_poisson,85.566996,153,102.000000,B,True,Forecast
22651,GENTLEMAN SHIRT REPAIR KIT,2011-11,2011-12,M2_gbm_poisson,91.492027,136,175.333333,B,True,Forecast
22652,TRAVEL SEWING KIT,2011-11,2011-12,M2_gbm_poisson,79.005433,40,419.666667,A,True,Forecast
22653,BUTTON BOX,2011-11,2011-12,M2_gbm_poisson,164.092999,325,257.333333,A,True,Forecast
22654,DELUXE SEWING KIT,2011-11,2011-12,M2_gbm_poisson,91.569663,177,120.333333,A,True,Forecast
22655,VINTAGE RED KITCHEN CABINET,2011-11,2011-12,M2_gbm_poisson,5.876718,1,2.333333,A,True,Forecast
22656,VINTAGE BLUE KITCHEN CABINET,2011-11,2011-12,M2_gbm_poisson,2.583201,0,0.333333,A,True,Forecast
22659,LUNCH BOX I LOVE LONDON,2011-11,2011-12,M2_gbm_poisson,396.517582,965,899.333333,A,True,Forecast
22660,DOORMAT I LOVE LONDON,2011-11,2011-12,M2_gbm_poisson,52.010326,66,69.000000,A,True,Forecast
22661,CHARLOTTE BAG DOLLY GIRL DESIGN,2011-11,2011-12,M2_gbm_poisson,291.214651,424,416.333333,A,True,Forecast
22662,LUNCH BAG DOLLY GIRL DESIGN,2011-11,2011-12,M2_gbm_poisson,343.697248,551,507.000000,A,True,Forecast
22663,JUMBO BAG DOLLY GIRL DESIGN,2011-11,2011-12,M2_gbm_poisson,200.380758,290,283.666667,A,True,Forecast
22664,TOY TIDY DOLLY GIRL DESIGN,2011-11,2011-12,M2_gbm_poisson,54.885939,65,46.333333,B,True,Forecast
22665,RECIPE BOX BLUE SKETCHBOOK DESIGN,2011-11,2011-12,M2_gbm_poisson,62.640566,57,105.666667,A,True,Forecast
22666,RECIPE BOX PANTRY YELLOW DESIGN,2011-11,2011-12,M2_gbm_poisson,742.113472,1219,1011.333333,A,True,Forecast
22667,RECIPE BOX RETROSPOT,2011-11,2011-12,M2_gbm_poisson,206.336916,328,296.333333,A,True,Forecast
22668,PINK BABY BUNTING,2011-11,2011-12,M2_gbm_poisson,87.285704,76,166.666667,A,True,Forecast
22669,RED BABY BUNTING,2011-11,2011-12,M2_gbm_poisson,69.980047,86,111.000000,A,True,Forecast
22670,FRENCH WC SIGN BLUE METAL,2011-11,2011-12,M2_gbm_poisson,102.498883,154,149.333333,A,True,Forecast
22671,FRENCH LAUNDRY SIGN BLUE METAL,2011-11,2011-12,M2_gbm_poisson,52.149536,39,43.000000,B,True,Forecast
22672,FRENCH BATHROOM SIGN BLUE METAL,2011-11,2011-12,M2_gbm_poisson,66.875941,80,70.000000,A,True,Forecast
22673,FRENCH GARDEN SIGN BLUE METAL,2011-11,2011-12,M2_gbm_poisson,41.995043,33,45.666667,B,True,Forecast
22674,FRENCH TOILET SIGN BLUE METAL,2011-11,2011-12,M2_gbm_poisson,59.807199,66,52.333333,B,True,Forecast
22675,FRENCH KITCHEN SIGN BLUE METAL,2011-11,2011-12,M2_gbm_poisson,55.514381,43,42.666667,B,True,Forecast
22676,FRENCH BLUE METAL DOOR SIGN 1,2011-11,2011-12,M2_gbm_poisson,72.332685,141,116.333333,B,True,Forecast
22677,FRENCH BLUE METAL DOOR SIGN 2,2011-11,2011-12,M2_gbm_poisson,66.703914,82,94.666667,B,True,Forecast
22678,FRENCH BLUE METAL DOOR SIGN 3,2011-11,2011-12,M2_gbm_poisson,60.021751,57,73.666667,B,True,Forecast
22679,FRENCH BLUE METAL DOOR SIGN 4,2011-11,2011-12,M2_gbm_poisson,56.283901,61,61.666667,B,True,Forecast
22680,FRENCH BLUE METAL DOOR SIGN 5,2011-11,2011-12,M2_gbm_poisson,66.472286,101,78.333333,B,True,Forecast
22681,FRENCH BLUE METAL DOOR SIGN 6,2011-11,2011-12,M2_gbm_poisson,63.299484,95,61.333333,B,True,Forecast
22682,FRENCH BLUE METAL DOOR SIGN 7,2011-11,2011-12,M2_gbm_poisson,56.486559,68,54.333333,B,True,Forecast
22683,FRENCH BLUE METAL DOOR SIGN 8,2011-11,2011-12,M2_gbm_poisson,51.917567,47,51.666667,B,True,Forecast
22684,FRENCH BLUE METAL DOOR SIGN 9,2011-11,2011-12,M2_gbm_poisson,49.713294,44,35.333333,B,True,Forecast
22685,FRENCH BLUE METAL DOOR SIGN 0,2011-11,2011-12,M2_gbm_poisson,44.197916,54,35.666667,B,True,Forecast
22686,FRENCH BLUE METAL DOOR SIGN No,2011-11,2011-12,M2_gbm_poisson,61.439612,52,97.666667,B,True,Forecast
22687,DOORMAT CHRISTMAS VILLAGE,2011-11,2011-12,M2_gbm_poisson,121.378708,22,178.666667,B,True,Forecast
22688,DOORMAT PEACE ON EARTH BLUE,2011-11,2011-12,M2_gbm_poisson,49.518796,12,217.333333,B,True,Forecast
22689,DOORMAT MERRY CHRISTMAS RED,2011-11,2011-12,M2_gbm_poisson,83.018996,72,185.666667,A,True,Forecast
22690,DOORMAT HOME SWEET HOME BLUE,2011-11,2011-12,M2_gbm_poisson,78.208439,74,140.000000,A,True,Forecast
22691,DOORMAT WELCOME SUNRISE,2011-11,2011-12,M2_gbm_poisson,39.133998,35,62.333333,A,True,Forecast
22692,DOORMAT WELCOME TO OUR HOME,2011-11,2011-12,M2_gbm_poisson,71.773178,76,186.333333,A,True,Forecast
22693,GROW A FLYTRAP OR SUNFLOWER IN TIN,2011-11,2011-12,M2_gbm_poisson,543.560952,1133,818.000000,A,True,Forecast
22694,WICKER STAR,2011-11,2011-12,M2_gbm_poisson,258.426118,594,358.333333,A,True,Forecast
22695,WICKER WREATH SMALL,2011-11,2011-12,M2_gbm_poisson,74.549241,104,129.333333,B,True,Forecast
22696,WICKER WREATH LARGE,2011-11,2011-12,M2_gbm_poisson,83.270556,140,145.000000,B,True,Forecast
22697,GREEN REGENCY TEACUP AND SAUCER,2011-11,2011-12,M2_gbm_poisson,336.503154,523,658.666667,A,True,Forecast
22698,PINK REGENCY TEACUP AND SAUCER,2011-11,2011-12,M2_gbm_poisson,301.065709,453,603.666667,A,True,Forecast
22699,ROSES REGENCY TEACUP AND SAUCER,2011-11,2011-12,M2_gbm_poisson,418.074556,614,832.000000,A,True,Forecast
22700,BLACK AND WHITE DOG BOWL,2011-11,2011-12,M2_gbm_poisson,3.494671,0,1.000000,B,True,Forecast
22701,PINK DOG BOWL,2011-11,2011-12,M2_gbm_poisson,42.055387,35,22.000000,B,True,Forecast
22702,BLACK AND WHITE CAT BOWL,2011-11,2011-12,M2_gbm_poisson,11.830528,6,6.333333,B,True,Forecast
22703,PINK CAT BOWL,2011-11,2011-12,M2_gbm_poisson,54.814971,58,42.000000,C,True,Forecast
22704,WRAP RED APPLES,2011-11,2011-12,M2_gbm_poisson,193.425277,350,441.666667,B,True,Forecast
22705,WRAP GREEN PEARS,2011-11,2011-12,M2_gbm_poisson,87.286898,100,166.666667,B,True,Forecast
22706,WRAP COWBOYS,2011-11,2011-12,M2_gbm_poisson,70.924585,25,125.000000,B,True,Forecast
22707,WRAP MONSTER FUN,2011-11,2011-12,M2_gbm_poisson,70.336247,200,125.000000,C,True,Forecast
22708,WRAP DOLLY GIRL,2011-11,2011-12,M2_gbm_poisson,115.567036,375,308.333333,B,True,Forecast
22709,WRAP WEDDING DAY,2011-11,2011-12,M2_gbm_poisson,35.747399,0,125.000000,C,True,Forecast
22710,WRAP I LOVE LONDON,2011-11,2011-12,M2_gbm_poisson,140.550053,275,500.000000,B,True,Forecast
22711,WRAP CIRCUS PARADE,2011-11,2011-12,M2_gbm_poisson,97.180229,150,241.666667,B,True,Forecast
22712,CARD DOLLY GIRL,2011-11,2011-12,M2_gbm_poisson,254.623144,399,439.333333,B,True,Forecast
22713,CARD I LOVE LONDON,2011-11,2011-12,M2_gbm_poisson,108.190592,133,322.333333,B,True,Forecast
22714,CARD BIRTHDAY COWBOY,2011-11,2011-12,M2_gbm_poisson,191.263598,659,372.000000,B,True,Forecast
22715,CARD WEDDING DAY,2011-11,2011-12,M2_gbm_poisson,51.479727,6,87.000000,C,True,Forecast
22716,CARD CIRCUS PARADE,2011-11,2011-12,M2_gbm_poisson,106.829298,110,244.666667,B,True,Forecast
22717,CARD DOG AND BALL,2011-11,2011-12,M2_gbm_poisson,66.836108,88,94.333333,C,True,Forecast
22718,CARD CAT AND TREE,2011-11,2011-12,M2_gbm_poisson,65.895897,109,140.333333,C,True,Forecast
22720,SET OF 3 CAKE TINS PANTRY DESIGN,2011-11,2011-12,M2_gbm_poisson,361.654348,574,806.666667,A,True,Forecast
22721,SET OF 3 CAKE TINS SKETCHBOOK,2011-11,2011-12,M2_gbm_poisson,52.408616,51,44.000000,B,True,Forecast
22722,SET OF 6 SPICE TINS PANTRY DESIGN,2011-11,2011-12,M2_gbm_poisson,318.579379,529,821.333333,A,True,Forecast
22723,SET OF 6 HERB TINS SKETCHBOOK,2011-11,2011-12,M2_gbm_poisson,45.782054,44,27.000000,B,True,Forecast
22725,ALARM CLOCK BAKELIKE CHOCOLATE,2011-11,2011-12,M2_gbm_poisson,157.830432,259,273.000000,A,True,Forecast
22726,ALARM CLOCK BAKELIKE GREEN,2011-11,2011-12,M2_gbm_poisson,517.748515,1002,915.000000,A,True,Forecast
22727,ALARM CLOCK BAKELIKE RED,2011-11,2011-12,M2_gbm_poisson,486.907861,958,936.333333,A,True,Forecast
22728,ALARM CLOCK BAKELIKE PINK,2011-11,2011-12,M2_gbm_poisson,386.018981,545,696.666667,A,True,Forecast
22729,ALARM CLOCK BAKELIKE ORANGE,2011-11,2011-12,M2_gbm_poisson,53.177322,24,146.333333,A,True,Forecast
22730,ALARM CLOCK BAKELIKE IVORY,2011-11,2011-12,M2_gbm_poisson,236.785774,438,418.000000,A,True,Forecast
22731,3D CHRISTMAS STAMPS STICKERS,2011-11,2011-12,M2_gbm_poisson,113.821977,217,302.000000,B,True,Forecast
22732,3D VINTAGE CHRISTMAS STICKERS,2011-11,2011-12,M2_gbm_poisson,251.978573,519,432.333333,B,True,Forecast
22733,3D TRADITIONAL CHRISTMAS STICKERS,2011-11,2011-12,M2_gbm_poisson,225.764546,478,423.000000,B,True,Forecast
22734,SET OF 6 RIBBONS VINTAGE CHRISTMAS,2011-11,2011-12,M2_gbm_poisson,620.672630,1214,915.000000,A,True,Forecast
22735,RIBBON REEL SOCKS AND MITTENS,2011-11,2011-12,M2_gbm_poisson,106.868786,200,166.333333,B,True,Forecast
22736,RIBBON REEL MAKING SNOWMEN,2011-11,2011-12,M2_gbm_poisson,181.292886,353,276.000000,B,True,Forecast
22737,RIBBON REEL CHRISTMAS PRESENT,2011-11,2011-12,M2_gbm_poisson,206.009125,434,347.333333,A,True,Forecast
22738,RIBBON REEL SNOWY VILLAGE,2011-11,2011-12,M2_gbm_poisson,237.335822,420,533.000000,A,True,Forecast
22739,RIBBON REEL CHRISTMAS SOCK BAUBLE,2011-11,2011-12,M2_gbm_poisson,236.382499,449,399.666667,A,True,Forecast
22740,POLKADOT PEN,2011-11,2011-12,M2_gbm_poisson,18.715761,0,29.666667,A,True,Forecast
22741,FUNKY DIVA PEN,2011-11,2011-12,M2_gbm_poisson,402.819248,692,873.666667,A,True,Forecast
22742,MAKE YOUR OWN PLAYTIME CARD KIT,2011-11,2011-12,M2_gbm_poisson,47.596651,38,38.333333,B,True,Forecast
22743,MAKE YOUR OWN FLOWERPOWER CARD KIT,2011-11,2011-12,M2_gbm_poisson,56.290769,57,59.333333,A,True,Forecast
22744,MAKE YOUR OWN MONSOON CARD KIT,2011-11,2011-12,M2_gbm_poisson,59.860970,78,55.333333,A,True,Forecast
22745,POPPY'S PLAYHOUSE BEDROOM,2011-11,2011-12,M2_gbm_poisson,127.988488,247,194.333333,A,True,Forecast
22746,POPPY'S PLAYHOUSE LIVINGROOM,2011-11,2011-12,M2_gbm_poisson,83.553483,147,127.333333,A,True,Forecast
22747,POPPY'S PLAYHOUSE BATHROOM,2011-11,2011-12,M2_gbm_poisson,68.734310,73,79.000000,A,True,Forecast
22748,POPPY'S PLAYHOUSE KITCHEN,2011-11,2011-12,M2_gbm_poisson,148.583975,282,213.666667,A,True,Forecast
22749,FELTCRAFT PRINCESS CHARLOTTE DOLL,2011-11,2011-12,M2_gbm_poisson,200.364559,361,327.000000,A,True,Forecast
22750,FELTCRAFT PRINCESS LOLA DOLL,2011-11,2011-12,M2_gbm_poisson,184.631588,291,279.666667,A,True,Forecast
22751,FELTCRAFT PRINCESS OLIVIA DOLL,2011-11,2011-12,M2_gbm_poisson,112.735087,161,263.000000,A,True,Forecast
22752,SET 7 BABUSHKA NESTING BOXES,2011-11,2011-12,M2_gbm_poisson,101.866790,253,158.666667,A,True,Forecast
22753,SMALL YELLOW BABUSHKA NOTEBOOK,2011-11,2011-12,M2_gbm_poisson,95.323306,181,79.000000,B,True,Forecast
22754,SMALL RED BABUSHKA NOTEBOOK,2011-11,2011-12,M2_gbm_poisson,103.795649,220,129.000000,B,True,Forecast
22755,SMALL PURPLE BABUSHKA NOTEBOOK,2011-11,2011-12,M2_gbm_poisson,94.706899,203,97.666667,B,True,Forecast
22756,LARGE YELLOW BABUSHKA NOTEBOOK,2011-11,2011-12,M2_gbm_poisson,51.675075,71,32.666667,B,True,Forecast
22757,LARGE RED BABUSHKA NOTEBOOK,2011-11,2011-12,M2_gbm_poisson,54.472473,87,53.000000,B,True,Forecast
22758,LARGE PURPLE BABUSHKA NOTEBOOK,2011-11,2011-12,M2_gbm_poisson,68.665814,111,62.666667,B,True,Forecast
22759,SET OF 3 NOTEBOOKS IN PARCEL,2011-11,2011-12,M2_gbm_poisson,482.494447,911,926.000000,A,True,Forecast
22760,"TRAY, BREAKFAST IN BED",2011-11,2011-12,M2_gbm_poisson,7.337464,0,18.000000,B,True,Forecast
22761,CHEST 7 DRAWER MA CAMPAGNE,2011-11,2011-12,M2_gbm_poisson,7.541420,3,3.333333,C,True,Forecast
22762,CUPBOARD 3 DRAWER MA CAMPAGNE,2011-11,2011-12,M2_gbm_poisson,19.287083,13,11.666667,B,True,Forecast
22763,KEY CABINET MA CAMPAGNE,2011-11,2011-12,M2_gbm_poisson,31.638843,22,18.666667,A,True,Forecast
22766,PHOTO FRAME CORNICE,2011-11,2011-12,M2_gbm_poisson,199.926582,264,412.333333,A,True,Forecast
22767,TRIPLE PHOTO FRAME CORNICE,2011-11,2011-12,M2_gbm_poisson,63.354659,75,106.333333,A,True,Forecast
22768,FAMILY PHOTO FRAME CORNICE,2011-11,2011-12,M2_gbm_poisson,72.988929,94,126.000000,A,True,Forecast
22770,MIRROR CORNICE,2011-11,2011-12,M2_gbm_poisson,14.322076,7,9.666667,B,True,Forecast
22771,CLEAR DRAWER KNOB ACRYLIC EDWARDIAN,2011-11,2011-12,M2_gbm_poisson,289.918426,585,541.333333,A,True,Forecast
22772,PINK DRAWER KNOB ACRYLIC EDWARDIAN,2011-11,2011-12,M2_gbm_poisson,134.941853,248,244.333333,A,True,Forecast
22773,GREEN DRAWER KNOB ACRYLIC EDWARDIAN,2011-11,2011-12,M2_gbm_poisson,74.471851,116,144.333333,B,True,Forecast
22774,RED DRAWER KNOB ACRYLIC EDWARDIAN,2011-11,2011-12,M2_gbm_poisson,101.593580,189,173.666667,B,True,Forecast
22775,PURPLE DRAWERKNOB ACRYLIC EDWARDIAN,2011-11,2011-12,M2_gbm_poisson,171.242581,375,284.333333,B,True,Forecast
22776,SWEETHEART CAKESTAND 3 TIER,2011-11,2011-12,M2_gbm_poisson,73.126262,84,88.333333,A,True,Forecast
22777,GLASS CLOCHE LARGE,2011-11,2011-12,M2_gbm_poisson,2.058940,0,0.000000,B,True,Forecast
22778,GLASS CLOCHE SMALL,2011-11,2011-12,M2_gbm_poisson,57.908425,83,63.666667,B,True,Forecast
22779,WOODEN OWLS LIGHT GARLAND,2011-11,2011-12,M2_gbm_poisson,70.493130,99,108.333333,A,True,Forecast
22780,LIGHT GARLAND BUTTERFILES PINK,2011-11,2011-12,M2_gbm_poisson,64.695984,84,80.000000,A,True,Forecast
22781,GUMBALL MAGAZINE RACK,2011-11,2011-12,M2_gbm_poisson,54.198206,62,53.000000,A,True,Forecast
22782,SET 3 WICKER STORAGE BASKETS,2011-11,2011-12,M2_gbm_poisson,10.994878,8,5.333333,B,True,Forecast
22783,SET 3 WICKER OVAL BASKETS W LIDS,2011-11,2011-12,M2_gbm_poisson,2.055800,0,0.000000,B,True,Forecast
22784,LANTERN CREAM GAZEBO,2011-11,2011-12,M2_gbm_poisson,81.443233,130,96.333333,A,True,Forecast
22785,SQUARECUSHION COVER PINK UNION FLAG,2011-11,2011-12,M2_gbm_poisson,13.656536,8,7.333333,B,True,Forecast
22786,CUSHION COVER PINK UNION JACK,2011-11,2011-12,M2_gbm_poisson,10.913201,7,7.333333,B,True,Forecast
22788,BROCANTE COAT RACK,2011-11,2011-12,M2_gbm_poisson,2.033330,0,0.000000,A,True,Forecast
22789,T-LIGHT HOLDER SWEETHEART HANGING,2011-11,2011-12,M2_gbm_poisson,29.387979,12,34.000000,B,True,Forecast
22791,T-LIGHT GLASS FLUTED ANTIQUE,2011-11,2011-12,M2_gbm_poisson,589.663886,1325,942.666667,A,True,Forecast
22792,FLUTED ANTIQUE CANDLE HOLDER,2011-11,2011-12,M2_gbm_poisson,356.282806,819,442.666667,B,True,Forecast
22794,SWEETHEART WIRE MAGAZINE RACK,2011-11,2011-12,M2_gbm_poisson,30.301179,18,18.333333,B,True,Forecast
22795,SWEETHEART RECIPE BOOK STAND,2011-11,2011-12,M2_gbm_poisson,88.046174,155,141.000000,A,True,Forecast
22796,PHOTO FRAME 3 CLASSIC HANGING,2011-11,2011-12,M2_gbm_poisson,55.823597,67,52.666667,A,True,Forecast
22797,CHEST OF DRAWERS GINGHAM HEART,2011-11,2011-12,M2_gbm_poisson,23.319154,16,11.333333,B,True,Forecast
22798,ANTIQUE GLASS DRESSING TABLE POT,2011-11,2011-12,M2_gbm_poisson,111.100012,156,188.666667,A,True,Forecast
22799,SWEETHEART WIRE FRUIT BOWL,2011-11,2011-12,M2_gbm_poisson,18.166645,12,9.666667,B,True,Forecast
22800,ANTIQUE TALL SWIRLGLASS TRINKET POT,2011-11,2011-12,M2_gbm_poisson,70.523011,89,70.333333,B,True,Forecast
22801,ANTIQUE GLASS PEDESTAL BOWL,2011-11,2011-12,M2_gbm_poisson,80.586959,137,107.000000,B,True,Forecast
22802,FAUX FUR CHOCOLATE THROW,2011-11,2011-12,M2_gbm_poisson,12.555209,9,5.666667,B,True,Forecast
22803,IVORY EMBROIDERED QUILT,2011-11,2011-12,M2_gbm_poisson,3.327568,1,0.666667,B,True,Forecast
22804,CANDLEHOLDER PINK HANGING HEART,2011-11,2011-12,M2_gbm_poisson,358.094732,787,358.333333,A,True,Forecast
22805,BLUE DRAWER KNOB ACRYLIC EDWARDIAN,2011-11,2011-12,M2_gbm_poisson,95.233944,147,159.333333,B,True,Forecast
22806,SET OF 6 T-LIGHTS WEDDING CAKE,2011-11,2011-12,M2_gbm_poisson,31.307065,19,19.000000,C,True,Forecast
22807,SET OF 6 T-LIGHTS TOADSTOOLS,2011-11,2011-12,M2_gbm_poisson,63.598645,78,51.000000,B,True,Forecast
22808,SET OF 6 T-LIGHTS EASTER CHICKS,2011-11,2011-12,M2_gbm_poisson,5.198616,4,1.666667,B,True,Forecast
22809,SET OF 6 T-LIGHTS SANTA,2011-11,2011-12,M2_gbm_poisson,238.125079,468,308.666667,A,True,Forecast
22810,SET OF 6 T-LIGHTS SNOWMEN,2011-11,2011-12,M2_gbm_poisson,179.060451,360,217.666667,A,True,Forecast
22811,SET OF 6 T-LIGHTS CACTI,2011-11,2011-12,M2_gbm_poisson,86.813853,195,152.333333,C,True,Forecast
22812,PACK 3 BOXES CHRISTMAS PANNETONE,2011-11,2011-12,M2_gbm_poisson,116.705514,136,435.666667,A,True,Forecast
22813,PACK 3 BOXES BIRD PANNETONE,2011-11,2011-12,M2_gbm_poisson,144.915729,244,343.000000,A,True,Forecast
22814,CARD PARTY GAMES,2011-11,2011-12,M2_gbm_poisson,100.369579,190,164.666667,C,True,Forecast
22815,CARD PSYCHEDELIC APPLES,2011-11,2011-12,M2_gbm_poisson,150.807203,290,282.000000,C,True,Forecast
22816,CARD MOTORBIKE SANTA,2011-11,2011-12,M2_gbm_poisson,633.215095,1482,987.000000,B,True,Forecast
22817,CARD SUKI BIRTHDAY,2011-11,2011-12,M2_gbm_poisson,161.457187,380,227.333333,C,True,Forecast
22818,CARD CHRISTMAS VILLAGE,2011-11,2011-12,M2_gbm_poisson,633.215095,1376,947.666667,B,True,Forecast
22819,"BIRTHDAY CARD, RETRO SPOT",2011-11,2011-12,M2_gbm_poisson,155.967885,337,294.333333,C,True,Forecast
22820,GIFT BAG BIRTHDAY,2011-11,2011-12,M2_gbm_poisson,40.523861,16,38.000000,C,True,Forecast
22821,GIFT BAG PSYCHEDELIC APPLES,2011-11,2011-12,M2_gbm_poisson,65.283026,106,91.000000,C,True,Forecast
22822,CREAM WALL PLANTER HEART SHAPED,2011-11,2011-12,M2_gbm_poisson,18.853041,11,9.333333,B,True,Forecast
22823,CHEST NATURAL WOOD 20 DRAWERS,2011-11,2011-12,M2_gbm_poisson,5.680325,4,2.333333,B,True,Forecast
22824,3 TIER SWEETHEART GARDEN SHELF,2011-11,2011-12,M2_gbm_poisson,5.947606,1,2.333333,B,True,Forecast
22825,DECORATIVE PLANT POT WITH FRIEZE,2011-11,2011-12,M2_gbm_poisson,11.253784,2,4.333333,C,True,Forecast
22826,LOVE SEAT ANTIQUE WHITE METAL,2011-11,2011-12,M2_gbm_poisson,19.182067,16,10.666667,B,True,Forecast
22827,RUSTIC  SEVENTEEN DRAWER SIDEBOARD,2011-11,2011-12,M2_gbm_poisson,6.885666,2,3.333333,A,True,Forecast
22828,REGENCY MIRROR WITH SHUTTERS,2011-11,2011-12,M2_gbm_poisson,3.532644,2,1.000000,B,True,Forecast
22829,SWEETHEART WIRE WALL TIDY,2011-11,2011-12,M2_gbm_poisson,13.833249,1,8.333333,B,True,Forecast
22831,WHITE BROCANTE SOAP DISH,2011-11,2011-12,M2_gbm_poisson,41.196496,29,34.000000,B,True,Forecast
22832,BROCANTE SHELF WITH HOOKS,2011-11,2011-12,M2_gbm_poisson,26.508114,21,11.333333,B,True,Forecast
22834,HAND WARMER BABUSHKA DESIGN,2011-11,2011-12,M2_gbm_poisson,109.198597,252,177.000000,A,True,Forecast
22835,HOT WATER BOTTLE I AM SO POORLY,2011-11,2011-12,M2_gbm_poisson,524.111886,996,599.666667,A,True,Forecast
22837,HOT WATER BOTTLE BABUSHKA,2011-11,2011-12,M2_gbm_poisson,4.873413,0,3.000000,A,True,Forecast
22838,3 TIER CAKE TIN RED AND CREAM,2011-11,2011-12,M2_gbm_poisson,50.264226,95,64.666667,A,True,Forecast
22839,3 TIER CAKE TIN GREEN AND CREAM,2011-11,2011-12,M2_gbm_poisson,38.152118,40,43.666667,A,True,Forecast
22840,ROUND CAKE TIN VINTAGE RED,2011-11,2011-12,M2_gbm_poisson,68.577080,76,77.333333,A,True,Forecast
22841,ROUND CAKE TIN VINTAGE GREEN,2011-11,2011-12,M2_gbm_poisson,40.599909,38,47.333333,A,True,Forecast
22842,BISCUIT TIN VINTAGE RED,2011-11,2011-12,M2_gbm_poisson,43.006917,42,47.333333,A,True,Forecast
22843,BISCUIT TIN VINTAGE GREEN,2011-11,2011-12,M2_gbm_poisson,31.669837,17,30.333333,B,True,Forecast
22844,VINTAGE CREAM DOG FOOD CONTAINER,2011-11,2011-12,M2_gbm_poisson,69.712131,98,69.666667,A,True,Forecast
22845,VINTAGE CREAM CAT FOOD CONTAINER,2011-11,2011-12,M2_gbm_poisson,58.006790,64,53.333333,A,True,Forecast
22846,BREAD BIN DINER STYLE RED,2011-11,2011-12,M2_gbm_poisson,53.669062,69,66.000000,A,True,Forecast
22847,BREAD BIN DINER STYLE IVORY,2011-11,2011-12,M2_gbm_poisson,65.772924,91,108.333333,A,True,Forecast
22848,BREAD BIN DINER STYLE PINK,2011-11,2011-12,M2_gbm_poisson,8.513567,0,13.666667,A,True,Forecast
22849,BREAD BIN DINER STYLE MINT,2011-11,2011-12,M2_gbm_poisson,3.164731,0,0.333333,A,True,Forecast
22851,SET 20 NAPKINS FAIRY CAKES DESIGN,2011-11,2011-12,M2_gbm_poisson,126.372644,214,176.000000,B,True,Forecast
22852,DOG BOWL VINTAGE CREAM,2011-11,2011-12,M2_gbm_poisson,42.545611,33,33.666667,B,True,Forecast
22853,CAT BOWL VINTAGE CREAM,2011-11,2011-12,M2_gbm_poisson,44.778691,44,35.000000,B,True,Forecast
22854,CREAM SWEETHEART EGG HOLDER,2011-11,2011-12,M2_gbm_poisson,3.141141,0,0.666667,A,True,Forecast
22855,FINE WICKER HEART,2011-11,2011-12,M2_gbm_poisson,3.708816,0,0.000000,A,True,Forecast
22856,ASSORTED EASTER DECORATIONS  BELLS,2011-11,2011-12,M2_gbm_poisson,30.802350,26,16.000000,B,True,Forecast
22857,ASSORTED EASTER GIFT TAGS,2011-11,2011-12,M2_gbm_poisson,9.066296,0,4.000000,B,True,Forecast
22858,EASTER TIN KEEPSAKE,2011-11,2011-12,M2_gbm_poisson,5.587675,0,1.000000,B,True,Forecast
22859,EASTER TIN BUNNY BOUQUET,2011-11,2011-12,M2_gbm_poisson,41.862815,31,52.333333,B,True,Forecast
22860,EASTER TIN CHICKS PINK DAISY,2011-11,2011-12,M2_gbm_poisson,10.060839,6,3.000000,B,True,Forecast
22863,SOAP DISH BROCANTE,2011-11,2011-12,M2_gbm_poisson,45.919502,43,24.333333,B,True,Forecast
22865,HAND WARMER OWL DESIGN,2011-11,2011-12,M2_gbm_poisson,914.232799,2523,2092.000000,A,True,Forecast
22866,HAND WARMER SCOTTY DOG DESIGN,2011-11,2011-12,M2_gbm_poisson,857.752235,2360,1647.000000,A,True,Forecast
22867,HAND WARMER BIRD DESIGN,2011-11,2011-12,M2_gbm_poisson,810.364091,1655,1326.333333,A,True,Forecast
22868,NUMBER TILE COTTAGE GARDEN 0,2011-11,2011-12,M2_gbm_poisson,6.496591,3,2.000000,C,True,Forecast
22869,NUMBER TILE COTTAGE GARDEN 1,2011-11,2011-12,M2_gbm_poisson,10.359749,3,3.333333,C,True,Forecast
22870,NUMBER TILE COTTAGE GARDEN 2,2011-11,2011-12,M2_gbm_poisson,8.694116,3,3.333333,C,True,Forecast
22871,NUMBER TILE COTTAGE GARDEN 3,2011-11,2011-12,M2_gbm_poisson,5.107578,1,1.000000,C,True,Forecast
22872,NUMBER TILE COTTAGE GARDEN 4,2011-11,2011-12,M2_gbm_poisson,4.574959,1,1.000000,C,True,Forecast
22873,NUMBER TILE COTTAGE GARDEN 5,2011-11,2011-12,M2_gbm_poisson,4.270564,1,0.666667,C,True,Forecast
22874,NUMBER TILE COTTAGE GARDEN 6,2011-11,2011-12,M2_gbm_poisson,5.635364,1,1.333333,C,True,Forecast
22875,NUMBER TILE COTTAGE GARDEN 7,2011-11,2011-12,M2_gbm_poisson,3.312705,0,0.333333,C,True,Forecast
22876,NUMBER TILE COTTAGE GARDEN 8,2011-11,2011-12,M2_gbm_poisson,5.302020,0,0.666667,C,True,Forecast
22877,NUMBER TILE COTTAGE GARDEN 9,2011-11,2011-12,M2_gbm_poisson,3.356385,0,1.000000,C,True,Forecast
22878,NUMBER TILE COTTAGE GARDEN No,2011-11,2011-12,M2_gbm_poisson,5.202025,2,1.666667,C,True,Forecast
22879,NUMBER TILE VINTAGE FONT 0,2011-11,2011-12,M2_gbm_poisson,3.740480,0,1.666667,C,True,Forecast
22880,NUMBER TILE VINTAGE FONT 1,2011-11,2011-12,M2_gbm_poisson,9.612238,2,3.666667,C,True,Forecast
22881,NUMBER TILE VINTAGE FONT 2,2011-11,2011-12,M2_gbm_poisson,10.640924,2,4.000000,C,True,Forecast
22882,NUMBER TILE VINTAGE FONT 3,2011-11,2011-12,M2_gbm_poisson,8.884730,3,2.333333,C,True,Forecast
22883,NUMBER TILE VINTAGE FONT 4,2011-11,2011-12,M2_gbm_poisson,7.424858,2,2.333333,C,True,Forecast
22884,NUMBER TILE VINTAGE FONT 5,2011-11,2011-12,M2_gbm_poisson,9.645716,5,3.000000,C,True,Forecast
22885,NUMBER TILE VINTAGE FONT 6,2011-11,2011-12,M2_gbm_poisson,7.467359,3,2.000000,C,True,Forecast
22886,NUMBER TILE VINTAGE FONT 7,2011-11,2011-12,M2_gbm_poisson,6.490753,1,2.000000,C,True,Forecast
22887,NUMBER TILE VINTAGE FONT 8,2011-11,2011-12,M2_gbm_poisson,4.180645,0,1.666667,C,True,Forecast
22888,NUMBER TILE VINTAGE FONT 9,2011-11,2011-12,M2_gbm_poisson,6.548022,2,2.000000,C,True,Forecast
22889,NUMBER TILE VINTAGE FONT No,2011-11,2011-12,M2_gbm_poisson,11.955108,4,4.000000,C,True,Forecast
22890,NOVELTY BISCUITS CAKE STAND 3 TIER,2011-11,2011-12,M2_gbm_poisson,48.313846,60,35.666667,A,True,Forecast
22891,TEA FOR ONE POLKADOT,2011-11,2011-12,M2_gbm_poisson,43.255058,50,37.000000,B,True,Forecast
22892,SET OF SALT AND PEPPER TOADSTOOLS,2011-11,2011-12,M2_gbm_poisson,87.196353,78,178.666667,B,True,Forecast
22893,MINI CAKE STAND T-LIGHT HOLDER,2011-11,2011-12,M2_gbm_poisson,60.965847,62,135.666667,C,True,Forecast
22894,TABLECLOTH RED APPLES DESIGN,2011-11,2011-12,M2_gbm_poisson,18.847151,11,13.000000,A,True,Forecast
22895,SET OF 2 TEA TOWELS APPLE AND PEARS,2011-11,2011-12,M2_gbm_poisson,105.900144,163,165.333333,A,True,Forecast
22896,PEG BAG APPLES DESIGN,2011-11,2011-12,M2_gbm_poisson,69.817272,106,88.666667,A,True,Forecast
22897,OVEN MITT APPLES DESIGN,2011-11,2011-12,M2_gbm_poisson,95.896709,187,146.333333,B,True,Forecast
22898,CHILDRENS APRON APPLES DESIGN,2011-11,2011-12,M2_gbm_poisson,194.750035,422,255.666667,A,True,Forecast
22899,CHILDREN'S APRON DOLLY GIRL,2011-11,2011-12,M2_gbm_poisson,165.371190,335,236.333333,A,True,Forecast
22900,SET 2 TEA TOWELS I LOVE LONDON,2011-11,2011-12,M2_gbm_poisson,220.362677,407,353.666667,A,True,Forecast
22902,TOTE BAG I LOVE LONDON,2011-11,2011-12,M2_gbm_poisson,69.108738,116,124.333333,B,True,Forecast
22903,CALENDAR FAMILY FAVOURITES,2011-11,2011-12,M2_gbm_poisson,43.875976,50,24.000000,B,True,Forecast
22904,CALENDAR PAPER CUT DESIGN,2011-11,2011-12,M2_gbm_poisson,103.559071,125,183.666667,A,True,Forecast
22905,CALENDAR IN SEASON DESIGN,2011-11,2011-12,M2_gbm_poisson,83.812094,151,95.000000,B,True,Forecast
22906,12 MESSAGE CARDS WITH ENVELOPES,2011-11,2011-12,M2_gbm_poisson,100.493201,235,161.333333,A,True,Forecast
22907,PACK OF 20 NAPKINS PANTRY DESIGN,2011-11,2011-12,M2_gbm_poisson,287.360813,288,467.000000,A,True,Forecast
22908,PACK OF 20 NAPKINS RED APPLES,2011-11,2011-12,M2_gbm_poisson,150.651680,148,215.000000,B,True,Forecast
22909,SET OF 20 VINTAGE CHRISTMAS NAPKINS,2011-11,2011-12,M2_gbm_poisson,923.870815,2395,2070.333333,A,True,Forecast
22910,PAPER CHAIN KIT VINTAGE CHRISTMAS,2011-11,2011-12,M2_gbm_poisson,1860.341116,3822,2384.666667,A,True,Forecast
22911,PAPER CHAIN KIT LONDON,2011-11,2011-12,M2_gbm_poisson,63.115672,112,52.333333,B,True,Forecast
22912,YELLOW COAT RACK PARIS FASHION,2011-11,2011-12,M2_gbm_poisson,20.902787,13,13.333333,B,True,Forecast
22913,RED COAT RACK PARIS FASHION,2011-11,2011-12,M2_gbm_poisson,17.829725,8,9.000000,B,True,Forecast
22914,BLUE COAT RACK PARIS FASHION,2011-11,2011-12,M2_gbm_poisson,18.316662,11,13.000000,B,True,Forecast
22915,ASSORTED BOTTLE TOP  MAGNETS,2011-11,2011-12,M2_gbm_poisson,113.596806,285,190.666667,C,True,Forecast
22916,HERB MARKER THYME,2011-11,2011-12,M2_gbm_poisson,59.557897,75,66.666667,C,True,Forecast
22917,HERB MARKER ROSEMARY,2011-11,2011-12,M2_gbm_poisson,63.703354,90,71.000000,C,True,Forecast
22918,HERB MARKER PARSLEY,2011-11,2011-12,M2_gbm_poisson,63.703354,89,68.333333,C,True,Forecast
22919,HERB MARKER MINT,2011-11,2011-12,M2_gbm_poisson,57.659754,72,61.000000,C,True,Forecast
22920,HERB MARKER BASIL,2011-11,2011-12,M2_gbm_poisson,71.899723,81,59.333333,C,True,Forecast
22921,HERB MARKER CHIVES,2011-11,2011-12,M2_gbm_poisson,61.034328,72,72.333333,C,True,Forecast
22922,FRIDGE MAGNETS US DINER ASSORTED,2011-11,2011-12,M2_gbm_poisson,67.786881,88,115.000000,B,True,Forecast
22923,FRIDGE MAGNETS LES ENFANTS ASSORTED,2011-11,2011-12,M2_gbm_poisson,60.815436,87,83.000000,C,True,Forecast
22924,FRIDGE MAGNETS LA VIE EN ROSE,2011-11,2011-12,M2_gbm_poisson,68.068900,90,114.000000,C,True,Forecast
22925,BLUE GIANT GARDEN THERMOMETER,2011-11,2011-12,M2_gbm_poisson,12.297611,0,22.333333,B,True,Forecast
22927,GREEN GIANT GARDEN THERMOMETER,2011-11,2011-12,M2_gbm_poisson,6.676423,0,8.666667,B,True,Forecast
22928,YELLOW GIANT GARDEN THERMOMETER,2011-11,2011-12,M2_gbm_poisson,49.763488,53,34.333333,C,True,Forecast
22929,SCHOOL DESK AND CHAIR,2011-11,2011-12,M2_gbm_poisson,3.456466,0,2.000000,C,True,Forecast
22930,BAKING MOULD HEART MILK CHOCOLATE,2011-11,2011-12,M2_gbm_poisson,61.605227,92,66.000000,B,True,Forecast
22931,BAKING MOULD HEART WHITE CHOCOLATE,2011-11,2011-12,M2_gbm_poisson,32.157646,18,18.000000,B,True,Forecast
22932,BAKING MOULD TOFFEE CUP CHOCOLATE,2011-11,2011-12,M2_gbm_poisson,20.297093,7,13.000000,B,True,Forecast
22933,BAKING MOULD EASTER EGG MILK CHOC,2011-11,2011-12,M2_gbm_poisson,4.545637,1,1.333333,B,True,Forecast
22934,BAKING MOULD EASTER EGG WHITE CHOC,2011-11,2011-12,M2_gbm_poisson,8.047768,1,3.000000,B,True,Forecast
22935,BAKING MOULD ROSE MILK CHOCOLATE,2011-11,2011-12,M2_gbm_poisson,26.071063,15,9.333333,B,True,Forecast
22936,BAKING MOULD ROSE WHITE CHOCOLATE,2011-11,2011-12,M2_gbm_poisson,15.696971,7,8.000000,C,True,Forecast
22937,BAKING MOULD CHOCOLATE CUPCAKES,2011-11,2011-12,M2_gbm_poisson,29.160950,12,38.000000,B,True,Forecast
22938,CUPCAKE LACE PAPER SET 6,2011-11,2011-12,M2_gbm_poisson,148.626005,398,222.000000,A,True,Forecast
22939,APRON APPLE DELIGHT,2011-11,2011-12,M2_gbm_poisson,51.482799,57,37.000000,B,True,Forecast
22940,FELTCRAFT CHRISTMAS FAIRY,2011-11,2011-12,M2_gbm_poisson,214.322502,395,366.000000,A,True,Forecast
22941,CHRISTMAS LIGHTS 10 REINDEER,2011-11,2011-12,M2_gbm_poisson,218.524795,432,441.000000,A,True,Forecast
22942,CHRISTMAS LIGHTS 10 SANTAS,2011-11,2011-12,M2_gbm_poisson,77.147522,134,134.666667,A,True,Forecast
22943,CHRISTMAS LIGHTS 10 VINTAGE BAUBLES,2011-11,2011-12,M2_gbm_poisson,97.180907,162,314.000000,A,True,Forecast
22944,CHRISTMAS METAL POSTCARD WITH BELLS,2011-11,2011-12,M2_gbm_poisson,596.075249,1464,1063.666667,B,True,Forecast
22945,CHRISTMAS METAL TAGS ASSORTED,2011-11,2011-12,M2_gbm_poisson,343.853774,772,647.000000,A,True,Forecast
22946,WOODEN ADVENT CALENDAR CREAM,2011-11,2011-12,M2_gbm_poisson,72.101256,109,95.000000,A,True,Forecast
22947,WOODEN ADVENT CALENDAR RED,2011-11,2011-12,M2_gbm_poisson,216.870081,511,236.000000,A,True,Forecast
22948,METAL DECORATION NAUGHTY CHILDREN,2011-11,2011-12,M2_gbm_poisson,98.674008,207,150.333333,B,True,Forecast
22949,36 DOILIES DOLLY GIRL,2011-11,2011-12,M2_gbm_poisson,58.910610,65,80.666667,B,True,Forecast
22950,36 DOILIES VINTAGE CHRISTMAS,2011-11,2011-12,M2_gbm_poisson,379.835238,17,1113.666667,A,True,Forecast
22951,60 CAKE CASES DOLLY GIRL DESIGN,2011-11,2011-12,M2_gbm_poisson,331.483124,735,812.000000,A,True,Forecast
22952,60 CAKE CASES VINTAGE CHRISTMAS,2011-11,2011-12,M2_gbm_poisson,1964.435991,4347,3952.000000,A,True,Forecast
22953,BIRTHDAY PARTY CORDON BARRIER TAPE,2011-11,2011-12,M2_gbm_poisson,42.146098,39,31.333333,C,True,Forecast
22954,HEN PARTY CORDON BARRIER TAPE,2011-11,2011-12,M2_gbm_poisson,21.161781,7,12.333333,C,True,Forecast
22955,36 FOIL STAR CAKE CASES,2011-11,2011-12,M2_gbm_poisson,104.627055,271,149.000000,B,True,Forecast
22956,36 FOIL HEART CAKE CASES,2011-11,2011-12,M2_gbm_poisson,67.986295,73,101.666667,B,True,Forecast
22957,SET 3 PAPER VINTAGE CHICK PAPER EGG,2011-11,2011-12,M2_gbm_poisson,4.307757,0,2.000000,A,True,Forecast
22959,WRAP CHRISTMAS VILLAGE,2011-11,2011-12,M2_gbm_poisson,709.730679,1950,1316.666667,B,True,Forecast
22960,JAM MAKING SET WITH JARS,2011-11,2011-12,M2_gbm_poisson,474.524114,1036,858.333333,A,True,Forecast
22961,JAM MAKING SET PRINTED,2011-11,2011-12,M2_gbm_poisson,937.880607,1574,1607.333333,A,True,Forecast
22962,JAM JAR WITH PINK LID,2011-11,2011-12,M2_gbm_poisson,146.821030,311,255.666667,B,True,Forecast
22963,JAM JAR WITH GREEN LID,2011-11,2011-12,M2_gbm_poisson,107.666560,175,221.666667,B,True,Forecast
22964,3 PIECE SPACEBOY COOKIE CUTTER SET,2011-11,2011-12,M2_gbm_poisson,137.136587,276,230.666667,A,True,Forecast
22965,3 TRADITIONAl BISCUIT CUTTERS  SET,2011-11,2011-12,M2_gbm_poisson,88.989691,178,132.666667,B,True,Forecast
22966,GINGERBREAD MAN COOKIE CUTTER,2011-11,2011-12,M2_gbm_poisson,552.284941,1146,922.666667,A,True,Forecast
22967,SET 3 SONG BIRD PAPER EGGS ASSORTED,2011-11,2011-12,M2_gbm_poisson,2.219331,0,0.000000,A,True,Forecast
22968,ROSE COTTAGE KEEPSAKE BOX,2011-11,2011-12,M2_gbm_poisson,38.727969,40,18.666667,A,True,Forecast
22969,HOMEMADE JAM SCENTED CANDLES,2011-11,2011-12,M2_gbm_poisson,422.618617,608,1132.000000,A,True,Forecast
22970,LONDON BUS COFFEE MUG,2011-11,2011-12,M2_gbm_poisson,179.445920,302,332.666667,A,True,Forecast
22971,QUEENS GUARD COFFEE MUG,2011-11,2011-12,M2_gbm_poisson,108.819115,231,162.000000,A,True,Forecast
22972,CHILDREN'S SPACEBOY MUG,2011-11,2011-12,M2_gbm_poisson,79.882181,122,146.666667,B,True,Forecast
22973,CHILDREN'S CIRCUS PARADE MUG,2011-11,2011-12,M2_gbm_poisson,70.430147,130,92.000000,B,True,Forecast
22974,CHILDRENS DOLLY GIRL MUG,2011-11,2011-12,M2_gbm_poisson,74.297574,121,101.000000,B,True,Forecast
22975,SPACEBOY CHILDRENS EGG CUP,2011-11,2011-12,M2_gbm_poisson,67.728493,96,69.000000,B,True,Forecast
22976,CIRCUS PARADE CHILDRENS EGG CUP,2011-11,2011-12,M2_gbm_poisson,59.960675,86,51.000000,B,True,Forecast
22977,DOLLY GIRL CHILDRENS EGG CUP,2011-11,2011-12,M2_gbm_poisson,50.267413,40,36.000000,B,True,Forecast
22978,PANTRY ROLLING PIN,2011-11,2011-12,M2_gbm_poisson,124.940347,88,359.333333,B,True,Forecast
22979,PANTRY WASHING UP BRUSH,2011-11,2011-12,M2_gbm_poisson,304.544957,379,488.000000,B,True,Forecast
22980,PANTRY SCRUBBING BRUSH,2011-11,2011-12,M2_gbm_poisson,92.179744,120,139.666667,B,True,Forecast
22981,PANTRY APPLE CORER,2011-11,2011-12,M2_gbm_poisson,47.114820,43,30.666667,C,True,Forecast
22982,PANTRY PASTRY BRUSH,2011-11,2011-12,M2_gbm_poisson,72.395392,103,82.666667,C,True,Forecast
22983,CARD BILLBOARD FONT,2011-11,2011-12,M2_gbm_poisson,257.953501,405,488.666667,B,True,Forecast
22984,CARD GINGHAM ROSE,2011-11,2011-12,M2_gbm_poisson,97.315153,113,226.333333,C,True,Forecast
22985,"WRAP, BILLBOARD FONTS DESIGN",2011-11,2011-12,M2_gbm_poisson,88.684906,175,183.333333,B,True,Forecast
22986,GINGHAM ROSE WRAP,2011-11,2011-12,M2_gbm_poisson,112.372264,400,341.666667,B,True,Forecast
22987,"WRAP , SUMMER ROSE DESIGN",2011-11,2011-12,M2_gbm_poisson,10.041441,0,9.000000,C,True,Forecast
22988,SOLDIERS EGG CUP,2011-11,2011-12,M2_gbm_poisson,407.611574,908,788.000000,A,True,Forecast
22989,SET 2 PANTRY DESIGN TEA TOWELS,2011-11,2011-12,M2_gbm_poisson,109.301181,104,181.666667,A,True,Forecast
22990,COTTON APRON PANTRY DESIGN,2011-11,2011-12,M2_gbm_poisson,45.612728,36,34.000000,B,True,Forecast
22991,GIRAFFE WOODEN RULER,2011-11,2011-12,M2_gbm_poisson,305.523398,430,510.000000,B,True,Forecast
22992,REVOLVER WOODEN RULER,2011-11,2011-12,M2_gbm_poisson,417.199795,901,751.333333,B,True,Forecast
22993,SET OF 4 PANTRY JELLY MOULDS,2011-11,2011-12,M2_gbm_poisson,846.648403,1687,1397.333333,A,True,Forecast
22994,TRAVEL CARD WALLET RETROSPOT,2011-11,2011-12,M2_gbm_poisson,144.386157,289,263.333333,C,True,Forecast
22995,TRAVEL CARD WALLET SUKI,2011-11,2011-12,M2_gbm_poisson,143.844064,192,203.000000,C,True,Forecast
22996,TRAVEL CARD WALLET VINTAGE TICKET,2011-11,2011-12,M2_gbm_poisson,273.799170,586,530.666667,C,True,Forecast
22997,TRAVEL CARD WALLET UNION JACK,2011-11,2011-12,M2_gbm_poisson,163.567873,373,302.000000,C,True,Forecast
22998,TRAVEL CARD WALLET KEEP CALM,2011-11,2011-12,M2_gbm_poisson,968.853201,1656,1519.000000,B,True,Forecast
22999,TRAVEL CARD WALLET VINTAGE LEAF,2011-11,2011-12,M2_gbm_poisson,100.547251,237,269.666667,C,True,Forecast
23000,TRAVEL CARD WALLET TRANSPORT,2011-11,2011-12,M2_gbm_poisson,180.522732,330,371.000000,C,True,Forecast
23002,TRAVEL CARD WALLET SKULLS,2011-11,2011-12,M2_gbm_poisson,133.832763,319,289.000000,C,True,Forecast
23003,TRAVEL CARD WALLET VINTAGE ROSE,2011-11,2011-12,M2_gbm_poisson,2.182114,0,0.000000,C,True,Forecast
23004,TRAVEL CARD WALLET PANTRY,2011-11,2011-12,M2_gbm_poisson,143.786334,270,231.333333,C,True,Forecast
23005,TRAVEL CARD WALLET I LOVE LONDON,2011-11,2011-12,M2_gbm_poisson,542.588424,1276,924.000000,C,True,Forecast
23006,TRAVEL CARD WALLET FLOWER MEADOW,2011-11,2011-12,M2_gbm_poisson,86.549164,156,179.333333,C,True,Forecast
23007,SPACEBOY BABY GIFT SET,2011-11,2011-12,M2_gbm_poisson,54.845166,61,58.666667,A,True,Forecast
23008,DOLLY GIRL BABY GIFT SET,2011-11,2011-12,M2_gbm_poisson,38.301249,37,37.333333,A,True,Forecast
23009,I LOVE LONDON BABY GIFT SET,2011-11,2011-12,M2_gbm_poisson,50.268615,54,42.333333,B,True,Forecast
23010,CIRCUS PARADE BABY GIFT SET,2011-11,2011-12,M2_gbm_poisson,40.322382,46,25.666667,B,True,Forecast
23012,GLASS APOTHECARY BOTTLE PERFUME,2011-11,2011-12,M2_gbm_poisson,118.445825,213,227.333333,C,True,Forecast
23013,GLASS APOTHECARY BOTTLE TONIC,2011-11,2011-12,M2_gbm_poisson,119.747513,180,196.000000,C,True,Forecast
23014,GLASS APOTHECARY BOTTLE ELIXIR,2011-11,2011-12,M2_gbm_poisson,80.901721,108,171.666667,C,True,Forecast
23015,CORDIAL GLASS JUG,2011-11,2011-12,M2_gbm_poisson,11.552401,4,3.666667,C,True,Forecast
23016,GLASS TWIST BON BON JAR,2011-11,2011-12,M2_gbm_poisson,23.348027,9,15.666667,C,True,Forecast
23017,APOTHECARY MEASURING JAR,2011-11,2011-12,M2_gbm_poisson,16.454058,11,12.333333,C,True,Forecast
23018,LARGE APOTHECARY MEASURING JAR,2011-11,2011-12,M2_gbm_poisson,12.962232,3,6.333333,C,True,Forecast
23019,SMALL APOTHECARY MEASURING JAR,2011-11,2011-12,M2_gbm_poisson,18.705683,5,10.666667,C,True,Forecast
23020,GLASS  SONGBIRD STORAGE JAR,2011-11,2011-12,M2_gbm_poisson,36.468254,20,28.333333,C,True,Forecast
23021,GLASS BONNE JAM JAR,2011-11,2011-12,M2_gbm_poisson,25.447605,8,23.333333,C,True,Forecast
23022,SMALL BONNE JAM JAR  T-LIGHT HOLDER,2011-11,2011-12,M2_gbm_poisson,51.793453,79,55.666667,C,True,Forecast
23023,RIDGED BONNE JAM JAR T-LIGHT HOLDER,2011-11,2011-12,M2_gbm_poisson,45.094891,55,47.000000,C,True,Forecast
23024,LARGE BONNE JAM JAR  T-LIGHT HOLDER,2011-11,2011-12,M2_gbm_poisson,37.506992,36,37.333333,C,True,Forecast
23025,DRAWER KNOB VINTAGE GLASS BALL,2011-11,2011-12,M2_gbm_poisson,54.770539,47,77.000000,C,True,Forecast
23026,DRAWER KNOB VINTAGE GLASS STAR,2011-11,2011-12,M2_gbm_poisson,61.268014,63,83.666667,C,True,Forecast
23027,DRAWER KNOB VINTAGE GLASS HEXAGON,2011-11,2011-12,M2_gbm_poisson,49.648411,66,61.333333,C,True,Forecast
23028,DRAWER KNOB CRACKLE GLAZE BLUE,2011-11,2011-12,M2_gbm_poisson,42.488744,2,139.000000,C,True,Forecast
23029,DRAWER KNOB CRACKLE GLAZE GREEN,2011-11,2011-12,M2_gbm_poisson,116.176892,171,219.000000,C,True,Forecast
23031,DRAWER KNOB CRACKLE GLAZE PINK,2011-11,2011-12,M2_gbm_poisson,114.354272,158,230.333333,C,True,Forecast
23032,DRAWER KNOB CRACKLE GLAZE IVORY,2011-11,2011-12,M2_gbm_poisson,148.522848,137,418.666667,C,True,Forecast
23033,DRAWER KNOB CERAMIC RED,2011-11,2011-12,M2_gbm_poisson,78.245580,152,154.000000,C,True,Forecast
23034,DRAWER KNOB CERAMIC BLACK,2011-11,2011-12,M2_gbm_poisson,91.238063,130,178.333333,C,True,Forecast
23035,DRAWER KNOB CERAMIC IVORY,2011-11,2011-12,M2_gbm_poisson,218.313045,464,359.333333,C,True,Forecast
23036,T-LIGHT HOLDER SILVER PETIT FOUR,2011-11,2011-12,M2_gbm_poisson,50.783463,51,41.333333,C,True,Forecast
23037,CANDLE HOLDER SILVER MADELINE,2011-11,2011-12,M2_gbm_poisson,44.100109,28,33.000000,C,True,Forecast
23038,T-LIGHT HOLDER SILVER SAUCER,2011-11,2011-12,M2_gbm_poisson,15.857637,3,5.666667,C,True,Forecast
23039,T-LIGHT HOLDER SILVER HEART HANDLE,2011-11,2011-12,M2_gbm_poisson,53.967966,57,37.666667,C,True,Forecast
23040,PAPER LANTERN 9 POINT SNOW STAR,2011-11,2011-12,M2_gbm_poisson,46.751205,27,65.666667,C,True,Forecast
23041,PAPER LANTERN 9 POINT SNOW STAR,2011-11,2011-12,M2_gbm_poisson,50.521113,51,65.333333,C,True,Forecast
23042,PAPER LANTERN 7 POINT SNOW STAR,2011-11,2011-12,M2_gbm_poisson,36.987119,35,24.000000,C,True,Forecast
23043,PAPER LANTERN 9 POINT HOLLY STAR L,2011-11,2011-12,M2_gbm_poisson,36.552725,33,20.666667,C,True,Forecast
23044,PAPER LANTERN 9 POINT HOLLY STAR S,2011-11,2011-12,M2_gbm_poisson,26.398979,15,19.666667,C,True,Forecast
23045,PAPER LANTERN 5 POINT STAR MOON,2011-11,2011-12,M2_gbm_poisson,40.691244,43,32.000000,C,True,Forecast
23046,PAPER LANTERN 9 POINT DELUXE STAR,2011-11,2011-12,M2_gbm_poisson,47.791675,23,104.666667,C,True,Forecast
23047,PAPER LANTERN 5 POINT SEQUIN STAR,2011-11,2011-12,M2_gbm_poisson,16.324245,6,9.333333,C,True,Forecast
23048,SET OF 10 LANTERNS FAIRY LIGHT STAR,2011-11,2011-12,M2_gbm_poisson,66.011243,79,152.666667,C,True,Forecast
23049,RECYCLED ACAPULCO MAT RED,2011-11,2011-12,M2_gbm_poisson,32.180703,22,18.333333,B,True,Forecast
23050,RECYCLED ACAPULCO MAT GREEN,2011-11,2011-12,M2_gbm_poisson,21.315961,8,21.333333,B,True,Forecast
23051,RECYCLED ACAPULCO MAT BLUE,2011-11,2011-12,M2_gbm_poisson,17.058948,8,13.000000,B,True,Forecast
23052,RECYCLED ACAPULCO MAT TURQUOISE,2011-11,2011-12,M2_gbm_poisson,31.871213,18,21.333333,B,True,Forecast
23053,RECYCLED ACAPULCO MAT PINK,2011-11,2011-12,M2_gbm_poisson,13.163591,2,11.000000,B,True,Forecast
23054,RECYCLED ACAPULCO MAT LAVENDER,2011-11,2011-12,M2_gbm_poisson,11.654599,2,11.000000,B,True,Forecast
23055,IVORY CHANDELIER T-LIGHT HOLDER,2011-11,2011-12,M2_gbm_poisson,60.445257,242,201.000000,C,True,Forecast
23056,FLOWERS CHANDELIER T-LIGHT HOLDER,2011-11,2011-12,M2_gbm_poisson,64.843493,242,294.333333,C,True,Forecast
23057,BEADED CHANDELIER T-LIGHT HOLDER,2011-11,2011-12,M2_gbm_poisson,61.069627,241,207.666667,C,True,Forecast
23058,CHRISTMAS HANGING SNOWFLAKE,2011-11,2011-12,M2_gbm_poisson,162.687912,313,142.000000,C,True,Forecast
23060,HEART BEADED TRELLIS DECORATION,2011-11,2011-12,M2_gbm_poisson,43.971540,41,39.666667,C,True,Forecast
23061,VINTAGE EMBOSSED HEART,2011-11,2011-12,M2_gbm_poisson,83.306534,86,101.000000,C,True,Forecast
23064,CINDERELLA CHANDELIER,2011-11,2011-12,M2_gbm_poisson,42.258080,100,66.333333,C,True,Forecast
23065,LARGE DECO JEWELLERY STAND,2011-11,2011-12,M2_gbm_poisson,9.707965,0,21.000000,B,True,Forecast
23066,SMALL DECO JEWELLERY STAND,2011-11,2011-12,M2_gbm_poisson,9.611397,0,20.000000,C,True,Forecast
23067,HANGING ENGRAVED METAL HEART,2011-11,2011-12,M2_gbm_poisson,49.690838,44,41.000000,C,True,Forecast
23068,ALUMINIUM STAMPED HEART,2011-11,2011-12,M2_gbm_poisson,69.817272,106,115.666667,C,True,Forecast
23069,EDWARDIAN PHOTO FRAME,2011-11,2011-12,M2_gbm_poisson,19.044825,14,13.333333,C,True,Forecast
23070,EDWARDIAN HEART PHOTO FRAME,2011-11,2011-12,M2_gbm_poisson,33.425409,20,24.000000,C,True,Forecast
23071,MARIE ANTOINETTE TRINKET BOX GOLD,2011-11,2011-12,M2_gbm_poisson,15.936448,0,93.000000,C,True,Forecast
23072,MARIE ANTOINETTE TRINKET BOX SILVER,2011-11,2011-12,M2_gbm_poisson,18.033770,0,105.000000,C,True,Forecast
23073,GEORGIAN TRINKET BOX,2011-11,2011-12,M2_gbm_poisson,40.866022,26,26.333333,C,True,Forecast
23074,EMBOSSED HEART TRINKET BOX,2011-11,2011-12,M2_gbm_poisson,64.236345,67,76.000000,C,True,Forecast
23075,PARLOUR CERAMIC WALL HOOK,2011-11,2011-12,M2_gbm_poisson,51.584560,72,58.000000,C,True,Forecast
23076,ICE CREAM SUNDAE LIP GLOSS,2011-11,2011-12,M2_gbm_poisson,545.996977,1212,1054.666667,B,True,Forecast
23077,DOUGHNUT LIP GLOSS,2011-11,2011-12,M2_gbm_poisson,880.769677,2522,1803.000000,B,True,Forecast
23078,ICE CREAM PEN LIP GLOSS,2011-11,2011-12,M2_gbm_poisson,564.425872,1130,858.666667,B,True,Forecast
23079,TOADSTOOL BEDSIDE LIGHT,2011-11,2011-12,M2_gbm_poisson,44.646758,55,40.000000,C,True,Forecast
23080,RED METAL BOX TOP SECRET,2011-11,2011-12,M2_gbm_poisson,140.128855,308,178.666667,C,True,Forecast
23081,GREEN METAL BOX ARMY SUPPLIES,2011-11,2011-12,M2_gbm_poisson,69.104860,106,102.000000,C,True,Forecast
23082,SET 6 PAPER TABLE LANTERN HEARTS,2011-11,2011-12,M2_gbm_poisson,257.624316,533,386.666667,B,True,Forecast
23083,SET 6 PAPER TABLE LANTERN STARS,2011-11,2011-12,M2_gbm_poisson,360.663981,718,469.666667,C,True,Forecast
23084,RABBIT NIGHT LIGHT,2011-11,2011-12,M2_gbm_poisson,2245.956564,14913,7150.333333,B,True,Forecast
23085,ANTIQUE SILVER BAUBLE LAMP,2011-11,2011-12,M2_gbm_poisson,69.183368,119,104.333333,C,True,Forecast
23086,ZINC  STAR T-LIGHT HOLDER,2011-11,2011-12,M2_gbm_poisson,100.519887,261,191.333333,C,True,Forecast
23087,ZINC  HEART T-LIGHT HOLDER,2011-11,2011-12,M2_gbm_poisson,66.305562,82,149.000000,C,True,Forecast
23088,ZINC HEART FLOWER T-LIGHT HOLDER,2011-11,2011-12,M2_gbm_poisson,60.546298,58,106.000000,C,True,Forecast
23089,GLASS BON BON JAR,2011-11,2011-12,M2_gbm_poisson,202.258794,350,387.333333,C,True,Forecast
23090,VINTAGE GLASS T-LIGHT HOLDER,2011-11,2011-12,M2_gbm_poisson,243.987800,555,386.000000,C,True,Forecast
23091,ZINC HERB GARDEN CONTAINER,2011-11,2011-12,M2_gbm_poisson,20.765717,3,40.333333,B,True,Forecast
23092,LARGE ANTIQUE WHITE PHOTO FRAME,2011-11,2011-12,M2_gbm_poisson,57.460840,61,97.666667,C,True,Forecast
23093,SMALL PARISIENNE HEART PHOTO FRAME,2011-11,2011-12,M2_gbm_poisson,64.500610,55,124.666667,C,True,Forecast
23094,LE GRAND TRAY CHIC SET,2011-11,2011-12,M2_gbm_poisson,29.656315,12,14.666667,C,True,Forecast
23096,PETIT TRAY CHIC,2011-11,2011-12,M2_gbm_poisson,140.313747,270,215.666667,C,True,Forecast
23099,FRENCH CARRIAGE LANTERN,2011-11,2011-12,M2_gbm_poisson,24.506065,14,17.333333,C,True,Forecast
23100,SILVER BELLS TABLE DECORATION,2011-11,2011-12,M2_gbm_poisson,282.285677,645,506.333333,C,True,Forecast
23101,SILVER STARS TABLE DECORATION,2011-11,2011-12,M2_gbm_poisson,253.157837,539,497.000000,C,True,Forecast
23102,SILVER HEARTS TABLE DECORATION,2011-11,2011-12,M2_gbm_poisson,109.085972,149,210.666667,C,True,Forecast
23103,JINGLE BELL HEART DECORATION,2011-11,2011-12,M2_gbm_poisson,454.726069,1095,864.666667,C,True,Forecast
23104,IVORY CAFE HANGING LAMP,2011-11,2011-12,M2_gbm_poisson,38.378403,47,20.333333,C,True,Forecast
23106,ZINC HEARTS PLANT POT HOLDER,2011-11,2011-12,M2_gbm_poisson,42.243434,30,28.000000,C,True,Forecast
23107,WHITE HEARTS WIRE PLANT POT HOLDER,2011-11,2011-12,M2_gbm_poisson,32.679865,13,43.000000,C,True,Forecast
23108,SET OF 10 LED DOLLY LIGHTS,2011-11,2011-12,M2_gbm_poisson,192.563733,288,401.000000,B,True,Forecast
23109,PACK OF SIX LED TEA LIGHTS,2011-11,2011-12,M2_gbm_poisson,289.962348,674,433.000000,C,True,Forecast
23110,PARISIENNE KEY CABINET,2011-11,2011-12,M2_gbm_poisson,75.380373,97,92.000000,C,True,Forecast
23111,PARISIENNE SEWING BOX,2011-11,2011-12,M2_gbm_poisson,45.546719,32,44.333333,B,True,Forecast
23112,PARISIENNE CURIO CABINET,2011-11,2011-12,M2_gbm_poisson,54.445479,46,59.666667,C,True,Forecast
23113,PANTRY CHOPPING BOARD,2011-11,2011-12,M2_gbm_poisson,101.821879,45,381.666667,C,True,Forecast
23114,VINTAGE LEAF CHOPPING BOARD,2011-11,2011-12,M2_gbm_poisson,48.451210,49,46.000000,C,True,Forecast
23115,RED APPLES CHOPPING BOARD,2011-11,2011-12,M2_gbm_poisson,54.173682,61,46.666667,C,True,Forecast
23116,VEGETABLE GARDEN CHOPPING BOARD,2011-11,2011-12,M2_gbm_poisson,37.474679,21,24.666667,C,True,Forecast
23117,POPPY FIELDS CHOPPING BOARD,2011-11,2011-12,M2_gbm_poisson,46.209774,41,29.000000,C,True,Forecast
23118,PARISIENNE JEWELLERY DRAWER,2011-11,2011-12,M2_gbm_poisson,70.735555,73,109.333333,B,True,Forecast
23119,PACK OF 6 LARGE FRUIT STRAWS,2011-11,2011-12,M2_gbm_poisson,124.960561,141,203.000000,C,True,Forecast
23120,PACK OF 6 SMALL FRUIT STRAWS,2011-11,2011-12,M2_gbm_poisson,122.072040,155,178.666667,C,True,Forecast
23121,PACK OF 6 COCKTAIL PARASOL STRAWS,2011-11,2011-12,M2_gbm_poisson,159.758294,257,190.333333,C,True,Forecast
23122,PARTY CHARMS 50 PIECES,2011-11,2011-12,M2_gbm_poisson,135.608719,196,148.333333,C,True,Forecast
23123,COCKTAIL SWORDS 50 PIECES,2011-11,2011-12,M2_gbm_poisson,70.307396,111,111.000000,C,True,Forecast
23124,18PC WOODEN CUTLERY SET DISPOSABLE,2011-11,2011-12,M2_gbm_poisson,20.896748,1,9.000000,C,True,Forecast
23125,6PC WOOD PLATE SET DISPOSABLE,2011-11,2011-12,M2_gbm_poisson,19.476745,5,9.666667,C,True,Forecast
23126,FELTCRAFT GIRL AMELIE KIT,2011-11,2011-12,M2_gbm_poisson,106.429472,213,177.666667,B,True,Forecast
23127,FELTCRAFT GIRL NICOLE KIT,2011-11,2011-12,M2_gbm_poisson,83.354497,146,101.333333,B,True,Forecast
23128,FELTCRAFT BOY JEAN-PAUL KIT,2011-11,2011-12,M2_gbm_poisson,54.542875,57,46.333333,B,True,Forecast
23129,HEART SHAPED HOLLY WREATH,2011-11,2011-12,M2_gbm_poisson,127.330974,249,286.333333,C,True,Forecast
23130,MISTLETOE HEART WREATH GREEN,2011-11,2011-12,M2_gbm_poisson,134.054153,268,240.666667,C,True,Forecast
23131,MISTLETOE HEART WREATH CREAM,2011-11,2011-12,M2_gbm_poisson,75.059874,107,133.666667,C,True,Forecast
23132,SMALL IVORY HEART WALL ORGANISER,2011-11,2011-12,M2_gbm_poisson,92.776506,217,240.000000,C,True,Forecast
23133,LARGE IVORY HEART WALL ORGANISER,2011-11,2011-12,M2_gbm_poisson,86.811279,164,178.000000,C,True,Forecast
23134,LARGE ZINC HEART WALL ORGANISER,2011-11,2011-12,M2_gbm_poisson,4.450026,0,0.666667,B,True,Forecast
23135,SMALL ZINC HEART WALL ORGANISER,2011-11,2011-12,M2_gbm_poisson,30.421745,1,148.333333,C,True,Forecast
23136,IVORY WIRE SWEETHEART LETTER TRAY,2011-11,2011-12,M2_gbm_poisson,19.148327,7,10.000000,C,True,Forecast
23137,ZINC WIRE SWEETHEART LETTER TRAY,2011-11,2011-12,M2_gbm_poisson,30.095673,10,6.666667,C,True,Forecast
23138,SINGLE WIRE HOOK IVORY HEART,2011-11,2011-12,M2_gbm_poisson,50.648102,38,46.000000,C,True,Forecast
23139,SINGLE WIRE HOOK PINK HEART,2011-11,2011-12,M2_gbm_poisson,34.641030,26,12.666667,C,True,Forecast
23140,TRIPLE WIRE HOOK IVORY HEART,2011-11,2011-12,M2_gbm_poisson,64.154996,1,10.666667,C,True,Forecast
23141,TRIPLE WIRE HOOK PINK HEART,2011-11,2011-12,M2_gbm_poisson,6.020482,1,1.333333,C,True,Forecast
23142,IVORY WIRE KITCHEN ORGANISER,2011-11,2011-12,M2_gbm_poisson,13.362281,2,4.000000,C,True,Forecast
23143,ZINC WIRE KITCHEN ORGANISER,2011-11,2011-12,M2_gbm_poisson,7.420354,4,1.333333,C,True,Forecast
23144,ZINC T-LIGHT HOLDER STARS SMALL,2011-11,2011-12,M2_gbm_poisson,329.422946,768,645.666667,B,True,Forecast
23145,ZINC T-LIGHT HOLDER STAR LARGE,2011-11,2011-12,M2_gbm_poisson,122.873630,233,287.333333,C,True,Forecast
23146,TRIPLE HOOK ANTIQUE IVORY ROSE,2011-11,2011-12,M2_gbm_poisson,70.256386,93,89.666667,C,True,Forecast
23147,SINGLE ANTIQUE ROSE HOOK IVORY,2011-11,2011-12,M2_gbm_poisson,123.100105,162,199.000000,C,True,Forecast
23148,MINIATURE ANTIQUE ROSE HOOK IVORY,2011-11,2011-12,M2_gbm_poisson,142.373504,277,219.333333,C,True,Forecast
23149,ANTIQUE IVORY WIRE BOWL SMALL,2011-11,2011-12,M2_gbm_poisson,21.740588,9,8.333333,C,True,Forecast
23150,IVORY SWEETHEART SOAP DISH,2011-11,2011-12,M2_gbm_poisson,38.007063,26,18.666667,C,True,Forecast
23151,ZINC SWEETHEART SOAP DISH,2011-11,2011-12,M2_gbm_poisson,13.143213,3,3.333333,C,True,Forecast
23152,IVORY SWEETHEART WIRE LETTER RACK,2011-11,2011-12,M2_gbm_poisson,50.293741,35,65.000000,C,True,Forecast
23153,ZINC SWEETHEART WIRE LETTER RACK,2011-11,2011-12,M2_gbm_poisson,42.170691,40,29.333333,C,True,Forecast
23154,SET OF 4 JAM JAR MAGNETS,2011-11,2011-12,M2_gbm_poisson,207.946235,461,346.666667,B,True,Forecast
23155,KNICKERBOCKERGLORY MAGNET ASSORTED,2011-11,2011-12,M2_gbm_poisson,79.064161,175,154.333333,B,True,Forecast
23156,SET OF 5 MINI GROCERY MAGNETS,2011-11,2011-12,M2_gbm_poisson,114.686985,159,205.666667,B,True,Forecast
23157,SET OF 6 NATIVITY MAGNETS,2011-11,2011-12,M2_gbm_poisson,282.783262,669,663.000000,C,True,Forecast
23158,SET OF 5 LUCKY CAT MAGNETS,2011-11,2011-12,M2_gbm_poisson,189.036182,295,310.666667,B,True,Forecast
23159,SET OF 5 PANCAKE DAY MAGNETS,2011-11,2011-12,M2_gbm_poisson,144.942939,236,219.333333,B,True,Forecast
23160,REGENCY TEA SPOON,2011-11,2011-12,M2_gbm_poisson,57.877623,33,139.333333,C,True,Forecast
23161,REGENCY CAKE FORK,2011-11,2011-12,M2_gbm_poisson,91.207895,78,152.666667,C,True,Forecast
23162,REGENCY TEA STRAINER,2011-11,2011-12,M2_gbm_poisson,101.227237,149,216.333333,B,True,Forecast
23163,REGENCY SUGAR TONGS,2011-11,2011-12,M2_gbm_poisson,93.864503,70,211.333333,C,True,Forecast
23164,REGENCY CAKE SLICE,2011-11,2011-12,M2_gbm_poisson,63.326251,96,79.333333,C,True,Forecast
23165,LARGE CERAMIC TOP STORAGE JAR,2011-11,2011-12,M2_gbm_poisson,206.589958,340,333.333333,B,True,Forecast
23166,MEDIUM CERAMIC TOP STORAGE JAR,2011-11,2011-12,M2_gbm_poisson,313.815004,659,418.333333,A,True,Forecast
23167,SMALL CERAMIC TOP STORAGE JAR,2011-11,2011-12,M2_gbm_poisson,269.834832,627,544.000000,B,True,Forecast
23168,CLASSIC CAFE SUGAR DISPENSER,2011-11,2011-12,M2_gbm_poisson,281.937349,624,489.000000,C,True,Forecast
23169,CLASSIC GLASS COOKIE JAR,2011-11,2011-12,M2_gbm_poisson,183.366751,316,298.333333,C,True,Forecast
23170,REGENCY TEA PLATE ROSES,2011-11,2011-12,M2_gbm_poisson,338.298916,312,654.333333,B,True,Forecast
23171,REGENCY TEA PLATE GREEN,2011-11,2011-12,M2_gbm_poisson,320.748778,335,531.333333,B,True,Forecast
23172,REGENCY TEA PLATE PINK,2011-11,2011-12,M2_gbm_poisson,183.876688,221,424.666667,B,True,Forecast
23173,REGENCY TEAPOT ROSES,2011-11,2011-12,M2_gbm_poisson,149.294921,117,219.333333,A,True,Forecast
23174,REGENCY SUGAR BOWL GREEN,2011-11,2011-12,M2_gbm_poisson,144.584781,114,205.333333,B,True,Forecast
23175,REGENCY MILK JUG PINK,2011-11,2011-12,M2_gbm_poisson,169.573925,151,232.666667,B,True,Forecast
23176,ABC TREASURE BOOK BOX,2011-11,2011-12,M2_gbm_poisson,234.816346,568,335.333333,B,True,Forecast
23177,TREASURE ISLAND BOOK BOX,2011-11,2011-12,M2_gbm_poisson,249.117869,601,321.000000,B,True,Forecast
23178,JAM CLOCK MAGNET,2011-11,2011-12,M2_gbm_poisson,38.244724,32,27.333333,C,True,Forecast
23179,CLOCK MAGNET MUM'S KITCHEN,2011-11,2011-12,M2_gbm_poisson,42.645746,50,20.000000,C,True,Forecast
23180,MUM'S KITCHEN CLOCK,2011-11,2011-12,M2_gbm_poisson,18.171212,11,11.000000,C,True,Forecast
23181,BULL DOG BOTTLE TOP WALL CLOCK,2011-11,2011-12,M2_gbm_poisson,34.891640,25,19.333333,C,True,Forecast
23182,TOILET SIGN OCCUPIED OR VACANT,2011-11,2011-12,M2_gbm_poisson,230.835867,328,309.000000,B,True,Forecast
23183,MOTHER'S KITCHEN SPOON REST,2011-11,2011-12,M2_gbm_poisson,31.425581,19,26.000000,C,True,Forecast
23184,BULL DOG BOTTLE OPENER,2011-11,2011-12,M2_gbm_poisson,79.328994,130,94.333333,B,True,Forecast
23185,FRENCH STYLE STORAGE JAR JAM,2011-11,2011-12,M2_gbm_poisson,57.334048,107,62.666667,C,True,Forecast
23186,FRENCH STYLE STORAGE JAR CAFE,2011-11,2011-12,M2_gbm_poisson,159.881361,479,340.333333,C,True,Forecast
23187,FRENCH STYLE STORAGE JAR BONBONS,2011-11,2011-12,M2_gbm_poisson,152.812383,10,329.333333,C,True,Forecast
23188,VINTAGE  2 METER FOLDING RULER,2011-11,2011-12,M2_gbm_poisson,410.839450,1047,785.000000,C,True,Forecast
23189,SET OF 12 FORK CANDLES,2011-11,2011-12,M2_gbm_poisson,142.777233,183,262.666667,C,True,Forecast
23190,BUNDLE OF 3 SCHOOL EXERCISE BOOKS,2011-11,2011-12,M2_gbm_poisson,135.259500,171,209.666667,C,True,Forecast
23191,BUNDLE OF 3 RETRO NOTE BOOKS,2011-11,2011-12,M2_gbm_poisson,182.103662,271,349.000000,C,True,Forecast
23192,BUNDLE OF 3 ALPHABET EXERCISE BOOKS,2011-11,2011-12,M2_gbm_poisson,312.749248,690,582.333333,C,True,Forecast
23193,BUFFALO BILL TREASURE BOOK BOX,2011-11,2011-12,M2_gbm_poisson,232.551692,524,258.666667,B,True,Forecast
23194,GYMKHANA TREASURE BOOK BOX,2011-11,2011-12,M2_gbm_poisson,231.172536,555,284.000000,B,True,Forecast
23196,VINTAGE LEAF MAGNETIC NOTEPAD,2011-11,2011-12,M2_gbm_poisson,210.151549,339,357.666667,C,True,Forecast
23197,SKETCHBOOK MAGNETIC SHOPPING LIST,2011-11,2011-12,M2_gbm_poisson,177.798812,307,269.333333,C,True,Forecast
23198,PANTRY MAGNETIC  SHOPPING LIST,2011-11,2011-12,M2_gbm_poisson,322.213082,642,629.666667,C,True,Forecast
23199,JUMBO BAG APPLES,2011-11,2011-12,M2_gbm_poisson,993.343226,1553,1575.000000,A,True,Forecast
23200,JUMBO BAG PEARS,2011-11,2011-12,M2_gbm_poisson,433.525069,717,798.000000,B,True,Forecast
23201,JUMBO BAG ALPHABET,2011-11,2011-12,M2_gbm_poisson,1151.352165,1951,1735.333333,A,True,Forecast
23202,JUMBO BAG VINTAGE LEAF,2011-11,2011-12,M2_gbm_poisson,975.998582,1573,1331.000000,A,True,Forecast
23203,JUMBO BAG VINTAGE DOILY,2011-11,2011-12,M2_gbm_poisson,2004.541822,3987,3019.333333,A,True,Forecast
23204,CHARLOTTE BAG APPLES DESIGN,2011-11,2011-12,M2_gbm_poisson,491.386739,993,839.666667,B,True,Forecast
23205,CHARLOTTE BAG VINTAGE ALPHABET,2011-11,2011-12,M2_gbm_poisson,366.347214,822,762.333333,B,True,Forecast
23206,LUNCH BAG APPLE DESIGN,2011-11,2011-12,M2_gbm_poisson,934.733611,1265,1185.333333,A,True,Forecast
23207,LUNCH BAG ALPHABET DESIGN,2011-11,2011-12,M2_gbm_poisson,488.437757,885,670.666667,B,True,Forecast
23208,LUNCH BAG VINTAGE LEAF DESIGN,2011-11,2011-12,M2_gbm_poisson,331.543417,709,638.000000,B,True,Forecast
23209,LUNCH BAG VINTAGE DOILY,2011-11,2011-12,M2_gbm_poisson,987.636909,1609,1547.000000,A,True,Forecast
23210,WHITE ROCKING HORSE HAND PAINTED,2011-11,2011-12,M2_gbm_poisson,363.028833,887,664.666667,C,True,Forecast
23211,RED ROCKING HORSE HAND PAINTED,2011-11,2011-12,M2_gbm_poisson,268.295044,639,488.666667,C,True,Forecast
23212,HEART WREATH DECORATION WITH BELL,2011-11,2011-12,M2_gbm_poisson,248.600293,543,477.333333,C,True,Forecast
23213,STAR WREATH DECORATION WITH BELL,2011-11,2011-12,M2_gbm_poisson,244.536222,533,422.000000,C,True,Forecast
23214,JINGLE BELL HEART ANTIQUE GOLD,2011-11,2011-12,M2_gbm_poisson,121.055034,232,210.000000,C,True,Forecast
23215,JINGLE BELL HEART ANTIQUE SILVER,2011-11,2011-12,M2_gbm_poisson,638.675509,1546,833.666667,C,True,Forecast
23216,LAUREL HEART ANTIQUE GOLD,2011-11,2011-12,M2_gbm_poisson,68.449916,94,136.666667,C,True,Forecast
23217,LAUREL HEART ANTIQUE SILVER,2011-11,2011-12,M2_gbm_poisson,135.277700,232,320.666667,C,True,Forecast
23218,LAUREL STAR ANTIQUE GOLD,2011-11,2011-12,M2_gbm_poisson,67.351508,143,100.333333,C,True,Forecast
23219,LAUREL STAR ANTIQUE SILVER,2011-11,2011-12,M2_gbm_poisson,85.566996,160,116.333333,C,True,Forecast
23220,REINDEER HEART DECORATION GOLD,2011-11,2011-12,M2_gbm_poisson,156.591972,365,287.333333,C,True,Forecast
23221,REINDEER HEART DECORATION SILVER,2011-11,2011-12,M2_gbm_poisson,243.071683,595,417.000000,C,True,Forecast
23222,CHRISTMAS TREE HANGING GOLD,2011-11,2011-12,M2_gbm_poisson,105.232100,239,236.666667,C,True,Forecast
23223,CHRISTMAS TREE HANGING SILVER,2011-11,2011-12,M2_gbm_poisson,112.899918,225,229.333333,C,True,Forecast
23224,CHERUB HEART DECORATION GOLD,2011-11,2011-12,M2_gbm_poisson,84.398628,187,209.000000,C,True,Forecast
23225,CHERUB HEART DECORATION SILVER,2011-11,2011-12,M2_gbm_poisson,210.683056,442,380.666667,C,True,Forecast
23226,FILIGREE HEART DAISY WHITE,2011-11,2011-12,M2_gbm_poisson,112.416500,168,127.333333,C,True,Forecast
23227,FILIGREE HEART BUTTERFLY WHITE,2011-11,2011-12,M2_gbm_poisson,149.516619,277,232.666667,C,True,Forecast
23228,FILIGREE HEART BIRD WHITE,2011-11,2011-12,M2_gbm_poisson,155.106724,307,241.333333,C,True,Forecast
23229,VINTAGE DONKEY TAIL GAME,2011-11,2011-12,M2_gbm_poisson,233.878791,461,334.333333,C,True,Forecast
23230,WRAP ALPHABET DESIGN,2011-11,2011-12,M2_gbm_poisson,256.902502,900,683.333333,B,True,Forecast
23231,WRAP DOILEY DESIGN,2011-11,2011-12,M2_gbm_poisson,215.576541,550,641.333333,B,True,Forecast
23232,WRAP VINTAGE LEAF DESIGN,2011-11,2011-12,M2_gbm_poisson,382.322816,1025,1033.333333,B,True,Forecast
23233,WRAP POPPIES  DESIGN,2011-11,2011-12,M2_gbm_poisson,154.781467,225,533.333333,C,True,Forecast
23234,BISCUIT TIN VINTAGE CHRISTMAS,2011-11,2011-12,M2_gbm_poisson,211.059745,347,397.666667,C,True,Forecast
23235,STORAGE TIN VINTAGE LEAF,2011-11,2011-12,M2_gbm_poisson,40.970547,19,41.000000,C,True,Forecast
23236,STORAGE TIN VINTAGE DOILY,2011-11,2011-12,M2_gbm_poisson,261.557475,294,367.666667,C,True,Forecast
23237,SET OF 4 KNICK KNACK TINS LEAF,2011-11,2011-12,M2_gbm_poisson,91.493142,166,139.666667,C,True,Forecast
23238,SET OF 4 KNICK KNACK TINS LONDON,2011-11,2011-12,M2_gbm_poisson,179.728231,274,264.000000,C,True,Forecast
23239,SET OF 4 KNICK KNACK TINS POPPIES,2011-11,2011-12,M2_gbm_poisson,64.975158,87,85.333333,C,True,Forecast
23240,SET OF 4 KNICK KNACK TINS DOILY,2011-11,2011-12,M2_gbm_poisson,308.035735,567,623.666667,C,True,Forecast
23241,TREASURE TIN GYMKHANA DESIGN,2011-11,2011-12,M2_gbm_poisson,205.240613,286,363.000000,C,True,Forecast
23242,TREASURE TIN BUFFALO BILL,2011-11,2011-12,M2_gbm_poisson,132.297193,141,212.000000,C,True,Forecast
23243,SET OF TEA COFFEE SUGAR TINS PANTRY,2011-11,2011-12,M2_gbm_poisson,364.173587,469,950.333333,C,True,Forecast
23244,ROUND STORAGE TIN VINTAGE LEAF,2011-11,2011-12,M2_gbm_poisson,91.317893,157,90.333333,C,True,Forecast
23245,SET OF 3 REGENCY CAKE TINS,2011-11,2011-12,M2_gbm_poisson,549.247064,775,858.666667,C,True,Forecast
23247,BISCUIT TIN 50'S CHRISTMAS,2011-11,2011-12,M2_gbm_poisson,317.495341,686,563.333333,C,True,Forecast
23249,VINTAGE RED ENAMEL TRIM PLATE,2011-11,2011-12,M2_gbm_poisson,69.334495,68,107.333333,C,True,Forecast
23250,VINTAGE RED TRIM ENAMEL BOWL,2011-11,2011-12,M2_gbm_poisson,104.981368,223,201.666667,C,True,Forecast
23251,VINTAGE RED ENAMEL TRIM MUG,2011-11,2011-12,M2_gbm_poisson,131.249382,232,235.000000,C,True,Forecast
23252,VINTAGE RED ENAMEL TRIM JUG,2011-11,2011-12,M2_gbm_poisson,63.905936,72,80.333333,C,True,Forecast
23253,16 PIECE CUTLERY SET PANTRY DESIGN,2011-11,2011-12,M2_gbm_poisson,21.229950,14,18.333333,B,True,Forecast
23254,CHILDRENS CUTLERY DOLLY GIRL,2011-11,2011-12,M2_gbm_poisson,180.598355,317,218.000000,B,True,Forecast
23255,CHILDRENS CUTLERY CIRCUS PARADE,2011-11,2011-12,M2_gbm_poisson,82.408994,114,127.666667,B,True,Forecast
23256,CHILDRENS CUTLERY SPACEBOY,2011-11,2011-12,M2_gbm_poisson,194.741799,345,259.000000,B,True,Forecast
23263,SET OF 3 WOODEN HEART DECORATIONS,2011-11,2011-12,M2_gbm_poisson,577.733817,1124,895.000000,C,True,Forecast
23264,SET OF 3 WOODEN SLEIGH DECORATIONS,2011-11,2011-12,M2_gbm_poisson,284.561977,633,517.000000,C,True,Forecast
23265,SET OF 3 WOODEN TREE DECORATIONS,2011-11,2011-12,M2_gbm_poisson,299.601995,656,489.000000,C,True,Forecast
23266,SET OF 3 WOODEN STOCKING DECORATION,2011-11,2011-12,M2_gbm_poisson,289.327167,653,531.333333,C,True,Forecast
23267,SET OF 4 SANTA PLACE SETTINGS,2011-11,2011-12,M2_gbm_poisson,181.060962,382,315.666667,C,True,Forecast
23268,SET OF 2 CERAMIC CHRISTMAS REINDEER,2011-11,2011-12,M2_gbm_poisson,38.946225,3,185.666667,C,True,Forecast
23269,SET OF 2 CERAMIC CHRISTMAS TREES,2011-11,2011-12,M2_gbm_poisson,114.341498,259,222.000000,C,True,Forecast
23270,SET OF 2 CERAMIC PAINTED HEARTS,2011-11,2011-12,M2_gbm_poisson,140.065743,192,188.666667,C,True,Forecast
23271,CHRISTMAS TABLE SILVER CANDLE SPIKE,2011-11,2011-12,M2_gbm_poisson,222.857047,472,512.333333,C,True,Forecast
23272,TREE T-LIGHT HOLDER WILLIE WINKIE,2011-11,2011-12,M2_gbm_poisson,53.702063,54,67.333333,C,True,Forecast
23273,HEART T-LIGHT HOLDER WILLIE WINKIE,2011-11,2011-12,M2_gbm_poisson,107.297086,195,216.666667,C,True,Forecast
23274,STAR T-LIGHT HOLDER WILLIE WINKIE,2011-11,2011-12,M2_gbm_poisson,124.587794,247,321.000000,C,True,Forecast
23275,SET OF 3 HANGING OWLS OLLIE BEAK,2011-11,2011-12,M2_gbm_poisson,686.990297,1514,833.666667,C,True,Forecast
23280,FOLDING BUTTERFLY MIRROR HOT PINK,2011-11,2011-12,M2_gbm_poisson,127.783617,212,157.333333,C,True,Forecast
23281,FOLDING BUTTERFLY MIRROR RED,2011-11,2011-12,M2_gbm_poisson,64.194076,80,68.000000,C,True,Forecast
23282,FOLDING BUTTERFLY MIRROR IVORY,2011-11,2011-12,M2_gbm_poisson,73.644059,111,96.666667,C,True,Forecast
23283,DOORMAT VINTAGE LEAF,2011-11,2011-12,M2_gbm_poisson,74.165919,105,146.333333,B,True,Forecast
23284,DOORMAT KEEP CALM AND COME IN,2011-11,2011-12,M2_gbm_poisson,536.525934,729,1002.666667,A,True,Forecast
23285,PINK VINTAGE SPOT BEAKER,2011-11,2011-12,M2_gbm_poisson,256.207903,66,777.333333,C,True,Forecast
23286,BLUE VINTAGE SPOT BEAKER,2011-11,2011-12,M2_gbm_poisson,264.665219,195,811.000000,C,True,Forecast
23287,RED VINTAGE SPOT BEAKER,2011-11,2011-12,M2_gbm_poisson,101.432541,86,148.666667,C,True,Forecast
23288,GREEN VINTAGE SPOT BEAKER,2011-11,2011-12,M2_gbm_poisson,215.570358,178,800.333333,C,True,Forecast
23289,DOLLY GIRL CHILDRENS BOWL,2011-11,2011-12,M2_gbm_poisson,153.411098,201,241.666667,C,True,Forecast
23290,SPACEBOY CHILDRENS BOWL,2011-11,2011-12,M2_gbm_poisson,230.738687,478,430.000000,C,True,Forecast
23291,DOLLY GIRL CHILDRENS CUP,2011-11,2011-12,M2_gbm_poisson,155.123960,201,233.666667,C,True,Forecast
23292,SPACEBOY CHILDRENS CUP,2011-11,2011-12,M2_gbm_poisson,208.520092,330,337.666667,C,True,Forecast
23293,SET OF 12 FAIRY CAKE BAKING CASES,2011-11,2011-12,M2_gbm_poisson,945.737762,1678,1520.666667,C,True,Forecast
23294,SET OF 6 SNACK LOAF BAKING CASES,2011-11,2011-12,M2_gbm_poisson,459.936165,734,743.000000,C,True,Forecast
23295,SET OF 12 MINI LOAF BAKING CASES,2011-11,2011-12,M2_gbm_poisson,502.803364,934,1035.333333,C,True,Forecast
23296,SET OF 6 TEA TIME BAKING CASES,2011-11,2011-12,M2_gbm_poisson,486.310191,954,799.333333,C,True,Forecast
23297,SET 40 HEART SHAPE PETIT FOUR CASES,2011-11,2011-12,M2_gbm_poisson,51.084298,9,261.000000,C,True,Forecast
23298,SPOTTY BUNTING,2011-11,2011-12,M2_gbm_poisson,618.327132,889,800.666667,A,True,Forecast
23299,FOOD COVER WITH BEADS SET 2,2011-11,2011-12,M2_gbm_poisson,37.382973,20,38.666667,B,True,Forecast
23300,GARDENERS KNEELING PAD CUP OF TEA,2011-11,2011-12,M2_gbm_poisson,719.861593,1535,966.000000,B,True,Forecast
23301,GARDENERS KNEELING PAD KEEP CALM,2011-11,2011-12,M2_gbm_poisson,1067.007968,2754,1624.000000,B,True,Forecast
23302,KNEELING MAT HOUSEWORK  DESIGN,2011-11,2011-12,M2_gbm_poisson,111.517865,241,148.666667,C,True,Forecast
23303,SET 4 PICNIC CUTLERY FONDANT,2011-11,2011-12,M2_gbm_poisson,40.994842,27,17.666667,C,True,Forecast
23304,SET 4 PICNIC CUTLERY CHERRY,2011-11,2011-12,M2_gbm_poisson,37.009445,39,15.666667,C,True,Forecast
23305,SET 4 PICNIC CUTLERY BLUEBERRY,2011-11,2011-12,M2_gbm_poisson,41.305389,31,19.333333,C,True,Forecast
23306,SET OF 36 DOILIES PANTRY DESIGN,2011-11,2011-12,M2_gbm_poisson,114.475656,69,243.666667,C,True,Forecast
23307,SET OF 60 PANTRY DESIGN CAKE CASES,2011-11,2011-12,M2_gbm_poisson,748.777313,887,1622.666667,C,True,Forecast
23308,SET OF 60 VINTAGE LEAF CAKE CASES,2011-11,2011-12,M2_gbm_poisson,403.818662,447,702.666667,C,True,Forecast
23309,SET OF 60 I LOVE LONDON CAKE CASES,2011-11,2011-12,M2_gbm_poisson,857.341582,1552,1416.666667,C,True,Forecast
23310,BUBBLEGUM RING ASSORTED,2011-11,2011-12,M2_gbm_poisson,1539.219845,2117,2332.333333,C,True,Forecast
23311,VINTAGE CHRISTMAS STOCKING,2011-11,2011-12,M2_gbm_poisson,477.059595,865,660.333333,C,True,Forecast
23312,VINTAGE CHRISTMAS GIFT SACK,2011-11,2011-12,M2_gbm_poisson,196.711364,428,352.000000,C,True,Forecast
23313,VINTAGE CHRISTMAS BUNTING,2011-11,2011-12,M2_gbm_poisson,606.795976,1249,762.000000,C,True,Forecast
23314,VINTAGE CHRISTMAS TABLECLOTH,2011-11,2011-12,M2_gbm_poisson,66.565448,80,84.666667,C,True,Forecast
23315,IVORY REFECTORY CLOCK,2011-11,2011-12,M2_gbm_poisson,40.221226,43,35.666667,C,True,Forecast
23316,RED REFECTORY CLOCK,2011-11,2011-12,M2_gbm_poisson,48.861537,44,47.333333,C,True,Forecast
23317,BLUE REFECTORY CLOCK,2011-11,2011-12,M2_gbm_poisson,43.669717,38,33.666667,C,True,Forecast
23318,BOX OF 6 MINI VINTAGE CRACKERS,2011-11,2011-12,M2_gbm_poisson,562.382391,1302,1050.666667,C,True,Forecast
23319,BOX OF 6 MINI 50'S CRACKERS,2011-11,2011-12,M2_gbm_poisson,679.881990,1378,1077.666667,C,True,Forecast
23320,GIANT 50'S CHRISTMAS CRACKER,2011-11,2011-12,M2_gbm_poisson,430.130160,801,663.666667,C,True,Forecast
23321,SMALL WHITE HEART OF WICKER,2011-11,2011-12,M2_gbm_poisson,706.624787,1394,977.000000,C,True,Forecast
23322,LARGE WHITE HEART OF WICKER,2011-11,2011-12,M2_gbm_poisson,459.426126,821,667.666667,C,True,Forecast
23323,WHITE WICKER STAR,2011-11,2011-12,M2_gbm_poisson,262.904966,533,379.333333,C,True,Forecast
23324,RUSTIC STRAWBERRY JAM POT LARGE,2011-11,2011-12,M2_gbm_poisson,48.991659,47,89.000000,C,True,Forecast
23325,RUSTIC STRAWBERRY JAM POT SMALL,2011-11,2011-12,M2_gbm_poisson,64.016153,70,126.000000,C,True,Forecast
23326,HANGING MINI COLOURED BOTTLES,2011-11,2011-12,M2_gbm_poisson,144.143785,183,566.000000,C,True,Forecast
23327,HANGING CLEAR MINI BOTTLE,2011-11,2011-12,M2_gbm_poisson,111.995101,290,443.666667,C,True,Forecast
23328,SET 6 SCHOOL MILK BOTTLES IN CRATE,2011-11,2011-12,M2_gbm_poisson,405.406465,921,670.666667,C,True,Forecast
23329,DECORATIVE WICKER HEART LARGE,2011-11,2011-12,M2_gbm_poisson,255.518090,527,445.666667,C,True,Forecast
23330,DECORATIVE WICKER HEART MEDIUM,2011-11,2011-12,M2_gbm_poisson,279.168425,674,505.666667,C,True,Forecast
23331,DECORATIVE WICKER HEART SMALL,2011-11,2011-12,M2_gbm_poisson,179.965459,400,370.333333,C,True,Forecast
23332,IVORY WICKER HEART LARGE,2011-11,2011-12,M2_gbm_poisson,248.299382,578,524.666667,C,True,Forecast
23333,IVORY WICKER HEART MEDIUM,2011-11,2011-12,M2_gbm_poisson,350.394626,823,562.666667,C,True,Forecast
23334,IVORY WICKER HEART SMALL,2011-11,2011-12,M2_gbm_poisson,235.816134,510,556.333333,C,True,Forecast
23335,EGG FRYING PAN IVORY,2011-11,2011-12,M2_gbm_poisson,64.901175,84,63.000000,C,True,Forecast
23336,EGG FRYING PAN PINK,2011-11,2011-12,M2_gbm_poisson,49.930388,39,50.000000,C,True,Forecast
23337,EGG FRYING PAN MINT,2011-11,2011-12,M2_gbm_poisson,54.202341,59,41.666667,C,True,Forecast
23338,EGG FRYING PAN RED,2011-11,2011-12,M2_gbm_poisson,70.144389,89,68.333333,C,True,Forecast
23339,EGG FRYING PAN BLUE,2011-11,2011-12,M2_gbm_poisson,45.100836,51,38.000000,C,True,Forecast
23340,VINTAGE CHRISTMAS CAKE FRILL,2011-11,2011-12,M2_gbm_poisson,173.511580,205,702.000000,C,True,Forecast
23341,PINK DINER WALL CLOCK,2011-11,2011-12,M2_gbm_poisson,48.169353,39,59.000000,C,True,Forecast
23342,MINT DINER WALL CLOCK,2011-11,2011-12,M2_gbm_poisson,61.323093,57,87.000000,C,True,Forecast
23343,JUMBO BAG VINTAGE CHRISTMAS,2011-11,2011-12,M2_gbm_poisson,950.688796,2205,1539.333333,C,True,Forecast
23344,JUMBO BAG 50'S CHRISTMAS,2011-11,2011-12,M2_gbm_poisson,1779.746942,4057,2708.333333,C,True,Forecast
23345,DOLLY GIRL BEAKER,2011-11,2011-12,M2_gbm_poisson,177.640459,165,449.333333,C,True,Forecast
23346,SPACEBOY BEAKER,2011-11,2011-12,M2_gbm_poisson,269.553431,281,519.333333,C,True,Forecast
23347,I LOVE LONDON BEAKER,2011-11,2011-12,M2_gbm_poisson,72.778355,119,178.333333,C,True,Forecast
23348,CHILDRENS TOY COOKING UTENSIL SET,2011-11,2011-12,M2_gbm_poisson,115.813788,206,224.333333,C,True,Forecast
23349,ROLL WRAP VINTAGE CHRISTMAS,2011-11,2011-12,M2_gbm_poisson,545.008417,1146,940.333333,C,True,Forecast
23350,ROLL WRAP VINTAGE SPOT,2011-11,2011-12,M2_gbm_poisson,391.629041,852,744.666667,C,True,Forecast
23351,ROLL WRAP 50'S CHRISTMAS,2011-11,2011-12,M2_gbm_poisson,706.382420,1378,1017.000000,C,True,Forecast
23352,ROLL WRAP 50'S RED CHRISTMAS,2011-11,2011-12,M2_gbm_poisson,255.414491,556,501.333333,C,True,Forecast
23353,6 GIFT TAGS VINTAGE CHRISTMAS,2011-11,2011-12,M2_gbm_poisson,628.334754,1288,1122.666667,C,True,Forecast
23354,6 GIFT TAGS 50'S CHRISTMAS,2011-11,2011-12,M2_gbm_poisson,631.826784,1273,1114.666667,C,True,Forecast
23355,HOT WATER BOTTLE KEEP CALM,2011-11,2011-12,M2_gbm_poisson,1053.319316,2349,1669.333333,C,True,Forecast
23356,LOVE HOT WATER BOTTLE,2011-11,2011-12,M2_gbm_poisson,650.139798,1084,724.333333,C,True,Forecast
23357,HOT WATER BOTTLE SEX BOMB,2011-11,2011-12,M2_gbm_poisson,75.822649,119,122.000000,C,True,Forecast
23358,HOT STUFF HOT WATER BOTTLE,2011-11,2011-12,M2_gbm_poisson,85.161222,184,151.000000,C,True,Forecast
23359,SET OF 12 T-LIGHTS VINTAGE DOILY,2011-11,2011-12,M2_gbm_poisson,111.435665,232,242.666667,C,True,Forecast
23360,SET 8 CANDLES VINTAGE DOILY,2011-11,2011-12,M2_gbm_poisson,134.444206,229,291.000000,C,True,Forecast
23365,SET 12 COLOUR PENCILS LOVE LONDON,2011-11,2011-12,M2_gbm_poisson,355.587005,934,597.000000,C,True,Forecast
23366,SET 12 COLOURING PENCILS DOILY,2011-11,2011-12,M2_gbm_poisson,680.427456,1197,672.000000,C,True,Forecast
23367,SET 12 COLOUR PENCILS SPACEBOY,2011-11,2011-12,M2_gbm_poisson,867.273539,1464,991.666667,C,True,Forecast
23368,SET 12 COLOUR PENCILS DOLLY GIRL,2011-11,2011-12,M2_gbm_poisson,524.649008,904,747.000000,C,True,Forecast
23369,SET 36 COLOUR PENCILS LOVE LONDON,2011-11,2011-12,M2_gbm_poisson,237.018848,480,333.666667,C,True,Forecast
23370,SET 36 COLOURING PENCILS DOILY,2011-11,2011-12,M2_gbm_poisson,267.687928,570,480.333333,C,True,Forecast
23371,SET 36 COLOUR PENCILS SPACEBOY,2011-11,2011-12,M2_gbm_poisson,360.148940,844,540.000000,C,True,Forecast
23372,SET 36 COLOUR PENCILS DOLLY GIRL,2011-11,2011-12,M2_gbm_poisson,258.707333,633,446.666667,C,True,Forecast
23373,VINTAGE CHRISTMAS PAPER GIFT BAG,2011-11,2011-12,M2_gbm_poisson,140.603549,295,493.666667,C,True,Forecast
23374,RED SPOT PAPER GIFT BAG,2011-11,2011-12,M2_gbm_poisson,212.345025,463,664.000000,C,True,Forecast
23375,50'S CHRISTMAS PAPER GIFT BAG,2011-11,2011-12,M2_gbm_poisson,179.499195,349,424.666667,C,True,Forecast
23376,PACK OF 12 VINTAGE CHRISTMAS TISSUE,2011-11,2011-12,M2_gbm_poisson,517.483787,1134,945.333333,C,True,Forecast
23377,PACK OF 12 DOLLY GIRL TISSUES,2011-11,2011-12,M2_gbm_poisson,210.278774,312,433.666667,C,True,Forecast
23378,PACK OF 12 50'S CHRISTMAS TISSUES,2011-11,2011-12,M2_gbm_poisson,740.781703,1440,1265.666667,C,True,Forecast
23379,PACK OF 12 RED APPLE TISSUES,2011-11,2011-12,M2_gbm_poisson,160.335530,161,396.666667,C,True,Forecast
23380,PACK OF 12 VINTAGE DOILY TISSUES,2011-11,2011-12,M2_gbm_poisson,242.867886,530,733.666667,C,True,Forecast
23381,PACK OF 12 VINTAGE LEAF TISSUES,2011-11,2011-12,M2_gbm_poisson,116.691135,152,471.666667,C,True,Forecast
23382,BOX OF 6 CHRISTMAS CAKE DECORATIONS,2011-11,2011-12,M2_gbm_poisson,387.509825,701,506.666667,C,True,Forecast
23388,WOODLAND MINI BACKPACK,2011-11,2011-12,M2_gbm_poisson,122.642332,175,262.000000,C,True,Forecast
23389,SPACEBOY MINI BACKPACK,2011-11,2011-12,M2_gbm_poisson,192.567728,342,354.333333,C,True,Forecast
23390,DOLLY GIRL MINI BACKPACK,2011-11,2011-12,M2_gbm_poisson,96.102997,108,220.666667,C,True,Forecast
23391,I LOVE LONDON MINI BACKPACK,2011-11,2011-12,M2_gbm_poisson,101.604998,156,121.000000,C,True,Forecast
23392,SPACEBOY ROCKET LOLLY MAKERS,2011-11,2011-12,M2_gbm_poisson,124.828040,180,203.666667,C,True,Forecast
23393,HOME SWEET HOME CUSHION COVER,2011-11,2011-12,M2_gbm_poisson,141.670142,244,254.666667,C,True,Forecast
23394,POSTE FRANCE CUSHION COVER,2011-11,2011-12,M2_gbm_poisson,119.304325,177,137.333333,C,True,Forecast
23395,BELLE JARDINIERE CUSHION COVER,2011-11,2011-12,M2_gbm_poisson,134.288861,235,231.333333,C,True,Forecast
23396,LE JARDIN BOTANIQUE CUSHION COVER,2011-11,2011-12,M2_gbm_poisson,131.791368,198,207.000000,C,True,Forecast
23397,FOOT STOOL HOME SWEET HOME,2011-11,2011-12,M2_gbm_poisson,117.376971,177,159.333333,C,True,Forecast
23398,HANGING HEART BONHEUR,2011-11,2011-12,M2_gbm_poisson,92.779740,139,177.666667,C,True,Forecast
23399,HOME SWEET HOME HANGING HEART,2011-11,2011-12,M2_gbm_poisson,242.472610,492,623.666667,C,True,Forecast
23400,SHELF WITH 4 HOOKS HOME SWEET HOME,2011-11,2011-12,M2_gbm_poisson,58.825733,37,152.666667,C,True,Forecast
23401,RUSTIC MIRROR WITH LACE HEART,2011-11,2011-12,M2_gbm_poisson,54.545736,41,101.333333,C,True,Forecast
23402,HOME SWEET HOME 3 PEG HANGER,2011-11,2011-12,M2_gbm_poisson,55.959519,52,92.666667,C,True,Forecast
23403,LETTER HOLDER HOME SWEET HOME,2011-11,2011-12,M2_gbm_poisson,122.898974,207,196.000000,C,True,Forecast
23404,HOME SWEET HOME BLACKBOARD,2011-11,2011-12,M2_gbm_poisson,175.193375,299,275.000000,C,True,Forecast
23405,HOME SWEET HOME 2 DRAWER CABINET,2011-11,2011-12,M2_gbm_poisson,65.890940,74,77.000000,C,True,Forecast
23406,HOME SWEET HOME KEY HOLDER,2011-11,2011-12,M2_gbm_poisson,117.000333,197,147.333333,C,True,Forecast
23407,SET OF 2 TRAYS HOME SWEET HOME,2011-11,2011-12,M2_gbm_poisson,65.882308,78,80.333333,C,True,Forecast
23408,PHOTO FRAME LINEN AND LACE SMALL,2011-11,2011-12,M2_gbm_poisson,75.094143,96,99.000000,C,True,Forecast
23409,PHOTO FRAME LINEN AND LACE LARGE,2011-11,2011-12,M2_gbm_poisson,50.196443,46,67.666667,C,True,Forecast
23410,CURIO CABINET LINEN AND LACE,2011-11,2011-12,M2_gbm_poisson,15.914625,4,12.000000,C,True,Forecast
23411,TRELLIS COAT RACK,2011-11,2011-12,M2_gbm_poisson,50.267368,33,73.666667,C,True,Forecast
23412,HEART MIRROR ANTIQUE WHITE,2011-11,2011-12,M2_gbm_poisson,13.605226,0,119.333333,C,True,Forecast
23413,VINTAGE COFFEE GRINDER BOX,2011-11,2011-12,M2_gbm_poisson,45.858349,33,52.000000,C,True,Forecast
23414,ZINC BOX SIGN HOME,2011-11,2011-12,M2_gbm_poisson,45.640662,44,47.000000,C,True,Forecast
23415,HOME SWEET HOME HOOK,2011-11,2011-12,M2_gbm_poisson,73.211321,105,74.333333,C,True,Forecast
23416,CHAMBRE HOOK,2011-11,2011-12,M2_gbm_poisson,24.325869,12,30.000000,C,True,Forecast
23417,BATHROOM HOOK,2011-11,2011-12,M2_gbm_poisson,33.461238,19,23.666667,C,True,Forecast
23418,LAVENDER TOILETTE BOTTLE,2011-11,2011-12,M2_gbm_poisson,68.747756,66,175.000000,C,True,Forecast
23419,HOME SWEET HOME BOTTLE,2011-11,2011-12,M2_gbm_poisson,83.835679,103,149.666667,C,True,Forecast
23420,PANTRY HOOK TEA STRAINER,2011-11,2011-12,M2_gbm_poisson,48.683634,35,54.333333,C,True,Forecast
23421,PANTRY HOOK SPATULA,2011-11,2011-12,M2_gbm_poisson,50.782328,40,53.000000,C,True,Forecast
23422,PANTRY HOOK BALLOON WHISK,2011-11,2011-12,M2_gbm_poisson,55.507611,49,69.666667,C,True,Forecast
23423,PANTRY 3 HOOK ROLLING PIN HANGER,2011-11,2011-12,M2_gbm_poisson,60.033714,63,69.666667,C,True,Forecast
23424,GINGHAM RECIPE BOOK BOX,2011-11,2011-12,M2_gbm_poisson,89.846229,114,144.333333,C,True,Forecast
23425,STORAGE TIN HOME SWEET HOME,2011-11,2011-12,M2_gbm_poisson,49.856115,46,57.333333,C,True,Forecast
23426,METAL SIGN DROP YOUR PANTS,2011-11,2011-12,M2_gbm_poisson,204.845369,432,401.666667,C,True,Forecast
23427,STOOL HOME SWEET HOME,2011-11,2011-12,M2_gbm_poisson,27.595216,12,78.000000,C,True,Forecast
23428,IVORY RETRO KITCHEN WALL CLOCK,2011-11,2011-12,M2_gbm_poisson,70.057613,41,13.666667,C,True,Forecast
23429,RED RETRO KITCHEN WALL CLOCK,2011-11,2011-12,M2_gbm_poisson,65.575263,31,10.333333,C,True,Forecast
23430,BLUE RETRO KITCHEN WALL CLOCK,2011-11,2011-12,M2_gbm_poisson,55.539877,21,7.000000,C,True,Forecast
23431,NATURAL HANGING QUILTED HEARTS,2011-11,2011-12,M2_gbm_poisson,112.154299,156,279.000000,C,True,Forecast
23432,PRETTY HANGING QUILTED HEARTS,2011-11,2011-12,M2_gbm_poisson,85.088419,132,405.333333,C,True,Forecast
23433,HANGING QUILTED PATCHWORK APPLES,2011-11,2011-12,M2_gbm_poisson,135.518210,240,386.000000,C,True,Forecast
23434,3 RAFFIA RIBBONS 50'S CHRISTMAS,2011-11,2011-12,M2_gbm_poisson,356.061936,877,647.000000,C,True,Forecast
23435,3 RAFFIA RIBBONS VINTAGE CHRISTMAS,2011-11,2011-12,M2_gbm_poisson,139.615366,189,254.000000,C,True,Forecast
23436,VINTAGE CHRISTMAS GIFT BAG LARGE,2011-11,2011-12,M2_gbm_poisson,194.565382,300,578.000000,C,True,Forecast
23437,50'S CHRISTMAS GIFT BAG LARGE,2011-11,2011-12,M2_gbm_poisson,265.455918,496,616.666667,C,True,Forecast
23438,RED SPOT GIFT BAG LARGE,2011-11,2011-12,M2_gbm_poisson,184.156511,389,547.666667,C,True,Forecast
23439,HAND WARMER RED LOVE HEART,2011-11,2011-12,M2_gbm_poisson,792.740121,1602,1167.666667,C,True,Forecast
23440,PAINT YOUR OWN EGGS IN CRATE,2011-11,2011-12,M2_gbm_poisson,63.434261,19,6.333333,C,True,Forecast
23441,HAND PAINTED HANGING EASTER EGG,2011-11,2011-12,M2_gbm_poisson,119.631708,20,6.666667,C,True,Forecast
23442,12 HANGING EGGS HAND PAINTED,2011-11,2011-12,M2_gbm_poisson,91.223458,31,10.333333,C,True,Forecast
23444,Next Day Carriage,2011-11,2011-12,M2_gbm_poisson,29.665964,25,13.000000,C,True,Forecast
23445,ICE CREAM BUBBLES,2011-11,2011-12,M2_gbm_poisson,212.442856,482,799.666667,C,True,Forecast
23446,BLUE BUNNY EASTER EGG BASKET,2011-11,2011-12,M2_gbm_poisson,17.038926,0,4.333333,C,True,Forecast
23447,PINK BUNNY EASTER EGG BASKET,2011-11,2011-12,M2_gbm_poisson,19.095945,0,4.666667,C,True,Forecast
23448,CREAM BUNNY EASTER EGG BASKET,2011-11,2011-12,M2_gbm_poisson,24.134132,12,8.333333,C,True,Forecast
23449,SET OF 6 EASTER RAINBOW CHICKS,2011-11,2011-12,M2_gbm_poisson,38.978284,12,4.000000,C,True,Forecast
23451,SQUARE MINI PORTRAIT FRAME,2011-11,2011-12,M2_gbm_poisson,112.701870,161,78.666667,C,True,Forecast
23452,HEART MINI PORTRAIT FRAME,2011-11,2011-12,M2_gbm_poisson,160.755920,282,151.666667,C,True,Forecast
23453,OVAL  MINI PORTRAIT FRAME,2011-11,2011-12,M2_gbm_poisson,103.792616,172,94.333333,C,True,Forecast
23454,THREE MINI HANGING FRAMES,2011-11,2011-12,M2_gbm_poisson,85.957440,113,51.000000,C,True,Forecast
23455,SMALL PARLOUR PICTURE FRAME,2011-11,2011-12,M2_gbm_poisson,64.048192,92,62.000000,C,True,Forecast
23456,MEDIUM PARLOUR PICTURE FRAME,2011-11,2011-12,M2_gbm_poisson,59.788966,74,50.333333,C,True,Forecast
23457,LARGE PARLOUR PICTURE FRAME,2011-11,2011-12,M2_gbm_poisson,57.777671,63,31.666667,C,True,Forecast
23458,DOLLY CABINET 3 DRAWERS,2011-11,2011-12,M2_gbm_poisson,28.973455,30,14.000000,C,True,Forecast
23459,DOLLY CABINET 2 DRAWERS,2011-11,2011-12,M2_gbm_poisson,22.243114,14,9.333333,C,True,Forecast
23460,SWEETHEART WALL TIDY,2011-11,2011-12,M2_gbm_poisson,45.354461,51,24.333333,C,True,Forecast
23461,SWEETHEART BIRD HOUSE,2011-11,2011-12,M2_gbm_poisson,68.704374,83,67.333333,C,True,Forecast
23462,ROCOCO WALL MIRROR WHITE,2011-11,2011-12,M2_gbm_poisson,38.312389,32,26.000000,C,True,Forecast
23463,VINTAGE ZINC WATERING CAN,2011-11,2011-12,M2_gbm_poisson,22.727332,8,3.333333,C,True,Forecast
23464,VINTAGE ZINC WATERING CAN SMALL,2011-11,2011-12,M2_gbm_poisson,24.775598,12,4.333333,C,True,Forecast
23465,TUSCAN VILLA BIRD FEEDER,2011-11,2011-12,M2_gbm_poisson,27.487318,16,9.333333,C,True,Forecast
23466,TUSCAN VILLA DOVECOTE BIRD FEEDER,2011-11,2011-12,M2_gbm_poisson,34.560945,28,17.000000,C,True,Forecast
23467,VINTAGE ZINC PLANTER,2011-11,2011-12,M2_gbm_poisson,23.397695,8,6.666667,C,True,Forecast
23468,TUSCAN VILLA BIRD TABLE,2011-11,2011-12,M2_gbm_poisson,24.036769,8,6.333333,C,True,Forecast
23469,CARD HOLDER LOVE BIRD SMALL,2011-11,2011-12,M2_gbm_poisson,81.433032,100,106.333333,C,True,Forecast
23470,CARD HOLDER LOVE BIRD LARGE,2011-11,2011-12,M2_gbm_poisson,66.776491,77,74.666667,C,True,Forecast
23471,SIX DRAWER OFFICE TIDY,2011-11,2011-12,M2_gbm_poisson,32.221513,18,20.666667,C,True,Forecast
23472,NINE DRAWER OFFICE TIDY,2011-11,2011-12,M2_gbm_poisson,31.510448,18,16.666667,C,True,Forecast
23473,WOODLAND SMALL RED FELT HEART,2011-11,2011-12,M2_gbm_poisson,171.646107,347,202.000000,C,True,Forecast
23474,WOODLAND SMALL BLUE FELT HEART,2011-11,2011-12,M2_gbm_poisson,120.282269,216,86.000000,C,True,Forecast
23475,WOODLAND SMALL PINK FELT HEART,2011-11,2011-12,M2_gbm_poisson,182.491552,223,82.666667,C,True,Forecast
23476,WOODLAND LARGE RED FELT HEART,2011-11,2011-12,M2_gbm_poisson,100.980133,167,68.333333,C,True,Forecast
23477,WOODLAND LARGE BLUE FELT HEART,2011-11,2011-12,M2_gbm_poisson,59.738305,67,30.666667,C,True,Forecast
23478,WOODLAND LARGE PINK FELT HEART,2011-11,2011-12,M2_gbm_poisson,65.999216,68,91.000000,C,True,Forecast
23479,WIRE EGG BASKET,2011-11,2011-12,M2_gbm_poisson,54.540232,77,35.000000,C,True,Forecast
23480,MINI LIGHTS WOODLAND MUSHROOMS,2011-11,2011-12,M2_gbm_poisson,538.553867,1036,519.666667,C,True,Forecast
23481,PEARLISED IVORY HEART SMALL,2011-11,2011-12,M2_gbm_poisson,93.233569,138,68.000000,C,True,Forecast
23482,PEARLISED IVORY HEART LARGE,2011-11,2011-12,M2_gbm_poisson,93.735219,127,126.666667,C,True,Forecast
23483,HANGING  BUTTERFLY T-LIGHT HOLDER,2011-11,2011-12,M2_gbm_poisson,265.070708,603,368.333333,C,True,Forecast
23484,HEART TRELLIS TRIPLE T-LIGHT HOLDER,2011-11,2011-12,M2_gbm_poisson,50.036330,50,57.666667,C,True,Forecast
23485,BOTANICAL GARDENS WALL CLOCK,2011-11,2011-12,M2_gbm_poisson,53.954183,78,83.666667,C,True,Forecast
23486,ANTIQUE HEART SHELF UNIT,2011-11,2011-12,M2_gbm_poisson,54.266391,78,38.333333,C,True,Forecast
23487,SWEET HEART CAKE CARRIER,2011-11,2011-12,M2_gbm_poisson,44.083187,44,25.666667,C,True,Forecast
23489,VINTAGE BELLS GARLAND,2011-11,2011-12,M2_gbm_poisson,259.714027,526,249.000000,C,True,Forecast
23490,T-LIGHT HOLDER HANGING LOVE BIRD,2011-11,2011-12,M2_gbm_poisson,178.993655,345,166.000000,C,True,Forecast
23491,VINTAGE JINGLE BELLS HEART,2011-11,2011-12,M2_gbm_poisson,91.504788,132,66.333333,C,True,Forecast
23492,VINTAGE JINGLE BELLS WREATH,2011-11,2011-12,M2_gbm_poisson,41.959860,51,23.000000,C,True,Forecast
23493,VINTAGE DOILY TRAVEL SEWING KIT,2011-11,2011-12,M2_gbm_poisson,1106.605409,2003,1173.333333,C,True,Forecast
23494,VINTAGE DOILY DELUXE SEWING KIT,2011-11,2011-12,M2_gbm_poisson,190.589481,379,217.333333,C,True,Forecast
23495,SET OF 3 PANTRY WOODEN SPOONS,2011-11,2011-12,M2_gbm_poisson,117.456565,174,59.666667,C,True,Forecast
23496,PANTRY KITCHEN THERMOMETER,2011-11,2011-12,M2_gbm_poisson,62.978122,78,27.333333,C,True,Forecast
23497,CLASSIC CHROME BICYCLE BELL,2011-11,2011-12,M2_gbm_poisson,883.671330,1337,505.666667,C,True,Forecast
23498,CLASSIC BICYCLE CLIPS,2011-11,2011-12,M2_gbm_poisson,446.698888,517,172.333333,C,True,Forecast
23499,SET 12 VINTAGE DOILY CHALK,2011-11,2011-12,M2_gbm_poisson,400.181130,999,364.666667,C,True,Forecast
23500,KEY RING BASEBALL BOOT ASSORTED,2011-11,2011-12,M2_gbm_poisson,310.696783,679,450.333333,C,True,Forecast
23501,KEY RING BASEBALL BOOT UNION JACK,2011-11,2011-12,M2_gbm_poisson,261.287060,502,446.000000,C,True,Forecast
23502,PLAYING CARDS VINTAGE DOILY,2011-11,2011-12,M2_gbm_poisson,131.856435,240,226.333333,C,True,Forecast
23503,PLAYING CARDS KEEP CALM & CARRY ON,2011-11,2011-12,M2_gbm_poisson,646.440060,1267,1142.000000,C,True,Forecast
23504,PLAYING CARDS JUBILEE UNION JACK,2011-11,2011-12,M2_gbm_poisson,362.182126,778,606.666667,C,True,Forecast
23505,PLAYING CARDS I LOVE LONDON,2011-11,2011-12,M2_gbm_poisson,250.558838,543,372.333333,C,True,Forecast
23506,MINI PLAYING CARDS SPACEBOY,2011-11,2011-12,M2_gbm_poisson,394.834336,533,866.000000,C,True,Forecast
23507,MINI PLAYING CARDS BUFFALO BILL,2011-11,2011-12,M2_gbm_poisson,808.589616,1171,943.333333,C,True,Forecast
23508,MINI PLAYING CARDS DOLLY GIRL,2011-11,2011-12,M2_gbm_poisson,508.294507,566,854.333333,C,True,Forecast
23509,MINI PLAYING CARDS FUN FAIR,2011-11,2011-12,M2_gbm_poisson,117.347027,112,349.333333,C,True,Forecast
23510,MINI PLAYING CARDS GYMKHANA,2011-11,2011-12,M2_gbm_poisson,649.643101,1315,831.000000,C,True,Forecast
23511,EMBROIDERED RIBBON REEL EMILY,2011-11,2011-12,M2_gbm_poisson,113.589137,149,184.000000,C,True,Forecast
23512,EMBROIDERED RIBBON REEL ROSIE,2011-11,2011-12,M2_gbm_poisson,73.633368,73,162.666667,C,True,Forecast
23513,EMBROIDERED RIBBON REEL SUSIE,2011-11,2011-12,M2_gbm_poisson,82.565586,77,185.000000,C,True,Forecast
23514,EMBROIDERED RIBBON REEL SALLY,2011-11,2011-12,M2_gbm_poisson,97.922427,125,155.000000,C,True,Forecast
23515,EMBROIDERED RIBBON REEL DAISY,2011-11,2011-12,M2_gbm_poisson,90.058501,99,186.666667,C,True,Forecast
23516,EMBROIDERED RIBBON REEL SOPHIE,2011-11,2011-12,M2_gbm_poisson,54.260949,35,94.333333,C,True,Forecast
23517,EMBROIDERED RIBBON REEL REBECCA,2011-11,2011-12,M2_gbm_poisson,60.480541,64,108.666667,C,True,Forecast
23518,EMBROIDERED RIBBON REEL RACHEL,2011-11,2011-12,M2_gbm_poisson,57.102075,33,118.333333,C,True,Forecast
23519,EMBROIDERED RIBBON REEL CLAIRE,2011-11,2011-12,M2_gbm_poisson,48.443869,30,74.666667,C,True,Forecast
23520,EMBROIDERED RIBBON REEL RUBY,2011-11,2011-12,M2_gbm_poisson,35.524885,15,53.333333,C,True,Forecast
23521,WALL ART CAT AND BIRD,2011-11,2011-12,M2_gbm_poisson,72.331591,90,135.666667,C,True,Forecast
23522,WALL ART DOG AND BALL,2011-11,2011-12,M2_gbm_poisson,68.541888,66,113.333333,C,True,Forecast
23523,WALL ART TREASURE AHOY,2011-11,2011-12,M2_gbm_poisson,62.910120,61,115.333333,C,True,Forecast
23524,WALL ART HORSE & PONY,2011-11,2011-12,M2_gbm_poisson,108.492654,176,149.333333,C,True,Forecast
23525,WALL ART BUFFALO BILL,2011-11,2011-12,M2_gbm_poisson,103.075484,54,186.666667,C,True,Forecast
23526,WALL ART DOG LICENCE,2011-11,2011-12,M2_gbm_poisson,173.527128,325,279.000000,C,True,Forecast
23527,WALL ART ANIMALS AND NATURE,2011-11,2011-12,M2_gbm_poisson,85.044101,118,134.666667,C,True,Forecast
23528,WALL ART SPACEBOY,2011-11,2011-12,M2_gbm_poisson,90.023212,129,157.333333,C,True,Forecast
23529,WALL ART DOLLY GIRL,2011-11,2011-12,M2_gbm_poisson,94.470685,160,210.000000,C,True,Forecast
23530,WALL ART ONLY ONE PERSON,2011-11,2011-12,M2_gbm_poisson,162.913125,323,276.000000,C,True,Forecast
23531,WALL ART BIG LOVE,2011-11,2011-12,M2_gbm_poisson,170.360218,310,274.666667,C,True,Forecast
23532,WALL ART WORK REST AND PLAY,2011-11,2011-12,M2_gbm_poisson,44.516429,26,65.333333,C,True,Forecast
23533,WALL ART GARDEN HAVEN,2011-11,2011-12,M2_gbm_poisson,35.614706,15,65.000000,C,True,Forecast
23534,WALL ART STOP FOR TEA,2011-11,2011-12,M2_gbm_poisson,256.877854,529,428.666667,C,True,Forecast
23535,WALL ART BICYCLE SAFETY,2011-11,2011-12,M2_gbm_poisson,234.455980,439,345.666667,C,True,Forecast
23536,WALL ART VILLAGE SHOW,2011-11,2011-12,M2_gbm_poisson,94.895148,147,199.000000,C,True,Forecast
23537,WALL ART I LOVE LONDON,2011-11,2011-12,M2_gbm_poisson,55.591979,58,36.666667,C,True,Forecast
23538,WALL ART VINTAGE HEART,2011-11,2011-12,M2_gbm_poisson,47.989317,23,109.333333,C,True,Forecast
23539,WALL ART LOVES' SECRET,2011-11,2011-12,M2_gbm_poisson,49.029832,36,80.000000,C,True,Forecast
23540,WALL ART THE MAGIC FOREST,2011-11,2011-12,M2_gbm_poisson,27.349031,8,49.666667,C,True,Forecast
23541,WALL ART CLASSIC PUDDINGS,2011-11,2011-12,M2_gbm_poisson,170.078008,313,288.000000,C,True,Forecast
23542,WALL ART 70'S ALPHABET,2011-11,2011-12,M2_gbm_poisson,100.121480,157,122.666667,C,True,Forecast
23543,WALL ART KEEP CALM,2011-11,2011-12,M2_gbm_poisson,108.430608,161,170.666667,C,True,Forecast
23544,WALL ART MID CENTURY MODERN,2011-11,2011-12,M2_gbm_poisson,29.758745,13,53.000000,C,True,Forecast
23545,WRAP RED VINTAGE DOILY,2011-11,2011-12,M2_gbm_poisson,160.135957,450,533.333333,C,True,Forecast
23546,WRAP PAISLEY PARK,2011-11,2011-12,M2_gbm_poisson,205.140803,650,658.333333,C,True,Forecast
23547,WRAP FLOWER SHOP,2011-11,2011-12,M2_gbm_poisson,92.596739,175,291.666667,C,True,Forecast
23548,WRAP MAGIC FOREST,2011-11,2011-12,M2_gbm_poisson,79.879298,175,175.000000,C,True,Forecast
23549,WRAP BIRD GARDEN,2011-11,2011-12,M2_gbm_poisson,90.901789,200,283.333333,C,True,Forecast
23550,WRAP ALPHABET POSTER,2011-11,2011-12,M2_gbm_poisson,121.079677,250,316.666667,C,True,Forecast
23551,PACK OF 12 PAISLEY PARK TISSUES,2011-11,2011-12,M2_gbm_poisson,231.197146,473,574.333333,C,True,Forecast
23552,BICYCLE PUNCTURE REPAIR KIT,2011-11,2011-12,M2_gbm_poisson,433.035755,623,207.666667,C,True,Forecast
23553,LANDMARK FRAME CAMDEN TOWN,2011-11,2011-12,M2_gbm_poisson,74.563397,77,142.666667,C,True,Forecast
23554,LANDMARK FRAME OXFORD STREET,2011-11,2011-12,M2_gbm_poisson,58.997765,38,138.000000,C,True,Forecast
23555,LANDMARK FRAME NOTTING HILL,2011-11,2011-12,M2_gbm_poisson,54.287993,37,137.000000,C,True,Forecast
23556,LANDMARK FRAME COVENT GARDEN,2011-11,2011-12,M2_gbm_poisson,61.117666,44,141.333333,C,True,Forecast
23557,LANDMARK FRAME BAKER STREET,2011-11,2011-12,M2_gbm_poisson,39.523941,22,115.000000,C,True,Forecast
23558,LANDMARK FRAME LONDON BRIDGE,2011-11,2011-12,M2_gbm_poisson,61.117666,40,135.333333,C,True,Forecast
23559,WOODLAND BUNNIES LOLLY MAKERS,2011-11,2011-12,M2_gbm_poisson,95.435953,121,187.666667,C,True,Forecast
23560,SET OF 6 RIBBONS COUNTRY STYLE,2011-11,2011-12,M2_gbm_poisson,96.032855,49,16.333333,C,True,Forecast
23561,SET OF 6 RIBBONS PARTY,2011-11,2011-12,M2_gbm_poisson,95.176428,51,17.000000,C,True,Forecast
23562,SET OF 6 RIBBONS PERFECTLY PRETTY,2011-11,2011-12,M2_gbm_poisson,96.940823,33,11.000000,C,True,Forecast
23564,EGG CUP MILKMAID INGRID,2011-11,2011-12,M2_gbm_poisson,125.110008,220,204.666667,C,True,Forecast
23565,EGG CUP MILKMAID HELGA,2011-11,2011-12,M2_gbm_poisson,127.190184,205,125.000000,C,True,Forecast
23566,EGG CUP MILKMAID HEIDI,2011-11,2011-12,M2_gbm_poisson,180.519883,322,234.333333,C,True,Forecast
23567,EGG CUP HENRIETTA HEN PINK,2011-11,2011-12,M2_gbm_poisson,85.060461,124,67.000000,C,True,Forecast
23568,EGG CUP HENRIETTA HEN CREAM,2011-11,2011-12,M2_gbm_poisson,126.165869,219,159.000000,C,True,Forecast
23569,TRADTIONAL ALPHABET STAMP SET,2011-11,2011-12,M2_gbm_poisson,265.850231,557,232.000000,C,True,Forecast
23570,TRADITIONAL PICK UP STICKS GAME,2011-11,2011-12,M2_gbm_poisson,1083.383153,2058,788.000000,C,True,Forecast
23571,TRADITIONAL NAUGHTS & CROSSES,2011-11,2011-12,M2_gbm_poisson,973.369896,2247,870.333333,C,True,Forecast
23574,PACKING CHARGE,2011-11,2011-12,M2_gbm_poisson,15.851209,5,3.666667,C,True,Forecast
23575,SNACK TRAY PAISLEY PARK,2011-11,2011-12,M2_gbm_poisson,90.635633,29,9.666667,C,True,Forecast
23576,SNACK TRAY RED VINTAGE DOILY,2011-11,2011-12,M2_gbm_poisson,94.219632,40,13.333333,C,True,Forecast
23578,SNACK TRAY RED GINGHAM,2011-11,2011-12,M2_gbm_poisson,64.562095,19,6.333333,C,True,Forecast
23579,SNACK TRAY I LOVE LONDON,2011-11,2011-12,M2_gbm_poisson,41.663851,24,10.333333,C,True,Forecast
23580,SNACK TRAY HAPPY FOREST,2011-11,2011-12,M2_gbm_poisson,95.296589,42,14.000000,C,True,Forecast
23581,JUMBO BAG PAISLEY PARK,2011-11,2011-12,M2_gbm_poisson,1457.138369,3159,1443.666667,C,True,Forecast
23582,VINTAGE DOILY JUMBO BAG RED,2011-11,2011-12,M2_gbm_poisson,1016.318690,2099,900.333333,C,True,Forecast
23583,LUNCH BAG PAISLEY PARK,2011-11,2011-12,M2_gbm_poisson,1079.828306,2316,999.000000,C,True,Forecast
23597,PAPER BUNTING PAISLEY PARK,2011-11,2011-12,M2_gbm_poisson,152.674896,110,36.666667,C,True,Forecast
23598,PAPER BUNTING VINTAGE PARTY,2011-11,2011-12,M2_gbm_poisson,178.992452,217,72.333333,C,True,Forecast
23601,SET 10 CARDS SNOWY SNOWDROPS  17100,2011-11,2011-12,M2_gbm_poisson,26.114430,7,2.666667,C,True,Forecast
23602,SET 10 CARDS 3 WISE MEN 17107,2011-11,2011-12,M2_gbm_poisson,10.119720,1,0.333333,C,True,Forecast
23603,SET 10 CARD KRAFT REINDEER 17084,2011-11,2011-12,M2_gbm_poisson,28.425327,10,4.333333,C,True,Forecast
23604,SET 10 MINI SANTA & SNOWMAN  17087,2011-11,2011-12,M2_gbm_poisson,41.454129,0,1.333333,C,True,Forecast
23605,SET 10 CARDS 12 DAYS OF XMAS 17059,2011-11,2011-12,M2_gbm_poisson,8.781595,0,1.333333,C,True,Forecast
23607,SET 10 CARDS HATS & STOCKINGS 17081,2011-11,2011-12,M2_gbm_poisson,19.488833,4,2.666667,C,True,Forecast
23608,SET 10 CARDS RUDOLPHS NOSE 17097,2011-11,2011-12,M2_gbm_poisson,13.519650,3,1.000000,C,True,Forecast
23609,SET 10 CARDS SNOWY ROBIN 17099,2011-11,2011-12,M2_gbm_poisson,10.119720,1,0.333333,C,True,Forecast
23610,SET 10 CARDS CHRISTMAS ROBIN 17095,2011-11,2011-12,M2_gbm_poisson,7.142014,1,1.000000,C,True,Forecast
23611,SET 10 CARDS RED RIDING HOOD 17214,2011-11,2011-12,M2_gbm_poisson,36.419571,21,12.000000,C,True,Forecast
23612,SET 10 MINICARDS CUTE SNOWMAN 17071,2011-11,2011-12,M2_gbm_poisson,10.307159,4,1.666667,C,True,Forecast
23613,SET 10 XMAS CARDS & BADGES 17070,2011-11,2011-12,M2_gbm_poisson,31.048016,8,3.666667,C,True,Forecast
23614,SET 10 CARDS 12 DAYS WRAP  17058,2011-11,2011-12,M2_gbm_poisson,22.047392,3,6.000000,C,True,Forecast
23615,SET 10 CARDS PRINTED GRAPHIC 17219,2011-11,2011-12,M2_gbm_poisson,7.769622,2,1.000000,C,True,Forecast
23616,SET 10 CARDS JINGLE BELLS 17217,2011-11,2011-12,M2_gbm_poisson,32.445604,5,1.666667,C,True,Forecast
23617,SET 10 CARDS SWIRLY XMAS TREE 17104,2011-11,2011-12,M2_gbm_poisson,12.050690,2,0.666667,C,True,Forecast
23619,SET 10 CARDS POINSETTIA 17093,2011-11,2011-12,M2_gbm_poisson,13.445508,1,1.333333,C,True,Forecast
23620,SET 10 CARDS PERFECT POST 17090,2011-11,2011-12,M2_gbm_poisson,22.314939,2,3.333333,C,True,Forecast
23621,SET 10 CARDS DAVID'S MADONNA 17074,2011-11,2011-12,M2_gbm_poisson,11.366369,2,0.666667,C,True,Forecast
23623,SET 10 CARD CHRISTMAS WELCOME 17112,2011-11,2011-12,M2_gbm_poisson,18.284733,4,2.666667,C,True,Forecast
23624,SET 10 CARD PERFECT NATIVITY 17089,2011-11,2011-12,M2_gbm_poisson,7.804341,2,1.333333,C,True,Forecast
23625,SET 6 CARDS SPARKLY REINDEER 17262,2011-11,2011-12,M2_gbm_poisson,12.850061,1,2.666667,C,True,Forecast
23626,SET 10 CARDS DINKY TREE 17076,2011-11,2011-12,M2_gbm_poisson,37.600166,30,11.666667,C,True,Forecast
23627,SET 10 CARDS XMAS GRAPHIC  17218,2011-11,2011-12,M2_gbm_poisson,36.522416,7,2.333333,C,True,Forecast
23628,SET 10 CARDS TRIANGLE ICONS  17220,2011-11,2011-12,M2_gbm_poisson,5.034920,0,0.333333,C,True,Forecast
23629,SET 10 CARDS DRESSING UP 17077,2011-11,2011-12,M2_gbm_poisson,27.489553,11,8.000000,C,True,Forecast
23630,SET 10 CARDS HANGING BAUBLES 17080,2011-11,2011-12,M2_gbm_poisson,7.111890,1,0.666667,C,True,Forecast
23632,SET 10 CARDS CHEERFUL ROBIN 17065,2011-11,2011-12,M2_gbm_poisson,28.852362,11,5.000000,C,True,Forecast
23633,SET 10 CARDS WORLD CHILDREN 17067,2011-11,2011-12,M2_gbm_poisson,7.769622,2,1.000000,C,True,Forecast
23634,SET 10 CARDS XMAS CHOIR 17068,2011-11,2011-12,M2_gbm_poisson,6.311056,1,1.333333,C,True,Forecast
23635,SET 10 CARDS CHRISTMAS HOLLY  17259,2011-11,2011-12,M2_gbm_poisson,6.197409,1,0.666667,C,True,Forecast
23636,SET 10 CARDS WISHING TREE 17116,2011-11,2011-12,M2_gbm_poisson,6.778268,2,1.000000,C,True,Forecast
23637,SET 10 CARDS OUT OF ORDER 17216,2011-11,2011-12,M2_gbm_poisson,22.444998,4,3.333333,C,True,Forecast
23638,SET 10 CARDS ROBIN WATERPUMP  17096,2011-11,2011-12,M2_gbm_poisson,5.633298,1,0.666667,C,True,Forecast
23639,SET 10 CARDS MAGICAL TREE 17086,2011-11,2011-12,M2_gbm_poisson,6.391182,2,1.333333,C,True,Forecast
23640,SET 10 CARDS SCOTTIE DOG 17211,2011-11,2011-12,M2_gbm_poisson,15.053623,0,2.333333,C,True,Forecast
23643,SET 10 CARDS CHRISTMAS BAUBLE 16954,2011-11,2011-12,M2_gbm_poisson,5.034920,0,0.333333,C,True,Forecast
23644,SET 10 CARDS CHRISTMAS TREE 16955,2011-11,2011-12,M2_gbm_poisson,6.311056,1,1.333333,C,True,Forecast
23645,SET 10 CHRISTMAS CARDS HOHOHO 16956,2011-11,2011-12,M2_gbm_poisson,24.076340,6,2.333333,C,True,Forecast
23646,SET 10 CARDS JINGLE BELLS 16957,2011-11,2011-12,M2_gbm_poisson,34.784802,6,2.666667,C,True,Forecast
23649,SET 10 CARDS DECK THE HALLS 16960,2011-11,2011-12,M2_gbm_poisson,11.366369,2,0.666667,C,True,Forecast
23650,SET 10 CARDS FILIGREE BAUBLE 16961,2011-11,2011-12,M2_gbm_poisson,7.580249,2,1.000000,C,True,Forecast
23652,SET 10 CARD CHRISTMAS STAMPS 16963,2011-11,2011-12,M2_gbm_poisson,12.050690,2,0.666667,C,True,Forecast
23654,SET 10 CARD SNOWMAN 16965,2011-11,2011-12,M2_gbm_poisson,7.615474,2,1.000000,C,True,Forecast
23660,HENRIETTA HEN MUG,2011-11,2011-12,M2_gbm_poisson,110.430768,179,97.333333,C,True,Forecast
23661,MILK MAIDS MUG,2011-11,2011-12,M2_gbm_poisson,82.060415,109,68.666667,C,True,Forecast
23664,FLOWER SHOP DESIGN MUG,2011-11,2011-12,M2_gbm_poisson,9.642704,1,0.333333,C,True,Forecast
23681,LUNCH BAG RED VINTAGE DOILY,2011-11,2011-12,M2_gbm_poisson,870.614637,1271,423.666667,C,True,Forecast
23691,WRAP KEEP CALM BIRTHDAY,2011-11,2011-12,M2_gbm_poisson,344.039237,875,291.666667,C,True,Forecast
23692,WRAP A PRETTY THANK YOU,2011-11,2011-12,M2_gbm_poisson,113.879710,50,16.666667,C,True,Forecast
23694,PAISLEY PARK CARD,2011-11,2011-12,M2_gbm_poisson,284.399541,274,91.333333,C,True,Forecast
23695,DOILY THANK YOU CARD,2011-11,2011-12,M2_gbm_poisson,420.642952,495,165.000000,C,True,Forecast
23697,A PRETTY THANK YOU CARD,2011-11,2011-12,M2_gbm_poisson,296.318861,358,119.333333,C,True,Forecast
23702,High Resolution Image,2011-11,2011-12,M2_gbm_poisson,9.140970,3,1.333333,C,True,Forecast
35001G,HAND OPEN SHAPE GOLD,2011-11,2011-12,M2_gbm_poisson,39.345744,30,21.000000,B,True,Forecast
35004B,SET OF 3 BLACK FLYING DUCKS,2011-11,2011-12,M2_gbm_poisson,34.373040,19,42.000000,A,True,Forecast
35004G,SET OF 3 GOLD FLYING DUCKS,2011-11,2011-12,M2_gbm_poisson,21.049958,15,9.333333,B,True,Forecast
35095A,BLUE VICTORIAN FABRIC OVAL BOX,2011-11,2011-12,M2_gbm_poisson,74.464160,204,83.333333,C,True,Forecast
35095B,RED VICTORIAN FABRIC OVAL BOX,2011-11,2011-12,M2_gbm_poisson,64.640869,91,69.333333,C,True,Forecast
35265,COLOURFUL FLOWER FRUIT BOWL,2011-11,2011-12,M2_gbm_poisson,3.964301,0,1.000000,C,True,Forecast
35400,WOODEN BOX ADVENT CALENDAR,2011-11,2011-12,M2_gbm_poisson,8.269191,5,1.666667,A,True,Forecast
35443,RASTA IN BATH W SPLIFF ASHTRAY,2011-11,2011-12,M2_gbm_poisson,5.736019,3,1.666667,C,True,Forecast
35471D,SET OF 3 BIRD LIGHT PINK FEATHER,2011-11,2011-12,M2_gbm_poisson,309.286396,718,412.333333,C,True,Forecast
35591T,TURQUOISE CHRISTMAS TREE,2011-11,2011-12,M2_gbm_poisson,5.342957,1,0.666667,C,True,Forecast
35597D,PINK/WHITE CHRISTMAS TREE 30CM,2011-11,2011-12,M2_gbm_poisson,7.126953,0,7.333333,C,True,Forecast
35598A,DUSTY PINK CHRISTMAS TREE 60CM,2011-11,2011-12,M2_gbm_poisson,13.502953,9,3.000000,C,True,Forecast
35598B,BLACK CHRISTMAS TREE 60CM,2011-11,2011-12,M2_gbm_poisson,62.600506,135,160.000000,C,True,Forecast
35598C,WHITE CHRISTMAS TREE 60CM,2011-11,2011-12,M2_gbm_poisson,5.938108,2,0.666667,C,True,Forecast
35598D,PINK/WHITE CHRISTMAS TREE 60CM,2011-11,2011-12,M2_gbm_poisson,62.634932,77,156.000000,C,True,Forecast
35599B,BLACK CHRISTMAS TREE 120CM,2011-11,2011-12,M2_gbm_poisson,51.281603,80,41.333333,C,True,Forecast
35599D,PINK AND WHITE CHRISTMAS TREE 120CM,2011-11,2011-12,M2_gbm_poisson,49.832383,80,37.666667,B,True,Forecast
35607B,BLACK FEATHER CHRISTMAS DECORATION,2011-11,2011-12,M2_gbm_poisson,7.811566,0,3.333333,C,True,Forecast
35637A,IVORY STRING CURTAIN WITH POLE,2011-11,2011-12,M2_gbm_poisson,23.542803,7,19.333333,B,True,Forecast
35637C,PINK STRING CURTAIN WITH POLE,2011-11,2011-12,M2_gbm_poisson,12.731926,3,6.666667,C,True,Forecast
35638A,PINK AND BLACK STRING CURTAIN,2011-11,2011-12,M2_gbm_poisson,6.183165,1,1.000000,C,True,Forecast
35638B,PINK/BLUE STRING CURTAIN,2011-11,2011-12,M2_gbm_poisson,6.263772,1,0.666667,C,True,Forecast
35645,VINTAGE BEAD PINK JEWEL BOX,2011-11,2011-12,M2_gbm_poisson,3.172917,0,0.333333,C,True,Forecast
35646,VINTAGE BEAD PINK EVENING BAG,2011-11,2011-12,M2_gbm_poisson,74.621388,129,84.333333,C,True,Forecast
35648,VINTAGE BEAD PINK PURSE,2011-11,2011-12,M2_gbm_poisson,79.616478,148,121.666667,C,True,Forecast
35649,VINTAGE BEAD COSMETIC BAG,2011-11,2011-12,M2_gbm_poisson,23.392572,14,10.000000,B,True,Forecast
35650,VINTAGE BEAD PINK JEWEL STAND,2011-11,2011-12,M2_gbm_poisson,2.430712,0,0.000000,C,True,Forecast
35651,VINTAGE BEAD PINK SCARF,2011-11,2011-12,M2_gbm_poisson,38.721404,33,45.333333,C,True,Forecast
35653,VINTAGE BEAD NOTEBOOK,2011-11,2011-12,M2_gbm_poisson,3.674923,0,0.000000,C,True,Forecast
35809A,ENAMEL PINK TEA CONTAINER,2011-11,2011-12,M2_gbm_poisson,2.054573,0,0.000000,B,True,Forecast
35810A,ENAMEL PINK COFFEE CONTAINER,2011-11,2011-12,M2_gbm_poisson,21.740469,0,20.666667,B,True,Forecast
35810B,ENAMEL BLUE RIM COFFEE CONTAINER,2011-11,2011-12,M2_gbm_poisson,10.448826,5,2.333333,C,True,Forecast
35815P,"ACRYLIC JEWEL SNOWFLAKE, PINK",2011-11,2011-12,M2_gbm_poisson,10.139416,0,37.666667,C,True,Forecast
35816P,"ACRYLIC JEWEL ANGEL,PINK",2011-11,2011-12,M2_gbm_poisson,3.651632,0,0.000000,C,True,Forecast
35817P,"ACRYLIC JEWEL SNOWFLAKE,PINK",2011-11,2011-12,M2_gbm_poisson,3.290077,0,0.000000,C,True,Forecast
35818B,"ACRYLIC JEWEL ICICLE, BLUE",2011-11,2011-12,M2_gbm_poisson,9.879370,1,2.333333,C,True,Forecast
35818P,"ACRYLIC JEWEL ICICLE, PINK",2011-11,2011-12,M2_gbm_poisson,60.467568,125,74.000000,C,True,Forecast
35819B,"ACRYLIC HANGING JEWEL,BLUE",2011-11,2011-12,M2_gbm_poisson,64.768063,90,85.333333,C,True,Forecast
35819P,"ACRYLIC HANGING JEWEL,PINK",2011-11,2011-12,M2_gbm_poisson,33.202905,14,31.666667,C,True,Forecast
35833P,4 PINK FLOCK CHRISTMAS BALLS,2011-11,2011-12,M2_gbm_poisson,21.041408,19,7.333333,C,True,Forecast
35909B,PINK FLOWERS RABBIT EASTER,2011-11,2011-12,M2_gbm_poisson,2.043711,0,0.000000,C,True,Forecast
35910B,PINK FLOWERS RABBIT EASTER,2011-11,2011-12,M2_gbm_poisson,8.082185,1,0.333333,C,True,Forecast
35911A,MULTICOLOUR RABBIT EGG WARMER,2011-11,2011-12,M2_gbm_poisson,19.204686,2,25.000000,C,True,Forecast
35912B,WHITE/PINK CHICK DECORATION,2011-11,2011-12,M2_gbm_poisson,20.729290,0,24.333333,C,True,Forecast
35913B,WHITE/PINK CHICK EASTER DECORATION,2011-11,2011-12,M2_gbm_poisson,6.291814,1,0.333333,C,True,Forecast
35914,PINK CHICK EGG WARMER + EGG CUP,2011-11,2011-12,M2_gbm_poisson,6.119784,0,2.666667,C,True,Forecast
35915B,BLUE KNITTED HEN,2011-11,2011-12,M2_gbm_poisson,3.487149,0,0.333333,C,True,Forecast
35916A,YELLOW FELT HANGING HEART W FLOWER,2011-11,2011-12,M2_gbm_poisson,4.520976,0,0.333333,C,True,Forecast
35916B,BLUE FELT HANGING HEART WITH FLOWER,2011-11,2011-12,M2_gbm_poisson,4.539390,0,0.666667,C,True,Forecast
35916C,PINK FELT HANGING HEART W FLOWER,2011-11,2011-12,M2_gbm_poisson,4.514864,0,0.333333,C,True,Forecast
35923,CANDY HEART HANGING DECORATION,2011-11,2011-12,M2_gbm_poisson,71.655763,130,188.666667,C,True,Forecast
35924,HANGING FAIRY CAKE DECORATION,2011-11,2011-12,M2_gbm_poisson,33.201916,13,33.000000,A,True,Forecast
35933,PINK STOCKING CHRISTMAS DECORATION,2011-11,2011-12,M2_gbm_poisson,30.531672,9,54.000000,C,True,Forecast
35953,FOLKART STAR CHRISTMAS DECORATIONS,2011-11,2011-12,M2_gbm_poisson,808.418267,1935,1030.666667,C,True,Forecast
35954,SMALL FOLKART STAR CHRISTMAS DEC,2011-11,2011-12,M2_gbm_poisson,85.465847,250,345.666667,C,True,Forecast
35961,FOLKART ZINC HEART CHRISTMAS DEC,2011-11,2011-12,M2_gbm_poisson,131.335087,250,207.333333,A,True,Forecast
35964,FOLKART CLIP ON STARS,2011-11,2011-12,M2_gbm_poisson,110.072965,269,223.333333,C,True,Forecast
35965,FOLKART HEART NAPKIN RINGS,2011-11,2011-12,M2_gbm_poisson,19.710151,12,10.000000,B,True,Forecast
35966,FOLKART CHRISTMAS TREE T-LIGHT HOLD,2011-11,2011-12,M2_gbm_poisson,3.651632,0,0.000000,C,True,Forecast
35967,FOLK ART METAL STAR T-LIGHT HOLDER,2011-11,2011-12,M2_gbm_poisson,69.674895,117,101.333333,C,True,Forecast
35968,FOLK ART METAL HEART T-LIGHT HOLDER,2011-11,2011-12,M2_gbm_poisson,33.392738,13,24.000000,C,True,Forecast
35970,ZINC FOLKART SLEIGH BELLS,2011-11,2011-12,M2_gbm_poisson,795.601348,1812,1392.000000,A,True,Forecast
35971,ROSE FOLKART HEART DECORATIONS,2011-11,2011-12,M2_gbm_poisson,67.672155,116,54.000000,B,True,Forecast
35972,DAISY FOLKART HEART DECORATION,2011-11,2011-12,M2_gbm_poisson,17.310908,4,9.000000,C,True,Forecast
37327,ASSTD MULTICOLOUR CIRCLES MUG,2011-11,2011-12,M2_gbm_poisson,30.590085,16,57.333333,C,True,Forecast
37340,MULTICOLOUR SPRING FLOWER MUG,2011-11,2011-12,M2_gbm_poisson,142.089348,294,227.333333,B,True,Forecast
37342,POLKADOT COFFEE CUP & SAUCER PINK,2011-11,2011-12,M2_gbm_poisson,5.033337,0,0.333333,B,True,Forecast
37370,RETRO COFFEE MUGS ASSORTED,2011-11,2011-12,M2_gbm_poisson,13.818186,7,4.000000,A,True,Forecast
37413,ICON MUG REVOLUTIONARY,2011-11,2011-12,M2_gbm_poisson,62.594528,97,61.333333,C,True,Forecast
37444A,YELLOW BREAKFAST CUP AND SAUCER,2011-11,2011-12,M2_gbm_poisson,2.201200,0,0.000000,C,True,Forecast
37446,MINI CAKE STAND WITH HANGING CAKES,2011-11,2011-12,M2_gbm_poisson,57.398969,62,64.333333,A,True,Forecast
37447,CERAMIC CAKE DESIGN SPOTTED PLATE,2011-11,2011-12,M2_gbm_poisson,53.834731,56,47.666667,A,True,Forecast
37448,CERAMIC CAKE DESIGN SPOTTED MUG,2011-11,2011-12,M2_gbm_poisson,72.269323,141,85.666667,A,True,Forecast
37449,CERAMIC CAKE STAND + HANGING CAKES,2011-11,2011-12,M2_gbm_poisson,47.856771,41,40.333333,A,True,Forecast
37450,CERAMIC CAKE BOWL + HANGING CAKES,2011-11,2011-12,M2_gbm_poisson,51.787509,54,46.666667,A,True,Forecast
37462E,"PET MUG, GOLDFISH",2011-11,2011-12,M2_gbm_poisson,20.801864,13,4.666667,C,True,Forecast
37467,PIG MUG IN TWO COLOUR DESIGNS,2011-11,2011-12,M2_gbm_poisson,16.360901,0,13.333333,C,True,Forecast
37468,HARDMAN MUG 3 ASSORTED,2011-11,2011-12,M2_gbm_poisson,10.318282,0,13.000000,C,True,Forecast
37471,MULTICOLOUR DOTS PLATE,2011-11,2011-12,M2_gbm_poisson,9.252229,0,5.333333,C,True,Forecast
37475,SET/4 COLOURFUL MIXING BOWLS,2011-11,2011-12,M2_gbm_poisson,19.856096,16,6.000000,C,True,Forecast
37476,CONDIMENT TRAY 4 BOWLS AND 4 SPOONS,2011-11,2011-12,M2_gbm_poisson,2.924601,0,0.666667,B,True,Forecast
37479B,CUBIC MUG FLOCK BLUE ON BROWN,2011-11,2011-12,M2_gbm_poisson,2.062682,0,0.000000,B,True,Forecast
37479P,CUBIC MUG FLOCK PINK ON BROWN,2011-11,2011-12,M2_gbm_poisson,34.678655,22,24.000000,C,True,Forecast
37489A,YELLOW/PINK FLOWER DESIGN BIG MUG,2011-11,2011-12,M2_gbm_poisson,23.602158,4,5.666667,C,True,Forecast
37489B,BLUE/YELLOW FLOWER DESIGN BIG MUG,2011-11,2011-12,M2_gbm_poisson,14.676557,4,4.666667,C,True,Forecast
37489C,GREEN/BLUE FLOWER DESIGN BIG MUG,2011-11,2011-12,M2_gbm_poisson,5.081896,0,2.666667,C,True,Forecast
37489D,PINK/GREEN FLOWER DESIGN BIG MUG,2011-11,2011-12,M2_gbm_poisson,19.849229,7,7.666667,C,True,Forecast
37491A,YELLOW/PINK CERAMIC CANDLE HOLDER,2011-11,2011-12,M2_gbm_poisson,3.379995,0,1.000000,C,True,Forecast
37491B,BLUE/YELLOW CERAMIC CANDLE HOLDER,2011-11,2011-12,M2_gbm_poisson,2.154878,0,0.000000,C,True,Forecast
37491C,GREEN/BLUE CERAMIC CANDLE HOLDER,2011-11,2011-12,M2_gbm_poisson,2.114785,0,0.000000,C,True,Forecast
37491D,PURPLE/BLUE CERAMIC CANDLE HOLDER,2011-11,2011-12,M2_gbm_poisson,2.154878,0,0.000000,C,True,Forecast
37495,FAIRY CAKE BIRTHDAY CANDLE SET,2011-11,2011-12,M2_gbm_poisson,47.085566,44,48.000000,A,True,Forecast
37500,TEA TIME TEAPOT IN GIFT BOX,2011-11,2011-12,M2_gbm_poisson,56.900136,81,58.000000,A,True,Forecast
37501,TEA TIME TEA SET IN GIFT BOX,2011-11,2011-12,M2_gbm_poisson,2.744164,0,0.000000,A,True,Forecast
40001,WHITE BAMBOO RIBS LAMPSHADE,2011-11,2011-12,M2_gbm_poisson,41.628419,15,95.666667,B,True,Forecast
40003,WHITE BAMBOO RIBS LAMPSHADE,2011-11,2011-12,M2_gbm_poisson,2.074774,0,0.000000,B,True,Forecast
40005B,BLUE ORGANDY ROUND LAMPSHADE W BEA,2011-11,2011-12,M2_gbm_poisson,14.254123,9,3.666667,C,True,Forecast
40016,CHINESE DRAGON PAPER LANTERNS,2011-11,2011-12,M2_gbm_poisson,23.476413,0,312.666667,A,True,Forecast
40046A,RED DAISY PAPER LAMPSHADE,2011-11,2011-12,M2_gbm_poisson,8.742976,0,6.000000,C,True,Forecast
44089A,PINK GAUZE BUTTERFLY LAMPSHADE,2011-11,2011-12,M2_gbm_poisson,13.000098,8,3.333333,C,True,Forecast
44089C,LILAC GAUZE BUTTERFLY LAMPSHADE,2011-11,2011-12,M2_gbm_poisson,4.042530,0,1.333333,C,True,Forecast
44091A,BLUE CRUSOE CHECK LAMPSHADE,2011-11,2011-12,M2_gbm_poisson,2.201200,0,0.000000,C,True,Forecast
44092B,BLUE WHITE PLASTIC RINGS LAMPSHADE,2011-11,2011-12,M2_gbm_poisson,3.352612,0,1.000000,C,True,Forecast
44092C,PURPLE/COPPER HANGING LAMPSHADE,2011-11,2011-12,M2_gbm_poisson,6.354212,0,2.666667,C,True,Forecast
44228,CANNABIS LEAF BEAD CURTAIN,2011-11,2011-12,M2_gbm_poisson,3.277143,0,0.000000,C,True,Forecast
44234,ASSORTED CIRCULAR MOBILE,2011-11,2011-12,M2_gbm_poisson,43.620498,37,18.666667,C,True,Forecast
44235,ASS COL CIRCLE MOBILE,2011-11,2011-12,M2_gbm_poisson,17.546268,8,4.333333,C,True,Forecast
44236,PINK/PURPLE CIRCLE CURTAIN,2011-11,2011-12,M2_gbm_poisson,3.637277,0,0.000000,C,True,Forecast
44242A,LILAC FEATHERS CURTAIN,2011-11,2011-12,M2_gbm_poisson,2.074774,0,0.000000,C,True,Forecast
44242B,PINK FEATHERS CURTAIN,2011-11,2011-12,M2_gbm_poisson,11.647717,0,10.666667,C,True,Forecast
45013,FOLDING SHOE TIDY,2011-11,2011-12,M2_gbm_poisson,3.187013,0,0.333333,C,True,Forecast
46000M,POLYESTER FILLER PAD 45x45cm,2011-11,2011-12,M2_gbm_poisson,97.616988,139,154.666667,B,True,Forecast
46000P,POLYESTER FILLER PAD 65CMx65CM,2011-11,2011-12,M2_gbm_poisson,10.531318,0,3.333333,C,True,Forecast
46000R,POLYESTER FILLER PAD 45x30cm,2011-11,2011-12,M2_gbm_poisson,32.976450,18,15.000000,C,True,Forecast
46000S,POLYESTER FILLER PAD 40x40cm,2011-11,2011-12,M2_gbm_poisson,116.996913,220,230.666667,A,True,Forecast
46000U,POLYESTER FILLER PAD 30CMx30CM,2011-11,2011-12,M2_gbm_poisson,14.958647,0,14.333333,C,True,Forecast
46118,FUNKY MONKEY CUSHION COVER,2011-11,2011-12,M2_gbm_poisson,47.286661,35,39.666667,C,True,Forecast
46138B,BLUE CHENILLE SHAGGY CUSHION COVER,2011-11,2011-12,M2_gbm_poisson,6.871189,2,1.333333,C,True,Forecast
46775D,SUNSET COLOUR CHUNKY KNITTED THROW,2011-11,2011-12,M2_gbm_poisson,9.937305,4,6.666667,B,True,Forecast
46776A,WOVEN BUBBLE GUM CUSHION COVER,2011-11,2011-12,M2_gbm_poisson,38.927702,37,31.333333,C,True,Forecast
46776B,WOVEN BERRIES CUSHION COVER,2011-11,2011-12,M2_gbm_poisson,38.927702,34,31.000000,C,True,Forecast
46776C,WOVEN FROST CUSHION COVER,2011-11,2011-12,M2_gbm_poisson,37.039052,27,20.666667,C,True,Forecast
46776D,WOVEN SUNSET CUSHION COVER,2011-11,2011-12,M2_gbm_poisson,27.783175,18,14.000000,C,True,Forecast
46776E,WOVEN CANDY CUSHION COVER,2011-11,2011-12,M2_gbm_poisson,20.237295,14,13.333333,C,True,Forecast
46776F,WOVEN ROSE GARDEN CUSHION COVER,2011-11,2011-12,M2_gbm_poisson,47.025710,38,43.000000,B,True,Forecast
47013C,WINE BOTTLE DRESSING DARK BLUE,2011-11,2011-12,M2_gbm_poisson,2.048169,0,0.000000,C,True,Forecast
47016,LIGHT DECORATION BATTERY OPERATED,2011-11,2011-12,M2_gbm_poisson,8.616724,2,0.666667,C,True,Forecast
47021G,SET/6 BEAD COASTERS GAUZE BAG GOLD,2011-11,2011-12,M2_gbm_poisson,2.062682,0,0.000000,C,True,Forecast
47310M,SMALL POP BOX FUNKY MONKEY,2011-11,2011-12,M2_gbm_poisson,59.353706,61,46.666667,C,True,Forecast
47341A,FUSCHIA TABLE RUN FLOWER,2011-11,2011-12,M2_gbm_poisson,2.074774,0,0.000000,C,True,Forecast
47341B,BLUE TABLE RUN FLOWER,2011-11,2011-12,M2_gbm_poisson,14.091061,6,5.000000,C,True,Forecast
47343A,FUSCHIA FLOWER PURSE WITH BEADS,2011-11,2011-12,M2_gbm_poisson,3.637277,0,0.000000,C,True,Forecast
47344B,BLUE FLOWER DES PURSE,2011-11,2011-12,M2_gbm_poisson,2.074774,0,0.000000,C,True,Forecast
47348A,FUSCHIA VOILE POINTY SHOE DEC,2011-11,2011-12,M2_gbm_poisson,5.796324,0,3.000000,C,True,Forecast
47351B,BLUE  VOILE LAMPSHADE,2011-11,2011-12,M2_gbm_poisson,8.998995,4,2.666667,C,True,Forecast
47367B,PAIR PADDED HANGERS PINK CHECK,2011-11,2011-12,M2_gbm_poisson,5.033658,0,2.000000,C,True,Forecast
47369A,PINK GREEN EMBROIDERY COSMETIC BAG,2011-11,2011-12,M2_gbm_poisson,5.936558,3,1.666667,C,True,Forecast
47369B,BLUE GREEN EMBROIDERY COSMETIC BAG,2011-11,2011-12,M2_gbm_poisson,10.004700,5,2.666667,C,True,Forecast
47420,ASSORTED COLOUR SUCTION CUP HOOK,2011-11,2011-12,M2_gbm_poisson,20.108063,4,15.000000,C,True,Forecast
47421,ASSORTED COLOUR LIZARD SUCTION HOOK,2011-11,2011-12,M2_gbm_poisson,67.901036,190,138.666667,C,True,Forecast
47422,ASSORTED MONKEY SUCTION CUP HOOK,2011-11,2011-12,M2_gbm_poisson,56.431138,48,72.666667,C,True,Forecast
47469,ASSORTED SHAPES PHOTO CLIP SILVER,2011-11,2011-12,M2_gbm_poisson,51.657102,142,47.666667,C,True,Forecast
47471,RAINBOW PEGS PHOTO CLIP STRING,2011-11,2011-12,M2_gbm_poisson,35.121234,33,14.666667,C,True,Forecast
47480,HANGING PHOTO CLIP ROPE LADDER,2011-11,2011-12,M2_gbm_poisson,42.844407,37,29.333333,B,True,Forecast
47481,50CM METAL STRING WITH  7 CLIPS,2011-11,2011-12,M2_gbm_poisson,16.073624,8,4.666667,C,True,Forecast
47503A,ASS FLORAL PRINT MULTI SCREWDRIVER,2011-11,2011-12,M2_gbm_poisson,208.272425,391,426.000000,C,True,Forecast
47503H,ASS FLORAL PRINT SPIRIT LEVEL,2011-11,2011-12,M2_gbm_poisson,44.192196,23,25.000000,C,True,Forecast
47504H,ENGLISH ROSE SPIRIT LEVEL,2011-11,2011-12,M2_gbm_poisson,71.975463,126,92.000000,C,True,Forecast
47504K,ENGLISH ROSE GARDEN SECATEURS,2011-11,2011-12,M2_gbm_poisson,176.772239,24,222.666667,B,True,Forecast
47518F,ICON PLACEMAT POP ART ELVIS,2011-11,2011-12,M2_gbm_poisson,88.315467,77,82.666667,C,True,Forecast
47559B,TEA TIME OVEN GLOVE,2011-11,2011-12,M2_gbm_poisson,172.484340,331,195.666667,A,True,Forecast
47563A,RETRO LONGBOARD IRONING BOARD COVER,2011-11,2011-12,M2_gbm_poisson,47.744055,29,32.333333,C,True,Forecast
47566,PARTY BUNTING,2011-11,2011-12,M2_gbm_poisson,698.635317,916,889.666667,A,True,Forecast
47566B,TEA TIME PARTY BUNTING,2011-11,2011-12,M2_gbm_poisson,42.257877,21,42.000000,A,True,Forecast
47567B,TEA TIME KITCHEN APRON,2011-11,2011-12,M2_gbm_poisson,51.631557,52,62.000000,A,True,Forecast
47574A,ENGLISH ROSE SCENTED HANGING FLOWER,2011-11,2011-12,M2_gbm_poisson,18.271634,0,28.000000,C,True,Forecast
47578A,ENGLISH ROSE SMALL SCENTED FLOWER,2011-11,2011-12,M2_gbm_poisson,47.652591,56,40.000000,C,True,Forecast
47580,TEA TIME DES TEA COSY,2011-11,2011-12,M2_gbm_poisson,24.172920,11,19.000000,A,True,Forecast
47585A,PINK FAIRY CAKE CUSHION COVER,2011-11,2011-12,M2_gbm_poisson,16.159747,9,8.666667,B,True,Forecast
47586A,PINK FAIRY CAKE CUSHION COVER,2011-11,2011-12,M2_gbm_poisson,10.885825,6,2.666667,C,True,Forecast
47590A,BLUE HAPPY BIRTHDAY BUNTING,2011-11,2011-12,M2_gbm_poisson,96.200356,125,157.000000,A,True,Forecast
47590B,PINK HAPPY BIRTHDAY BUNTING,2011-11,2011-12,M2_gbm_poisson,117.597466,126,168.666667,A,True,Forecast
47591D,PINK FAIRY CAKE CHILDRENS APRON,2011-11,2011-12,M2_gbm_poisson,305.781473,703,411.333333,A,True,Forecast
47593B,SCOTTIE DOGS BABY BIB,2011-11,2011-12,M2_gbm_poisson,154.577601,225,120.666667,C,True,Forecast
47594A,CAROUSEL DESIGN WASHBAG,2011-11,2011-12,M2_gbm_poisson,12.481497,6,7.333333,C,True,Forecast
47594B,SCOTTIES DESIGN WASHBAG,2011-11,2011-12,M2_gbm_poisson,10.566395,1,4.666667,C,True,Forecast
47599A,PINK PARTY BAGS,2011-11,2011-12,M2_gbm_poisson,59.258107,26,99.000000,A,True,Forecast
47599B,BLUE PARTY BAGS,2011-11,2011-12,M2_gbm_poisson,68.264819,186,99.666667,A,True,Forecast
48111,DOORMAT 3 SMILEY CATS,2011-11,2011-12,M2_gbm_poisson,142.790121,66,214.333333,A,True,Forecast
48116,DOORMAT MULTICOLOUR STRIPE,2011-11,2011-12,M2_gbm_poisson,44.791253,22,166.333333,A,True,Forecast
48129,DOORMAT TOPIARY,2011-11,2011-12,M2_gbm_poisson,51.082032,44,145.666667,A,True,Forecast
48138,DOORMAT UNION FLAG,2011-11,2011-12,M2_gbm_poisson,184.010953,203,385.333333,A,True,Forecast
48173C,DOORMAT BLACK FLOCK,2011-11,2011-12,M2_gbm_poisson,93.421593,111,107.333333,A,True,Forecast
48184,DOORMAT ENGLISH ROSE,2011-11,2011-12,M2_gbm_poisson,124.003252,149,267.000000,A,True,Forecast
48185,DOORMAT FAIRY CAKE,2011-11,2011-12,M2_gbm_poisson,102.633462,139,280.333333,A,True,Forecast
48187,DOORMAT NEW ENGLAND,2011-11,2011-12,M2_gbm_poisson,213.534343,243,380.333333,A,True,Forecast
48188,DOORMAT WELCOME PUPPIES,2011-11,2011-12,M2_gbm_poisson,70.869156,40,113.666667,A,True,Forecast
48194,DOORMAT HEARTS,2011-11,2011-12,M2_gbm_poisson,190.747239,206,335.333333,A,True,Forecast
51008,AFGHAN SLIPPER SOCK PAIR,2011-11,2011-12,M2_gbm_poisson,17.363631,6,10.666667,A,True,Forecast
51014A,"FEATHER PEN,HOT PINK",2011-11,2011-12,M2_gbm_poisson,364.461129,963,745.000000,B,True,Forecast
51014C,"FEATHER PEN,COAL BLACK",2011-11,2011-12,M2_gbm_poisson,324.054486,826,511.000000,B,True,Forecast
51014L,"FEATHER PEN,LIGHT PINK",2011-11,2011-12,M2_gbm_poisson,139.422367,430,328.000000,B,True,Forecast
62018,SOMBRERO,2011-11,2011-12,M2_gbm_poisson,69.358449,28,147.000000,A,True,Forecast
62074B,ELEPHANT CLIP W SUCTION CUP,2011-11,2011-12,M2_gbm_poisson,2.201200,0,0.000000,C,True,Forecast
62086A,PINK RETRO BIG FLOWER BAG,2011-11,2011-12,M2_gbm_poisson,2.059384,0,0.000000,C,True,Forecast
70006,LOVE HEART POCKET WARMER,2011-11,2011-12,M2_gbm_poisson,58.036606,68,57.666667,A,True,Forecast
70007,HI TEC ALPINE HAND WARMER,2011-11,2011-12,M2_gbm_poisson,68.542854,118,91.666667,B,True,Forecast
71038,WHITE HANGING BEADS CANDLE HOLDER,2011-11,2011-12,M2_gbm_poisson,27.991009,22,25.000000,B,True,Forecast
71050,SMALL SINGLE FLAME CANDLE HOLDER,2011-11,2011-12,M2_gbm_poisson,24.296336,18,7.000000,C,True,Forecast
71053,WHITE METAL LANTERN,2011-11,2011-12,M2_gbm_poisson,101.692495,144,142.666667,A,True,Forecast
71101E,STANDING FAIRY POLE SUPPORT,2011-11,2011-12,M2_gbm_poisson,36.029042,30,26.666667,C,True,Forecast
71143,SILVER BOOK MARK WITH BEADS,2011-11,2011-12,M2_gbm_poisson,2.054573,0,0.000000,C,True,Forecast
71270,PHOTO CLIP LINE,2011-11,2011-12,M2_gbm_poisson,36.462636,19,22.666667,C,True,Forecast
71279,PINK GLASS CANDLEHOLDER,2011-11,2011-12,M2_gbm_poisson,26.933492,18,15.666667,C,True,Forecast
71403,"PINK/WHITE ""KEEP CLEAN"" BULLET BIN",2011-11,2011-12,M2_gbm_poisson,25.411296,17,12.666667,C,True,Forecast
71406C,BLACK ORANGE SQUEEZER,2011-11,2011-12,M2_gbm_poisson,37.380433,26,20.333333,C,True,Forecast
71459,HANGING JAM JAR T-LIGHT HOLDER,2011-11,2011-12,M2_gbm_poisson,482.334837,892,921.666667,A,True,Forecast
71477,COLOUR GLASS. STAR T-LIGHT HOLDER,2011-11,2011-12,M2_gbm_poisson,475.580021,1042,840.666667,A,True,Forecast
71495A,CD WALL TIDY BLUE OFFICE,2011-11,2011-12,M2_gbm_poisson,39.522290,48,16.333333,C,True,Forecast
71495B,CD WALL TIDY RED FLOWERS,2011-11,2011-12,M2_gbm_poisson,51.630528,48,32.333333,C,True,Forecast
71496A,A4 WALL TIDY BLUE OFFICE,2011-11,2011-12,M2_gbm_poisson,7.397645,1,2.000000,C,True,Forecast
71496B,A4 WALL TIDY RED FLOWERS,2011-11,2011-12,M2_gbm_poisson,8.138894,1,3.000000,C,True,Forecast
71510,SQUARE METAL CANDLEHOLDER BASE,2011-11,2011-12,M2_gbm_poisson,16.005216,7,4.333333,C,True,Forecast
72024U,LILAC VOTIVE CANDLE,2011-11,2011-12,M2_gbm_poisson,2.048169,0,0.000000,C,True,Forecast
72122,COFFEE SCENT PILLAR CANDLE,2011-11,2011-12,M2_gbm_poisson,48.220601,61,28.333333,C,True,Forecast
72127,COLUMBIAN CANDLE ROUND,2011-11,2011-12,M2_gbm_poisson,34.426780,26,16.000000,C,True,Forecast
72128,COLUMBIAN CANDLE ROUND,2011-11,2011-12,M2_gbm_poisson,37.729931,19,20.333333,C,True,Forecast
72130,COLUMBIAN CANDLE ROUND,2011-11,2011-12,M2_gbm_poisson,33.487753,30,13.000000,C,True,Forecast
72131,COLUMBIAN CANDLE RECTANGLE,2011-11,2011-12,M2_gbm_poisson,27.295671,7,36.666667,C,True,Forecast
72132,COLUMBIAN CUBE CANDLE,2011-11,2011-12,M2_gbm_poisson,12.523692,8,3.000000,C,True,Forecast
72133,COLUMBIAN CANDLE RECTANGLE,2011-11,2011-12,M2_gbm_poisson,14.091061,6,5.666667,C,True,Forecast
72134,COLUMBIAN  CUBE CANDLE,2011-11,2011-12,M2_gbm_poisson,13.678478,0,13.333333,C,True,Forecast
72140E,BEST DAD CANDLE LETTERS,2011-11,2011-12,M2_gbm_poisson,6.641157,0,2.333333,C,True,Forecast
72225C,LAVENDER SCENT CAKE CANDLE,2011-11,2011-12,M2_gbm_poisson,66.135687,96,104.000000,C,True,Forecast
72232,FENG SHUI PILLAR CANDLE,2011-11,2011-12,M2_gbm_poisson,116.120609,328,292.000000,B,True,Forecast
72349B,SET/6 PURPLE BUTTERFLY T-LIGHTS,2011-11,2011-12,M2_gbm_poisson,74.395748,117,79.666667,A,True,Forecast
72351A,SET/6 TURQUOISE BUTTERFLY T-LIGHTS,2011-11,2011-12,M2_gbm_poisson,51.561271,40,56.666667,A,True,Forecast
72351B,SET/6 PINK  BUTTERFLY T-LIGHTS,2011-11,2011-12,M2_gbm_poisson,84.109382,74,124.333333,A,True,Forecast
72369A,PINK CLEAR GLASS CANDLE PLATE,2011-11,2011-12,M2_gbm_poisson,15.034328,4,7.333333,C,True,Forecast
72586,SET OF 6 HALLOWEEN GHOST T-LIGHTS,2011-11,2011-12,M2_gbm_poisson,37.192839,3,184.333333,C,True,Forecast
72598,SET/12 TAPER CANDLES,2011-11,2011-12,M2_gbm_poisson,74.574354,245,133.333333,C,True,Forecast
72709,IVORY SCULPTED RND CANDLE,2011-11,2011-12,M2_gbm_poisson,5.695952,4,1.333333,C,True,Forecast
72741,GRAND CHOCOLATECANDLE,2011-11,2011-12,M2_gbm_poisson,349.634555,899,718.333333,A,True,Forecast
72760B,VINTAGE CREAM 3 BASKET CAKE STAND,2011-11,2011-12,M2_gbm_poisson,37.556181,29,26.000000,A,True,Forecast
72780,BLACK SILOUETTE CANDLE PLATE,2011-11,2011-12,M2_gbm_poisson,27.189873,13,18.333333,C,True,Forecast
72783,BLACK SIL'T SQU CANDLE PLATE,2011-11,2011-12,M2_gbm_poisson,16.837270,12,4.000000,C,True,Forecast
72799C,PINK PILLAR CANDLE SILVER FLOCK,2011-11,2011-12,M2_gbm_poisson,20.779993,15,5.666667,C,True,Forecast
72799E,IVORY PILLAR CANDLE SILVER FLOCK,2011-11,2011-12,M2_gbm_poisson,50.651432,49,38.333333,B,True,Forecast
72799F,IVORY PILLAR CANDLE GOLD FLOCK,2011-11,2011-12,M2_gbm_poisson,29.567617,16,18.000000,B,True,Forecast
72800B,4 PURPLE FLOCK DINNER CANDLES,2011-11,2011-12,M2_gbm_poisson,46.083908,46,19.333333,B,True,Forecast
72800C,4 PINK DINNER CANDLE SILVER FLOCK,2011-11,2011-12,M2_gbm_poisson,34.624782,29,13.333333,C,True,Forecast
72800D,4 BLUE DINNER CANDLES SILVER FLOCK,2011-11,2011-12,M2_gbm_poisson,15.307313,9,7.666667,B,True,Forecast
72800E,4 IVORY DINNER CANDLES SILVER FLOCK,2011-11,2011-12,M2_gbm_poisson,63.525090,75,53.000000,B,True,Forecast
72801C,4 ROSE PINK DINNER CANDLES,2011-11,2011-12,M2_gbm_poisson,14.252565,4,8.666667,C,True,Forecast
72801D,4 SKY BLUE DINNER CANDLES,2011-11,2011-12,M2_gbm_poisson,15.078830,3,12.000000,C,True,Forecast
72801G,4 BURGUNDY WINE DINNER CANDLES,2011-11,2011-12,M2_gbm_poisson,15.817207,7,3.333333,C,True,Forecast
72802A,ROSE SCENT CANDLE IN JEWELLED BOX,2011-11,2011-12,M2_gbm_poisson,36.529754,36,23.666667,A,True,Forecast
72802B,OCEAN SCENT CANDLE IN JEWELLED BOX,2011-11,2011-12,M2_gbm_poisson,63.426502,165,248.000000,B,True,Forecast
72802C,VANILLA SCENT CANDLE JEWELLED BOX,2011-11,2011-12,M2_gbm_poisson,85.652330,193,343.000000,A,True,Forecast
72803A,ROSE SCENT CANDLE JEWELLED DRAWER,2011-11,2011-12,M2_gbm_poisson,22.467854,6,142.000000,B,True,Forecast
72807A,SET/3 ROSE CANDLE IN JEWELLED BOX,2011-11,2011-12,M2_gbm_poisson,55.193123,93,40.666667,A,True,Forecast
72807B,SET/3 OCEAN SCENT CANDLE JEWEL BOX,2011-11,2011-12,M2_gbm_poisson,52.779904,91,42.666667,A,True,Forecast
72807C,SET/3 VANILLA SCENTED CANDLE IN BOX,2011-11,2011-12,M2_gbm_poisson,84.501681,226,111.666667,A,True,Forecast
72811,SMALL ZINC/GLASS CANDLEHOLDER,2011-11,2011-12,M2_gbm_poisson,20.033805,18,6.000000,C,True,Forecast
72812,LARGE ZINC GLASS CANDLEHOLDER,2011-11,2011-12,M2_gbm_poisson,8.502075,3,2.666667,C,True,Forecast
72816,SET/3 CHRISTMAS DECOUPAGE CANDLES,2011-11,2011-12,M2_gbm_poisson,21.345277,0,242.333333,B,True,Forecast
72817,SET OF 2 CHRISTMAS DECOUPAGE CANDLE,2011-11,2011-12,M2_gbm_poisson,179.106504,394,356.000000,C,True,Forecast
72818,CHRISTMAS DECOUPAGE CANDLE,2011-11,2011-12,M2_gbm_poisson,31.870158,0,579.000000,C,True,Forecast
72819,CUPID DESIGN SCENTED CANDLES,2011-11,2011-12,M2_gbm_poisson,19.788930,9,16.000000,B,True,Forecast
75011,BLUE DAISY MOBILE,2011-11,2011-12,M2_gbm_poisson,18.503232,1,13.333333,C,True,Forecast
75049L,LARGE CIRCULAR MIRROR MOBILE,2011-11,2011-12,M2_gbm_poisson,349.774635,875,461.000000,A,True,Forecast
75172,PAINTED SEA SHELL METAL WINDCHIME,2011-11,2011-12,M2_gbm_poisson,2.054573,0,0.000000,C,True,Forecast
75178,ASSTD COL BUTTERFLY/CRYSTAL W/CHIME,2011-11,2011-12,M2_gbm_poisson,7.136115,0,3.333333,C,True,Forecast
77079,DOLPHIN WINDMILL,2011-11,2011-12,M2_gbm_poisson,2.823042,0,0.000000,C,True,Forecast
78033,FLAG OF ST GEORGE CHAIR,2011-11,2011-12,M2_gbm_poisson,5.970905,0,3.000000,C,True,Forecast
78034B,BLUE NETTING STORAGE HANGER,2011-11,2011-12,M2_gbm_poisson,4.010552,0,0.333333,C,True,Forecast
78124,MAGAZINE RACK GEBRA ASSORTED,2011-11,2011-12,M2_gbm_poisson,39.605830,30,28.333333,C,True,Forecast
79000,MOROCCAN TEA GLASS,2011-11,2011-12,M2_gbm_poisson,13.032325,0,4.000000,A,True,Forecast
79030D,TUMBLER BAROQUE,2011-11,2011-12,M2_gbm_poisson,21.049218,12,10.000000,C,True,Forecast
79030G,"TUMBLER, NEW ENGLAND",2011-11,2011-12,M2_gbm_poisson,2.251138,0,0.000000,B,True,Forecast
79051A,SMOKEY GREY COLOUR D.O.F. GLASS,2011-11,2011-12,M2_gbm_poisson,63.447811,116,60.666667,C,True,Forecast
79062D,"RETRO TIN ASHTRAY,REVOLUTIONARY",2011-11,2011-12,M2_gbm_poisson,3.958048,0,0.000000,C,True,Forecast
79063C,"RETRO PILL BOX KEY CHAIN,THE KING",2011-11,2011-12,M2_gbm_poisson,22.402504,2,12.333333,C,True,Forecast
79063D,"RETRO PILL BOX , REVOLUTIONARY",2011-11,2011-12,M2_gbm_poisson,15.136260,3,4.666667,C,True,Forecast
79066K,RETRO MOD TRAY,2011-11,2011-12,M2_gbm_poisson,87.908863,226,121.666667,C,True,Forecast
79071B,ENGLISH ROSE METAL WASTE BIN,2011-11,2011-12,M2_gbm_poisson,2.043711,0,0.000000,C,True,Forecast
79144B,PAINTED LIGHTBULB STAR+ MOON,2011-11,2011-12,M2_gbm_poisson,35.392078,14,24.666667,C,True,Forecast
79144C,PAINTED LIGHTBULB RAINBOW DESIGN,2011-11,2011-12,M2_gbm_poisson,29.205354,5,23.000000,C,True,Forecast
79149B,SILICON STAR BULB  BLUE,2011-11,2011-12,M2_gbm_poisson,16.960691,12,4.666667,C,True,Forecast
79151B,"SILICON CUBE 25W, BLUE",2011-11,2011-12,M2_gbm_poisson,28.389967,10,3.333333,C,True,Forecast
79157B,UBO-LIGHT TRIOBASE BLUE,2011-11,2011-12,M2_gbm_poisson,4.212420,0,1.000000,C,True,Forecast
79157V,UBO-LIGHT TRIOBASE PURPLE,2011-11,2011-12,M2_gbm_poisson,9.425510,2,1.666667,C,True,Forecast
79160,HEART SHAPE WIRELESS DOORBELL,2011-11,2011-12,M2_gbm_poisson,29.836869,20,9.333333,B,True,Forecast
79161A,ST GEORGE SET OF 10 PARTY LIGHTS,2011-11,2011-12,M2_gbm_poisson,5.896630,2,0.666667,C,True,Forecast
79163,BLACK CHAMPAGNE GLASS,2011-11,2011-12,M2_gbm_poisson,8.943176,0,6.666667,B,True,Forecast
79164,BLACK WINE GLASS,2011-11,2011-12,M2_gbm_poisson,18.109312,18,8.000000,B,True,Forecast
79190A,RETRO PLASTIC 70'S TRAY,2011-11,2011-12,M2_gbm_poisson,53.721800,90,55.333333,C,True,Forecast
79190B,RETRO PLASTIC POLKA TRAY,2011-11,2011-12,M2_gbm_poisson,52.071141,84,46.000000,C,True,Forecast
79190D,RETRO PLASTIC DAISY TRAY,2011-11,2011-12,M2_gbm_poisson,35.485855,26,22.333333,C,True,Forecast
79191B,RETRO PLASTIC POLKA TRAY,2011-11,2011-12,M2_gbm_poisson,38.216925,23,18.333333,C,True,Forecast
79191C,RETRO PLASTIC ELEPHANT TRAY,2011-11,2011-12,M2_gbm_poisson,70.594191,198,111.000000,C,True,Forecast
79191D,RETRO PLASTIC DAISY TRAY,2011-11,2011-12,M2_gbm_poisson,11.750881,7,3.000000,C,True,Forecast
79302M,"ART LIGHTS,FUNK MONKEY",2011-11,2011-12,M2_gbm_poisson,57.899355,69,63.000000,B,True,Forecast
79321,CHILLI LIGHTS,2011-11,2011-12,M2_gbm_poisson,853.181509,2092,1198.333333,A,True,Forecast
79336,LIGHT PINK FLOCK GLASS CANDLEHOLDER,2011-11,2011-12,M2_gbm_poisson,4.745276,0,2.000000,C,True,Forecast
79337,BLUE FLOCK GLASS CANDLEHOLDER,2011-11,2011-12,M2_gbm_poisson,2.201200,0,0.000000,C,True,Forecast
79403,FROSTED WHITE BASE,2011-11,2011-12,M2_gbm_poisson,9.991031,0,4.000000,C,True,Forecast
79406,FROSTED WHITE BASE,2011-11,2011-12,M2_gbm_poisson,19.835510,24,8.000000,C,True,Forecast
81950B,FLOWER BLUE CLOCK W/SUCKER,2011-11,2011-12,M2_gbm_poisson,3.625939,0,0.000000,C,True,Forecast
81950V,FLOWER PURPLE CLOCK W/SUCKER,2011-11,2011-12,M2_gbm_poisson,2.078633,0,0.000000,C,True,Forecast
81952B,ROUND BLUE CLOCK W/SUCKER,2011-11,2011-12,M2_gbm_poisson,2.301699,0,0.000000,C,True,Forecast
81952V,ROUND PURPLE CLOCK WITH SUCKER,2011-11,2011-12,M2_gbm_poisson,68.218860,10,20.000000,C,True,Forecast
81953B,ROUND BLUE CLOCK WITH SUCKER,2011-11,2011-12,M2_gbm_poisson,2.068307,0,0.000000,C,True,Forecast
81953P,ROUND ARTICULATED PINK CLOCK W/SUCK,2011-11,2011-12,M2_gbm_poisson,2.048169,0,0.000000,C,True,Forecast
82001S,VINYL RECORD FRAME SILVER,2011-11,2011-12,M2_gbm_poisson,151.906171,326,188.000000,A,True,Forecast
82011A,"BATHROOM SCALES, TROPICAL BEACH",2011-11,2011-12,M2_gbm_poisson,4.442431,2,1.333333,C,True,Forecast
82011B,BATHROOM SCALES RUBBER DUCKS,2011-11,2011-12,M2_gbm_poisson,19.893568,12,8.666667,C,True,Forecast
82011C,BATHROOM SCALES FOOTPRINTS IN SAND,2011-11,2011-12,M2_gbm_poisson,21.305547,12,10.333333,C,True,Forecast
82095,HEART BUTTONS JEWELLERY BOX,2011-11,2011-12,M2_gbm_poisson,2.020614,0,0.000000,C,True,Forecast
82482,WOODEN PICTURE FRAME WHITE FINISH,2011-11,2011-12,M2_gbm_poisson,515.440825,1095,952.666667,A,True,Forecast
82483,WOOD 2 DRAWER CABINET WHITE FINISH,2011-11,2011-12,M2_gbm_poisson,187.925342,313,238.666667,A,True,Forecast
82484,WOOD BLACK BOARD ANT WHITE FINISH,2011-11,2011-12,M2_gbm_poisson,235.915693,366,391.333333,A,True,Forecast
82486,WOOD S/3 CABINET ANT WHITE FINISH,2011-11,2011-12,M2_gbm_poisson,146.271118,286,206.666667,A,True,Forecast
82494L,WOODEN FRAME ANTIQUE WHITE,2011-11,2011-12,M2_gbm_poisson,533.583610,1099,828.333333,A,True,Forecast
82551,LAUNDRY 15C METAL SIGN,2011-11,2011-12,M2_gbm_poisson,228.924560,486,321.666667,A,True,Forecast
82552,WASHROOM METAL SIGN,2011-11,2011-12,M2_gbm_poisson,209.508436,470,284.000000,A,True,Forecast
82567,"AIRLINE LOUNGE,METAL SIGN",2011-11,2011-12,M2_gbm_poisson,68.099276,89,66.333333,B,True,Forecast
82578,KITCHEN METAL SIGN,2011-11,2011-12,M2_gbm_poisson,96.687588,83,136.333333,B,True,Forecast
82580,BATHROOM METAL SIGN,2011-11,2011-12,M2_gbm_poisson,290.340590,406,491.666667,A,True,Forecast
82581,TOILET METAL SIGN,2011-11,2011-12,M2_gbm_poisson,183.257988,309,255.666667,A,True,Forecast
82582,AREA PATROLLED METAL SIGN,2011-11,2011-12,M2_gbm_poisson,277.137041,575,513.333333,A,True,Forecast
82583,HOT BATHS METAL SIGN,2011-11,2011-12,M2_gbm_poisson,515.695685,936,1149.666667,A,True,Forecast
82600,NO SINGING METAL SIGN,2011-11,2011-12,M2_gbm_poisson,382.676671,828,620.666667,A,True,Forecast
82613A,"METAL SIGN,CUPCAKE SINGLE HOOK",2011-11,2011-12,M2_gbm_poisson,2.054573,0,0.000000,C,True,Forecast
82613B,"METAL SIGN,CUPCAKE SINGLE HOOK",2011-11,2011-12,M2_gbm_poisson,20.120621,9,10.666667,C,True,Forecast
82613C,"METAL SIGN,CUPCAKE SINGLE HOOK",2011-11,2011-12,M2_gbm_poisson,28.257829,18,13.333333,C,True,Forecast
82613D,METAL SIGN CUPCAKE SINGLE HOOK,2011-11,2011-12,M2_gbm_poisson,33.550181,20,18.333333,B,True,Forecast
82616B,FRAPPUCINO SCARF KNITTING KIT,2011-11,2011-12,M2_gbm_poisson,70.499699,86,70.666667,C,True,Forecast
82616C,MIDNIGHT GLAMOUR SCARF KNITTING KIT,2011-11,2011-12,M2_gbm_poisson,66.342175,88,61.666667,C,True,Forecast
84006,MAGIC TREE -PAPER FLOWERS,2011-11,2011-12,M2_gbm_poisson,155.658647,340,140.000000,B,True,Forecast
84012,MAGIC SHEEP WOOL GROWING FROM PAPER,2011-11,2011-12,M2_gbm_poisson,158.519162,386,226.666667,B,True,Forecast
84016,FLAG OF ST GEORGE CAR FLAG,2011-11,2011-12,M2_gbm_poisson,8.568358,0,8.333333,A,True,Forecast
84029E,RED WOOLLY HOTTIE WHITE HEART.,2011-11,2011-12,M2_gbm_poisson,777.262968,1286,785.666667,A,True,Forecast
84029G,KNITTED UNION FLAG HOT WATER BOTTLE,2011-11,2011-12,M2_gbm_poisson,351.145828,704,424.000000,A,True,Forecast
84030E,ENGLISH ROSE HOT WATER BOTTLE,2011-11,2011-12,M2_gbm_poisson,221.083479,425,305.333333,A,True,Forecast
84031A,CHARLIE+LOLA RED HOT WATER BOTTLE,2011-11,2011-12,M2_gbm_poisson,52.396316,45,39.000000,A,True,Forecast
84031B,CHARLIE LOLA BLUE HOT WATER BOTTLE,2011-11,2011-12,M2_gbm_poisson,44.282640,42,37.666667,B,True,Forecast
84032A,CHARLIE+LOLA PINK HOT WATER BOTTLE,2011-11,2011-12,M2_gbm_poisson,93.900143,162,114.666667,A,True,Forecast
84032B,CHARLIE + LOLA RED HOT WATER BOTTLE,2011-11,2011-12,M2_gbm_poisson,92.317475,157,94.000000,A,True,Forecast
84033,FLAG OF ST GEORGE,2011-11,2011-12,M2_gbm_poisson,4.747206,0,0.666667,C,True,Forecast
84050,PINK HEART SHAPE EGG FRYING PAN,2011-11,2011-12,M2_gbm_poisson,77.135215,46,131.666667,A,True,Forecast
84051,ASS COLOUR GLOWING TIARAS,2011-11,2011-12,M2_gbm_poisson,33.368959,15,59.000000,C,True,Forecast
84077,WORLD WAR 2 GLIDERS ASSTD DESIGNS,2011-11,2011-12,M2_gbm_poisson,2085.380852,4559,5386.000000,A,True,Forecast
84078A,SET/4 WHITE RETRO STORAGE CUBES,2011-11,2011-12,M2_gbm_poisson,30.330407,27,18.333333,A,True,Forecast
84086B,YELLOW/BLUE RETRO RADIO,2011-11,2011-12,M2_gbm_poisson,10.979929,7,2.333333,C,True,Forecast
84086C,PINK/PURPLE RETRO RADIO,2011-11,2011-12,M2_gbm_poisson,44.491552,65,32.333333,C,True,Forecast
84192,ASSORTED COLOUR METAL CAT,2011-11,2011-12,M2_gbm_poisson,30.017535,27,11.000000,C,True,Forecast
84199,GLOW IN DARK DOLPHINS,2011-11,2011-12,M2_gbm_poisson,51.101129,48,20.666667,C,True,Forecast
84201B,HAPPY BIRTHDAY CARD STRIPEY TEDDY,2011-11,2011-12,M2_gbm_poisson,5.430594,1,0.333333,C,True,Forecast
84201C,HAPPY BIRTHDAY CARD TEDDY/CAKE,2011-11,2011-12,M2_gbm_poisson,3.137677,0,0.000000,C,True,Forecast
84206A,3 BLACK CATS W HEARTS BLANK CARD,2011-11,2011-12,M2_gbm_poisson,20.063366,18,6.000000,C,True,Forecast
84206B,CAT W SUNGLASSES BLANK CARD,2011-11,2011-12,M2_gbm_poisson,11.011989,5,1.666667,C,True,Forecast
84206C,CHAMPAGNE TRAY BLANK CARD,2011-11,2011-12,M2_gbm_poisson,4.941328,3,1.000000,C,True,Forecast
84212,"ASSORTED FLOWER COLOUR ""LEIS""",2011-11,2011-12,M2_gbm_poisson,281.568736,565,870.333333,A,True,Forecast
84226,HEN HOUSE W FAMILY IN BARN & NEST,2011-11,2011-12,M2_gbm_poisson,2.062682,0,0.000000,C,True,Forecast
84228,HEN HOUSE W CHICK STANDING,2011-11,2011-12,M2_gbm_poisson,17.804407,12,4.000000,C,True,Forecast
84231,EASTER BUNNY WITH BASKET ON BACK,2011-11,2011-12,M2_gbm_poisson,37.174616,13,4.333333,C,True,Forecast
84247E,PACK/12 XMAS FUN CARD,2011-11,2011-12,M2_gbm_poisson,37.012830,19,34.666667,C,True,Forecast
84247G,"DECOUPAGE,GREETING CARD,",2011-11,2011-12,M2_gbm_poisson,2.062682,0,0.000000,C,True,Forecast
84247K,"FOLK ART GREETING CARD,pack/12",2011-11,2011-12,M2_gbm_poisson,3.379995,0,1.000000,C,True,Forecast
84247N,PACK/12 BLUE FOLKART CARDS,2011-11,2011-12,M2_gbm_poisson,8.970026,4,3.333333,C,True,Forecast
84249A,"GREETING CARD,SQUARE, DOUGHNUTS",2011-11,2011-12,M2_gbm_poisson,6.962428,1,1.666667,C,True,Forecast
84251B,"GREETING CARD, STICKY GORDON",2011-11,2011-12,M2_gbm_poisson,3.694283,0,0.333333,C,True,Forecast
84251C,"GREETING CARD, TWO SISTERS.",2011-11,2011-12,M2_gbm_poisson,3.199635,0,0.000000,C,True,Forecast
84251G,"GREETING CARD, OVERCROWDED POOL.",2011-11,2011-12,M2_gbm_poisson,21.771173,1,17.000000,C,True,Forecast
84279B,CHERRY BLOSSOM DECORATIVE FLASK,2011-11,2011-12,M2_gbm_poisson,2.067319,0,0.000000,B,True,Forecast
84279P,CHERRY BLOSSOM  DECORATIVE FLASK,2011-11,2011-12,M2_gbm_poisson,49.687603,48,37.333333,A,True,Forecast
84313C,ORANGE TV TRAY TABLE,2011-11,2011-12,M2_gbm_poisson,2.059384,0,0.000000,B,True,Forecast
84341B,SMALL PINK MAGIC CHRISTMAS TREE,2011-11,2011-12,M2_gbm_poisson,52.555047,4,133.666667,C,True,Forecast
84347,ROTATING SILVER ANGELS T-LIGHT HLDR,2011-11,2011-12,M2_gbm_poisson,1175.521519,3064,1943.666667,A,True,Forecast
84352,SILVER CHRISTMAS TREE BAUBLE STAND,2011-11,2011-12,M2_gbm_poisson,2.639376,0,1.000000,A,True,Forecast
84356,POMPOM CURTAIN,2011-11,2011-12,M2_gbm_poisson,35.431520,36,17.333333,B,True,Forecast
84358,FLOOR LAMP SHADE WOOD BASE,2011-11,2011-12,M2_gbm_poisson,2.430712,0,0.000000,B,True,Forecast
84360,TABLE LAMP WHITE SHADE WOOD BASE,2011-11,2011-12,M2_gbm_poisson,10.917017,5,4.333333,C,True,Forecast
84375,SET OF 20 KIDS COOKIE CUTTERS,2011-11,2011-12,M2_gbm_poisson,271.768217,606,438.000000,A,True,Forecast
84378,SET OF 3 HEART COOKIE CUTTERS,2011-11,2011-12,M2_gbm_poisson,631.963563,1390,757.000000,A,True,Forecast
84380,SET OF 3 BUTTERFLY COOKIE CUTTERS,2011-11,2011-12,M2_gbm_poisson,328.102449,503,508.666667,A,True,Forecast
84387A,BIRD ON BRANCH CANVAS SCREEN,2011-11,2011-12,M2_gbm_poisson,4.072032,0,0.000000,C,True,Forecast
84402B,PURPLE DRESS JEWELLERY STAND,2011-11,2011-12,M2_gbm_poisson,2.054573,0,0.000000,C,True,Forecast
84406B,CREAM CUPID HEARTS COAT HANGER,2011-11,2011-12,M2_gbm_poisson,64.372384,79,73.000000,A,True,Forecast
84415A,PINK FLOCK SUEDE CUSHION COVER,2011-11,2011-12,M2_gbm_poisson,2.074774,0,0.000000,C,True,Forecast
84415B,BLUE FLOCK CUSHION COVER,2011-11,2011-12,M2_gbm_poisson,2.192547,0,0.000000,C,True,Forecast
84422,PINK/BLUE DISC/MIRROR STRING,2011-11,2011-12,M2_gbm_poisson,7.195232,0,5.666667,C,True,Forecast
84429A,MEDIUM PINK BUDDHA HEAD,2011-11,2011-12,M2_gbm_poisson,16.199421,13,5.000000,C,True,Forecast
84452,METAL RABBIT LADDER EASTER,2011-11,2011-12,M2_gbm_poisson,8.284168,0,4.000000,C,True,Forecast
84457,SET/3 RABBITS FLOWER SKIPPPING ROPE,2011-11,2011-12,M2_gbm_poisson,18.290716,12,4.000000,C,True,Forecast
84459A,PINK METAL CHICKEN HEART,2011-11,2011-12,M2_gbm_poisson,6.785396,0,3.000000,B,True,Forecast
84465,15 PINK FLUFFY CHICKS IN BOX,2011-11,2011-12,M2_gbm_poisson,4.944093,1,0.333333,C,True,Forecast
84466,TOP SECRET PEN SET,2011-11,2011-12,M2_gbm_poisson,2.192547,0,0.000000,B,True,Forecast
84497,BUTTONS AND STRIPES NOTEBOOK,2011-11,2011-12,M2_gbm_poisson,4.257757,1,0.333333,C,True,Forecast
84507B,STRIPES DESIGN MONKEY DOLL,2011-11,2011-12,M2_gbm_poisson,3.402240,0,0.666667,B,True,Forecast
84507C,BLUE CIRCLES DESIGN MONKEY DOLL,2011-11,2011-12,M2_gbm_poisson,4.800258,0,1.666667,C,True,Forecast
84508A,CAMOUFLAGE DESIGN TEDDY,2011-11,2011-12,M2_gbm_poisson,11.432846,0,80.333333,A,True,Forecast
84508B,STRIPES DESIGN TEDDY,2011-11,2011-12,M2_gbm_poisson,15.133121,8,5.666667,C,True,Forecast
84508C,BLUE CIRCLES DESIGN TEDDY,2011-11,2011-12,M2_gbm_poisson,27.689723,19,10.666667,C,True,Forecast
84509A,SET OF 4 ENGLISH ROSE PLACEMATS,2011-11,2011-12,M2_gbm_poisson,74.308509,88,78.666667,A,True,Forecast
84509B,SET OF 4 FAIRY CAKE PLACEMATS,2011-11,2011-12,M2_gbm_poisson,35.528536,27,17.000000,B,True,Forecast
84509C,SET OF 4 POLKADOT PLACEMATS,2011-11,2011-12,M2_gbm_poisson,21.330246,14,10.333333,B,True,Forecast
84509E,SET OF 4 CAROUSEL PLACEMATS,2011-11,2011-12,M2_gbm_poisson,3.709263,0,1.666667,C,True,Forecast
84509G,SET OF 4 FAIRY CAKE PLACEMATS,2011-11,2011-12,M2_gbm_poisson,24.210977,18,13.333333,B,True,Forecast
84510A,SET OF 4 ENGLISH ROSE COASTERS,2011-11,2011-12,M2_gbm_poisson,78.813427,129,115.333333,B,True,Forecast
84510C,SET OF 4 POLKADOT COASTERS,2011-11,2011-12,M2_gbm_poisson,28.008734,15,9.333333,C,True,Forecast
84510E,SET OF 4 GREEN CAROUSEL COASTERS,2011-11,2011-12,M2_gbm_poisson,14.807574,10,5.333333,C,True,Forecast
84519A,TOMATO CHARLIE+LOLA COASTER SET,2011-11,2011-12,M2_gbm_poisson,59.422276,103,45.000000,B,True,Forecast
84519B,CARROT CHARLIE+LOLA COASTER SET,2011-11,2011-12,M2_gbm_poisson,64.271433,84,48.333333,B,True,Forecast
84522,PINK PARTY SUNGLASSES,2011-11,2011-12,M2_gbm_poisson,5.310150,1,0.333333,C,True,Forecast
84527,FLAMES SUNGLASSES PINK LENSES,2011-11,2011-12,M2_gbm_poisson,6.211610,1,0.333333,C,True,Forecast
84535B,FAIRY CAKES NOTEBOOK A6 SIZE,2011-11,2011-12,M2_gbm_poisson,84.074924,166,182.333333,B,True,Forecast
84536A,ENGLISH ROSE NOTEBOOK A7 SIZE,2011-11,2011-12,M2_gbm_poisson,244.102769,555,348.666667,B,True,Forecast
84536B,FAIRY CAKES NOTEBOOK A7 SIZE,2011-11,2011-12,M2_gbm_poisson,173.108352,159,220.000000,B,True,Forecast
84539,KNITTED RABBIT DOLL,2011-11,2011-12,M2_gbm_poisson,2.059384,0,0.000000,C,True,Forecast
84548,CROCHET BEAR RED/BLUE  KEYRING,2011-11,2011-12,M2_gbm_poisson,2.114785,0,0.000000,C,True,Forecast
84549,CROCHET WHITE RABBIT KEYRING,2011-11,2011-12,M2_gbm_poisson,5.183108,1,0.333333,C,True,Forecast
84550,CROCHET LILAC/RED BEAR KEYRING,2011-11,2011-12,M2_gbm_poisson,8.082185,1,0.333333,C,True,Forecast
84551,CROCHET DOG KEYRING,2011-11,2011-12,M2_gbm_poisson,8.206487,0,4.000000,C,True,Forecast
84558A,3D DOG PICTURE PLAYING CARDS,2011-11,2011-12,M2_gbm_poisson,50.771899,49,33.666667,B,True,Forecast
84559A,3D SHEET OF DOG STICKERS,2011-11,2011-12,M2_gbm_poisson,57.982763,72,48.666667,B,True,Forecast
84559B,3D SHEET OF CAT STICKERS,2011-11,2011-12,M2_gbm_poisson,14.767898,1,7.000000,B,True,Forecast
84563B,BLUE & WHITE BREAKFAST TRAY,2011-11,2011-12,M2_gbm_poisson,2.043711,0,0.000000,C,True,Forecast
84568,GIRLS ALPHABET IRON ON PATCHES,2011-11,2011-12,M2_gbm_poisson,479.325569,1076,893.000000,A,True,Forecast
84569A,PACK 3 IRON ON DOG PATCHES,2011-11,2011-12,M2_gbm_poisson,20.186334,12,12.000000,C,True,Forecast
84569D,PACK 6 HEART/ICE-CREAM PATCHES,2011-11,2011-12,M2_gbm_poisson,34.407979,25,12.333333,B,True,Forecast
84576,BLUE CAT BISCUIT BARREL PINK HEART,2011-11,2011-12,M2_gbm_poisson,2.888475,0,0.000000,C,True,Forecast
84580,MOUSE TOY WITH PINK T-SHIRT,2011-11,2011-12,M2_gbm_poisson,64.771774,70,48.666667,B,True,Forecast
84581,DOG TOY WITH PINK CROCHET SKIRT,2011-11,2011-12,M2_gbm_poisson,43.559925,30,26.333333,B,True,Forecast
84584,PINK GINGHAM CAT WITH SCARF,2011-11,2011-12,M2_gbm_poisson,2.059384,0,0.000000,C,True,Forecast
84592,CROCHET ROSE PURSE WITH SUEDE BACK,2011-11,2011-12,M2_gbm_poisson,16.316151,13,7.000000,C,True,Forecast
84595E,LARGE TORTILLA DESIGN RED BOWL,2011-11,2011-12,M2_gbm_poisson,3.674923,0,0.000000,C,True,Forecast
84596B,SMALL DOLLY MIX DESIGN ORANGE BOWL,2011-11,2011-12,M2_gbm_poisson,291.820497,597,469.000000,B,True,Forecast
84596F,SMALL MARSHMALLOWS PINK BOWL,2011-11,2011-12,M2_gbm_poisson,230.239601,461,341.000000,B,True,Forecast
84596G,SMALL CHOCOLATES PINK BOWL,2011-11,2011-12,M2_gbm_poisson,85.335184,140,141.666667,B,True,Forecast
84596L,BISCUITS SMALL BOWL LIGHT BLUE,2011-11,2011-12,M2_gbm_poisson,11.228461,0,20.000000,C,True,Forecast
84597B,RETRO BROWN BALL ASHTRAY,2011-11,2011-12,M2_gbm_poisson,2.074774,0,0.000000,C,True,Forecast
84597C,RETRO PINK BALL ASHTRAY,2011-11,2011-12,M2_gbm_poisson,2.192547,0,0.000000,C,True,Forecast
84598,BOYS ALPHABET IRON ON PATCHES,2011-11,2011-12,M2_gbm_poisson,142.266515,424,177.000000,A,True,Forecast
84600,NEW BAROQUE JEWELLERY BOX,2011-11,2011-12,M2_gbm_poisson,19.648289,14,11.000000,C,True,Forecast
84609,TALL ROCOCO CANDLE HOLDER,2011-11,2011-12,M2_gbm_poisson,30.214704,32,23.333333,C,True,Forecast
84616,SILVER ROCCOCO CHANDELIER,2011-11,2011-12,M2_gbm_poisson,5.330152,1,3.000000,B,True,Forecast
84617,NEW BAROQUE BLACK BOXES,2011-11,2011-12,M2_gbm_poisson,4.547836,1,0.333333,C,True,Forecast
84625A,PINK NEW BAROQUECANDLESTICK CANDLE,2011-11,2011-12,M2_gbm_poisson,16.381006,1,26.333333,B,True,Forecast
84625C,BLUE NEW BAROQUE CANDLESTICK CANDLE,2011-11,2011-12,M2_gbm_poisson,9.201375,0,24.666667,C,True,Forecast
84629,WHITE 3 FRAME BIRDS AND TREE,2011-11,2011-12,M2_gbm_poisson,2.047207,0,0.000000,C,True,Forecast
84631,FRUIT TREE AND BIRDS WALL PLAQUE,2011-11,2011-12,M2_gbm_poisson,2.033330,0,0.000000,B,True,Forecast
84632,DECORATIVE HANGING SHELVING UNIT,2011-11,2011-12,M2_gbm_poisson,2.033330,0,0.000000,C,True,Forecast
84637,KITCHEN FLOWER POTS WALL PLAQUE,2011-11,2011-12,M2_gbm_poisson,4.855998,0,3.000000,B,True,Forecast
84638,SMALL KITCHEN FLOWER POTS PLAQUE,2011-11,2011-12,M2_gbm_poisson,2.964982,0,0.333333,B,True,Forecast
84658,WHITE STITCHED CUSHION COVER,2011-11,2011-12,M2_gbm_poisson,9.936469,2,7.666667,B,True,Forecast
84659A,WHITE TRAVEL ALARM CLOCK,2011-11,2011-12,M2_gbm_poisson,22.029065,13,13.666667,B,True,Forecast
84660A,WHITE STITCHED WALL CLOCK,2011-11,2011-12,M2_gbm_poisson,19.665481,0,99.666667,C,True,Forecast
84660B,BLACK STITCHED WALL CLOCK,2011-11,2011-12,M2_gbm_poisson,10.684158,0,29.000000,C,True,Forecast
84660C,PINK STITCHED WALL CLOCK,2011-11,2011-12,M2_gbm_poisson,9.483695,0,14.333333,C,True,Forecast
84661A,WHITE SQUARE TABLE CLOCK,2011-11,2011-12,M2_gbm_poisson,10.070074,2,4.666667,C,True,Forecast
84661B,BLACK SQUARE TABLE CLOCK,2011-11,2011-12,M2_gbm_poisson,45.855310,35,25.333333,C,True,Forecast
84661C,PINK SQUARE TABLE CLOCK,2011-11,2011-12,M2_gbm_poisson,6.346918,0,2.333333,C,True,Forecast
84663A,GRASS HOPPER WOODEN WALL CLOCK,2011-11,2011-12,M2_gbm_poisson,29.702092,21,10.333333,C,True,Forecast
84665,SQUARE CHERRY BLOSSOM CABINET,2011-11,2011-12,M2_gbm_poisson,15.038152,8,5.333333,B,True,Forecast
84673A,PINK FLY SWAT,2011-11,2011-12,M2_gbm_poisson,10.999698,4,2.333333,C,True,Forecast
84673B,BLUE FLY SWAT,2011-11,2011-12,M2_gbm_poisson,30.208486,19,11.000000,C,True,Forecast
84674,FLYING PIG WATERING CAN,2011-11,2011-12,M2_gbm_poisson,14.306501,5,6.666667,B,True,Forecast
84679,CLASSICAL ROSE TABLE LAMP,2011-11,2011-12,M2_gbm_poisson,2.033330,0,0.000000,C,True,Forecast
84686,BEACH HUT MIRROR,2011-11,2011-12,M2_gbm_poisson,2.054573,0,0.000000,B,True,Forecast
84687,BEACH HUT SHELF W 3 DRAWERS,2011-11,2011-12,M2_gbm_poisson,11.992570,1,7.000000,C,True,Forecast
84692,BOX OF 24 COCKTAIL PARASOLS,2011-11,2011-12,M2_gbm_poisson,354.898698,775,705.000000,A,True,Forecast
84706F,RED PEONY TABLE CLOCK,2011-11,2011-12,M2_gbm_poisson,10.224362,4,4.666667,C,True,Forecast
84707A,SILVER JEWELLED MIRROR TRINKET TRAY,2011-11,2011-12,M2_gbm_poisson,13.917614,10,6.000000,C,True,Forecast
84707B,PINK JEWELLED MIRROR TRINKET TRAY,2011-11,2011-12,M2_gbm_poisson,5.111667,0,3.000000,C,True,Forecast
84708B,PINK JEWELLED PHOTO FRAME,2011-11,2011-12,M2_gbm_poisson,16.459334,14,7.333333,C,True,Forecast
84709B,PINK OVAL JEWELLED MIRROR,2011-11,2011-12,M2_gbm_poisson,2.033330,0,0.000000,B,True,Forecast
84711A,SILVER OVAL SHAPE TRINKET BOX,2011-11,2011-12,M2_gbm_poisson,4.178820,2,1.333333,C,True,Forecast
84711B,PINK OVAL SHAPE TRINKET BOX,2011-11,2011-12,M2_gbm_poisson,6.036857,3,2.000000,C,True,Forecast
84712B,PINK JEWELLED PHOTO FRAME,2011-11,2011-12,M2_gbm_poisson,14.281350,8,3.666667,C,True,Forecast
84723,CHERRY BLOSSOM CANVAS ART PICTURE,2011-11,2011-12,M2_gbm_poisson,3.645793,0,0.000000,C,True,Forecast
84725,FREESTYLE CANVAS ART PICTURE,2011-11,2011-12,M2_gbm_poisson,9.430949,0,9.666667,C,True,Forecast
84731,3 BIRDS CANVAS SCREEN,2011-11,2011-12,M2_gbm_poisson,2.201200,0,0.000000,C,True,Forecast
84732B,CUTE BIRD CEATURE SCREEN,2011-11,2011-12,M2_gbm_poisson,3.651632,0,0.000000,C,True,Forecast
84732D,CUTE RABBIT CEATURE SCREEN,2011-11,2011-12,M2_gbm_poisson,3.212262,0,0.000000,C,True,Forecast
84744,S/6 SEW ON CROCHET FLOWERS,2011-11,2011-12,M2_gbm_poisson,6.216812,1,1.666667,C,True,Forecast
84746,PINK EASTER HENS+FLOWER,2011-11,2011-12,M2_gbm_poisson,2.067319,0,0.000000,C,True,Forecast
84748,FOLK FELT HANGING MULTICOL GARLAND,2011-11,2011-12,M2_gbm_poisson,7.626183,4,2.000000,B,True,Forecast
84754,S/15 SILVER GLASS BAUBLES IN BAG,2011-11,2011-12,M2_gbm_poisson,10.056502,0,27.333333,B,True,Forecast
84755,COLOUR GLASS T-LIGHT HOLDER HANGING,2011-11,2011-12,M2_gbm_poisson,598.452032,904,961.333333,A,True,Forecast
84766,SILVER ROCOCO CANDLE STICK,2011-11,2011-12,M2_gbm_poisson,4.686366,2,1.333333,C,True,Forecast
84789,ENCHANTED BIRD PLANT CAGE,2011-11,2011-12,M2_gbm_poisson,2.043711,0,0.000000,B,True,Forecast
84792,ENCHANTED BIRD COATHANGER 5 HOOK,2011-11,2011-12,M2_gbm_poisson,75.729181,103,78.000000,A,True,Forecast
84795B,SUNSET CHECK HAMMOCK,2011-11,2011-12,M2_gbm_poisson,6.227354,3,1.333333,B,True,Forecast
84796A,PINK HAWAIIAN PICNIC HAMPER FOR 2,2011-11,2011-12,M2_gbm_poisson,2.661924,0,0.000000,B,True,Forecast
84796B,BLUE SAVANNAH PICNIC HAMPER FOR 2,2011-11,2011-12,M2_gbm_poisson,3.906877,1,0.666667,A,True,Forecast
84798A,PINK FOXGLOVE ARTIIFCIAL FLOWER,2011-11,2011-12,M2_gbm_poisson,5.361530,0,2.333333,C,True,Forecast
84800L,LARGE WHITE/PINK ROSE ART FLOWER,2011-11,2011-12,M2_gbm_poisson,2.114785,0,0.000000,B,True,Forecast
84800M,MEDIUM WHITE/PINK ROSE ART FLOWER,2011-11,2011-12,M2_gbm_poisson,3.637277,0,0.000000,C,True,Forecast
84800S,SMALL WHITE/PINK ROSE ART FLOWER,2011-11,2011-12,M2_gbm_poisson,4.740014,0,2.000000,C,True,Forecast
84801A,PINK HYDRANGEA ART FLOWER,2011-11,2011-12,M2_gbm_poisson,28.649866,10,3.333333,C,True,Forecast
84803B,WHITE ALLIUM  ARTIFICIAL FLOWER,2011-11,2011-12,M2_gbm_poisson,3.374094,0,0.000000,C,True,Forecast
84804A,CREAM DELPHINIUM ARTIFICIAL FLOWER,2011-11,2011-12,M2_gbm_poisson,4.281386,0,1.000000,C,True,Forecast
84804B,BLUE DELPHINIUM ARTIFICIAL FLOWER,2011-11,2011-12,M2_gbm_poisson,4.082265,0,1.000000,C,True,Forecast
84805A,CREAM CLIMBING HYDRANGA ART FLOWER,2011-11,2011-12,M2_gbm_poisson,2.614460,0,0.000000,C,True,Forecast
84805B,BLUE CLIMBING HYDRANGA ART FLOWER,2011-11,2011-12,M2_gbm_poisson,2.904256,0,0.666667,C,True,Forecast
84806A,PINK CANDYSTUFT ARTIFICIAL FLOWER,2011-11,2011-12,M2_gbm_poisson,4.215453,0,0.666667,C,True,Forecast
84806B,WHITE CANDYSTUFT ARTIFICIAL FLOWER,2011-11,2011-12,M2_gbm_poisson,23.905797,3,22.666667,C,True,Forecast
84809A,WHITE CHRYSANTHEMUMS ART FLOWER,2011-11,2011-12,M2_gbm_poisson,2.114785,0,0.000000,C,True,Forecast
84813,SET OF 4 DIAMOND NAPKIN RINGS,2011-11,2011-12,M2_gbm_poisson,15.252343,16,7.333333,B,True,Forecast
84816,DANISH ROSE BEDSIDE CABINET,2011-11,2011-12,M2_gbm_poisson,2.244789,0,0.000000,B,True,Forecast
84817,DANISH ROSE DECORATIVE PLATE,2011-11,2011-12,M2_gbm_poisson,27.008964,19,13.000000,C,True,Forecast
84818,DANISH ROSE PHOTO FRAME,2011-11,2011-12,M2_gbm_poisson,17.936203,0,87.333333,B,True,Forecast
84819,DANISH ROSE ROUND SEWING BOX,2011-11,2011-12,M2_gbm_poisson,14.112083,11,6.000000,B,True,Forecast
84820,DANISH ROSE TRINKET TRAYS,2011-11,2011-12,M2_gbm_poisson,8.605165,2,3.666667,C,True,Forecast
84821,DANISH ROSE DELUXE COASTER,2011-11,2011-12,M2_gbm_poisson,37.564356,29,23.333333,C,True,Forecast
84824,DANISH ROSE UMBRELLA STAND,2011-11,2011-12,M2_gbm_poisson,3.684599,1,0.333333,C,True,Forecast
84826,ASSTD DESIGN 3D PAPER STICKERS,2011-11,2011-12,M2_gbm_poisson,18.749909,11,6.666667,C,True,Forecast
84827,ASS DES PHONE SPONGE CRAFT STICKER,2011-11,2011-12,M2_gbm_poisson,12.331364,0,4.666667,C,True,Forecast
84828,JUNGLE POPSICLES ICE LOLLY HOLDERS,2011-11,2011-12,M2_gbm_poisson,45.282936,42,28.000000,B,True,Forecast
84832,ZINC WILLIE WINKIE  CANDLE STICK,2011-11,2011-12,M2_gbm_poisson,256.684492,625,529.333333,A,True,Forecast
84836,ZINC METAL HEART DECORATION,2011-11,2011-12,M2_gbm_poisson,360.152898,781,739.666667,A,True,Forecast
84842,HELLO SAILOR BATHROOM SET,2011-11,2011-12,M2_gbm_poisson,5.476208,4,1.333333,C,True,Forecast
84843,WHITE SOAP RACK WITH 2 BOTTLES,2011-11,2011-12,M2_gbm_poisson,36.077007,28,32.333333,B,True,Forecast
84846A,SCENTED CANDLE IN DIGITALIS TIN,2011-11,2011-12,M2_gbm_poisson,8.363769,0,8.000000,C,True,Forecast
84847,FLORAL BATHROOM SET,2011-11,2011-12,M2_gbm_poisson,2.614460,0,0.000000,B,True,Forecast
84849A,HELLO SAILOR BLUE SOAP HOLDER,2011-11,2011-12,M2_gbm_poisson,21.811807,9,14.333333,C,True,Forecast
84849B,FAIRY SOAP SOAP HOLDER,2011-11,2011-12,M2_gbm_poisson,2.125343,0,0.000000,A,True,Forecast
84849D,HOT BATHS SOAP HOLDER,2011-11,2011-12,M2_gbm_poisson,52.062297,92,40.000000,B,True,Forecast
84857B,BLUE MONTE CARLO HANDBAG,2011-11,2011-12,M2_gbm_poisson,2.696934,0,0.000000,C,True,Forecast
84857C,PINK MONTE CARLO HANDBAG,2011-11,2011-12,M2_gbm_poisson,2.059384,0,0.000000,C,True,Forecast
84859A,SILVER DISCO HANDBAG,2011-11,2011-12,M2_gbm_poisson,45.317211,43,18.333333,C,True,Forecast
84859B,BLUE DISCO HANDBAG,2011-11,2011-12,M2_gbm_poisson,12.099938,6,3.666667,C,True,Forecast
84859C,PINK DISCO HANDBAG,2011-11,2011-12,M2_gbm_poisson,28.505924,17,11.000000,C,True,Forecast
84865,NEW BAROQUE BLACK PHOTO ALBUM,2011-11,2011-12,M2_gbm_poisson,2.057660,0,0.000000,C,True,Forecast
84870B,BLUE GEISHA GIRL,2011-11,2011-12,M2_gbm_poisson,4.188929,1,1.000000,C,True,Forecast
84870C,GREEN GEISHA GIRL,2011-11,2011-12,M2_gbm_poisson,4.310920,0,2.000000,C,True,Forecast
84872A,TEATIME FUNKY FLOWER BACKPACK FOR 2,2011-11,2011-12,M2_gbm_poisson,2.033330,0,0.000000,B,True,Forecast
84873A,FUNKY FLOWER PICNIC BAG FOR 4,2011-11,2011-12,M2_gbm_poisson,2.033330,0,0.000000,B,True,Forecast
84874B,BLUE TRAVEL FIRST AID KIT,2011-11,2011-12,M2_gbm_poisson,3.645793,0,0.000000,C,True,Forecast
84875B,GREEN SQUARE COMPACT MIRROR,2011-11,2011-12,M2_gbm_poisson,42.605537,45,24.333333,C,True,Forecast
84875D,BLUE SQUARE COMPACT MIRROR,2011-11,2011-12,M2_gbm_poisson,5.770585,0,3.000000,C,True,Forecast
84876B,GREEN HEART COMPACT MIRROR,2011-11,2011-12,M2_gbm_poisson,45.363051,43,35.666667,C,True,Forecast
84876D,BLUE HEART COMPACT MIRROR,2011-11,2011-12,M2_gbm_poisson,3.802422,0,0.666667,C,True,Forecast
84877A,PINK ROUND COMPACT MIRROR,2011-11,2011-12,M2_gbm_poisson,2.043711,0,0.000000,C,True,Forecast
84877B,GREEN ROUND COMPACT MIRROR,2011-11,2011-12,M2_gbm_poisson,30.807638,27,9.333333,C,True,Forecast
84877D,BLUE ROUND COMPACT MIRROR,2011-11,2011-12,M2_gbm_poisson,3.802422,0,0.666667,C,True,Forecast
84879,ASSORTED COLOUR BIRD ORNAMENT,2011-11,2011-12,M2_gbm_poisson,2174.134159,5219,3675.666667,A,True,Forecast
84880,WHITE WIRE EGG HOLDER,2011-11,2011-12,M2_gbm_poisson,28.703796,15,17.000000,A,True,Forecast
84881,BLUE WIRE SPIRAL CANDLE HOLDER,2011-11,2011-12,M2_gbm_poisson,2.033330,0,0.000000,C,True,Forecast
84882,GREEN WIRE STANDING CANDLE HOLDER,2011-11,2011-12,M2_gbm_poisson,8.738685,4,3.666667,C,True,Forecast
84884A,ANT WHITE WIRE HEART SPIRAL,2011-11,2011-12,M2_gbm_poisson,21.554372,13,11.333333,A,True,Forecast
84905,PINK BUTTERFLY CUSHION COVER,2011-11,2011-12,M2_gbm_poisson,2.033330,0,0.000000,B,True,Forecast
84907,PINK YELLOW PATCH CUSHION COVER,2011-11,2011-12,M2_gbm_poisson,3.028141,0,0.666667,C,True,Forecast
84910A,PINK PAISLEY CUSHION COVER,2011-11,2011-12,M2_gbm_poisson,2.047207,0,0.000000,B,True,Forecast
84912A,PINK ROSE WASHBAG,2011-11,2011-12,M2_gbm_poisson,8.403925,0,3.666667,B,True,Forecast
84912B,GREEN ROSE WASHBAG,2011-11,2011-12,M2_gbm_poisson,43.565456,43,29.666667,B,True,Forecast
84913A,SOFT PINK ROSE TOWEL,2011-11,2011-12,M2_gbm_poisson,5.586978,1,1.333333,B,True,Forecast
84913B,MINT GREEN ROSE TOWEL,2011-11,2011-12,M2_gbm_poisson,14.304969,10,9.333333,B,True,Forecast
84915,HAND TOWEL PINK FLOWER AND DAISY,2011-11,2011-12,M2_gbm_poisson,7.725179,1,3.000000,C,True,Forecast
84919,BLUE CUSHION COVER WITH FLOWER,2011-11,2011-12,M2_gbm_poisson,3.018259,0,0.666667,B,True,Forecast
84920,PINK FLOWER FABRIC PONY,2011-11,2011-12,M2_gbm_poisson,10.605136,4,6.333333,C,True,Forecast
84921,CREAM AND PINK FLOWERS PONY,2011-11,2011-12,M2_gbm_poisson,3.541670,0,1.000000,C,True,Forecast
84922,PINK BUTTERFLY WASHBAG,2011-11,2011-12,M2_gbm_poisson,4.978901,1,1.333333,C,True,Forecast
84923,PINK BUTTERFLY HANDBAG W BOBBLES,2011-11,2011-12,M2_gbm_poisson,36.780329,25,19.333333,C,True,Forecast
84924A,WAKE UP COCKEREL CALENDAR SIGN,2011-11,2011-12,M2_gbm_poisson,22.954850,18,8.333333,C,True,Forecast
84924F,PSYCHEDELIC METAL SIGN CALENDAR,2011-11,2011-12,M2_gbm_poisson,2.074774,0,0.000000,C,True,Forecast
84925D,LA PALMIERA WALL THERMOMETER,2011-11,2011-12,M2_gbm_poisson,2.056556,0,0.000000,C,True,Forecast
84925F,PSYCHEDELIC WALL THERMOMETER,2011-11,2011-12,M2_gbm_poisson,2.054573,0,0.000000,C,True,Forecast
84926A,WAKE UP COCKEREL TILE COASTER,2011-11,2011-12,M2_gbm_poisson,57.620454,96,74.666667,C,True,Forecast
84926D,LA PALMIERA TILE COASTER,2011-11,2011-12,M2_gbm_poisson,46.412435,59,63.333333,C,True,Forecast
84926E,FLOWERS TILE COASTER,2011-11,2011-12,M2_gbm_poisson,55.284026,86,78.333333,C,True,Forecast
84926F,PSYCHEDELIC TILE COASTER,2011-11,2011-12,M2_gbm_poisson,47.561627,62,40.666667,C,True,Forecast
84927A,WAKE UP COCKEREL TILE HOOK,2011-11,2011-12,M2_gbm_poisson,3.651632,0,0.000000,C,True,Forecast
84927D,LA PALMIERA TILE HOOK,2011-11,2011-12,M2_gbm_poisson,2.062682,0,0.000000,C,True,Forecast
84927E,FLOWERS TILE HOOK,2011-11,2011-12,M2_gbm_poisson,2.062682,0,0.000000,C,True,Forecast
84927F,PSYCHEDELIC TILE HOOK,2011-11,2011-12,M2_gbm_poisson,56.174937,100,54.000000,C,True,Forecast
84929,ASSTD FRUIT+FLOWERS FRIDGE MAGNETS,2011-11,2011-12,M2_gbm_poisson,134.934620,126,138.000000,C,True,Forecast
84931A,PINK SCOTTIE DOG W FLOWER PATTERN,2011-11,2011-12,M2_gbm_poisson,33.640672,26,14.333333,C,True,Forecast
84931B,BLUE SCOTTIE DOG W FLOWER PATTERN,2011-11,2011-12,M2_gbm_poisson,49.149038,66,31.666667,C,True,Forecast
84944,SET OF 6 KASHMIR FOLKART BAUBLES,2011-11,2011-12,M2_gbm_poisson,22.532693,6,15.666667,B,True,Forecast
84945,MULTI COLOUR SILVER T-LIGHT HOLDER,2011-11,2011-12,M2_gbm_poisson,719.719204,1801,1294.666667,A,True,Forecast
84946,ANTIQUE SILVER TEA GLASS ETCHED,2011-11,2011-12,M2_gbm_poisson,1091.049448,3389,2159.000000,A,True,Forecast
84947,ANTIQUE SILVER TEA GLASS ENGRAVED,2011-11,2011-12,M2_gbm_poisson,690.346855,1237,1179.666667,A,True,Forecast
84949,SILVER HANGING T-LIGHT HOLDER,2011-11,2011-12,M2_gbm_poisson,357.246651,771,582.333333,A,True,Forecast
84950,ASSORTED COLOUR T-LIGHT HOLDER,2011-11,2011-12,M2_gbm_poisson,83.823540,210,206.000000,A,True,Forecast
84951A,SET OF 4 PISTACHIO LOVEBIRD COASTER,2011-11,2011-12,M2_gbm_poisson,47.481914,57,46.000000,C,True,Forecast
84951B,SET OF 4 BLACK LOVEBIRD COASTERS,2011-11,2011-12,M2_gbm_poisson,52.188693,67,24.666667,C,True,Forecast
84952A,CLEAR LOVE BIRD T-LIGHT HOLDER,2011-11,2011-12,M2_gbm_poisson,11.559196,8,7.000000,C,True,Forecast
84952B,BLACK LOVE BIRD T-LIGHT HOLDER,2011-11,2011-12,M2_gbm_poisson,7.515459,1,4.000000,C,True,Forecast
84952C,MIRROR LOVE BIRD T-LIGHT HOLDER,2011-11,2011-12,M2_gbm_poisson,3.541670,0,1.000000,C,True,Forecast
84963B,BLUE PAINTED KASHMIRI CHAIR,2011-11,2011-12,M2_gbm_poisson,2.244789,0,0.000000,C,True,Forecast
84968A,SET OF 16 VINTAGE ROSE CUTLERY,2011-11,2011-12,M2_gbm_poisson,17.721262,8,18.000000,A,True,Forecast
84968C,SET OF 16 VINTAGE PISTACHIO CUTLERY,2011-11,2011-12,M2_gbm_poisson,12.104704,7,5.333333,A,True,Forecast
84968D,SET OF 16 VINTAGE RED CUTLERY,2011-11,2011-12,M2_gbm_poisson,6.947846,1,3.666667,A,True,Forecast
84968E,SET OF 16 VINTAGE BLACK CUTLERY,2011-11,2011-12,M2_gbm_poisson,10.694604,3,11.000000,A,True,Forecast
84968F,SET OF 16 VINTAGE SKY BLUE CUTLERY,2011-11,2011-12,M2_gbm_poisson,8.311685,3,3.333333,B,True,Forecast
84969,BOX OF 6 ASSORTED COLOUR TEASPOONS,2011-11,2011-12,M2_gbm_poisson,49.560054,46,39.000000,A,True,Forecast
84970L,SINGLE HEART ZINC T-LIGHT HOLDER,2011-11,2011-12,M2_gbm_poisson,291.498014,400,418.666667,A,True,Forecast
84970S,HANGING HEART ZINC T-LIGHT HOLDER,2011-11,2011-12,M2_gbm_poisson,302.928678,473,527.000000,A,True,Forecast
84971L,LARGE HEART FLOWERS HOOK,2011-11,2011-12,M2_gbm_poisson,8.564304,2,0.666667,C,True,Forecast
84971S,SMALL HEART FLOWERS HOOK,2011-11,2011-12,M2_gbm_poisson,73.912323,93,106.333333,A,True,Forecast
84974,S/2 ZINC HEART DESIGN PLANTERS,2011-11,2011-12,M2_gbm_poisson,6.961982,1,2.333333,C,True,Forecast
84976,RECTANGULAR SHAPED MIRROR,2011-11,2011-12,M2_gbm_poisson,30.109160,12,28.333333,C,True,Forecast
84978,HANGING HEART JAR T-LIGHT HOLDER,2011-11,2011-12,M2_gbm_poisson,609.917330,1253,830.333333,A,True,Forecast
84984A,GREEN PEONY CUSHION COVER,2011-11,2011-12,M2_gbm_poisson,11.093760,6,3.666667,C,True,Forecast
84984B,RED PEONY CUSHION COVER,2011-11,2011-12,M2_gbm_poisson,11.093760,6,3.666667,C,True,Forecast
84984D,ORIENTAL RED C/COVER,2011-11,2011-12,M2_gbm_poisson,9.529337,6,2.666667,C,True,Forecast
84987,SET OF 36 TEATIME PAPER DOILIES,2011-11,2011-12,M2_gbm_poisson,176.366360,384,286.000000,A,True,Forecast
84988,SET OF 72 PINK HEART PAPER DOILIES,2011-11,2011-12,M2_gbm_poisson,246.159640,555,343.666667,A,True,Forecast
84989A,75 GREEN FAIRY CAKE CASES,2011-11,2011-12,M2_gbm_poisson,15.950964,7,4.000000,B,True,Forecast
84991,60 TEATIME FAIRY CAKE CASES,2011-11,2011-12,M2_gbm_poisson,964.173612,1425,1788.000000,A,True,Forecast
84992,72 SWEETHEART FAIRY CAKE CASES,2011-11,2011-12,M2_gbm_poisson,515.398832,918,1097.666667,A,True,Forecast
84993A,75 GREEN PETIT FOUR CASES,2011-11,2011-12,M2_gbm_poisson,47.726974,58,43.333333,C,True,Forecast
84993B,75 BLACK PETIT FOUR CASES,2011-11,2011-12,M2_gbm_poisson,3.651632,0,0.000000,C,True,Forecast
84997A,GREEN 3 PIECE MINI DOTS CUTLERY SET,2011-11,2011-12,M2_gbm_poisson,143.816591,273,205.666667,A,True,Forecast
84997B,RED 3 PIECE MINI DOTS CUTLERY SET,2011-11,2011-12,M2_gbm_poisson,221.486833,459,390.333333,A,True,Forecast
84997C,BLUE 3 PIECE MINI DOTS CUTLERY SET,2011-11,2011-12,M2_gbm_poisson,283.071340,655,410.000000,A,True,Forecast
84997D,PINK 3 PIECE MINI DOTS CUTLERY SET,2011-11,2011-12,M2_gbm_poisson,369.547579,779,585.000000,A,True,Forecast
85014A,BLACK/BLUE POLKADOT UMBRELLA,2011-11,2011-12,M2_gbm_poisson,97.280850,124,145.000000,A,True,Forecast
85014B,RED RETROSPOT UMBRELLA,2011-11,2011-12,M2_gbm_poisson,115.199211,158,252.333333,A,True,Forecast
85015,SET OF 12  VINTAGE POSTCARD SET,2011-11,2011-12,M2_gbm_poisson,138.664793,349,351.333333,B,True,Forecast
85017B,ENVELOPE 50 BLOSSOM IMAGES,2011-11,2011-12,M2_gbm_poisson,38.426382,9,95.333333,B,True,Forecast
85019A,ROMANTIC IMAGES NOTEBOOK SET,2011-11,2011-12,M2_gbm_poisson,51.085254,52,57.666667,C,True,Forecast
85019B,BLOSSOM  IMAGES NOTEBOOK SET,2011-11,2011-12,M2_gbm_poisson,53.289616,54,100.000000,C,True,Forecast
85019C,CURIOUS  IMAGES NOTEBOOK SET,2011-11,2011-12,M2_gbm_poisson,2.054573,0,0.000000,C,True,Forecast
85020,ROUND PINK HEART MIRROR,2011-11,2011-12,M2_gbm_poisson,12.985326,9,3.000000,C,True,Forecast
85023B,EAU DE NILE JEWELLED PHOTOFRAME,2011-11,2011-12,M2_gbm_poisson,19.485213,7,9.000000,C,True,Forecast
85024B,EAU DE NILE JEWELLED PHOTOFRAME,2011-11,2011-12,M2_gbm_poisson,14.833845,12,4.666667,C,True,Forecast
85024C,PINK SMALL JEWELLED PHOTOFRAME,2011-11,2011-12,M2_gbm_poisson,8.104324,2,2.666667,C,True,Forecast
85025B,EAU DE NILE HEART SHAPE PHOTO FRAME,2011-11,2011-12,M2_gbm_poisson,55.068436,71,50.000000,C,True,Forecast
85025C,PINK HEART SHAPE PHOTO FRAME,2011-11,2011-12,M2_gbm_poisson,3.645793,0,0.000000,B,True,Forecast
85026B,EAU DE NILE JEWELLED T-LIGHT HOLDER,2011-11,2011-12,M2_gbm_poisson,20.645246,10,13.333333,C,True,Forecast
85032A,ROMANTIC IMAGES GIFT WRAP SET,2011-11,2011-12,M2_gbm_poisson,78.744544,105,131.333333,C,True,Forecast
85032B,BLOSSOM IMAGES GIFT WRAP SET,2011-11,2011-12,M2_gbm_poisson,69.339666,81,90.666667,C,True,Forecast
85032C,CURIOUS IMAGES GIFT WRAP SET,2011-11,2011-12,M2_gbm_poisson,68.408190,74,107.000000,C,True,Forecast
85032D,YULETIDE IMAGES GIFT WRAP SET,2011-11,2011-12,M2_gbm_poisson,26.613095,0,112.666667,B,True,Forecast
85034A,3 GARDENIA MORRIS BOXED CANDLES,2011-11,2011-12,M2_gbm_poisson,71.898598,97,147.333333,B,True,Forecast
85034B,3 WHITE CHOC MORRIS BOXED CANDLES,2011-11,2011-12,M2_gbm_poisson,228.330388,462,224.666667,B,True,Forecast
85034C,3 ROSE MORRIS BOXED CANDLES,2011-11,2011-12,M2_gbm_poisson,248.712933,571,282.333333,B,True,Forecast
85035A,GARDENIA 3 WICK MORRIS BOXED CANDLE,2011-11,2011-12,M2_gbm_poisson,18.317968,0,60.333333,B,True,Forecast
85035B,CHOCOLATE 3 WICK MORRIS BOX CANDLE,2011-11,2011-12,M2_gbm_poisson,15.780674,0,30.000000,B,True,Forecast
85035C,ROSE 3 WICK MORRIS BOX CANDLE,2011-11,2011-12,M2_gbm_poisson,115.915866,248,189.000000,B,True,Forecast
85036A,GARDENIA 1 WICK MORRIS BOXED CANDLE,2011-11,2011-12,M2_gbm_poisson,17.461846,0,30.333333,B,True,Forecast
85036B,CHOCOLATE 1 WICK MORRIS BOX CANDLE,2011-11,2011-12,M2_gbm_poisson,49.520075,49,63.666667,B,True,Forecast
85036C,ROSE 1 WICK MORRIS BOXED CANDLE,2011-11,2011-12,M2_gbm_poisson,156.658366,403,204.666667,C,True,Forecast
85038,6 CHOCOLATE LOVE HEART T-LIGHTS,2011-11,2011-12,M2_gbm_poisson,136.813910,350,155.000000,A,True,Forecast
85039A,SET/4 RED MINI ROSE CANDLE IN BOWL,2011-11,2011-12,M2_gbm_poisson,61.260420,54,77.666667,B,True,Forecast
85039B,S/4 IVORY MINI ROSE CANDLE IN BOWL,2011-11,2011-12,M2_gbm_poisson,52.599482,52,55.333333,B,True,Forecast
85039C,S/4 BLACK MINI ROSE CANDLE IN BOWL,2011-11,2011-12,M2_gbm_poisson,21.763249,13,10.000000,C,True,Forecast
85040A,S/4 PINK FLOWER CANDLES IN BOWL,2011-11,2011-12,M2_gbm_poisson,74.106915,132,89.666667,B,True,Forecast
85045,GREEN CHRISTMAS TREE STRING 20LIGHT,2011-11,2011-12,M2_gbm_poisson,8.993956,4,2.333333,B,True,Forecast
85048,15CM CHRISTMAS GLASS BALL 20 LIGHTS,2011-11,2011-12,M2_gbm_poisson,276.013525,650,385.000000,A,True,Forecast
85049A,TRADITIONAL CHRISTMAS RIBBONS,2011-11,2011-12,M2_gbm_poisson,361.551680,886,708.333333,A,True,Forecast
85049B,LUSH GREENS RIBBONS,2011-11,2011-12,M2_gbm_poisson,4.489924,0,0.333333,B,True,Forecast
85049C,ROMANTIC PINKS RIBBONS,2011-11,2011-12,M2_gbm_poisson,69.507921,84,99.666667,B,True,Forecast
85049D,BRIGHT BLUES RIBBONS,2011-11,2011-12,M2_gbm_poisson,3.694567,0,0.333333,B,True,Forecast
85049E,SCANDINAVIAN REDS RIBBONS,2011-11,2011-12,M2_gbm_poisson,258.500052,447,499.333333,A,True,Forecast
85049F,BABY BOOM RIBBONS,2011-11,2011-12,M2_gbm_poisson,8.888246,0,10.000000,B,True,Forecast
85049G,CHOCOLATE BOX RIBBONS,2011-11,2011-12,M2_gbm_poisson,85.602336,105,162.666667,A,True,Forecast
85049H,URBAN BLACK RIBBONS,2011-11,2011-12,M2_gbm_poisson,73.850762,123,99.666667,B,True,Forecast
85053,FRENCH ENAMEL CANDLEHOLDER,2011-11,2011-12,M2_gbm_poisson,131.515800,256,252.666667,B,True,Forecast
85054,FRENCH ENAMEL POT W LID,2011-11,2011-12,M2_gbm_poisson,49.883554,52,36.666667,B,True,Forecast
85059,FRENCH ENAMEL WATER BASIN,2011-11,2011-12,M2_gbm_poisson,37.986386,28,18.666667,B,True,Forecast
85061W,WHITE JEWELLED HEART DECORATION,2011-11,2011-12,M2_gbm_poisson,100.586217,213,298.000000,A,True,Forecast
85062,PEARL CRYSTAL PUMPKIN T-LIGHT HLDR,2011-11,2011-12,M2_gbm_poisson,65.922395,99,68.333333,A,True,Forecast
85066,CREAM SWEETHEART MINI CHEST,2011-11,2011-12,M2_gbm_poisson,122.168714,271,195.666667,A,True,Forecast
85071A,BLUE CHARLIE+LOLA PERSONAL DOORSIGN,2011-11,2011-12,M2_gbm_poisson,85.621902,149,163.000000,B,True,Forecast
85071B,RED CHARLIE+LOLA PERSONAL DOORSIGN,2011-11,2011-12,M2_gbm_poisson,100.369579,182,172.666667,C,True,Forecast
85071C,"CHARLIE+LOLA""EXTREMELY BUSY"" SIGN",2011-11,2011-12,M2_gbm_poisson,66.315260,98,125.000000,C,True,Forecast
85071D,CHARLIE+LOLA MY ROOM DOOR SIGN,2011-11,2011-12,M2_gbm_poisson,62.549125,76,69.666667,C,True,Forecast
85078,SCANDINAVIAN 3 HEARTS NAPKIN RING,2011-11,2011-12,M2_gbm_poisson,58.996491,8,305.000000,C,True,Forecast
85086A,CANDY SPOT HEART DECORATION,2011-11,2011-12,M2_gbm_poisson,3.637277,0,0.000000,C,True,Forecast
85087,CANDY SPOT CUSHION COVER,2011-11,2011-12,M2_gbm_poisson,15.063226,0,15.333333,C,True,Forecast
85088,CANDY SPOT HAND BAG,2011-11,2011-12,M2_gbm_poisson,51.583705,48,41.333333,C,True,Forecast
85089,CANDY SPOT BUNNY,2011-11,2011-12,M2_gbm_poisson,7.737752,4,2.666667,C,True,Forecast
85093,CANDY SPOT EGG WARMER HARE,2011-11,2011-12,M2_gbm_poisson,35.941476,22,21.666667,B,True,Forecast
85094,CANDY SPOT EGG WARMER RABBIT,2011-11,2011-12,M2_gbm_poisson,61.622497,104,58.666667,C,True,Forecast
85095,THREE CANVAS LUGGAGE TAGS,2011-11,2011-12,M2_gbm_poisson,22.875624,16,8.333333,C,True,Forecast
85096,HILDA CANDY SPOT RABBIT,2011-11,2011-12,M2_gbm_poisson,5.611302,2,1.666667,C,True,Forecast
85099B,JUMBO BAG RED RETROSPOT,2011-11,2011-12,M2_gbm_poisson,2259.178355,5908,5239.666667,A,True,Forecast
85099C,JUMBO  BAG BAROQUE BLACK WHITE,2011-11,2011-12,M2_gbm_poisson,824.756390,1565,1421.000000,A,True,Forecast
85099F,JUMBO BAG STRAWBERRY,2011-11,2011-12,M2_gbm_poisson,708.074283,898,1387.333333,A,True,Forecast
85103,SILVER T-LIGHT SETTING,2011-11,2011-12,M2_gbm_poisson,2.020614,0,0.000000,B,True,Forecast
85104,SILVER GLASS T-LIGHT SET,2011-11,2011-12,M2_gbm_poisson,12.038805,4,3.333333,C,True,Forecast
85106,CUT GLASS HEXAGON T-LIGHT HOLDER,2011-11,2011-12,M2_gbm_poisson,10.767225,6,2.000000,B,True,Forecast
85107,CUT GLASS T-LIGHT HOLDER OCTAGON,2011-11,2011-12,M2_gbm_poisson,52.237616,88,38.666667,B,True,Forecast
85111,SILVER GLITTER FLOWER VOTIVE HOLDER,2011-11,2011-12,M2_gbm_poisson,73.226353,85,303.000000,C,True,Forecast
85114A,BLACK ENCHANTED FOREST PLACEMAT,2011-11,2011-12,M2_gbm_poisson,31.686051,16,56.000000,B,True,Forecast
85114B,IVORY ENCHANTED FOREST PLACEMAT,2011-11,2011-12,M2_gbm_poisson,44.827780,32,53.333333,A,True,Forecast
85114C,RED ENCHANTED FOREST PLACEMAT,2011-11,2011-12,M2_gbm_poisson,74.480570,137,104.333333,B,True,Forecast
85115B,S/4 BLACK DISCO PARTITION PANEL,2011-11,2011-12,M2_gbm_poisson,3.203856,0,1.000000,C,True,Forecast
85116,BLACK CANDELABRA T-LIGHT HOLDER,2011-11,2011-12,M2_gbm_poisson,13.136335,0,15.666667,B,True,Forecast
85123A,WHITE HANGING HEART T-LIGHT HOLDER,2011-11,2011-12,M2_gbm_poisson,2352.396553,4942,3046.333333,A,True,Forecast
85124B,BLUE JUICY FRUIT PHOTO FRAME,2011-11,2011-12,M2_gbm_poisson,15.194641,7,6.666667,C,True,Forecast
85124C,GREEN JUICY FRUIT PHOTO FRAME,2011-11,2011-12,M2_gbm_poisson,7.696115,0,4.333333,B,True,Forecast
85125,SMALL ROUND CUT GLASS CANDLESTICK,2011-11,2011-12,M2_gbm_poisson,38.611027,46,32.000000,B,True,Forecast
85127,SMALL SQUARE CUT GLASS CANDLESTICK,2011-11,2011-12,M2_gbm_poisson,35.244295,25,18.666667,B,True,Forecast
85129B,BEADED CRYSTAL HEART GREEN SMALL,2011-11,2011-12,M2_gbm_poisson,5.638405,2,1.000000,C,True,Forecast
85129C,BEADED CRYSTAL HEART BLUE SMALL,2011-11,2011-12,M2_gbm_poisson,14.501845,1,9.333333,C,True,Forecast
85129D,BEADED CRYSTAL HEART PINK SMALL,2011-11,2011-12,M2_gbm_poisson,16.039527,12,6.666667,B,True,Forecast
85130B,BEADED CRYSTAL HEART GREEN LARGE,2011-11,2011-12,M2_gbm_poisson,55.209041,37,106.333333,C,True,Forecast
85130C,BEADED CRYSTAL HEART BLUE  LARGE,2011-11,2011-12,M2_gbm_poisson,25.215436,11,69.666667,C,True,Forecast
85130D,BEADED CRYSTAL HEART PINK LARGE,2011-11,2011-12,M2_gbm_poisson,18.843183,3,11.666667,C,True,Forecast
85131A,BEADED PEARL HEART WHITE ON STICK,2011-11,2011-12,M2_gbm_poisson,4.642089,0,1.000000,B,True,Forecast
85131B,BEADED CRYSTAL HEART GREEN ON STICK,2011-11,2011-12,M2_gbm_poisson,61.995835,94,64.666667,C,True,Forecast
85131C,BEADED CRYSTAL HEART BLUE ON STICK,2011-11,2011-12,M2_gbm_poisson,25.268979,6,20.000000,C,True,Forecast
85131D,BEADED CRYSTAL HEART PINK ON STICK,2011-11,2011-12,M2_gbm_poisson,47.297603,31,48.000000,C,True,Forecast
85132B,CHARLIE AND LOLA TABLE TINS,2011-11,2011-12,M2_gbm_poisson,2.059384,0,0.000000,B,True,Forecast
85132C,CHARLIE AND LOLA FIGURES TINS,2011-11,2011-12,M2_gbm_poisson,3.730307,0,1.333333,A,True,Forecast
85135A,YELLOW DRAGONFLY HELICOPTER,2011-11,2011-12,M2_gbm_poisson,39.091303,15,5.000000,C,True,Forecast
85135B,BLUE DRAGONFLY HELICOPTER,2011-11,2011-12,M2_gbm_poisson,9.777501,5,2.666667,B,True,Forecast
85135C,RED DRAGONFLY HELICOPTER,2011-11,2011-12,M2_gbm_poisson,12.137874,3,8.666667,B,True,Forecast
85136A,YELLOW SHARK HELICOPTER,2011-11,2011-12,M2_gbm_poisson,17.609425,14,7.666667,C,True,Forecast
85136C,RED SHARK HELICOPTER,2011-11,2011-12,M2_gbm_poisson,20.406416,16,5.666667,B,True,Forecast
85141,JARDIN ETCHED GLASS FRUITBOWL,2011-11,2011-12,M2_gbm_poisson,2.043711,0,0.000000,B,True,Forecast
85150,LADIES & GENTLEMEN METAL SIGN,2011-11,2011-12,M2_gbm_poisson,221.902926,355,425.000000,A,True,Forecast
85152,HAND OVER THE CHOCOLATE   SIGN,2011-11,2011-12,M2_gbm_poisson,414.431214,574,909.666667,A,True,Forecast
85159A,"BLACK TEA,COFFEE,SUGAR JARS",2011-11,2011-12,M2_gbm_poisson,35.141292,30,15.666667,B,True,Forecast
85159B,"WHITE TEA,COFFEE,SUGAR JARS",2011-11,2011-12,M2_gbm_poisson,51.085254,50,47.333333,B,True,Forecast
85160B,BLACK BIRD GARDEN DESIGN MUG,2011-11,2011-12,M2_gbm_poisson,27.213362,24,9.000000,B,True,Forecast
85161,ACRYLIC GEOMETRIC LAMP,2011-11,2011-12,M2_gbm_poisson,6.620684,3,2.333333,C,True,Forecast
85163A,WHITE BAROQUE WALL CLOCK,2011-11,2011-12,M2_gbm_poisson,10.724523,4,4.333333,C,True,Forecast
85163B,BLACK BAROQUE WALL CLOCK,2011-11,2011-12,M2_gbm_poisson,4.345823,3,1.000000,B,True,Forecast
85168B,BLACK BAROQUE CARRIAGE CLOCK,2011-11,2011-12,M2_gbm_poisson,13.410670,6,6.333333,C,True,Forecast
85169A,IVORY LOVE BIRD CANDLE,2011-11,2011-12,M2_gbm_poisson,41.215608,36,32.000000,B,True,Forecast
85169B,BLACK LOVE BIRD CANDLE,2011-11,2011-12,M2_gbm_poisson,21.317934,10,15.333333,C,True,Forecast
85169C,EAU DE NIL LOVE BIRD CANDLE,2011-11,2011-12,M2_gbm_poisson,6.262938,2,1.000000,C,True,Forecast
85169D,PINK LOVE BIRD CANDLE,2011-11,2011-12,M2_gbm_poisson,33.847328,26,17.666667,C,True,Forecast
85170B,SET/6 BLACK BIRD T-LIGHT CANDLES,2011-11,2011-12,M2_gbm_poisson,13.377094,6,4.666667,C,True,Forecast
85170C,SET/6 EAU DE NIL BIRD T-LIGHTS,2011-11,2011-12,M2_gbm_poisson,19.105827,12,11.333333,C,True,Forecast
85170D,SET/6 PINK BIRD T-LIGHT CANDLES,2011-11,2011-12,M2_gbm_poisson,30.708700,17,14.000000,B,True,Forecast
85172,HYACINTH BULB T-LIGHT CANDLES,2011-11,2011-12,M2_gbm_poisson,106.297135,432,186.666667,B,True,Forecast
85173,SET/6 FROG PRINCE T-LIGHT CANDLES,2011-11,2011-12,M2_gbm_poisson,36.016114,17,34.666667,B,True,Forecast
85174,S/4 CACTI CANDLES,2011-11,2011-12,M2_gbm_poisson,70.920487,130,49.000000,A,True,Forecast
85175,CACTI T-LIGHT CANDLES,2011-11,2011-12,M2_gbm_poisson,162.552225,560,380.000000,A,True,Forecast
85176,SEWING SUSAN 21 NEEDLE SET,2011-11,2011-12,M2_gbm_poisson,67.563895,76,116.666667,B,True,Forecast
85177,BASKET OF FLOWERS SEWING KIT,2011-11,2011-12,M2_gbm_poisson,51.710261,33,53.000000,B,True,Forecast
85178,VICTORIAN SEWING KIT,2011-11,2011-12,M2_gbm_poisson,144.554824,384,283.333333,A,True,Forecast
85179A,GREEN BITTY LIGHT CHAIN,2011-11,2011-12,M2_gbm_poisson,100.859656,109,48.000000,C,True,Forecast
85179C,PINK BITTY LIGHT CHAIN,2011-11,2011-12,M2_gbm_poisson,56.616706,47,25.000000,C,True,Forecast
85180A,RED HEARTS LIGHT CHAIN,2011-11,2011-12,M2_gbm_poisson,10.201442,3,6.333333,B,True,Forecast
85180B,PINK HEARTS LIGHT CHAIN,2011-11,2011-12,M2_gbm_poisson,11.331683,2,4.666667,C,True,Forecast
85183A,CHARLIE & LOLA WASTEPAPER BIN BLUE,2011-11,2011-12,M2_gbm_poisson,64.587912,72,69.000000,B,True,Forecast
85183B,CHARLIE & LOLA WASTEPAPER BIN FLORA,2011-11,2011-12,M2_gbm_poisson,75.591407,128,107.333333,B,True,Forecast
85184C,S/4 VALENTINE DECOUPAGE HEART BOX,2011-11,2011-12,M2_gbm_poisson,40.015321,32,25.666667,A,True,Forecast
85185B,PINK HORSE SOCK PUPPET,2011-11,2011-12,M2_gbm_poisson,40.015321,28,16.666667,B,True,Forecast
85186C,BUNNY EGG GARLAND,2011-11,2011-12,M2_gbm_poisson,11.118243,0,8.666667,C,True,Forecast
85187,S/12 MINI RABBIT EASTER,2011-11,2011-12,M2_gbm_poisson,10.810232,6,2.000000,C,True,Forecast
85194L,HANGING SPRING FLOWER EGG LARGE,2011-11,2011-12,M2_gbm_poisson,28.984738,11,3.666667,B,True,Forecast
85194S,HANGING SPRING FLOWER EGG SMALL,2011-11,2011-12,M2_gbm_poisson,85.892856,92,121.666667,C,True,Forecast
85197,SET OF 12 MINI BUNNIES IN A BUCKET,2011-11,2011-12,M2_gbm_poisson,2.154878,0,0.000000,B,True,Forecast
85199L,LARGE HANGING IVORY & RED WOOD BIRD,2011-11,2011-12,M2_gbm_poisson,69.628674,157,168.666667,B,True,Forecast
85199S,SMALL HANGING IVORY/RED WOOD BIRD,2011-11,2011-12,M2_gbm_poisson,370.618188,917,506.333333,B,True,Forecast
85202,HANGING WOOD AND FELT HEART,2011-11,2011-12,M2_gbm_poisson,42.550099,51,23.333333,C,True,Forecast
85203,HANGING WOOD AND FELT BUTTERFLY,2011-11,2011-12,M2_gbm_poisson,45.203058,52,42.666667,C,True,Forecast
85204,HANGING WOOD AND FELT FLOWER,2011-11,2011-12,M2_gbm_poisson,116.916517,254,351.000000,C,True,Forecast
85208,SET/12 FUNKY FELT FLOWER PEG IN BAG,2011-11,2011-12,M2_gbm_poisson,15.321723,2,8.666667,C,True,Forecast
85211,S/4 GROOVY CAT MAGNETS,2011-11,2011-12,M2_gbm_poisson,7.257318,0,2.666667,C,True,Forecast
85212,MINI PAINTED GARDEN DECORATION,2011-11,2011-12,M2_gbm_poisson,85.410315,72,105.000000,C,True,Forecast
85213,MINI  ZINC GARDEN DECORATIONS,2011-11,2011-12,M2_gbm_poisson,3.257302,0,0.000000,C,True,Forecast
85214,TUB 24 PINK FLOWER PEGS,2011-11,2011-12,M2_gbm_poisson,3.645793,0,0.000000,C,True,Forecast
85215,ASSORTED CHEESE FRIDGE MAGNETS,2011-11,2011-12,M2_gbm_poisson,3.651632,0,0.000000,C,True,Forecast
85216,ASSORTED CAKES FRIDGE MAGNETS,2011-11,2011-12,M2_gbm_poisson,9.137277,1,2.333333,B,True,Forecast
85227,SET OF 6 3D KIT CARDS FOR KIDS,2011-11,2011-12,M2_gbm_poisson,118.517941,229,156.333333,B,True,Forecast
85230A,OPIUM SCENTED VOTIVE CANDLE,2011-11,2011-12,M2_gbm_poisson,34.875621,24,40.000000,C,True,Forecast
85230B,CINNAMON SCENTED VOTIVE CANDLE,2011-11,2011-12,M2_gbm_poisson,87.331328,312,232.000000,C,True,Forecast
85230E,STRAWBRY SCENTED VOTIVE CANDLE,2011-11,2011-12,M2_gbm_poisson,14.774955,0,32.000000,C,True,Forecast
85230F,JASMINE VOTIVE CANDLE,2011-11,2011-12,M2_gbm_poisson,30.050098,24,16.000000,C,True,Forecast
85230G,ORANGE VOTIVE CANDLE,2011-11,2011-12,M2_gbm_poisson,44.982515,48,56.000000,C,True,Forecast
85231B,CINAMMON SET OF 9 T-LIGHTS,2011-11,2011-12,M2_gbm_poisson,70.764246,123,119.000000,B,True,Forecast
85231G,ORANGE SCENTED SET/9 T-LIGHTS,2011-11,2011-12,M2_gbm_poisson,16.417591,0,49.000000,B,True,Forecast
85232A,SET/3 POLKA DOT STACKING TINS,2011-11,2011-12,M2_gbm_poisson,2.033330,0,0.000000,B,True,Forecast
85232D,SET/3 DECOUPAGE STACKING TINS,2011-11,2011-12,M2_gbm_poisson,42.488336,49,29.000000,B,True,Forecast
90000A,RASPBERRY ANT COPPER FLOWER NECKLAC,2011-11,2011-12,M2_gbm_poisson,5.235184,3,1.666667,C,True,Forecast
90000B,MIDNIGHT BLUE COPPER FLOWER NECKLAC,2011-11,2011-12,M2_gbm_poisson,2.033330,0,0.000000,C,True,Forecast
90000D,COPPER/OLIVE GREEN FLOWER NECKLACE,2011-11,2011-12,M2_gbm_poisson,5.184311,1,1.333333,C,True,Forecast
90001A,ANTIQUE RASPBERRY FLOWER EARRINGS,2011-11,2011-12,M2_gbm_poisson,3.189117,0,0.333333,C,True,Forecast
90001B,ANTIQUE MID BLUE FLOWER EARRINGS,2011-11,2011-12,M2_gbm_poisson,4.257757,1,0.333333,C,True,Forecast
90001C,ANTIQUE OPAL WHITE FLOWER EARRINGS,2011-11,2011-12,M2_gbm_poisson,3.193127,0,0.333333,C,True,Forecast
90001D,ANTIQUE OLIVE GREEN FLOWER EARRINGS,2011-11,2011-12,M2_gbm_poisson,3.172917,0,0.333333,C,True,Forecast
90003B,ROSE COLOUR PAIR HEART HAIR SLIDES,2011-11,2011-12,M2_gbm_poisson,8.021642,4,2.666667,C,True,Forecast
90003C,MIDNIGHT BLUE PAIR HEART HAIR SLIDE,2011-11,2011-12,M2_gbm_poisson,10.144055,4,4.000000,C,True,Forecast
90003D,CRYSTAL PAIR HEART HAIR SLIDES,2011-11,2011-12,M2_gbm_poisson,14.408893,7,4.666667,C,True,Forecast
90003E,GREEN PAIR HEART HAIR SLIDES,2011-11,2011-12,M2_gbm_poisson,10.016796,5,3.000000,C,True,Forecast
90010A,MIDNIGHT BLUE GLASS/SILVER BRACELET,2011-11,2011-12,M2_gbm_poisson,8.096713,3,2.333333,C,True,Forecast
90010E,AMBER GLASS/SILVER BRACELET,2011-11,2011-12,M2_gbm_poisson,9.839347,5,4.000000,C,True,Forecast
90011A,MIDNIGHT BLUE CRYSTAL DROP EARRINGS,2011-11,2011-12,M2_gbm_poisson,5.938108,2,0.666667,C,True,Forecast
90011B,BLACK CRYSTAL DROP EARRINGS,2011-11,2011-12,M2_gbm_poisson,7.968441,1,2.333333,C,True,Forecast
90011C,GREEN CRYSTAL DROP EARRINGS,2011-11,2011-12,M2_gbm_poisson,4.257757,1,0.333333,C,True,Forecast
90011D,PURPLE CRYSTAL DROP EARRINGS,2011-11,2011-12,M2_gbm_poisson,4.978871,1,0.333333,C,True,Forecast
90011E,AMBER CRYSTAL DROP EARRINGS,2011-11,2011-12,M2_gbm_poisson,2.631812,0,0.333333,C,True,Forecast
90012A,MIDNIGHT BLUE DROP CRYSTAL NECKLACE,2011-11,2011-12,M2_gbm_poisson,5.694942,0,2.666667,C,True,Forecast
90012B,BLACK DROP CRYSTAL NECKLACE,2011-11,2011-12,M2_gbm_poisson,10.888242,6,4.000000,C,True,Forecast
90013A,MIDNIGHT BLUE VINTAGE EARRINGS,2011-11,2011-12,M2_gbm_poisson,13.449224,6,5.333333,C,True,Forecast
90013B,BLACK VINTAGE EARRINGS,2011-11,2011-12,M2_gbm_poisson,15.286107,10,5.000000,C,True,Forecast
90013C,GREEN VINTAGE EARRINGS,2011-11,2011-12,M2_gbm_poisson,14.385232,10,5.333333,C,True,Forecast
90013D,PURPLE VINTAGE EARRINGS,2011-11,2011-12,M2_gbm_poisson,2.043711,0,0.000000,C,True,Forecast
90014A,SILVER/MOP ORBIT NECKLACE,2011-11,2011-12,M2_gbm_poisson,14.114203,7,3.333333,C,True,Forecast
90014B,GOLD M PEARL  ORBIT NECKLACE,2011-11,2011-12,M2_gbm_poisson,3.519253,0,0.666667,C,True,Forecast
90014C,SILVER/BLACK ORBIT NECKLACE,2011-11,2011-12,M2_gbm_poisson,5.044420,2,0.666667,C,True,Forecast
90016A,SILVER/M.O.P PENDANT ORBIT NECKLACE,2011-11,2011-12,M2_gbm_poisson,5.604981,0,3.000000,C,True,Forecast
90016B,GOLD/M.O.P PENDANT ORBIT NECKLACE,2011-11,2011-12,M2_gbm_poisson,8.130049,4,2.666667,C,True,Forecast
90016C,SILVER/BLACK PENDANT ORBIT NECKLACE,2011-11,2011-12,M2_gbm_poisson,2.033330,0,0.000000,C,True,Forecast
90018A,SILVER M.O.P ORBIT DROP EARRINGS,2011-11,2011-12,M2_gbm_poisson,15.101858,10,6.666667,C,True,Forecast
90018B,GOLD M.O.P ORBIT DROP EARRINGS,2011-11,2011-12,M2_gbm_poisson,8.495160,5,2.333333,C,True,Forecast
90018C,SILVER BLACK ORBIT DROP EARRINGS,2011-11,2011-12,M2_gbm_poisson,7.900453,2,2.333333,C,True,Forecast
90019A,SILVER M.O.P ORBIT BRACELET,2011-11,2011-12,M2_gbm_poisson,12.627736,7,5.666667,C,True,Forecast
90019B,GOLD M.O.P ORBIT BRACELET,2011-11,2011-12,M2_gbm_poisson,9.822825,5,2.666667,C,True,Forecast
90019C,SILVER BLACK ORBIT BRACELET,2011-11,2011-12,M2_gbm_poisson,4.239638,1,1.333333,C,True,Forecast
90020,FILIGREE DIAMANTE CHAIN,2011-11,2011-12,M2_gbm_poisson,2.430712,0,0.000000,C,True,Forecast
90022,EDWARDIAN DROP EARRINGS JET BLACK,2011-11,2011-12,M2_gbm_poisson,7.177906,1,2.333333,C,True,Forecast
90023,FILIGREE DIAMANTE EARRINGS,2011-11,2011-12,M2_gbm_poisson,5.020509,2,1.333333,C,True,Forecast
90024B,NEW BAROQUE B'FLY NECKLACE RED,2011-11,2011-12,M2_gbm_poisson,5.347067,2,1.333333,C,True,Forecast
90024C,NEW BAROQUE B'FLY NECKLACE GREEN,2011-11,2011-12,M2_gbm_poisson,2.033330,0,0.000000,C,True,Forecast
90024D,NEW BAROQUE B'FLY NECKLACE PINK,2011-11,2011-12,M2_gbm_poisson,2.446845,0,0.333333,C,True,Forecast
90024F,NEW BAROQUE B'FLY NECKLACE CRYSTAL,2011-11,2011-12,M2_gbm_poisson,3.861985,1,0.666667,C,True,Forecast
90025A,BAROQUE BUTTERFLY EARRINGS BLACK,2011-11,2011-12,M2_gbm_poisson,3.885047,0,0.333333,C,True,Forecast
90025D,BAROQUE BUTTERFLY EARRINGS PINK,2011-11,2011-12,M2_gbm_poisson,2.631812,0,0.333333,C,True,Forecast
90025E,BAROQUE BUTTERFLY EARRINGS MONTANA,2011-11,2011-12,M2_gbm_poisson,2.043711,0,0.000000,C,True,Forecast
90025F,BAROQUE BUTTERFLY EARRINGS CRYSTAL,2011-11,2011-12,M2_gbm_poisson,3.519253,0,0.666667,C,True,Forecast
90026A,GLASS BEAD HOOP NECKLACE BLACK,2011-11,2011-12,M2_gbm_poisson,2.033330,0,0.000000,C,True,Forecast
90026C,GLASS BEAD HOOP NECKLACE GREEN,2011-11,2011-12,M2_gbm_poisson,4.298949,2,0.666667,C,True,Forecast
90026D,GLASS BEAD HOOP NECKLACE AMETHYST,2011-11,2011-12,M2_gbm_poisson,4.516069,1,0.333333,C,True,Forecast
90027A,GLASS BEAD HOOP EARRINGS BLACK,2011-11,2011-12,M2_gbm_poisson,2.614460,0,0.000000,C,True,Forecast
90027B,GLASS BEAD HOOP EARRINGS MONTANA,2011-11,2011-12,M2_gbm_poisson,4.978871,1,0.333333,C,True,Forecast
90027C,GLASS BEAD HOOP EARRINGS GREEN,2011-11,2011-12,M2_gbm_poisson,4.257757,1,0.333333,C,True,Forecast
90027D,GLASS BEAD HOOP EARRINGS AMETHYST,2011-11,2011-12,M2_gbm_poisson,5.078063,2,0.666667,C,True,Forecast
90028,NEW BAROQUE LARGE NECKLACE BLK/WHIT,2011-11,2011-12,M2_gbm_poisson,4.094619,1,1.000000,C,True,Forecast
90029,NEW BAROQUE SMALL NECKLACE BLACK,2011-11,2011-12,M2_gbm_poisson,2.430712,0,0.000000,C,True,Forecast
90030A,SPOTTED WHITE NATURAL SEED NECKLACE,2011-11,2011-12,M2_gbm_poisson,20.821506,6,20.000000,C,True,Forecast
90030B,RED KUKUI COCONUT SEED NECKLACE,2011-11,2011-12,M2_gbm_poisson,31.719298,18,22.000000,C,True,Forecast
90030C,BROWN KUKUI COCONUT SEED NECKLACE,2011-11,2011-12,M2_gbm_poisson,20.821506,6,19.666667,C,True,Forecast
90031,BILI NUT AND WOOD NECKLACE,2011-11,2011-12,M2_gbm_poisson,18.708103,6,12.000000,C,True,Forecast
90032,IVORY SHELL HEART NECKLACE,2011-11,2011-12,M2_gbm_poisson,5.813556,0,3.000000,C,True,Forecast
90033,IVORY SHELL HEART EARRINGS,2011-11,2011-12,M2_gbm_poisson,7.849915,2,0.666667,C,True,Forecast
90036A,FLOWER GARLAND NECKLACE RED,2011-11,2011-12,M2_gbm_poisson,2.430712,0,0.000000,C,True,Forecast
90036B,"FLOWER GLASS GARLAND NECKL.36""GREEN",2011-11,2011-12,M2_gbm_poisson,2.430712,0,0.000000,C,True,Forecast
90036C,"FLOWER GLASS GARLAND NECKL.36""BLUE",2011-11,2011-12,M2_gbm_poisson,4.647527,1,1.333333,C,True,Forecast
90036D,"FLOWER GLASS GARLAND NECKL.36""BLACK",2011-11,2011-12,M2_gbm_poisson,2.033330,0,0.000000,C,True,Forecast
90036E,"FLOWER GLASS GARLD NECKL36""AMETHYST",2011-11,2011-12,M2_gbm_poisson,2.964982,0,0.333333,C,True,Forecast
90037B,TINY CRYSTAL BRACELET GREEN,2011-11,2011-12,M2_gbm_poisson,4.420301,0,0.000000,C,True,Forecast
90037C,TINY CRYSTAL BRACELET BLUE,2011-11,2011-12,M2_gbm_poisson,2.823042,0,0.000000,C,True,Forecast
90038A,GLASS AND PAINTED BEADS BRACELET TO,2011-11,2011-12,M2_gbm_poisson,8.764354,2,2.666667,C,True,Forecast
90038B,GLASS AND PAINTED BEADS BRACELET OL,2011-11,2011-12,M2_gbm_poisson,4.512597,1,1.000000,C,True,Forecast
90038C,GLASS AND BEADS BRACELET IVORY,2011-11,2011-12,M2_gbm_poisson,2.631812,0,0.333333,C,True,Forecast
90039B,FIRE POLISHED GLASS BRACELET MONTAN,2011-11,2011-12,M2_gbm_poisson,2.043711,0,0.000000,C,True,Forecast
90039C,FIRE POLISHED GLASS BRACELET BLACK,2011-11,2011-12,M2_gbm_poisson,5.938108,2,0.666667,C,True,Forecast
90039D,FIRE POLISHED GLASS BRACELET GREEN,2011-11,2011-12,M2_gbm_poisson,5.078063,2,0.666667,C,True,Forecast
90040C,MURANO STYLE GLASS BRACELET GOLD,2011-11,2011-12,M2_gbm_poisson,8.876559,5,2.666667,C,True,Forecast
90041,PEARL AND CHERRY QUARTZ BRACLET,2011-11,2011-12,M2_gbm_poisson,2.631812,0,0.333333,C,True,Forecast
90043,COPPER AND BRASS BAG CHARM,2011-11,2011-12,M2_gbm_poisson,2.924601,0,0.333333,C,True,Forecast
90046,WHITE WITH METAL BAG CHARM,2011-11,2011-12,M2_gbm_poisson,2.033330,0,0.000000,C,True,Forecast
90048,GREEN WITH METAL BAG CHARM,2011-11,2011-12,M2_gbm_poisson,2.033330,0,0.000000,C,True,Forecast
90049,IVORY GOLD METAL BAG CHARM,2011-11,2011-12,M2_gbm_poisson,3.861985,1,0.666667,C,True,Forecast
90050,CRACKED GLAZE NECKLACE IVORY,2011-11,2011-12,M2_gbm_poisson,4.397964,3,1.000000,C,True,Forecast
90051,CRACKED GLAZE NECKLACE RED,2011-11,2011-12,M2_gbm_poisson,3.248093,0,1.000000,C,True,Forecast
90052,CRACKED GLAZE NECKLACE BROWN,2011-11,2011-12,M2_gbm_poisson,3.978728,1,0.333333,C,True,Forecast
90053,CRACKED GLAZE EARRINGS IVORY,2011-11,2011-12,M2_gbm_poisson,4.152979,0,0.333333,C,True,Forecast
90054,CRACKED GLAZE EARRINGS RED,2011-11,2011-12,M2_gbm_poisson,5.361180,2,1.000000,C,True,Forecast
90055,CRACKED GLAZE EARRINGS BROWN,2011-11,2011-12,M2_gbm_poisson,9.179413,2,0.666667,C,True,Forecast
90056,CHUNKY CRACKED GLAZE NECKLACE IVORY,2011-11,2011-12,M2_gbm_poisson,2.446845,0,0.333333,C,True,Forecast
90057,DIAMANTE RING ASSORTED IN BOX.,2011-11,2011-12,M2_gbm_poisson,154.388093,408,160.000000,B,True,Forecast
90058A,CRYSTAL STUD EARRINGS CLEAR DISPLAY,2011-11,2011-12,M2_gbm_poisson,73.154835,180,84.000000,C,True,Forecast
90058B,CRYSTAL STUD EARRINGS ASSORTED COL,2011-11,2011-12,M2_gbm_poisson,78.175300,216,144.000000,C,True,Forecast
90059A,DIAMANTE HAIR GRIP PACK/2 CRYSTAL,2011-11,2011-12,M2_gbm_poisson,17.377422,9,5.000000,C,True,Forecast
90059B,DIAMANTE HAIR GRIP PACK/2 BLACK DIA,2011-11,2011-12,M2_gbm_poisson,9.542855,2,2.666667,C,True,Forecast
90059C,DIAMANTE HAIR GRIP PACK/2 MONTANA,2011-11,2011-12,M2_gbm_poisson,11.467881,4,3.333333,C,True,Forecast
90059D,DIAMANTE HAIR GRIP PACK/2 PERIDOT,2011-11,2011-12,M2_gbm_poisson,12.408136,3,3.333333,C,True,Forecast
90059E,DIAMANTE HAIR GRIP PACK/2 RUBY,2011-11,2011-12,M2_gbm_poisson,15.918485,6,4.333333,C,True,Forecast
90059F,DIAMANTE HAIR GRIP PACK/2 LT ROSE,2011-11,2011-12,M2_gbm_poisson,10.629747,4,3.666667,C,True,Forecast
90060F,FIRE POLISHED GLASS NECKL GREEN,2011-11,2011-12,M2_gbm_poisson,4.188929,1,1.000000,C,True,Forecast
90063A,WHITE VINT ART DECO CRYSTAL NECKLAC,2011-11,2011-12,M2_gbm_poisson,4.702724,2,2.000000,C,True,Forecast
90063B,BLACK VINT ART DEC CRYSTAL NECKLACE,2011-11,2011-12,M2_gbm_poisson,5.117320,3,1.666667,C,True,Forecast
90064A,WHITE VINTAGE CRYSTAL EARRINGS,2011-11,2011-12,M2_gbm_poisson,4.257757,1,0.333333,C,True,Forecast
90064B,BLACK VINTAGE  CRYSTAL EARRINGS,2011-11,2011-12,M2_gbm_poisson,3.729263,0,1.333333,C,True,Forecast
90065A,WHITE VINTAGE CRYSTAL BRACELET,2011-11,2011-12,M2_gbm_poisson,2.033330,0,0.000000,C,True,Forecast
90065B,BLACK VINT ART DEC CRYSTAL BRACELET,2011-11,2011-12,M2_gbm_poisson,3.978728,1,0.666667,C,True,Forecast
90067A,PINK VINTAGE VICTORIAN EARRINGS,2011-11,2011-12,M2_gbm_poisson,9.524476,6,2.333333,C,True,Forecast
90067B,BROWN VINTAGE VICTORIAN EARRINGS,2011-11,2011-12,M2_gbm_poisson,2.043711,0,0.000000,C,True,Forecast
90069,RUBY GLASS CLUSTER NECKLACE,2011-11,2011-12,M2_gbm_poisson,5.142824,2,0.666667,C,True,Forecast
90070,RUBY GLASS CLUSTER BRACELET,2011-11,2011-12,M2_gbm_poisson,6.088912,4,2.000000,C,True,Forecast
90071,RUBY GLASS CLUSTER EARRINGS,2011-11,2011-12,M2_gbm_poisson,13.459806,5,3.333333,C,True,Forecast
90072,RUBY DROP CHANDELIER EARRINGS,2011-11,2011-12,M2_gbm_poisson,9.821642,3,3.666667,C,True,Forecast
90073,VINTAGE ENAMEL & CRYSTAL EARRINGS,2011-11,2011-12,M2_gbm_poisson,5.207313,2,1.333333,C,True,Forecast
90074,BLACK DIAMOND CLUSTER NECKLACE,2011-11,2011-12,M2_gbm_poisson,4.066018,1,1.000000,C,True,Forecast
90075,MONTANA DIAMOND CLUSTER NECKLACE,2011-11,2011-12,M2_gbm_poisson,4.991924,2,0.666667,C,True,Forecast
90076,MONTANA DIAMOND CLUSTER EARRINGS,2011-11,2011-12,M2_gbm_poisson,4.978871,1,0.333333,C,True,Forecast
90077,BLACK DIAMOND CLUSTER EARRINGS,2011-11,2011-12,M2_gbm_poisson,2.631812,0,0.333333,C,True,Forecast
90079,VINTAGE ENAMEL & CRYSTAL NECKLACE,2011-11,2011-12,M2_gbm_poisson,2.964982,0,0.333333,C,True,Forecast
90081A,LILY BROOCH AMETHYST COLOUR,2011-11,2011-12,M2_gbm_poisson,4.223935,2,1.000000,C,True,Forecast
90081C,LILY BROOCH OLIVE COLOUR,2011-11,2011-12,M2_gbm_poisson,5.235184,3,1.333333,C,True,Forecast
90082A,DIAMANTE BOW BROOCH GREEN COLOUR,2011-11,2011-12,M2_gbm_poisson,4.668147,2,1.333333,C,True,Forecast
90082B,DIAMANTE BOW BROOCH RED COLOUR,2011-11,2011-12,M2_gbm_poisson,3.978728,1,0.333333,C,True,Forecast
90082D,DIAMANTE BOW BROOCH BLACK COLOUR,2011-11,2011-12,M2_gbm_poisson,4.652584,1,0.333333,C,True,Forecast
90083,CRYSTAL CZECH CROSS PHONE CHARM,2011-11,2011-12,M2_gbm_poisson,11.762000,8,2.666667,C,True,Forecast
90085,CRYSTAL STILETTO PHONE CHARM,2011-11,2011-12,M2_gbm_poisson,3.261337,0,0.000000,C,True,Forecast
90086,CRYSTAL FROG PHONE CHARM,2011-11,2011-12,M2_gbm_poisson,13.338308,7,6.000000,C,True,Forecast
90087,CRYSTAL SEA HORSE PHONE CHARM,2011-11,2011-12,M2_gbm_poisson,15.014812,5,7.666667,C,True,Forecast
90089,PINK CRYSTAL SKULL PHONE CHARM,2011-11,2011-12,M2_gbm_poisson,5.393995,2,1.000000,C,True,Forecast
90093,CLEAR CRYSTAL STAR PHONE CHARM,2011-11,2011-12,M2_gbm_poisson,5.363588,1,0.666667,C,True,Forecast
90094,NECKLACE+BRACELET SET FRUIT SALAD,2011-11,2011-12,M2_gbm_poisson,7.515419,5,1.666667,C,True,Forecast
90096,NECKLACE+BRACELET SET BLUE BLOSSOM,2011-11,2011-12,M2_gbm_poisson,7.775992,5,2.000000,C,True,Forecast
90098,NECKLACE+BRACELET PINK BUTTERFLY,2011-11,2011-12,M2_gbm_poisson,12.986491,3,5.333333,C,True,Forecast
90099,NECKLACE+BRACELET SET BLUE HIBISCUS,2011-11,2011-12,M2_gbm_poisson,15.860926,12,4.333333,C,True,Forecast
90101,WHITE FRANGIPANI NECKLACE,2011-11,2011-12,M2_gbm_poisson,12.345752,5,4.666667,C,True,Forecast
90102,WHITE FRANGIPANI HAIR CLIP,2011-11,2011-12,M2_gbm_poisson,2.074774,0,0.000000,C,True,Forecast
90103,PURPLE FRANGIPANI NECKLACE,2011-11,2011-12,M2_gbm_poisson,10.504943,5,1.666667,C,True,Forecast
90108,BLUE BLOSSOM HAIR CLIP,2011-11,2011-12,M2_gbm_poisson,11.659477,2,5.000000,C,True,Forecast
90114,SUMMER DAISIES BAG CHARM,2011-11,2011-12,M2_gbm_poisson,45.363113,54,20.000000,C,True,Forecast
90115,SUMMER BUTTERFLIES BAG CHARM,2011-11,2011-12,M2_gbm_poisson,2.141533,0,0.000000,C,True,Forecast
90116,FRUIT SALAD BAG CHARM,2011-11,2011-12,M2_gbm_poisson,11.732395,6,3.000000,C,True,Forecast
90118,PINK DAISY BAG CHARM,2011-11,2011-12,M2_gbm_poisson,16.048575,7,4.333333,C,True,Forecast
90119,METALIC LEAVES BAG CHARMS,2011-11,2011-12,M2_gbm_poisson,33.533799,26,15.666667,C,True,Forecast
90120B,BLUE MURANO TWIST BRACELET,2011-11,2011-12,M2_gbm_poisson,13.768173,12,5.000000,C,True,Forecast
90120C,GREEN MURANO TWIST BRACELET,2011-11,2011-12,M2_gbm_poisson,13.768173,11,5.666667,C,True,Forecast
90122A,PINK CRYSTAL+GLASS BRACELET,2011-11,2011-12,M2_gbm_poisson,4.223935,2,1.000000,C,True,Forecast
90122B,JADE CRYSTAL+GLASS BRACELET,2011-11,2011-12,M2_gbm_poisson,2.446845,0,0.333333,C,True,Forecast
90122C,TURQUOISE CRYSTAL+GLASS BRACELET,2011-11,2011-12,M2_gbm_poisson,7.243050,1,2.666667,C,True,Forecast
90123A,PINK HEART OF GLASS BRACELET,2011-11,2011-12,M2_gbm_poisson,2.964982,0,0.333333,C,True,Forecast
90123B,TURQUOISE HEART OF GLASS BRACELET,2011-11,2011-12,M2_gbm_poisson,2.430712,0,0.000000,C,True,Forecast
90123C,GREEN HEART OF GLASS BRACELET,2011-11,2011-12,M2_gbm_poisson,2.430712,0,0.000000,C,True,Forecast
90123D,WHITE HEART OF GLASS BRACELET,2011-11,2011-12,M2_gbm_poisson,3.978728,1,0.666667,C,True,Forecast
90124A,PINK MURANO TWIST NECKLACE,2011-11,2011-12,M2_gbm_poisson,3.226393,0,1.000000,C,True,Forecast
90124B,BLUE MURANO TWIST NECKLACE,2011-11,2011-12,M2_gbm_poisson,3.889151,1,0.666667,C,True,Forecast
90124C,GREEN MURANO TWIST NECKLACE,2011-11,2011-12,M2_gbm_poisson,4.542892,1,1.666667,C,True,Forecast
90125A,PINK BERTIE GLASS BEAD BAG CHARM,2011-11,2011-12,M2_gbm_poisson,2.043711,0,0.000000,C,True,Forecast
90125B,AQUA BERTIE GLASS BEAD BAG CHARM,2011-11,2011-12,M2_gbm_poisson,2.043711,0,0.000000,C,True,Forecast
90125D,PURPLE BERTIE GLASS BEAD BAG CHARM,2011-11,2011-12,M2_gbm_poisson,2.043711,0,0.000000,C,True,Forecast
90126C,AMBER BERTIE MOBILE PHONE CHARM,2011-11,2011-12,M2_gbm_poisson,2.043711,0,0.000000,C,True,Forecast
90127A,PINK BEADS+HAND PHONE CHARM,2011-11,2011-12,M2_gbm_poisson,2.154878,0,0.000000,C,True,Forecast
90128A,PINK LEAVES AND BEADS PHONE CHARM,2011-11,2011-12,M2_gbm_poisson,2.154878,0,0.000000,C,True,Forecast
90128C,GREEN LEAVES AND BEADS PHONE CHARM,2011-11,2011-12,M2_gbm_poisson,4.489924,0,0.333333,C,True,Forecast
90129A,PINK GLASS TASSLE BAG CHARM,2011-11,2011-12,M2_gbm_poisson,5.320863,0,2.000000,C,True,Forecast
90129B,TURQUOISE GLASS TASSLE BAG CHARM,2011-11,2011-12,M2_gbm_poisson,14.452329,9,6.333333,C,True,Forecast
90129C,GREEN GLASS TASSLE BAG CHARM,2011-11,2011-12,M2_gbm_poisson,11.030869,1,4.666667,C,True,Forecast
90129D,AMBER GLASS TASSLE BAG CHARM,2011-11,2011-12,M2_gbm_poisson,6.516934,0,3.666667,C,True,Forecast
90129E,PURPLE GLASS TASSLE BAG CHARM,2011-11,2011-12,M2_gbm_poisson,10.432142,2,4.333333,C,True,Forecast
90129F,RED GLASS TASSLE BAG CHARM,2011-11,2011-12,M2_gbm_poisson,13.315634,9,5.666667,C,True,Forecast
90130A,WHITE STONE/CRYSTAL EARRINGS,2011-11,2011-12,M2_gbm_poisson,5.282403,4,1.666667,C,True,Forecast
90130B,TURQ STONE/CRYSTAL EARRINGS,2011-11,2011-12,M2_gbm_poisson,13.751837,6,5.000000,C,True,Forecast
90130C,GREEN STONE/CRYSTAL EARRINGS,2011-11,2011-12,M2_gbm_poisson,5.282403,3,1.666667,C,True,Forecast
90130D,RED STONE/CRYSTAL EARRINGS,2011-11,2011-12,M2_gbm_poisson,5.938108,2,0.666667,C,True,Forecast
90131,PINK/AMETHYST/GOLD NECKLACE,2011-11,2011-12,M2_gbm_poisson,2.033330,0,0.000000,C,True,Forecast
90132,LIGHT TOPAZ TEAL/AQUA COL NECKLACE,2011-11,2011-12,M2_gbm_poisson,2.430712,0,0.000000,C,True,Forecast
90133,TEAL/FUSCHIA COL BEAD NECKLACE,2011-11,2011-12,M2_gbm_poisson,15.343581,12,4.000000,C,True,Forecast
90134,OLD ROSE COMBO BEAD NECKLACE,2011-11,2011-12,M2_gbm_poisson,15.396221,7,4.000000,C,True,Forecast
90137,PINK COMBO MINI CRYSTALS NECKLACE,2011-11,2011-12,M2_gbm_poisson,2.033330,0,0.000000,C,True,Forecast
90138,WHITE/PINK MINI CRYSTALS NECKLACE,2011-11,2011-12,M2_gbm_poisson,3.978728,1,0.333333,C,True,Forecast
90140,PINK SWEETIE NECKLACE,2011-11,2011-12,M2_gbm_poisson,2.430712,0,0.000000,C,True,Forecast
90141A,GREEN PENDANT TRIPLE SHELL NECKLACE,2011-11,2011-12,M2_gbm_poisson,5.044420,2,0.666667,C,True,Forecast
90141B,IVORY PENDANT TRIPLE SHELL NECKLACE,2011-11,2011-12,M2_gbm_poisson,2.033330,0,0.000000,C,True,Forecast
90141C,TURQ PENDANT TRIPLE SHELL NECKLACE,2011-11,2011-12,M2_gbm_poisson,5.470223,4,1.333333,C,True,Forecast
90141D,ROSE PENDANT TRIPLE SHELL NECKLACE,2011-11,2011-12,M2_gbm_poisson,2.033330,0,0.000000,C,True,Forecast
90141E,ORANGE PENDANT TRIPLE SHELL NECKLAC,2011-11,2011-12,M2_gbm_poisson,3.250238,0,0.666667,C,True,Forecast
90142D,MOP PENDANT SHELL NECKLACE,2011-11,2011-12,M2_gbm_poisson,3.248093,0,1.000000,C,True,Forecast
90143,SILVER BRACELET W PASTEL FLOWER,2011-11,2011-12,M2_gbm_poisson,3.463376,0,1.333333,C,True,Forecast
90144,SILVER DROP EARRINGS WITH FLOWER,2011-11,2011-12,M2_gbm_poisson,5.797564,3,2.000000,C,True,Forecast
90145,SILVER HOOP EARRINGS WITH FLOWER,2011-11,2011-12,M2_gbm_poisson,9.612913,2,3.333333,C,True,Forecast
90146,FINE SILVER NECKLACE W PASTEL FLOWE,2011-11,2011-12,M2_gbm_poisson,5.776760,0,3.000000,C,True,Forecast
90147,CHUNKY SILVER NECKLACE PASTEL FLOWE,2011-11,2011-12,M2_gbm_poisson,12.548588,6,3.333333,C,True,Forecast
90148,LONG SILVER NECKLACE PASTEL FLOWER,2011-11,2011-12,M2_gbm_poisson,2.446845,0,0.333333,C,True,Forecast
90149,SILVER FLOWR PINK SHELL NECKLACE,2011-11,2011-12,M2_gbm_poisson,7.558830,0,17.000000,C,True,Forecast
90151,SILVER/NATURAL SHELL NECKLACE,2011-11,2011-12,M2_gbm_poisson,5.027039,2,0.666667,C,True,Forecast
90152A,SILVER/NAT SHELL NECKLACE W PENDANT,2011-11,2011-12,M2_gbm_poisson,3.978728,1,0.666667,C,True,Forecast
90154,LAZER CUT NECKLACE W PASTEL BEADS,2011-11,2011-12,M2_gbm_poisson,11.464176,1,17.666667,C,True,Forecast
90155,RESIN NECKLACE W PASTEL BEADS,2011-11,2011-12,M2_gbm_poisson,5.470223,3,1.333333,C,True,Forecast
90156,RESIN BRACELET W PASTEL BEADS,2011-11,2011-12,M2_gbm_poisson,2.446845,0,0.333333,C,True,Forecast
90157,RIVIERA NECKLACE,2011-11,2011-12,M2_gbm_poisson,8.218810,6,2.000000,C,True,Forecast
90158,ST TROPEZ NECKLACE,2011-11,2011-12,M2_gbm_poisson,17.134614,13,6.000000,C,True,Forecast
90159,COTE D'AZURE NECKLACE,2011-11,2011-12,M2_gbm_poisson,3.978728,1,0.666667,C,True,Forecast
90160A,PURPLE BOUDICCA LARGE BRACELET,2011-11,2011-12,M2_gbm_poisson,6.810996,0,3.333333,C,True,Forecast
90160B,RED BOUDICCA LARGE BRACELET,2011-11,2011-12,M2_gbm_poisson,9.569057,1,3.333333,C,True,Forecast
90160C,TURQ+RED BOUDICCA LARGE BRACELET,2011-11,2011-12,M2_gbm_poisson,15.525888,13,7.333333,C,True,Forecast
90160D,PINK BOUDICCA LARGE BRACELET,2011-11,2011-12,M2_gbm_poisson,11.989602,10,6.666667,C,True,Forecast
90161A,ANT COPPER RED BOUDICCA BRACELET,2011-11,2011-12,M2_gbm_poisson,4.668147,2,1.333333,C,True,Forecast
90161B,ANT COPPER TURQ BOUDICCA BRACELET,2011-11,2011-12,M2_gbm_poisson,20.347141,14,12.333333,C,True,Forecast
90161C,ANT COPPER LIME BOUDICCA BRACELET,2011-11,2011-12,M2_gbm_poisson,28.305910,21,13.666667,C,True,Forecast
90161D,ANT COPPER PINK BOUDICCA BRACELET,2011-11,2011-12,M2_gbm_poisson,12.742603,5,7.666667,C,True,Forecast
90162A,ANT SILVER TURQUOISE BOUDICCA RING,2011-11,2011-12,M2_gbm_poisson,9.555802,6,2.000000,C,True,Forecast
90162B,ANT SILVER LIME GREEN BOUDICCA RING,2011-11,2011-12,M2_gbm_poisson,14.313664,12,5.666667,C,True,Forecast
90162C,ANT SILVER FUSCHIA BOUDICCA RING,2011-11,2011-12,M2_gbm_poisson,3.796420,0,1.333333,C,True,Forecast
90162D,ANT SILVER PURPLE BOUDICCA RING,2011-11,2011-12,M2_gbm_poisson,3.729263,0,1.333333,C,True,Forecast
90163A,PINK ROSEBUD & PEARL NECKLACE,2011-11,2011-12,M2_gbm_poisson,5.044420,3,1.000000,C,True,Forecast
90163B,WHITE ROSEBUD & PEARL NECKLACE,2011-11,2011-12,M2_gbm_poisson,2.983868,0,0.333333,C,True,Forecast
90164A,PINK ROSEBUD PEARL BRACELET,2011-11,2011-12,M2_gbm_poisson,13.901357,9,3.333333,C,True,Forecast
90164B,WHITE  ROSEBUD PEARL BRACELET,2011-11,2011-12,M2_gbm_poisson,26.060962,19,9.333333,C,True,Forecast
90165A,PINK ROSEBUD PEARL EARRINGS,2011-11,2011-12,M2_gbm_poisson,6.776652,3,1.333333,C,True,Forecast
90165B,WHITE ROSEBUD  PEARL EARRINGS,2011-11,2011-12,M2_gbm_poisson,6.750197,4,2.000000,C,True,Forecast
90166,PINK & WHITE ROSEBUD RING,2011-11,2011-12,M2_gbm_poisson,9.955480,2,3.666667,C,True,Forecast
90168,2 DAISIES HAIR COMB,2011-11,2011-12,M2_gbm_poisson,9.867347,3,3.333333,C,True,Forecast
90169,DAISY HAIR COMB,2011-11,2011-12,M2_gbm_poisson,8.513200,1,2.666667,C,True,Forecast
90170,DAISY HAIR BAND,2011-11,2011-12,M2_gbm_poisson,22.576594,12,8.333333,C,True,Forecast
90173,PAIR BUTTERFLY HAIR CLIPS,2011-11,2011-12,M2_gbm_poisson,3.189117,0,0.333333,C,True,Forecast
90174,BUTTERFLY HAIR BAND,2011-11,2011-12,M2_gbm_poisson,15.108271,8,6.333333,C,True,Forecast
90175A,WHITE GLASS CHUNKY CHARM BRACELET,2011-11,2011-12,M2_gbm_poisson,5.347067,3,1.333333,C,True,Forecast
90175B,PINK GLASS CHUNKY CHARM BRACELET,2011-11,2011-12,M2_gbm_poisson,4.563049,2,1.666667,C,True,Forecast
90175C,BLUE GLASS CHUNKY CHARM BRACELET,2011-11,2011-12,M2_gbm_poisson,5.027039,2,0.666667,C,True,Forecast
90175D,TIGRIS EYE CHUNKY CHARM BRACELET,2011-11,2011-12,M2_gbm_poisson,5.405370,3,1.666667,C,True,Forecast
90176A,CLASSIC DIAMANTE NECKLACE JET,2011-11,2011-12,M2_gbm_poisson,5.142824,2,0.666667,C,True,Forecast
90176B,DIAMANTE NECKLACE BLACK,2011-11,2011-12,M2_gbm_poisson,5.857563,3,1.000000,C,True,Forecast
90176C,DIAMANTE NECKLACE,2011-11,2011-12,M2_gbm_poisson,2.430712,0,0.000000,C,True,Forecast
90176D,DIAMANTE NECKLACE PURPLE,2011-11,2011-12,M2_gbm_poisson,4.223935,2,1.000000,C,True,Forecast
90176E,DIAMANTE NECKLACE GREEN,2011-11,2011-12,M2_gbm_poisson,3.761410,0,0.333333,C,True,Forecast
90177A,CLASSIC DIAMANTE EARRINGS JET,2011-11,2011-12,M2_gbm_poisson,8.048630,1,2.666667,C,True,Forecast
90177B,DROP DIAMANTE EARRINGS BLACK DIAMON,2011-11,2011-12,M2_gbm_poisson,2.043711,0,0.000000,C,True,Forecast
90177C,DROP DIAMANTE EARRINGS CRYSTAL,2011-11,2011-12,M2_gbm_poisson,10.018273,2,2.666667,C,True,Forecast
90177D,DROP DIAMANTE EARRINGS PURPLE,2011-11,2011-12,M2_gbm_poisson,11.064318,3,3.666667,C,True,Forecast
90177E,DROP DIAMANTE EARRINGS GREEN,2011-11,2011-12,M2_gbm_poisson,7.968441,1,2.333333,C,True,Forecast
90178A,AMBER CHUNKY GLASS+BEAD NECKLACE,2011-11,2011-12,M2_gbm_poisson,2.924601,0,0.666667,C,True,Forecast
90179A,AMBER FINE BEAD NECKLACE W TASSEL,2011-11,2011-12,M2_gbm_poisson,5.044420,3,1.000000,C,True,Forecast
90179B,PURPLE FINE BEAD NECKLACE W TASSEL,2011-11,2011-12,M2_gbm_poisson,4.652584,1,0.333333,C,True,Forecast
90179C,BLACK FINE BEAD NECKLACE W TASSEL,2011-11,2011-12,M2_gbm_poisson,3.950936,1,0.333333,C,True,Forecast
90180A,BLACK+WHITE NECKLACE W TASSEL,2011-11,2011-12,M2_gbm_poisson,8.016729,2,2.666667,C,True,Forecast
90180B,PURPLE AMETHYST NECKLACE W TASSEL,2011-11,2011-12,M2_gbm_poisson,4.547836,1,0.333333,C,True,Forecast
90181A,AMBER GLASS/SHELL/PEARL NECKLACE,2011-11,2011-12,M2_gbm_poisson,5.117320,3,1.333333,C,True,Forecast
90181B,AMETHYST GLASS/SHELL/PEARL NECKLACE,2011-11,2011-12,M2_gbm_poisson,5.117320,2,1.333333,C,True,Forecast
90182A,AMBER 3 BEAD DROP EARRINGS,2011-11,2011-12,M2_gbm_poisson,5.245505,4,1.666667,C,True,Forecast
90182B,AMETHYST 3 BEAD DROP EARRINGS,2011-11,2011-12,M2_gbm_poisson,5.938108,3,1.000000,C,True,Forecast
90182C,BLACK 3 BEAD DROP EARRINGS,2011-11,2011-12,M2_gbm_poisson,5.700680,0,2.333333,C,True,Forecast
90183A,AMBER DROP EARRINGS W LONG BEADS,2011-11,2011-12,M2_gbm_poisson,11.890164,3,7.666667,C,True,Forecast
90183B,AMETHYST DROP EARRINGS W LONG BEADS,2011-11,2011-12,M2_gbm_poisson,8.648300,4,2.333333,C,True,Forecast
90183C,BLACK DROP EARRINGS W LONG BEADS,2011-11,2011-12,M2_gbm_poisson,7.526899,5,2.000000,C,True,Forecast
90184A,AMBER CHUNKY BEAD BRACELET W STRAP,2011-11,2011-12,M2_gbm_poisson,3.889151,1,0.333333,C,True,Forecast
90184B,AMETHYST CHUNKY BEAD BRACELET W STR,2011-11,2011-12,M2_gbm_poisson,12.271226,5,4.000000,C,True,Forecast
90184C,BLACK CHUNKY BEAD BRACELET W STRAP,2011-11,2011-12,M2_gbm_poisson,8.541943,4,3.333333,C,True,Forecast
90185A,AMBER DIAMANTE EXPANDABLE RING,2011-11,2011-12,M2_gbm_poisson,7.106392,1,3.000000,C,True,Forecast
90185B,AMETHYST DIAMANTE EXPANDABLE RING,2011-11,2011-12,M2_gbm_poisson,7.968441,1,2.666667,C,True,Forecast
90185C,BLACK DIAMANTE EXPANDABLE RING,2011-11,2011-12,M2_gbm_poisson,5.700680,0,3.000000,C,True,Forecast
90185D,CRYSTAL DIAMANTE EXPANDABLE RING,2011-11,2011-12,M2_gbm_poisson,2.043711,0,0.000000,C,True,Forecast
90186A,AMETHYST HOOP EARRING FLORAL LEAF,2011-11,2011-12,M2_gbm_poisson,4.257757,1,0.333333,C,True,Forecast
90186B,CRYSTAL HOOP EARRING FLORAL LEAF,2011-11,2011-12,M2_gbm_poisson,17.503015,13,4.666667,C,True,Forecast
90187B,GREEN DROP EARRINGS W BEAD CLUSTER,2011-11,2011-12,M2_gbm_poisson,4.257757,1,0.333333,C,True,Forecast
90188,DROP EARRINGS W FLOWER & LEAF,2011-11,2011-12,M2_gbm_poisson,4.512498,1,0.666667,C,True,Forecast
90189A,SILVER 2 STRAND NECKLACE-LEAF CHARM,2011-11,2011-12,M2_gbm_poisson,3.978728,1,0.666667,C,True,Forecast
90190A,SILVER/CRYSTAL DROP EARRINGS W LEAF,2011-11,2011-12,M2_gbm_poisson,5.282403,4,1.666667,C,True,Forecast
90190B,GOLD/AMBER DROP EARRINGS W LEAF,2011-11,2011-12,M2_gbm_poisson,4.257757,1,0.333333,C,True,Forecast
90190C,SILVER/AMETHYST DROP EARRINGS LEAF,2011-11,2011-12,M2_gbm_poisson,12.107959,7,2.666667,C,True,Forecast
90191,SILVER LARIAT 40CM,2011-11,2011-12,M2_gbm_poisson,13.748325,6,6.666667,C,True,Forecast
90192,JADE DROP EARRINGS W FILIGREE,2011-11,2011-12,M2_gbm_poisson,9.869699,6,5.666667,C,True,Forecast
90194,SILVER LARIAT BLACK STONE EARRINGS,2011-11,2011-12,M2_gbm_poisson,5.203916,0,2.666667,C,True,Forecast
90195A,PURPLE GEMSTONE BRACELET,2011-11,2011-12,M2_gbm_poisson,4.668147,2,1.333333,C,True,Forecast
90195B,BLACK GEMSTONE BRACELET,2011-11,2011-12,M2_gbm_poisson,4.257757,1,0.666667,C,True,Forecast
90196A,PURPLE GEMSTONE NECKLACE 45CM,2011-11,2011-12,M2_gbm_poisson,5.765962,2,0.666667,C,True,Forecast
90196B,BLACK GEMSTONE NECKLACE 45CM,2011-11,2011-12,M2_gbm_poisson,4.930850,2,0.666667,C,True,Forecast
90197B,BLACK GLASS BRACELET W HEART CHARMS,2011-11,2011-12,M2_gbm_poisson,9.507696,6,3.000000,C,True,Forecast
90198A,VINTAGE ROSE BEAD BRACELET RASPBERR,2011-11,2011-12,M2_gbm_poisson,24.723837,19,8.333333,C,True,Forecast
90198B,VINTAGE ROSE BEAD BRACELET BLACK,2011-11,2011-12,M2_gbm_poisson,13.768173,11,4.333333,C,True,Forecast
90199A,5 STRAND GLASS NECKLACE BLACK,2011-11,2011-12,M2_gbm_poisson,4.397964,2,0.666667,C,True,Forecast
90199B,5 STRAND GLASS NECKLACE AMETHYST,2011-11,2011-12,M2_gbm_poisson,5.235184,3,1.666667,C,True,Forecast
90199C,5 STRAND GLASS NECKLACE CRYSTAL,2011-11,2011-12,M2_gbm_poisson,9.952121,6,3.000000,C,True,Forecast
90199D,5 STRAND GLASS NECKLACE AMBER,2011-11,2011-12,M2_gbm_poisson,3.978728,1,0.666667,C,True,Forecast
90200A,PURPLE SWEETHEART BRACELET,2011-11,2011-12,M2_gbm_poisson,12.719589,7,4.000000,C,True,Forecast
90200B,BLACK SWEETHEART BRACELET,2011-11,2011-12,M2_gbm_poisson,10.343007,5,5.333333,C,True,Forecast
90200D,PINK SWEETHEART BRACELET,2011-11,2011-12,M2_gbm_poisson,27.711723,14,17.666667,B,True,Forecast
90200E,GREEN SWEETHEART BRACELET,2011-11,2011-12,M2_gbm_poisson,19.938359,8,12.000000,C,True,Forecast
90201A,PURPLE ENAMEL FLOWER RING,2011-11,2011-12,M2_gbm_poisson,14.312260,4,11.000000,C,True,Forecast
90201B,BLACK ENAMEL FLOWER RING,2011-11,2011-12,M2_gbm_poisson,14.365813,1,11.000000,C,True,Forecast
90201C,RED ENAMEL FLOWER RING,2011-11,2011-12,M2_gbm_poisson,11.911235,1,9.000000,C,True,Forecast
90201D,GREEN ENAMEL FLOWER RING,2011-11,2011-12,M2_gbm_poisson,17.302070,5,11.000000,C,True,Forecast
90202A,PURPLE ENAMEL FLOWER HAIR TIE,2011-11,2011-12,M2_gbm_poisson,10.594229,4,3.333333,C,True,Forecast
90202B,WHITE ENAMEL FLOWER HAIR TIE,2011-11,2011-12,M2_gbm_poisson,7.539581,2,3.000000,C,True,Forecast
90202C,GREEN ENAMEL FLOWER HAIR TIE,2011-11,2011-12,M2_gbm_poisson,8.035033,2,2.666667,C,True,Forecast
90202D,PINK ENAMEL FLOWER HAIR TIE,2011-11,2011-12,M2_gbm_poisson,8.877868,3,3.000000,C,True,Forecast
90204,PAIR OF ENAMEL BUTTERFLY HAIRCLIP,2011-11,2011-12,M2_gbm_poisson,14.385232,7,4.000000,C,True,Forecast
90205A,LARGE MINT DIAMANTE HAIRSLIDE,2011-11,2011-12,M2_gbm_poisson,9.077905,4,3.000000,C,True,Forecast
90205C,LARGE CRYSTAL DIAMANTE HAIRSLIDE,2011-11,2011-12,M2_gbm_poisson,9.235818,4,3.000000,C,True,Forecast
90206A,GOLD DIAMANTE STAR BROOCH,2011-11,2011-12,M2_gbm_poisson,5.470223,2,1.666667,C,True,Forecast
90206C,CRYSTAL DIAMANTE STAR BROOCH,2011-11,2011-12,M2_gbm_poisson,12.445984,7,3.000000,C,True,Forecast
90208,PAIR OF PINK FLOWER CLUSTER SLIDE,2011-11,2011-12,M2_gbm_poisson,16.522108,12,7.000000,C,True,Forecast
90209A,PURPLE ENAMEL+GLASS HAIR COMB,2011-11,2011-12,M2_gbm_poisson,32.010528,40,15.333333,C,True,Forecast
90209B,GREEN ENAMEL+GLASS HAIR COMB,2011-11,2011-12,M2_gbm_poisson,4.520976,0,0.333333,C,True,Forecast
90209C,PINK ENAMEL+GLASS HAIR COMB,2011-11,2011-12,M2_gbm_poisson,6.522650,0,3.000000,C,True,Forecast
90210A,GREY ACRYLIC FACETED BANGLE,2011-11,2011-12,M2_gbm_poisson,2.043711,0,0.000000,C,True,Forecast
90210B,CLEAR ACRYLIC FACETED BANGLE,2011-11,2011-12,M2_gbm_poisson,8.340627,0,5.333333,C,True,Forecast
90210C,RED   ACRYLIC FACETED BANGLE,2011-11,2011-12,M2_gbm_poisson,2.043711,0,0.000000,C,True,Forecast
90210D,PURPLE ACRYLIC FACETED BANGLE,2011-11,2011-12,M2_gbm_poisson,17.025314,11,7.000000,C,True,Forecast
90211A,DIAMOND LAS VEGAS NECKLACE 45CM,2011-11,2011-12,M2_gbm_poisson,7.006186,5,1.666667,C,True,Forecast
90211B,JET BLACK LAS VEGAS NECKLACE 45CM,2011-11,2011-12,M2_gbm_poisson,5.142824,2,0.666667,C,True,Forecast
90212C,PURPLE LAS VEGAS BRACELET ROUND,2011-11,2011-12,M2_gbm_poisson,2.904256,0,1.000000,C,True,Forecast
90214A,"LETTER ""A"" BLING KEY RING",2011-11,2011-12,M2_gbm_poisson,24.933098,16,9.000000,C,True,Forecast
90214B,"LETTER ""B"" BLING KEY RING",2011-11,2011-12,M2_gbm_poisson,3.335459,0,1.000000,C,True,Forecast
90214C,"LETTER ""C"" BLING KEY RING",2011-11,2011-12,M2_gbm_poisson,30.258021,6,2.666667,C,True,Forecast
90214D,"LETTER ""D"" BLING KEY RING",2011-11,2011-12,M2_gbm_poisson,10.808493,6,3.000000,C,True,Forecast
90214E,"LETTER ""E"" BLING KEY RING",2011-11,2011-12,M2_gbm_poisson,13.001329,6,4.000000,C,True,Forecast
90214F,"LETTER ""F"" BLING KEY RING",2011-11,2011-12,M2_gbm_poisson,4.190539,0,1.000000,C,True,Forecast
90214G,"LETTER ""G"" BLING KEY RING",2011-11,2011-12,M2_gbm_poisson,10.808493,6,3.000000,C,True,Forecast
90214H,"LETTER ""H"" BLING KEY RING",2011-11,2011-12,M2_gbm_poisson,15.846985,8,4.333333,C,True,Forecast
90214I,"LETTER ""I"" BLING KEY RING",2011-11,2011-12,M2_gbm_poisson,4.484473,0,1.000000,C,True,Forecast
90214J,"LETTER ""J"" BLING KEY RING",2011-11,2011-12,M2_gbm_poisson,14.091061,7,5.333333,C,True,Forecast
90214K,"LETTER ""K"" BLING KEY RING",2011-11,2011-12,M2_gbm_poisson,12.573095,6,3.333333,C,True,Forecast
90214L,"LETTER ""L"" BLING KEY RING",2011-11,2011-12,M2_gbm_poisson,7.037797,0,3.000000,C,True,Forecast
90214M,"LETTER ""M"" BLING KEY RING",2011-11,2011-12,M2_gbm_poisson,13.001329,6,4.000000,C,True,Forecast
90214N,"LETTER ""N"" BLING KEY RING",2011-11,2011-12,M2_gbm_poisson,5.841149,2,2.000000,C,True,Forecast
90214O,"LETTER ""O"" BLING KEY RING",2011-11,2011-12,M2_gbm_poisson,4.278522,0,0.333333,C,True,Forecast
90214P,"LETTER ""P"" BLING KEY RING",2011-11,2011-12,M2_gbm_poisson,4.251441,0,0.333333,C,True,Forecast
90214R,"LETTER ""R"" BLING KEY RING",2011-11,2011-12,M2_gbm_poisson,3.540435,0,1.333333,C,True,Forecast
90214S,"LETTER ""S"" BLING KEY RING",2011-11,2011-12,M2_gbm_poisson,14.978018,12,8.000000,C,True,Forecast
90214T,"LETTER ""T"" BLING KEY RING",2011-11,2011-12,M2_gbm_poisson,3.335459,0,0.666667,C,True,Forecast
90214V,"LETTER ""V"" BLING KEY RING",2011-11,2011-12,M2_gbm_poisson,5.237590,1,0.666667,C,True,Forecast
90214W,"LETTER ""W"" BLING KEY RING",2011-11,2011-12,M2_gbm_poisson,2.192547,0,0.000000,C,True,Forecast
90214Y,"LETTER ""Y"" BLING KEY RING",2011-11,2011-12,M2_gbm_poisson,4.234083,0,0.666667,C,True,Forecast
90214Z,"LETTER ""Z"" BLING KEY RING",2011-11,2011-12,M2_gbm_poisson,3.905592,0,1.000000,C,True,Forecast
DCGSSBOY,BOYS PARTY BAG,2011-11,2011-12,M2_gbm_poisson,3.386798,0,0.666667,C,True,Forecast
DCGSSGIRL,GIRLS PARTY BAG,2011-11,2011-12,M2_gbm_poisson,4.725553,1,0.666667,C,True,Forecast
