stock_code,selling_months,first_month,last_month,span_months,units
10002,17,2009-12,2011-04,17,8671
10002R,2,2009-12,2010-01,2,4
10080,11,2009-12,2011-11,24,315
10109,1,2009-12,2009-12,1,4
10120,21,2009-12,2011-12,25,664
10123C,14,2009-12,2011-03,16,650
10123G,6,2009-12,2010-11,12,2251
10124A,12,2010-03,2011-11,21,58
10124G,9,2010-05,2011-11,19,33
10125,23,2009-12,2011-12,25,2103
10133,22,2009-12,2011-09,22,3837
10134,12,2009-12,2010-11,12,625
10135,25,2009-12,2011-12,25,4226
10138,5,2009-12,2010-04,5,261
11001,25,2009-12,2011-12,25,4829
15030,17,2009-12,2011-12,25,254
15034,25,2009-12,2011-12,25,10153
15036,25,2009-12,2011-12,25,44272
15039,25,2009-12,2011-12,25,5101
15044A,25,2009-12,2011-12,25,4964
15044B,21,2009-12,2011-09,22,1670
15044C,25,2009-12,2011-12,25,967
15044D,25,2009-12,2011-12,25,1596
15056BL,25,2009-12,2011-12,25,9620
15056N,25,2009-12,2011-12,25,11459
15056P,25,2009-12,2011-12,25,2519
15058A,18,2010-01,2011-11,23,476
15058B,20,2010-01,2011-11,23,438
15058C,20,2010-01,2011-12,24,470
15059A,1,2009-12,2009-12,1,509
15060B,24,2009-12,2011-11,24,1419
16008,17,2010-03,2011-12,22,3141
16010,4,2010-01,2011-03,15,32
16011,24,2009-12,2011-12,25,3812
16012,22,2009-12,2011-12,25,2901
16014,24,2009-12,2011-12,25,29355
16015,21,2009-12,2011-11,24,1572
16016,25,2009-12,2011-12,25,2314
16020C,14,2009-12,2011-07,20,160
16033,15,2009-12,2011-02,15,15121
16043,9,2009-12,2011-06,19,2145
16044,2,2010-01,2010-02,2,6193
16045,14,2010-01,2011-12,24,9312
16046,22,2009-12,2011-11,24,10056
16047,10,2009-12,2010-10,11,10612
16048,25,2009-12,2011-12,25,3461
16049,11,2009-12,2011-05,18,3169
16050,3,2010-02,2010-04,3,151
16051,3,2009-12,2010-06,7,941
16052,15,2009-12,2011-06,19,848
16053,8,2010-01,2010-11,11,4313
16054,12,2010-01,2011-12,24,1210
16119,1,2009-12,2009-12,1,273
16151A,3,2010-04,2011-05,14,52
16156L,19,2010-01,2011-12,24,950
16156N,7,2009-12,2010-06,7,1475
16156S,25,2009-12,2011-12,25,16661
16161C,1,2009-12,2009-12,1,450
16161E,3,2009-12,2010-02,3,750
16161G,17,2010-01,2011-11,23,975
16161M,12,2009-12,2010-12,13,1050
16161P,24,2009-12,2011-12,25,13198
16161U,25,2009-12,2011-12,25,10026
16162L,13,2009-12,2011-09,22,8101
16162M,7,2010-06,2011-11,18,88
16168M,24,2009-12,2011-12,25,1686
16168S,3,2009-12,2010-02,3,1283
16169A,1,2010-04,2010-04,1,25
16169C,4,2009-12,2010-11,12,1350
16169D,1,2009-12,2009-12,1,250
16169E,6,2011-07,2011-12,6,4563
16169F,5,2009-12,2010-10,11,975
16169G,1,2009-12,2009-12,1,25
16169K,13,2009-12,2011-09,22,2075
16169M,21,2009-12,2011-12,25,2060
16169N,12,2009-12,2010-12,13,2025
16169P,13,2009-12,2010-12,13,1750
16192,1,2009-12,2009-12,1,3
16201A,6,2009-12,2010-09,10,101
16201B,1,2009-12,2009-12,1,34
16202A,11,2009-12,2011-04,17,662
16202B,12,2009-12,2011-04,17,1039
16202C,6,2009-12,2010-05,6,97
16202E,9,2009-12,2011-04,17,82
16206B,8,2010-01,2011-01,13,96
16207A,18,2009-12,2011-11,24,143
16207B,10,2009-12,2011-08,21,265
16212,11,2009-12,2010-11,12,366
16215,1,2009-12,2009-12,1,8
16216,23,2009-12,2011-12,25,4158
16218,23,2009-12,2011-12,25,4629
16219,22,2009-12,2011-12,25,3357
16225,24,2009-12,2011-12,25,1520
16235,25,2009-12,2011-12,25,5827
16236,25,2009-12,2011-12,25,2652
16237,25,2009-12,2011-12,25,10385
16238,25,2009-12,2011-12,25,2447
16239,4,2009-12,2010-03,4,347
16243B,4,2009-12,2010-03,4,212
16244A,4,2009-12,2010-03,4,186
16244B,8,2009-12,2011-05,18,345
16245A,5,2010-03,2010-07,5,11
16248B,8,2010-09,2011-10,14,81
16254,14,2010-01,2011-11,23,941
16256B,7,2009-12,2010-06,7,524
16256C,5,2009-12,2010-05,6,169
16258A,23,2009-12,2011-12,25,1063
16258B,1,2009-12,2009-12,1,1016
16259,20,2009-12,2011-11,24,5473
17001,10,2009-12,2011-02,15,1211
17003,25,2009-12,2011-12,25,70369
17007B,6,2009-12,2011-06,19,34
17011A,7,2009-12,2010-08,9,261
17011B,2,2010-05,2010-08,4,19
17011C,1,2009-12,2009-12,1,335
17011D,3,2009-12,2010-08,9,209
17011E,1,2009-12,2009-12,1,124
17011F,11,2009-12,2011-05,18,385
17012A,21,2009-12,2011-12,25,726
17012B,20,2009-12,2011-11,24,721
17012C,22,2010-02,2011-12,23,856
17012D,17,2010-03,2011-12,22,520
17012E,8,2009-12,2010-12,13,263
17012F,20,2010-03,2011-12,22,586
17013B,1,2009-12,2009-12,1,256
17013C,2,2009-12,2010-03,4,213
17013D,17,2009-12,2011-06,19,1068
17013F,5,2009-12,2010-08,9,62
17014A,11,2009-12,2011-06,19,276
17014C,1,2009-12,2009-12,1,97
17014D,6,2010-01,2010-08,8,479
17014E,4,2010-05,2010-08,4,95
17014F,3,2010-01,2010-08,8,61
17021,24,2010-01,2011-12,24,3720
17027A,2,2010-02,2010-03,2,228
17028J,1,2011-01,2011-01,1,6
17033,10,2009-12,2010-10,11,3280
17038,22,2009-12,2011-12,25,2559
17039,9,2009-12,2010-08,9,3707
17061,1,2009-12,2009-12,1,52
17084A,13,2010-02,2011-09,20,442
17084G,1,2009-12,2009-12,1,50
17084J,15,2009-12,2011-09,22,456
17084N,25,2009-12,2011-12,25,2768
17084P,20,2009-12,2011-12,25,990
17084R,22,2009-12,2011-12,25,10625
17090A,16,2009-12,2011-11,24,173
17090D,16,2009-12,2011-07,20,88
17091A,18,2009-12,2011-05,18,2085
17091B,10,2009-12,2010-09,10,276
17091F,2,2009-12,2010-01,2,19
17091J,25,2009-12,2011-12,25,3964
17096,20,2009-12,2011-07,20,6240
17107D,24,2009-12,2011-12,25,315
17108D,4,2009-12,2010-03,4,355
17109A,4,2009-12,2010-03,4,709
17109B,4,2009-12,2010-03,4,4542
17109C,4,2009-12,2010-03,4,3124
17109D,14,2009-12,2011-04,17,1257
17129C,5,2009-12,2010-05,6,86
17129D,4,2009-12,2010-03,4,1125
17129F,25,2009-12,2011-12,25,1580
17136A,19,2009-12,2011-11,24,743
17164B,14,2009-12,2011-01,14,1620
17164D,4,2009-12,2010-03,4,1150
17165B,11,2009-12,2010-10,11,810
17165D,14,2009-12,2011-01,14,716
17174,5,2010-02,2011-11,22,36
17178,10,2009-12,2010-09,10,133
17181,9,2009-12,2010-08,9,353
17191A,9,2009-12,2011-12,25,33
18007,19,2009-12,2011-07,20,11396
18010,2,2009-12,2010-01,2,64
18094C,23,2009-12,2011-10,23,433
18096C,3,2009-12,2010-02,3,125
18097A,7,2010-03,2011-06,16,17
18097B,2,2009-12,2010-01,2,7
18097C,25,2009-12,2011-12,25,1763
18098A,1,2009-12,2009-12,1,2
18098B,2,2009-12,2010-02,3,3
18098C,20,2009-12,2011-08,21,1515
20615,25,2009-12,2011-12,25,637
20616,25,2009-12,2011-12,25,283
20617,23,2009-12,2011-12,25,498
20618,24,2009-12,2011-12,25,297
20619,25,2009-12,2011-12,25,578
20620,3,2009-12,2010-02,3,15
20621,10,2009-12,2010-09,10,207
20622,25,2009-12,2011-12,25,582
20652,25,2009-12,2011-12,25,1516
20653,22,2009-12,2011-12,25,2004
20654,25,2009-12,2011-12,25,398
20655,24,2009-12,2011-12,25,414
20657,24,2009-12,2011-11,24,1877
20658,22,2009-12,2011-09,22,1584
20659,24,2009-12,2011-12,25,369
20660,7,2009-12,2010-08,9,71
20661,20,2009-12,2011-12,25,898
20662,17,2009-12,2011-10,23,728
20663,19,2009-12,2011-10,23,1074
20664,12,2009-12,2011-08,21,57
20665,25,2009-12,2011-12,25,1335
20666,15,2009-12,2011-07,20,911
20667,10,2009-12,2011-08,21,40
20668,25,2009-12,2011-12,25,20951
20669,23,2009-12,2011-12,25,797
20670,19,2009-12,2011-11,24,694
20671,13,2009-12,2010-12,13,786
20672,4,2009-12,2010-03,4,138
20673,1,2009-12,2009-12,1,5
20674,25,2009-12,2011-12,25,3412
20675,25,2009-12,2011-12,25,6465
20676,25,2009-12,2011-12,25,10475
20677,25,2009-12,2011-12,25,7774
20678,1,2011-09,2011-09,1,4
20679,25,2009-12,2011-12,25,6149
20680,2,2009-12,2010-01,2,6
20681,16,2009-12,2011-03,16,1405
20682,25,2009-12,2011-12,25,3068
20683,1,2009-12,2009-12,1,1
20684,20,2009-12,2011-07,20,580
20685,25,2009-12,2011-12,25,9783
20686,25,2009-12,2011-12,25,590
20688,3,2009-12,2010-03,4,464
20689,8,2009-12,2010-07,8,429
20692,9,2009-12,2010-09,10,908
20693,4,2009-12,2010-03,4,33
20694,20,2009-12,2011-11,24,166
20695,16,2009-12,2011-11,24,142
20696,21,2009-12,2011-11,24,151
20697,13,2009-12,2011-11,24,40
20698,12,2010-01,2011-11,23,47
20699,20,2009-12,2011-12,25,294
20700,20,2009-12,2011-09,22,420
20701,9,2009-12,2011-06,19,353
20702,22,2009-12,2011-10,23,782
20703,13,2009-12,2011-04,17,471
20704,23,2009-12,2011-12,25,361
20705,23,2009-12,2011-12,25,273
20707,25,2009-12,2011-12,25,1613
20711,25,2009-12,2011-12,25,12643
20712,25,2009-12,2011-12,25,17710
20713,23,2009-12,2011-12,25,20814
20714,2,2009-12,2010-01,2,1580
20715,1,2010-01,2010-01,1,400
20716,19,2009-12,2011-06,19,1533
20717,25,2009-12,2011-12,25,6296
20718,25,2009-12,2011-12,25,13353
20719,25,2009-12,2011-12,25,24479
20721,1,2009-12,2009-12,1,1
20723,25,2009-12,2011-12,25,18296
20724,25,2009-12,2011-12,25,32197
20725,25,2009-12,2011-12,25,40317
20726,25,2009-12,2011-12,25,22118
20727,25,2009-12,2011-12,25,26678
20728,25,2009-12,2011-12,25,24596
20729,7,2009-12,2010-06,7,5262
20730,9,2009-12,2010-09,10,2218
20731,18,2009-12,2011-06,19,4142
20733,24,2009-12,2011-12,25,1927
20734,17,2009-12,2011-04,17,1592
20735,24,2009-12,2011-12,25,1515
20736,4,2009-12,2010-03,4,290
20737,1,2009-12,2009-12,1,1
20738,12,2009-12,2010-11,12,1610
20739,1,2009-12,2009-12,1,1
20747,6,2009-12,2010-05,6,683
20748,23,2009-12,2011-11,24,1600
20749,25,2009-12,2011-12,25,3062
20750,25,2009-12,2011-12,25,3688
20751,25,2009-12,2011-12,25,2839
20752,24,2009-12,2011-11,24,1500
20753,2,2009-12,2010-01,2,218
20754,24,2009-12,2011-11,24,5094
20755,21,2009-12,2011-12,25,5145
20756,16,2009-12,2011-11,24,5728
20757,22,2009-12,2011-11,24,5347
20758,24,2009-12,2011-12,25,5425
20759,23,2009-12,2011-12,25,5777
20760,20,2009-12,2011-11,24,5550
20761,25,2009-12,2011-12,25,458
20762,24,2009-12,2011-12,25,458
20763,23,2009-12,2011-12,25,267
20764,25,2009-12,2011-12,25,685
20765,25,2009-12,2011-12,25,442
20766,25,2009-12,2011-12,25,518
20767,25,2009-12,2011-12,25,812
20768,25,2009-12,2011-12,25,767
20769,21,2009-12,2011-12,25,438
20770,24,2009-12,2011-11,24,1045
20771,23,2009-12,2011-12,25,606
20772,24,2009-12,2011-12,25,970
20773,22,2009-12,2011-09,22,3339
20774,23,2009-12,2011-10,23,3484
20775,22,2009-12,2011-12,25,3604
20776,10,2009-12,2010-09,10,3258
20777,24,2009-12,2011-12,25,3660
20778,16,2009-12,2011-04,17,3611
20780,19,2009-12,2011-12,25,231
20781,22,2009-12,2011-12,25,103
20782,19,2009-12,2011-12,25,155
20783,8,2009-12,2010-08,9,165
20784,8,2009-12,2010-10,11,101
20785,14,2010-01,2011-04,16,102
20786,9,2010-01,2010-10,10,99
20787,8,2010-01,2010-09,9,69
20791,1,2010-01,2010-01,1,5
20793,14,2009-12,2011-09,22,281
20794,22,2010-01,2011-12,24,212
20795,15,2009-12,2011-12,25,135
20796,15,2009-12,2011-11,24,99
20798,14,2009-12,2011-01,14,551
20799,6,2009-12,2010-06,7,200
20800,3,2010-01,2010-03,3,1005
20801,17,2010-01,2011-05,17,1092
20802,24,2009-12,2011-11,24,1051
20803,18,2009-12,2011-05,18,1149
20804,6,2009-12,2010-07,8,325
20812,2,2009-12,2010-01,2,5
20814,3,2009-12,2010-02,3,189
20816,6,2010-02,2011-04,15,24
20818,13,2009-12,2011-05,18,87
20819,21,2009-12,2011-11,24,228
20820,8,2009-12,2011-03,16,11
20821,15,2009-12,2011-11,24,42
20822,1,2010-02,2010-02,1,2
20823,8,2009-12,2011-06,19,253
20825,5,2009-12,2010-11,12,361
20826,8,2009-12,2011-05,18,355
20827,5,2009-12,2011-04,17,173
20828,25,2009-12,2011-12,25,4423
20829,25,2009-12,2011-12,25,4820
20830,20,2009-12,2011-10,23,407
20831,24,2009-12,2011-12,25,474
20832,23,2009-12,2011-12,25,1681
20833,3,2009-12,2010-03,4,52
20835,6,2010-03,2011-11,21,80
20836,10,2010-03,2011-11,21,224
20837,9,2009-12,2011-11,24,165
20838,14,2010-02,2011-12,23,446
20839,21,2009-12,2011-12,25,633
20840,19,2009-12,2011-12,25,885
20845,11,2009-12,2011-08,21,76
20846,25,2009-12,2011-12,25,1453
20847,17,2009-12,2011-11,24,80
20848,11,2009-12,2011-11,24,39
20849,10,2009-12,2010-11,12,674
20850,8,2010-01,2010-11,11,820
20851,15,2009-12,2011-04,17,335
20854,15,2009-12,2011-02,15,441
20855,9,2009-12,2010-09,10,142
20856,21,2009-12,2011-08,21,408
20857,15,2009-12,2011-02,15,249
20858,1,2009-12,2009-12,1,4
20860,7,2010-04,2010-12,9,20
20861,8,2009-12,2010-12,13,46
20862,6,2009-12,2010-06,7,325
20863,9,2009-12,2010-08,9,293
20864,9,2009-12,2010-10,11,252
20865,7,2009-12,2010-06,7,251
20866,24,2009-12,2011-12,25,1280
20867,23,2009-12,2011-12,25,1098
20868,20,2009-12,2011-12,25,882
20869,19,2009-12,2011-12,25,529
20870,1,2009-12,2009-12,1,29
20871,13,2009-12,2010-12,13,1273
20877,1,2009-12,2009-12,1,12
20878,6,2009-12,2010-12,13,737
20879,1,2009-12,2009-12,1,57
20881,1,2009-12,2009-12,1,3
20882,1,2009-12,2009-12,1,3
20884,1,2009-12,2009-12,1,3
20885,1,2009-12,2009-12,1,1
20886,24,2009-12,2011-11,24,1777
20887,1,2009-12,2009-12,1,18
20888,4,2009-12,2010-03,4,367
20889,4,2009-12,2010-03,4,657
20890,4,2010-01,2010-04,4,605
20891,2,2010-01,2010-04,4,684
20892,13,2009-12,2010-12,13,102
20893,22,2009-12,2011-12,25,559
20894,20,2009-12,2011-12,25,267
20895,3,2009-12,2010-02,3,16
20896,6,2009-12,2010-08,9,39
20897,19,2009-12,2011-08,21,351
20898,16,2009-12,2011-10,23,327
20899,5,2009-12,2010-05,6,44
20901,11,2009-12,2011-11,24,91
20902,20,2009-12,2011-08,21,206
20903,22,2009-12,2011-10,23,187
20905,2,2009-12,2010-01,2,10
20906,14,2009-12,2011-04,17,101
20910,13,2009-12,2010-12,13,106
20913,2,2009-12,2010-01,2,314
20914,25,2009-12,2011-12,25,18670
20931,24,2009-12,2011-12,25,673
20932,23,2009-12,2011-12,25,333
20933,16,2009-12,2011-12,25,505
20934,17,2009-12,2011-11,24,197
20935,13,2009-12,2011-11,24,300
20936,21,2009-12,2011-12,25,333
20939,1,2009-12,2009-12,1,12
20940,1,2009-12,2009-12,1,118
20941,20,2009-12,2011-07,20,998
20942,1,2009-12,2009-12,1,6
20943,8,2009-12,2010-10,11,381
20950,7,2009-12,2010-11,12,687
20952,9,2009-12,2010-11,12,329
20953,4,2010-03,2010-11,9,33
20954,2,2009-12,2010-12,13,3
20956,24,2009-12,2011-12,25,2338
20957,7,2010-04,2010-11,8,126
20958,7,2010-03,2010-11,9,38
20960,15,2009-12,2011-03,16,1900
20961,25,2009-12,2011-12,25,3530
20963,25,2009-12,2011-12,25,3459
20964,5,2009-12,2011-05,18,20
20966,21,2009-12,2011-08,21,3007
20967,19,2009-12,2011-10,23,1055
20968,2,2009-12,2010-01,2,43
20969,25,2009-12,2011-12,25,3237
20970,25,2009-12,2011-12,25,2490
20971,25,2009-12,2011-12,25,22260
20972,25,2009-12,2011-12,25,20496
20973,21,2010-03,2011-12,22,9863
20974,25,2009-12,2011-12,25,13219
20975,23,2009-12,2011-12,25,18099
20976,10,2009-12,2010-10,11,549
20977,24,2009-12,2011-11,24,3792
20978,25,2009-12,2011-12,25,4117
20979,25,2009-12,2011-12,25,8156
20980,16,2009-12,2011-08,21,233
20981,25,2009-12,2011-12,25,4718
20982,25,2009-12,2011-12,25,4851
20983,25,2009-12,2011-12,25,6280
20984,23,2009-12,2011-10,23,5867
20985,25,2009-12,2011-12,25,2370
20986,25,2009-12,2011-12,25,1217
20987,1,2009-12,2009-12,1,131
20988,3,2009-12,2010-02,3,24
20989,4,2009-12,2010-03,4,407
20990,7,2009-12,2010-06,7,895
20991,3,2009-12,2010-02,3,7084
20992,25,2009-12,2011-12,25,6151
20993,4,2009-12,2010-03,4,10967
20994,2,2009-12,2010-01,2,47
20996,25,2009-12,2011-12,25,6311
20997,19,2009-12,2011-12,25,170
20998,22,2009-12,2011-10,23,324
21000,24,2009-12,2011-12,25,690
21001,25,2009-12,2011-12,25,141
21002,20,2009-12,2011-10,23,417
21003,14,2010-03,2011-12,22,109
21004,12,2009-12,2010-11,12,137
21007,9,2009-12,2010-09,10,1927
21008,1,2010-02,2010-02,1,1
21009,9,2009-12,2010-12,13,1047
21010,8,2009-12,2010-10,11,850
21011,8,2009-12,2010-12,13,1840
21012,25,2009-12,2011-12,25,2297
21014,16,2009-12,2011-11,24,1850
21015,17,2009-12,2011-12,25,1700
21016,8,2009-12,2010-11,12,834
21017,10,2009-12,2010-11,12,659
21018,7,2009-12,2010-12,13,213
21025,20,2009-12,2011-12,25,300
21026,20,2009-12,2011-12,25,549
21027,21,2009-12,2011-11,24,355
21028,24,2009-12,2011-12,25,323
21030,18,2009-12,2011-11,24,239
21031,16,2009-12,2011-11,24,144
21032,18,2009-12,2011-11,24,203
21033,22,2009-12,2011-09,22,4590
21034,25,2009-12,2011-12,25,4002
21035,25,2009-12,2011-12,25,5994
21036,1,2009-12,2009-12,1,1
21038,16,2009-12,2011-05,18,166
21039,25,2009-12,2011-12,25,1313
21040,13,2009-12,2011-03,16,894
21041,20,2009-12,2011-11,24,2666
21042,25,2009-12,2011-12,25,1473
21043,18,2009-12,2011-06,19,677
21051,21,2009-12,2011-12,25,754
21054,20,2009-12,2011-11,24,382
21055,25,2009-12,2011-12,25,386
21056,25,2009-12,2011-12,25,545
21058,25,2009-12,2011-12,25,2396
21059,25,2009-12,2011-12,25,1596
21060,25,2009-12,2011-12,25,1276
21061,25,2009-12,2011-12,25,1396
21062,25,2009-12,2011-12,25,1053
21063,25,2009-12,2011-12,25,1456
21064,25,2009-12,2011-12,25,884
21065,23,2009-12,2011-12,25,608
21066,25,2009-12,2011-12,25,2284
21067,22,2009-12,2011-10,23,4763
21068,25,2009-12,2011-12,25,4066
21069,21,2009-12,2011-08,21,5099
21070,25,2009-12,2011-12,25,2034
21071,23,2009-12,2011-10,23,4269
21076,4,2009-12,2010-03,4,843
21077,10,2009-12,2010-09,10,2790
21078,23,2009-12,2011-10,23,7211
21080,25,2009-12,2011-12,25,31076
21081,2,2009-12,2010-01,2,4
21082,18,2009-12,2011-06,19,7183
21084,24,2009-12,2011-12,25,2929
21085,8,2009-12,2010-07,8,13731
21086,24,2009-12,2011-12,25,16658
21087,12,2010-01,2011-04,16,260
21088,22,2009-12,2011-12,25,16615
21089,16,2010-01,2011-08,20,323
21090,24,2009-12,2011-12,25,3107
21091,4,2009-12,2010-03,4,13700
21092,4,2009-12,2010-03,4,12846
21094,25,2009-12,2011-12,25,19633
21095,17,2009-12,2011-06,19,295
21096,21,2009-12,2011-12,25,15919
21097,4,2010-01,2010-06,6,32
21098,16,2009-12,2011-12,25,8537
21099,6,2009-12,2010-05,6,13290
21100,16,2009-12,2011-03,16,2540
21102,4,2009-12,2010-03,4,82
21106,25,2009-12,2011-12,25,790
21107,25,2009-12,2011-12,25,2302
21108,25,2009-12,2011-12,25,12962
21109,25,2009-12,2011-12,25,1173
21110,23,2009-12,2011-11,24,1640
21111,24,2009-12,2011-12,25,1379
21112,24,2009-12,2011-12,25,2222
21114,25,2009-12,2011-12,25,5666
21115,25,2009-12,2011-12,25,1247
21116,25,2009-12,2011-12,25,1355
21117,17,2009-12,2011-11,24,328
21118,2,2009-12,2010-01,2,69
21119,3,2009-12,2010-09,10,3
21120,1,2010-12,2010-12,1,1
21121,25,2009-12,2011-12,25,15215
21122,25,2009-12,2011-12,25,12209
21123,25,2009-12,2011-12,25,2751
21124,25,2009-12,2011-12,25,10029
21125,25,2009-12,2011-12,25,2123
21126,25,2009-12,2011-12,25,2325
21127,7,2009-12,2010-06,7,297
21128,24,2009-12,2011-12,25,126
21129,21,2009-12,2011-11,24,124
21130,7,2009-12,2010-06,7,721
21131,21,2009-12,2011-12,25,276
21132,21,2009-12,2011-12,25,93
21133,9,2009-12,2010-09,10,410
21134,11,2009-12,2010-11,12,377
21135,25,2009-12,2011-12,25,5985
21136,25,2009-12,2011-12,25,10496
21137,25,2009-12,2011-12,25,18739
21143,15,2009-12,2011-08,21,2088
21144,11,2009-12,2010-12,13,543
21145,15,2009-12,2011-11,24,869
21146,6,2009-12,2010-11,12,789
21147,16,2009-12,2011-12,25,477
21153,10,2009-12,2010-09,10,393
21154,25,2009-12,2011-12,25,8095
21155,24,2009-12,2011-12,25,6665
21156,25,2009-12,2011-12,25,9137
21157,20,2009-12,2011-10,23,689
21158,25,2009-12,2011-12,25,2587
21159,25,2009-12,2011-12,25,2105
21160,10,2009-12,2010-12,13,794
21161,19,2009-12,2011-06,19,2360
21162,25,2009-12,2011-12,25,2402
21163,23,2009-12,2011-10,23,2800
21164,25,2009-12,2011-12,25,5981
21165,25,2009-12,2011-12,25,9360
21166,25,2009-12,2011-12,25,19932
21167,25,2009-12,2011-12,25,2440
21169,24,2009-12,2011-12,25,8856
21171,21,2009-12,2011-08,21,1845
21172,24,2009-12,2011-12,25,7685
21173,5,2009-12,2010-04,5,340
21174,25,2009-12,2011-12,25,9696
21175,25,2009-12,2011-12,25,20676
21179,22,2009-12,2011-09,22,4284
21181,22,2009-12,2011-12,25,24732
21185,6,2009-12,2010-07,8,132
21186,13,2009-12,2010-12,13,5272
21187,20,2009-12,2011-08,21,1344
21188,21,2009-12,2011-08,21,912
21189,25,2009-12,2011-12,25,797
21190,16,2009-12,2011-11,24,806
21191,25,2009-12,2011-12,25,1479
21192,23,2009-12,2011-11,24,2167
21193,5,2009-12,2010-04,5,111
21194,24,2009-12,2011-12,25,578
21195,18,2009-12,2011-05,18,997
21196,17,2010-02,2011-12,23,178
21197,20,2010-03,2011-12,22,453
21198,25,2009-12,2011-12,25,1282
21199,24,2009-12,2011-12,25,1305
21200,25,2009-12,2011-12,25,1421
21201,25,2009-12,2011-12,25,2741
21202,22,2009-12,2011-11,24,854
21203,9,2009-12,2010-08,9,1539
21204,25,2009-12,2011-12,25,1608
21205,25,2009-12,2011-12,25,669
21206,24,2009-12,2011-11,24,2155
21207,25,2009-12,2011-12,25,3601
21208,25,2009-12,2011-12,25,1078
21209,25,2009-12,2011-12,25,1476
21210,25,2009-12,2011-12,25,15118
21211,24,2009-12,2011-11,24,2405
21212,25,2009-12,2011-12,25,94884
21213,25,2009-12,2011-12,25,40263
21214,10,2009-12,2010-10,11,2006
21215,25,2009-12,2011-12,25,4349
21216,24,2009-12,2011-12,25,3884
21217,25,2009-12,2011-12,25,2904
21218,25,2009-12,2011-12,25,5256
21219,25,2009-12,2011-12,25,1013
21220,25,2009-12,2011-12,25,659
21221,25,2009-12,2011-12,25,535
21222,25,2009-12,2011-12,25,621
21223,5,2009-12,2010-04,5,492
21224,25,2009-12,2011-12,25,2171
21225,1,2009-12,2009-12,1,2
21226,16,2009-12,2011-11,24,213
21228,13,2009-12,2011-03,16,97
21231,24,2009-12,2011-12,25,19428
21232,25,2009-12,2011-12,25,37997
21238,25,2009-12,2011-12,25,9477
21239,25,2009-12,2011-12,25,7369
21240,25,2009-12,2011-12,25,7581
21241,11,2009-12,2010-10,11,2213
21242,25,2009-12,2011-12,25,7085
21243,25,2009-12,2011-12,25,5636
21244,25,2009-12,2011-12,25,5045
21245,25,2009-12,2011-12,25,2567
21246,22,2009-12,2011-09,22,749
21247,11,2009-12,2010-10,11,422
21248,25,2009-12,2011-12,25,1043
21249,25,2009-12,2011-12,25,1661
21250,22,2009-12,2011-11,24,402
21251,24,2009-12,2011-11,24,595
21252,2,2009-12,2010-01,2,168
21253,25,2009-12,2011-12,25,332
21255,5,2009-12,2010-04,5,476
21256,3,2009-12,2010-02,3,326
21257,25,2009-12,2011-12,25,1549
21258,20,2009-12,2011-12,25,1505
21259,25,2009-12,2011-12,25,2293
21260,25,2009-12,2011-12,25,3512
21261,15,2009-12,2011-12,25,283
21262,18,2009-12,2011-12,25,606
21263,10,2010-09,2011-12,16,299
21264,15,2009-12,2011-12,25,391
21265,15,2009-12,2011-12,25,321
21266,1,2009-12,2009-12,1,23
21267,1,2009-12,2009-12,1,24
21268,11,2009-12,2010-12,13,397
21269,22,2009-12,2011-11,24,114
21270,18,2009-12,2011-12,25,76
21272,21,2009-12,2011-08,21,2348
21274,12,2009-12,2010-11,12,175
21275,17,2009-12,2011-11,24,249
21276,4,2009-12,2010-04,5,677
21277,22,2009-12,2011-11,24,54
21278,16,2009-12,2011-07,20,2758
21279,21,2009-12,2011-12,25,3527
21280,20,2009-12,2011-11,24,3333
21281,16,2009-12,2011-11,24,3680
21282,12,2009-12,2010-11,12,356
21283,12,2009-12,2010-11,12,512
21284,25,2009-12,2011-12,25,1547
21285,21,2009-12,2011-12,25,1007
21286,19,2009-12,2011-12,25,1006
21287,23,2009-12,2011-12,25,4107
21288,25,2009-12,2011-12,25,982
21289,24,2009-12,2011-12,25,1413
21290,1,2009-12,2009-12,1,2
21291,24,2009-12,2011-11,24,2411
21292,20,2009-12,2011-12,25,2449
21293,21,2009-12,2011-12,25,343
21294,23,2009-12,2011-10,23,2246
21298,3,2009-12,2010-03,4,52
21299,4,2009-12,2010-03,4,166
21300,3,2009-12,2010-03,4,53
21303,4,2009-12,2010-03,4,96
21304,5,2009-12,2010-04,5,86
21306,20,2009-12,2011-12,25,681
21307,18,2009-12,2011-07,20,749
21308,2,2009-12,2010-01,2,132
21309,3,2009-12,2010-02,3,49
21310,3,2010-03,2011-05,15,6
21311,23,2009-12,2011-12,25,701
21312,9,2009-12,2010-09,10,299
21313,25,2009-12,2011-12,25,6711
21314,25,2009-12,2011-12,25,11426
21316,15,2009-12,2011-04,17,693
21317,22,2009-12,2011-12,25,357
21318,17,2009-12,2011-05,18,972
21319,17,2009-12,2011-04,17,508
21320,16,2009-12,2011-04,17,398
21321,5,2009-12,2010-04,5,122
21322,2,2009-12,2010-01,2,301
21323,8,2009-12,2010-07,8,740
21324,18,2009-12,2011-05,18,1014
21326,25,2009-12,2011-12,25,17770
21327,25,2009-12,2011-12,25,1926
21328,25,2009-12,2011-12,25,2441
21329,25,2009-12,2011-12,25,2082
21330,10,2009-12,2010-11,12,1452
21331,15,2009-12,2011-11,24,110
21332,17,2009-12,2011-08,21,270
21333,17,2009-12,2011-04,17,1057
21335,6,2009-12,2010-05,6,42
21336,14,2009-12,2011-06,19,1823
21337,4,2009-12,2010-11,12,33
21338,5,2009-12,2010-04,5,199
21339,7,2009-12,2010-07,8,30
21340,22,2009-12,2011-12,25,1758
21341,5,2009-12,2010-10,11,72
21343,2,2009-12,2010-02,3,20
21344,15,2009-12,2011-12,25,166
21347,3,2009-12,2010-04,5,8
21348,14,2009-12,2011-01,14,842
21349,11,2009-12,2011-11,24,553
21350,6,2009-12,2010-11,12,225
21351,13,2009-12,2011-12,25,1099
21352,15,2009-12,2011-11,24,880
21353,1,2009-12,2009-12,1,19
21354,24,2009-12,2011-12,25,2476
21355,24,2009-12,2011-12,25,3452
21356,25,2009-12,2011-12,25,1592
21357,15,2009-12,2011-03,16,1388
21358,25,2009-12,2011-12,25,1129
21359,19,2009-12,2011-08,21,208
21360,19,2009-12,2011-06,19,441
21361,18,2010-02,2011-07,18,556
21363,21,2010-01,2011-09,21,984
21364,22,2009-12,2011-10,23,468
21365,21,2009-12,2011-12,25,469
21366,23,2009-12,2011-12,25,238
21367,20,2009-12,2011-12,25,211
21368,21,2009-12,2011-12,25,201
21369,17,2009-12,2011-12,25,133
21370,12,2009-12,2011-12,25,54
21371,23,2009-12,2011-12,25,404
21372,16,2009-12,2011-11,24,156
21373,13,2009-12,2011-12,25,636
21374,20,2009-12,2011-12,25,470
21375,24,2009-12,2011-12,25,134
21376,22,2009-12,2011-12,25,183
21377,24,2009-12,2011-12,25,518
21378,24,2009-12,2011-12,25,560
21379,25,2009-12,2011-12,25,641
21380,25,2009-12,2011-12,25,5031
21381,25,2009-12,2011-12,25,5104
21382,19,2010-05,2011-12,20,1238
21383,25,2009-12,2011-12,25,2204
21384,6,2009-12,2010-05,6,1917
21385,24,2009-12,2011-12,25,10832
21386,21,2010-01,2011-12,24,1148
21387,2,2010-02,2010-03,2,25
21388,4,2009-12,2010-03,4,311
21389,25,2009-12,2011-12,25,2299
21390,25,2009-12,2011-12,25,10937
21391,24,2009-12,2011-11,24,1417
21392,15,2009-12,2011-03,16,7545
21393,12,2010-01,2011-03,15,5244
21394,21,2010-01,2011-11,23,4005
21395,19,2009-12,2011-11,24,2968
21396,6,2009-12,2010-05,6,948
21397,18,2009-12,2011-05,18,2157
21398,17,2009-12,2011-04,17,2295
21399,18,2009-12,2011-06,19,2378
21400,22,2009-12,2011-12,25,1078
21401,25,2009-12,2011-12,25,1437
21402,25,2009-12,2011-12,25,1698
21403,24,2009-12,2011-12,25,2319
21406,1,2009-12,2009-12,1,1
21407,24,2009-12,2011-11,24,1294
21408,25,2009-12,2011-12,25,703
21409,1,2010-01,2010-01,1,1
21410,13,2009-12,2010-12,13,312
21411,25,2009-12,2011-12,25,2090
21412,8,2009-12,2010-11,12,275
21413,16,2009-12,2011-11,24,3162
21414,12,2009-12,2011-02,15,1637
21415,25,2009-12,2011-12,25,348
21416,13,2009-12,2011-03,16,751
21417,25,2009-12,2011-12,25,502
21418,23,2009-12,2011-12,25,194
21419,7,2009-12,2010-07,8,1259
21420,20,2010-01,2011-12,24,120
21421,18,2009-12,2011-05,18,1792
21422,24,2009-12,2011-11,24,3160
21424,23,2009-12,2011-10,23,955
21425,23,2009-12,2011-12,25,505
21426,24,2009-12,2011-12,25,1028
21427,23,2009-12,2011-12,25,507
21428,22,2009-12,2011-12,25,2883
21429,23,2009-12,2011-12,25,6359
21430,20,2009-12,2011-12,25,4621
21431,12,2009-12,2010-11,12,1483
21432,12,2009-12,2010-11,12,942
21437,4,2009-12,2010-03,4,677
21438,4,2009-12,2010-03,4,373
21439,25,2009-12,2011-12,25,2259
21440,8,2009-12,2010-07,8,472
21441,24,2009-12,2011-12,25,928
21442,25,2009-12,2011-12,25,973
21443,4,2009-12,2010-03,4,257
21444,5,2009-12,2010-04,5,291
21445,18,2009-12,2011-07,20,1519
21446,25,2009-12,2011-12,25,1258
21447,22,2009-12,2011-09,22,2776
21448,23,2009-12,2011-10,23,955
21450,1,2009-12,2009-12,1,13
21452,22,2010-03,2011-12,22,1875
21454,22,2010-01,2011-12,24,937
21455,23,2010-01,2011-12,24,901
21456,11,2009-12,2011-12,25,738
21457,11,2009-12,2011-11,24,685
21458,12,2009-12,2011-11,24,768
21459,8,2010-01,2011-04,16,263
21460,7,2010-01,2011-03,15,113
21461,8,2010-01,2011-04,16,82
21462,24,2009-12,2011-12,25,413
21463,25,2009-12,2011-12,25,1349
21464,25,2009-12,2011-12,25,539
21465,25,2009-12,2011-12,25,793
21466,25,2009-12,2011-12,25,927
21467,25,2009-12,2011-12,25,1025
21468,23,2009-12,2011-11,24,669
21469,25,2009-12,2011-12,25,1165
21470,25,2009-12,2011-12,25,1102
21471,25,2009-12,2011-12,25,1406
21472,18,2009-12,2011-07,20,1056
21473,22,2009-12,2011-11,24,157
21474,9,2010-01,2010-09,9,210
21475,1,2009-12,2009-12,1,1
21476,19,2010-01,2011-10,22,142
21477,4,2009-12,2010-03,4,273
21478,11,2009-12,2010-10,11,204
21479,17,2009-12,2011-12,25,6219
21480,1,2009-12,2009-12,1,285
21481,25,2009-12,2011-12,25,8174
21482,10,2009-12,2010-10,11,740
21484,25,2009-12,2011-12,25,4584
21485,25,2009-12,2011-12,25,7593
21486,13,2009-12,2010-12,13,1116
21488,13,2009-12,2011-03,16,2384
21489,2,2009-12,2010-02,3,28
21490,2,2009-12,2010-09,10,637
21491,9,2009-12,2010-12,13,2878
21493,2,2009-12,2010-09,10,272
21494,25,2009-12,2011-12,25,3833
21495,25,2009-12,2011-12,25,12465
21496,1,2009-12,2009-12,1,25
21497,25,2009-12,2011-12,25,17500
21498,25,2009-12,2011-12,25,26726
21499,25,2009-12,2011-12,25,15052
21500,25,2009-12,2011-12,25,15950
21503,20,2009-12,2011-11,24,1801
21504,25,2009-12,2011-12,25,4913
21506,25,2009-12,2011-12,25,10878
21507,25,2009-12,2011-12,25,8223
21508,25,2009-12,2011-12,25,6716
21509,25,2009-12,2011-12,25,8696
21511,2,2010-04,2010-05,2,40
21518,19,2009-12,2011-07,20,1107
21519,25,2009-12,2011-12,25,7356
21520,24,2009-12,2011-12,25,957
21523,25,2009-12,2011-12,25,6916
21524,25,2009-12,2011-12,25,5255
21525,1,2009-12,2009-12,1,2
21527,18,2009-12,2011-05,18,3345
21528,25,2009-12,2011-12,25,899
21529,10,2009-12,2010-09,10,503
21530,25,2009-12,2011-12,25,959
21531,25,2009-12,2011-12,25,4073
21532,11,2009-12,2010-10,11,1387
21533,25,2009-12,2011-12,25,3343
21534,25,2009-12,2011-12,25,938
21535,25,2009-12,2011-12,25,6776
21536,4,2009-12,2010-03,4,221
21537,25,2009-12,2011-12,25,1005
21538,12,2009-12,2010-12,13,1308
21539,24,2009-12,2011-11,24,2723
21540,10,2009-12,2010-09,10,1323
21541,12,2009-12,2010-11,12,1907
21542,10,2009-12,2010-10,11,1877
21543,1,2009-12,2009-12,1,284
21544,25,2009-12,2011-12,25,6064
21545,8,2009-12,2010-07,8,697
21547,15,2009-12,2011-03,16,719
21548,12,2009-12,2010-11,12,682
21549,5,2009-12,2010-04,5,547
21550,6,2009-12,2010-05,6,295
21551,2,2009-12,2010-01,2,169
21552,4,2009-12,2010-06,7,165
21553,4,2009-12,2010-04,5,90
21554,2,2009-12,2010-01,2,167
21555,25,2009-12,2011-12,25,425
21556,21,2009-12,2011-11,24,1607
21557,25,2009-12,2011-12,25,932
21558,23,2009-12,2011-12,25,4207
21559,25,2009-12,2011-12,25,8227
21560,1,2009-12,2009-12,1,4
21561,25,2009-12,2011-12,25,2969
21562,22,2010-01,2011-11,23,678
21563,25,2009-12,2011-12,25,2786
21564,25,2009-12,2011-12,25,1951
21576,24,2009-12,2011-12,25,732
21577,25,2009-12,2011-12,25,2556
21578,25,2009-12,2011-12,25,2205
21579,24,2009-12,2011-12,25,1029
21580,24,2009-12,2011-12,25,542
21581,25,2009-12,2011-12,25,1172
21582,2,2009-12,2010-02,3,117
21584,25,2009-12,2011-12,25,3769
21585,1,2010-08,2010-08,1,1
21586,23,2009-12,2011-11,24,2583
21587,14,2009-12,2011-10,23,2071
21588,25,2009-12,2011-12,25,3351
21589,7,2009-12,2010-06,7,1119
21590,12,2009-12,2010-11,12,3448
21591,24,2009-12,2011-12,25,3978
21592,25,2009-12,2011-12,25,5876
21593,6,2009-12,2010-05,6,1391
21594,5,2009-12,2011-01,14,5
21595,4,2009-12,2010-12,13,9
21596,4,2009-12,2010-11,12,10
21609,21,2009-12,2011-08,21,1499
21610,12,2009-12,2010-11,12,542
21611,11,2009-12,2010-10,11,750
21612,10,2009-12,2010-09,10,698
21613,22,2009-12,2011-10,23,632
21614,15,2009-12,2011-05,18,1627
21615,24,2009-12,2011-12,25,1168
21616,24,2009-12,2011-12,25,1152
21617,23,2009-12,2011-11,24,834
21618,23,2009-12,2011-11,24,698
21619,24,2009-12,2011-12,25,1131
21620,24,2009-12,2011-12,25,1087
21621,25,2009-12,2011-12,25,6900
21622,25,2009-12,2011-12,25,3699
21623,23,2010-02,2011-12,23,6165
21624,25,2009-12,2011-12,25,1771
21625,25,2009-12,2011-12,25,984
21626,24,2009-12,2011-11,24,1496
21627,23,2009-12,2011-10,23,195
21628,22,2009-12,2011-12,25,164
21629,25,2009-12,2011-12,25,177
21630,24,2009-12,2011-12,25,162
21631,18,2009-12,2011-11,24,221
21632,12,2009-12,2011-01,14,132
21633,19,2009-12,2011-11,24,175
21634,21,2009-12,2011-10,23,1771
21635,16,2009-12,2011-07,20,398
21636,20,2009-12,2011-12,25,1014
21637,17,2009-12,2011-10,23,1358
21638,22,2009-12,2011-12,25,1020
21639,2,2009-12,2010-03,4,259
21640,24,2009-12,2011-12,25,2225
21641,22,2009-12,2011-09,22,1666
21642,23,2009-12,2011-12,25,4413
21643,24,2009-12,2011-11,24,1521
21644,23,2009-12,2011-11,24,1087
21645,12,2009-12,2010-11,12,969
21647,20,2009-12,2011-11,24,848
21648,24,2009-12,2011-12,25,2940
21649,2,2009-12,2010-01,2,421
21650,23,2009-12,2011-12,25,3204
21651,15,2009-12,2011-02,15,1361
21652,9,2009-12,2010-08,9,896
21653,11,2010-01,2010-11,11,1246
21654,20,2009-12,2011-09,22,1183
21655,10,2009-12,2011-02,15,1396
21656,18,2009-12,2011-05,18,985
21657,15,2009-12,2011-02,15,257
21658,21,2009-12,2011-08,21,2225
21659,11,2009-12,2010-11,12,120
21661,14,2009-12,2011-02,15,239
21662,20,2009-12,2011-08,21,269
21663,5,2009-12,2010-04,5,76
21664,20,2009-12,2011-10,23,258
21665,6,2009-12,2010-05,6,879
21666,24,2009-12,2011-12,25,1760
21667,13,2009-12,2011-01,14,354
21668,25,2009-12,2011-12,25,10357
21669,23,2009-12,2011-12,25,10578
21670,25,2009-12,2011-12,25,8845
21671,22,2009-12,2011-12,25,9488
21672,25,2009-12,2011-12,25,11120
21673,25,2009-12,2011-12,25,10050
21674,4,2009-12,2010-03,4,43
21675,24,2009-12,2011-12,25,1782
21676,24,2009-12,2011-12,25,1193
21677,25,2009-12,2011-12,25,2125
21678,24,2009-12,2011-12,25,572
21679,25,2009-12,2011-12,25,4871
21680,25,2009-12,2011-12,25,2858
21681,13,2009-12,2011-02,15,233
21682,25,2009-12,2011-12,25,559
21683,25,2009-12,2011-12,25,936
21684,25,2009-12,2011-12,25,1696
21685,1,2009-12,2009-12,1,3
21686,17,2009-12,2011-10,23,65
21687,10,2009-12,2010-09,10,477
21688,23,2009-12,2011-11,24,912
21689,22,2009-12,2011-12,25,342
21690,14,2009-12,2011-01,14,258
21691,11,2009-12,2010-10,11,249
21692,15,2009-12,2011-02,15,502
21693,25,2009-12,2011-12,25,871
21694,22,2009-12,2011-12,25,556
21695,25,2009-12,2011-12,25,630
21696,24,2009-12,2011-11,24,749
21697,3,2009-12,2010-02,3,372
21698,23,2009-12,2011-12,25,530
21699,3,2009-12,2010-02,3,108
21700,25,2009-12,2011-12,25,6335
21702,3,2009-12,2010-02,3,2636
21703,25,2009-12,2011-12,25,14577
21704,25,2009-12,2011-12,25,17175
21705,19,2009-12,2011-12,25,2534
21706,25,2009-12,2011-12,25,1348
21707,24,2009-12,2011-12,25,1005
21708,23,2009-12,2011-12,25,611
21709,24,2009-12,2011-12,25,696
21710,23,2009-12,2011-11,24,726
21711,21,2009-12,2011-11,24,382
21713,25,2009-12,2011-12,25,2733
21714,25,2009-12,2011-12,25,4283
21715,25,2009-12,2011-12,25,3553
21716,25,2009-12,2011-12,25,3709
21717,15,2009-12,2011-03,16,1554
21718,25,2009-12,2011-12,25,4030
21719,25,2009-12,2011-12,25,906
21720,18,2009-12,2011-07,20,1068
21721,22,2009-12,2011-12,25,1090
21722,24,2009-12,2011-12,25,347
21723,25,2009-12,2011-12,25,866
21724,25,2009-12,2011-12,25,996
21725,24,2009-12,2011-11,24,1135
21726,24,2009-12,2011-12,25,1077
21728,8,2009-12,2010-07,8,298
21729,2,2009-12,2010-01,2,124
21730,22,2009-12,2011-12,25,1115
21731,25,2009-12,2011-12,25,28910
21732,10,2009-12,2010-09,10,925
21733,25,2009-12,2011-12,25,17575
21734,4,2009-12,2010-03,4,97
21735,20,2009-12,2011-09,22,853
21736,14,2009-12,2011-04,17,193
21737,11,2009-12,2010-10,11,398
21738,19,2009-12,2011-10,23,422
21739,22,2009-12,2011-12,25,494
21740,5,2009-12,2010-05,6,201
21741,21,2009-12,2011-11,24,701
21742,25,2009-12,2011-12,25,437
21743,21,2009-12,2011-09,22,1288
21744,16,2009-12,2011-11,24,898
21745,25,2009-12,2011-12,25,2699
21746,24,2009-12,2011-11,24,5965
21747,23,2009-12,2011-11,24,2049
21749,24,2009-12,2011-11,24,5657
21750,21,2009-12,2011-11,24,309
21752,6,2009-12,2010-09,10,77
21754,25,2009-12,2011-12,25,7595
21755,25,2009-12,2011-12,25,5643
21756,21,2009-12,2011-12,25,1612
21757,7,2009-12,2011-02,15,80
21758,24,2009-12,2011-12,25,135
21759,4,2010-01,2010-04,4,30
21760,6,2010-03,2010-09,7,15
21761,16,2009-12,2011-12,25,65
21763,9,2010-01,2011-07,19,43
21764,4,2009-12,2010-03,4,17
21765,11,2009-12,2010-11,12,371
21767,1,2009-12,2009-12,1,1
21768,9,2009-12,2010-11,12,497
21769,13,2009-12,2010-12,13,123
21770,18,2009-12,2011-12,25,2991
21772,1,2010-01,2010-01,1,1
21773,25,2009-12,2011-12,25,1642
21774,25,2009-12,2011-12,25,1711
21775,25,2009-12,2011-12,25,874
21777,13,2009-12,2010-12,13,1126
21779,2,2009-12,2010-01,2,301
21780,2,2009-12,2010-01,2,203
21781,20,2009-12,2011-07,20,655
21784,22,2009-12,2011-09,22,290
21785,15,2009-12,2011-02,15,2005
21786,25,2009-12,2011-12,25,7471
21787,22,2010-03,2011-12,22,15135
21788,25,2009-12,2011-12,25,3375
21789,25,2009-12,2011-12,25,2920
21790,25,2009-12,2011-12,25,27244
21791,25,2009-12,2011-12,25,17604
21792,20,2010-01,2011-08,20,494
21793,22,2010-01,2011-12,24,353
21794,21,2010-01,2011-10,22,713
21795,9,2009-12,2010-08,9,441
21796,9,2009-12,2010-08,9,324
21801,20,2009-12,2011-10,23,3398
21802,21,2009-12,2011-11,24,4377
21803,20,2009-12,2011-12,25,4463
21804,11,2009-12,2011-12,25,597
21805,9,2009-12,2010-11,12,2221
21806,11,2009-12,2010-11,12,2707
21807,17,2009-12,2011-11,24,3225
21808,14,2009-12,2011-12,25,1001
21809,17,2009-12,2011-12,25,3015
21810,16,2009-12,2011-12,25,6959
21811,24,2009-12,2011-11,24,6340
21812,24,2009-12,2011-12,25,805
21813,16,2009-12,2011-12,25,815
21814,18,2009-12,2011-11,24,670
21815,16,2009-12,2011-11,24,679
21816,10,2009-12,2011-11,24,422
21817,10,2009-12,2011-11,24,1687
21818,22,2009-12,2011-12,25,4196
21819,14,2009-12,2011-12,25,3847
21820,22,2009-12,2011-12,25,795
21821,14,2009-12,2011-12,25,713
21822,10,2009-12,2011-12,25,1010
21823,18,2009-12,2011-11,24,2468
21824,13,2009-12,2011-11,24,2782
21825,6,2009-12,2010-11,12,733
21826,16,2009-12,2011-03,16,1800
21827,14,2009-12,2011-03,16,835
21828,25,2009-12,2011-12,25,1105
21829,23,2009-12,2011-10,23,15035
21830,24,2009-12,2011-11,24,7658
21832,25,2009-12,2011-12,25,3338
21833,25,2009-12,2011-12,25,6239
21836,14,2009-12,2011-01,14,249
21837,6,2009-12,2010-05,6,244
21838,1,2009-12,2009-12,1,1
21839,13,2009-12,2011-03,16,201
21841,19,2009-12,2011-11,24,437
21842,4,2009-12,2010-03,4,551
21843,25,2009-12,2011-12,25,6128
21844,25,2009-12,2011-12,25,5374
21845,24,2009-12,2011-11,24,2521
21846,24,2009-12,2011-12,25,1601
21847,20,2009-12,2011-11,24,347
21849,23,2009-12,2011-12,25,633
21850,23,2009-12,2011-12,25,447
21851,25,2009-12,2011-12,25,628
21852,1,2009-12,2009-12,1,2
21853,2,2009-12,2010-04,5,3
21854,1,2009-12,2009-12,1,1
21857,1,2010-01,2010-01,1,2
21858,2,2009-12,2010-03,4,2
21860,1,2009-12,2009-12,1,1
21864,25,2009-12,2011-12,25,1853
21865,25,2009-12,2011-12,25,896
21866,25,2009-12,2011-12,25,2168
21867,25,2009-12,2011-12,25,1144
21868,25,2009-12,2011-12,25,9075
21869,6,2009-12,2010-05,6,1264
21870,20,2009-12,2011-08,21,6083
21871,25,2009-12,2011-12,25,11492
21872,25,2009-12,2011-12,25,5092
21873,25,2009-12,2011-12,25,2010
21874,25,2009-12,2011-12,25,6332
21875,25,2009-12,2011-12,25,6818
21876,25,2009-12,2011-12,25,5663
21877,25,2009-12,2011-12,25,14054
21878,22,2010-03,2011-12,22,5586
21879,25,2009-12,2011-12,25,1567
21880,25,2009-12,2011-12,25,2483
21881,25,2009-12,2011-12,25,1332
21882,22,2009-12,2011-11,24,1052
21883,25,2009-12,2011-12,25,2348
21884,25,2009-12,2011-12,25,1448
21888,25,2009-12,2011-12,25,3520
21889,25,2009-12,2011-12,25,12805
21890,25,2009-12,2011-12,25,3489
21891,25,2009-12,2011-12,25,12142
21892,25,2009-12,2011-12,25,7826
21893,3,2009-12,2010-02,3,172
21894,25,2009-12,2011-12,25,1320
21895,12,2009-12,2010-12,13,555
21896,25,2009-12,2011-12,25,2387
21897,15,2009-12,2011-04,17,866
21898,15,2009-12,2011-04,17,827
21899,25,2009-12,2011-12,25,6676
21900,25,2009-12,2011-12,25,8323
21901,25,2009-12,2011-12,25,6158
21902,25,2009-12,2011-12,25,5359
21903,25,2009-12,2011-12,25,3436
21904,18,2009-12,2011-05,18,757
21905,25,2009-12,2011-12,25,1615
21906,25,2009-12,2011-12,25,1786
21907,24,2010-01,2011-12,24,5163
21908,25,2009-12,2011-12,25,9678
21910,15,2009-12,2011-02,15,1066
21911,17,2009-12,2011-04,17,2546
21912,25,2009-12,2011-12,25,3734
21913,25,2009-12,2011-12,25,1129
21914,24,2009-12,2011-12,25,12957
21915,23,2009-12,2011-12,25,36289
21916,25,2009-12,2011-12,25,11011
21917,25,2009-12,2011-12,25,8010
21918,25,2009-12,2011-12,25,14598
21919,4,2009-12,2010-10,11,6
21922,21,2010-04,2011-12,21,1443
21923,9,2009-12,2010-08,9,337
21924,10,2009-12,2010-10,11,315
21925,21,2010-04,2011-12,21,1201
21926,20,2010-04,2011-12,21,1009
21927,21,2010-04,2011-12,21,1260
21928,25,2009-12,2011-12,25,24268
21929,24,2009-12,2011-12,25,25608
21930,25,2009-12,2011-12,25,13390
21931,25,2009-12,2011-12,25,29182
21932,25,2009-12,2011-12,25,3871
21933,25,2009-12,2011-12,25,4116
21934,25,2009-12,2011-12,25,4597
21935,25,2009-12,2011-12,25,7127
21936,25,2009-12,2011-12,25,7805
21937,21,2009-12,2011-12,25,4100
21942,24,2009-12,2011-12,25,1672
21943,24,2009-12,2011-12,25,591
21944,23,2009-12,2011-12,25,1789
21945,24,2009-12,2011-12,25,1862
21946,21,2009-12,2011-12,25,625
21947,25,2009-12,2011-12,25,1675
21948,25,2009-12,2011-12,25,2293
21949,25,2009-12,2011-12,25,2598
21950,5,2009-12,2010-04,5,211
21955,25,2009-12,2011-12,25,3911
21967,24,2009-12,2011-12,25,15652
21972,25,2009-12,2011-12,25,1055
21973,23,2009-12,2011-11,24,1670
21974,25,2009-12,2011-12,25,7046
21975,25,2009-12,2011-12,25,31332
21976,25,2009-12,2011-12,25,14570
21977,25,2009-12,2011-12,25,56061
21980,25,2009-12,2011-12,25,31337
21981,23,2009-12,2011-12,25,26204
21982,23,2009-12,2011-12,25,32086
21983,25,2009-12,2011-12,25,6118
21984,25,2009-12,2011-12,25,25351
21985,25,2009-12,2011-12,25,25523
21986,25,2009-12,2011-12,25,13476
21987,25,2009-12,2011-12,25,6417
21988,25,2009-12,2011-12,25,7829
21989,25,2009-12,2011-12,25,8552
21990,25,2009-12,2011-12,25,2453
21991,23,2009-12,2011-12,25,1103
21992,24,2009-12,2011-11,24,3320
21993,24,2009-12,2011-12,25,2849
22016,1,2011-08,2011-08,1,1
22021,10,2009-12,2011-03,16,1413
22023,25,2009-12,2011-12,25,4975
22024,25,2009-12,2011-12,25,5391
22025,25,2009-12,2011-12,25,3970
22026,25,2009-12,2011-12,25,4029
22027,25,2009-12,2011-12,25,11297
22028,25,2009-12,2011-12,25,6344
22029,25,2009-12,2011-12,25,17602
22030,24,2009-12,2011-12,25,12735
22031,25,2009-12,2011-12,25,1125
22032,23,2009-12,2011-11,24,980
22033,20,2009-12,2011-11,24,1603
22034,9,2009-12,2011-11,24,1617
22035,23,2009-12,2011-10,23,4083
22036,10,2009-12,2010-10,11,1649
22037,24,2009-12,2011-12,25,7054
22038,21,2009-12,2011-12,25,1150
22039,15,2009-12,2011-10,23,850
22040,23,2009-12,2011-11,24,2815
22041,25,2009-12,2011-12,25,7540
22042,16,2009-12,2011-12,25,1738
22043,15,2009-12,2011-12,25,2197
22044,11,2009-12,2011-11,24,1940
22045,25,2009-12,2011-12,25,14542
22046,25,2009-12,2011-12,25,6375
22047,25,2009-12,2011-12,25,8250
22048,24,2009-12,2011-12,25,2815
22049,9,2009-12,2011-10,23,3500
22050,25,2009-12,2011-12,25,3300
22051,24,2009-12,2011-11,24,3175
22052,18,2009-12,2011-07,20,3525
22053,22,2009-12,2011-11,24,4551
22054,4,2009-12,2010-03,4,361
22055,25,2009-12,2011-12,25,4925
22056,8,2009-12,2010-07,8,607
22057,25,2009-12,2011-12,25,3060
22058,12,2009-12,2010-11,12,520
22059,25,2009-12,2011-12,25,4940
22060,18,2009-12,2011-05,18,733
22061,25,2009-12,2011-12,25,2171
22062,23,2009-12,2011-10,23,761
22063,25,2009-12,2011-12,25,2303
22064,25,2009-12,2011-12,25,6606
22065,20,2009-12,2011-12,25,8640
22066,25,2009-12,2011-12,25,3435
22067,25,2009-12,2011-12,25,1855
22068,25,2009-12,2011-12,25,1112
22069,25,2009-12,2011-12,25,968
22070,25,2009-12,2011-12,25,1835
22071,25,2009-12,2011-12,25,1530
22072,25,2009-12,2011-12,25,2405
22073,18,2009-12,2011-05,18,2124
22074,25,2009-12,2011-12,25,2156
22075,24,2009-12,2011-12,25,3079
22076,25,2009-12,2011-12,25,2353
22077,24,2009-12,2011-12,25,17238
22078,23,2009-12,2011-12,25,3984
22079,25,2009-12,2011-12,25,5028
22080,21,2009-12,2011-12,25,3887
22081,25,2009-12,2011-12,25,1559
22082,25,2009-12,2011-12,25,7267
22083,25,2009-12,2011-12,25,13716
22084,23,2009-12,2011-12,25,8803
22085,25,2009-12,2011-12,25,2538
22086,24,2009-12,2011-12,25,35084
22087,20,2009-12,2011-12,25,8475
22088,20,2009-12,2011-07,20,4399
22089,25,2009-12,2011-12,25,3506
22090,25,2009-12,2011-12,25,16698
22091,25,2009-12,2011-12,25,3179
22092,22,2009-12,2011-12,25,933
22093,24,2009-12,2011-12,25,2346
22094,25,2009-12,2011-12,25,3557
22095,25,2009-12,2011-12,25,2978
22096,24,2009-12,2011-12,25,1667
22097,25,2009-12,2011-12,25,2064
22098,25,2009-12,2011-12,25,2865
22099,25,2009-12,2011-12,25,2123
22100,23,2009-12,2011-12,25,1005
22101,25,2009-12,2011-12,25,1909
22102,23,2009-12,2011-11,24,1842
22103,21,2009-12,2011-10,23,1746
22104,24,2009-12,2011-12,25,1187
22105,22,2009-12,2011-12,25,692
22106,24,2010-01,2011-12,24,509
22107,25,2009-12,2011-12,25,1240
22108,23,2009-12,2011-12,25,313
22109,25,2009-12,2011-12,25,3338
22110,25,2009-12,2011-12,25,2609
22111,25,2009-12,2011-12,25,9776
22112,25,2009-12,2011-12,25,11065
22113,17,2009-12,2011-12,25,5759
22114,21,2009-12,2011-12,25,11677
22115,25,2009-12,2011-12,25,2889
22116,25,2009-12,2011-12,25,823
22117,25,2009-12,2011-12,25,1765
22118,23,2009-12,2011-12,25,799
22119,25,2009-12,2011-12,25,896
22120,21,2009-12,2011-12,25,1018
22121,19,2009-12,2011-12,25,1481
22122,9,2009-12,2010-08,9,1095
22123,25,2009-12,2011-12,25,655
22124,24,2009-12,2011-12,25,298
22125,6,2009-12,2011-11,24,653
22127,16,2009-12,2011-03,16,3468
22128,24,2009-12,2011-11,24,3923
22129,25,2009-12,2011-12,25,3246
22130,23,2009-12,2011-12,25,9737
22131,25,2009-12,2011-12,25,5243
22132,25,2009-12,2011-12,25,3345
22133,25,2009-12,2011-12,25,2464
22134,25,2009-12,2011-12,25,2354
22135,25,2009-12,2011-12,25,1624
22136,24,2009-12,2011-12,25,1989
22137,19,2009-12,2011-08,21,606
22138,25,2009-12,2011-12,25,9366
22139,25,2009-12,2011-12,25,10609
22141,14,2009-12,2011-12,25,3663
22142,13,2009-12,2011-12,25,4300
22143,9,2009-12,2010-10,11,446
22144,17,2009-12,2011-12,25,5134
22145,12,2009-12,2010-12,13,1306
22146,10,2009-12,2011-01,14,1413
22147,25,2009-12,2011-12,25,12828
22148,22,2009-12,2011-12,25,3237
22149,24,2009-12,2011-11,24,12674
22150,25,2009-12,2011-12,25,7815
22151,25,2009-12,2011-12,25,27562
22152,23,2009-12,2011-12,25,6241
22153,19,2009-12,2011-12,25,5705
22154,21,2009-12,2011-12,25,7114
22155,25,2009-12,2011-12,25,5925
22156,25,2009-12,2011-12,25,6156
22157,10,2009-12,2011-08,21,1698
22158,22,2009-12,2011-12,25,8985
22161,25,2009-12,2011-12,25,6726
22162,23,2009-12,2011-11,24,1218
22163,24,2009-12,2011-12,25,1269
22164,15,2009-12,2011-11,24,315
22165,25,2009-12,2011-12,25,976
22166,25,2009-12,2011-12,25,440
22167,25,2009-12,2011-12,25,690
22168,17,2009-12,2011-04,17,659
22169,24,2009-12,2011-12,25,2275
22170,24,2009-12,2011-12,25,2385
22171,25,2009-12,2011-12,25,3141
22172,10,2009-12,2010-09,10,378
22173,22,2009-12,2011-12,25,5026
22174,23,2009-12,2011-12,25,5122
22175,25,2009-12,2011-12,25,1824
22176,23,2009-12,2011-10,23,1184
22177,7,2009-12,2010-08,9,325
22178,25,2009-12,2011-12,25,40081
22179,25,2009-12,2011-12,25,2023
22180,24,2009-12,2011-11,24,975
22181,24,2009-12,2011-11,24,1538
22182,25,2009-12,2011-12,25,561
22183,20,2009-12,2011-11,24,586
22184,14,2009-12,2011-01,14,389
22185,25,2009-12,2011-12,25,3896
22186,21,2009-12,2011-12,25,2004
22187,19,2009-12,2011-12,25,2104
22188,24,2009-12,2011-12,25,10353
22189,24,2009-12,2011-12,25,16186
22190,25,2009-12,2011-12,25,1400
22191,23,2009-12,2011-12,25,1967
22192,23,2009-12,2011-12,25,1426
22193,20,2009-12,2011-12,25,1910
22194,21,2009-12,2011-08,21,373
22195,25,2009-12,2011-12,25,5127
22196,25,2009-12,2011-12,25,6586
22197,25,2009-12,2011-12,25,88499
22198,15,2009-12,2011-02,15,7331
22199,25,2009-12,2011-12,25,1827
22200,25,2009-12,2011-12,25,1296
22201,25,2009-12,2011-12,25,509
22202,17,2009-12,2011-05,18,1074
22203,25,2009-12,2011-12,25,1402
22204,25,2009-12,2011-12,25,537
22206,8,2010-06,2011-11,18,14
22207,25,2009-12,2011-12,25,3103
22208,25,2009-12,2011-12,25,2366
22209,25,2009-12,2011-12,25,1415
22210,25,2009-12,2011-12,25,1586
22211,25,2009-12,2011-12,25,1531
22212,25,2009-12,2011-12,25,4024
22214,25,2009-12,2011-12,25,549
22215,25,2009-12,2011-12,25,1085
22216,25,2009-12,2011-12,25,1396
22217,25,2009-12,2011-12,25,2374
22218,13,2009-12,2010-12,13,1232
22219,25,2009-12,2011-12,25,9771
22220,24,2009-12,2011-12,25,745
22221,25,2009-12,2011-12,25,905
22222,25,2009-12,2011-12,25,1489
22223,25,2009-12,2011-12,25,726
22224,25,2009-12,2011-12,25,2373
22227,25,2009-12,2011-12,25,6021
22228,24,2009-12,2011-12,25,1727
22229,21,2009-12,2011-12,25,1007
22230,25,2009-12,2011-12,25,1657
22231,25,2009-12,2011-12,25,2135
22232,25,2009-12,2011-12,25,1109
22233,24,2009-12,2011-12,25,949
22236,24,2009-12,2011-11,24,1127
22241,24,2009-12,2011-11,24,4349
22242,15,2009-12,2011-02,15,4756
22243,22,2009-12,2011-11,24,7678
22244,21,2009-12,2011-09,22,4760
22245,21,2009-12,2011-09,22,4633
22246,24,2009-12,2011-11,24,1081
22247,17,2009-12,2011-11,24,1184
22248,23,2009-12,2011-12,25,1013
22249,21,2009-12,2011-12,25,1636
22250,25,2009-12,2011-12,25,1521
22251,25,2009-12,2011-12,25,1871
22252,25,2009-12,2011-12,25,956
22253,5,2009-12,2010-04,5,964
22254,25,2009-12,2011-12,25,1398
22255,25,2009-12,2011-12,25,1185
22256,15,2009-12,2011-09,22,933
22257,11,2010-01,2011-10,22,419
22258,14,2009-12,2011-11,24,1342
22259,12,2010-01,2011-04,16,590
22260,25,2009-12,2011-12,25,1557
22261,23,2009-12,2011-12,25,2105
22262,25,2009-12,2011-12,25,2026
22263,23,2009-12,2011-12,25,836
22264,21,2009-12,2011-12,25,2014
22265,22,2009-12,2011-11,24,1843
22266,19,2009-12,2011-12,25,2542
22267,16,2009-12,2011-12,25,1472
22268,22,2009-12,2011-11,24,2554
22269,25,2009-12,2011-12,25,1521
22270,20,2009-12,2011-11,24,685
22271,24,2009-12,2011-11,24,4866
22272,18,2009-12,2011-05,18,1371
22273,25,2009-12,2011-12,25,7355
22274,25,2009-12,2011-12,25,3773
22275,13,2009-12,2010-12,13,946
22276,25,2009-12,2011-12,25,1889
22277,25,2009-12,2011-12,25,1400
22278,25,2009-12,2011-12,25,1016
22279,25,2009-12,2011-12,25,1440
22280,25,2009-12,2011-12,25,877
22281,16,2009-12,2011-12,25,511
22282,25,2009-12,2011-12,25,561
22283,25,2009-12,2011-12,25,1032
22284,25,2009-12,2011-12,25,2465
22285,25,2009-12,2011-12,25,2705
22286,19,2009-12,2011-12,25,1937
22287,18,2009-12,2011-12,25,1340
22288,20,2009-12,2011-12,25,1310
22289,20,2009-12,2011-11,24,764
22290,4,2009-12,2010-03,4,670
22291,23,2009-12,2011-11,24,3193
22292,24,2009-12,2011-11,24,2779
22293,22,2009-12,2011-11,24,2034
22294,25,2009-12,2011-12,25,16671
22295,23,2009-12,2011-12,25,8411
22296,24,2009-12,2011-12,25,9719
22297,25,2009-12,2011-12,25,13715
22299,25,2009-12,2011-12,25,3912
22300,25,2009-12,2011-12,25,4116
22301,25,2009-12,2011-12,25,5009
22302,24,2009-12,2011-12,25,4926
22303,25,2009-12,2011-12,25,5439
22304,24,2009-12,2011-12,25,2380
22305,25,2009-12,2011-12,25,2267
22306,15,2009-12,2011-12,25,1621
22307,14,2009-12,2011-12,25,1199
22308,25,2009-12,2011-12,25,677
22309,24,2009-12,2011-12,25,1331
22310,24,2009-12,2011-12,25,1739
22311,25,2009-12,2011-12,25,2116
22312,25,2009-12,2011-12,25,1233
22313,24,2009-12,2011-12,25,985
22314,25,2009-12,2011-12,25,1110
22315,25,2009-12,2011-12,25,2136
22316,25,2009-12,2011-12,25,1257
22317,24,2009-12,2011-11,24,587
22318,25,2009-12,2011-12,25,1583
22319,25,2009-12,2011-12,25,2987
22320,25,2009-12,2011-12,25,598
22321,25,2009-12,2011-12,25,2528
22322,24,2009-12,2011-11,24,1617
22323,13,2009-12,2011-01,14,635
22324,25,2009-12,2011-12,25,664
22325,24,2009-12,2011-11,24,699
22326,24,2010-01,2011-12,24,15446
22327,24,2010-01,2011-12,24,3065
22328,24,2010-01,2011-12,24,12959
22329,24,2010-01,2011-12,24,5159
22330,3,2009-12,2010-02,3,128
22331,25,2009-12,2011-12,25,3660
22332,25,2009-12,2011-12,25,4158
22333,25,2009-12,2011-12,25,10030
22334,25,2009-12,2011-12,25,2230
22335,25,2009-12,2011-12,25,8666
22336,22,2009-12,2011-10,23,4661
22337,13,2009-12,2011-12,25,2473
22338,19,2009-12,2011-12,25,6087
22339,16,2009-12,2011-11,24,3521
22340,16,2009-12,2011-12,25,1799
22341,25,2009-12,2011-12,25,3467
22342,25,2009-12,2011-12,25,1817
22343,25,2009-12,2011-12,25,3297
22344,24,2009-12,2011-12,25,1580
22345,25,2009-12,2011-12,25,1466
22346,22,2009-12,2011-12,25,1300
22347,9,2009-12,2010-08,9,2716
22348,25,2009-12,2011-12,25,12453
22349,25,2009-12,2011-12,25,2571
22350,25,2009-12,2011-12,25,2840
22351,3,2010-08,2011-06,11,15
22352,25,2009-12,2011-12,25,7090
22353,16,2009-12,2011-05,18,3039
22354,25,2009-12,2011-12,25,2228
22355,25,2009-12,2011-12,25,31956
22356,25,2009-12,2011-12,25,20015
22357,24,2010-01,2011-12,24,2073
22358,24,2010-01,2011-12,24,2651
22359,22,2010-03,2011-12,22,1278
22360,23,2009-12,2011-12,25,2503
22361,22,2010-03,2011-12,22,1845
22362,22,2010-03,2011-12,22,747
22363,22,2010-03,2011-12,22,781
22364,22,2010-03,2011-12,22,2054
22365,24,2010-01,2011-12,24,2329
22366,24,2010-01,2011-12,24,2540
22367,24,2010-01,2011-12,24,8059
22371,23,2010-02,2011-12,23,1828
22372,23,2010-02,2011-12,23,604
22374,23,2010-02,2011-12,23,1023
22375,23,2010-02,2011-12,23,590
22376,23,2010-02,2011-12,23,529
22377,24,2010-01,2011-12,24,3618
22378,24,2010-01,2011-12,24,3749
22379,24,2010-01,2011-12,24,15765
22380,24,2010-01,2011-12,24,4964
22381,24,2010-01,2011-12,24,9265
22382,24,2010-01,2011-12,24,20248
22383,24,2010-01,2011-12,24,25058
22384,24,2010-01,2011-12,24,20783
22385,24,2010-01,2011-12,24,17057
22386,24,2010-01,2011-12,24,39437
22389,20,2010-03,2011-12,22,647
22390,22,2010-03,2011-12,22,813
22391,20,2010-03,2011-12,22,323
22393,22,2010-03,2011-12,22,834
22394,19,2010-04,2011-12,21,346
22395,19,2010-04,2011-12,21,234
22396,22,2010-03,2011-12,22,1895
22398,22,2010-03,2011-12,22,4239
22399,22,2010-03,2011-12,22,4040
22400,22,2010-03,2011-12,22,2450
22402,22,2010-03,2011-12,22,3431
22403,22,2010-03,2011-12,22,1715
22405,22,2010-03,2011-12,22,1642
22406,22,2010-03,2011-12,22,2487
22407,19,2010-03,2011-12,22,438
22408,20,2010-03,2011-12,22,650
22409,22,2010-03,2011-12,22,1686
22410,22,2010-03,2011-12,22,1363
22411,24,2010-01,2011-12,24,27281
22412,23,2010-01,2011-11,23,2401
22413,24,2010-01,2011-12,24,6976
22414,24,2010-01,2011-12,24,1187
22415,14,2009-12,2011-01,14,317
22416,23,2010-02,2011-12,23,1970
22417,24,2010-01,2011-12,24,21451
22418,20,2010-05,2011-12,20,12314
22419,20,2010-05,2011-12,20,6847
22420,20,2010-05,2011-12,20,2111
22421,20,2010-05,2011-12,20,4721
22422,20,2010-05,2011-12,20,2743
22423,22,2010-03,2011-12,22,26478
22424,20,2010-05,2011-12,20,1529
22425,20,2010-05,2011-12,20,854
22426,21,2010-04,2011-12,21,1333
22427,19,2010-05,2011-11,19,3210
22428,21,2010-04,2011-12,21,459
22429,21,2010-03,2011-12,22,2280
22430,20,2010-05,2011-12,20,1397
22431,23,2010-02,2011-12,23,3365
22432,23,2010-02,2011-12,23,3532
22433,23,2010-02,2011-12,23,2778
22434,21,2010-04,2011-12,21,2547
22435,21,2010-04,2011-12,21,4915
22436,21,2010-04,2011-12,21,4215
22437,21,2010-04,2011-12,21,6514
22438,21,2010-04,2011-12,21,1459
22439,21,2010-04,2011-12,21,3891
22440,21,2010-04,2011-12,21,8523
22441,22,2010-03,2011-12,22,2644
22442,20,2010-03,2011-12,22,866
22443,18,2010-03,2011-08,18,683
22444,15,2010-03,2011-05,15,10132
22445,22,2010-03,2011-12,22,1287
22446,21,2010-03,2011-12,22,618
22447,21,2010-03,2011-12,22,248
22448,22,2010-03,2011-12,22,753
22449,21,2010-03,2011-11,21,1323
22450,19,2010-03,2011-11,21,834
22451,15,2010-03,2011-05,15,1339
22452,22,2010-03,2011-12,22,1271
22453,22,2010-03,2011-12,22,801
22454,20,2010-03,2011-11,21,1405
22456,22,2010-03,2011-12,22,4416
22457,22,2010-03,2011-12,22,15373
22458,14,2010-03,2011-04,14,1523
22459,14,2010-03,2011-04,14,1378
22460,22,2010-03,2011-12,22,4771
22461,18,2010-03,2011-08,18,410
22464,22,2010-03,2011-12,22,7847
22465,22,2010-03,2011-12,22,4517
22466,22,2010-03,2011-12,22,5312
22467,21,2010-03,2011-12,22,11868
22468,22,2010-03,2011-12,22,1736
22469,21,2010-04,2011-12,21,27908
22470,21,2010-04,2011-12,21,17773
22471,20,2010-03,2011-12,22,627
22472,22,2010-03,2011-12,22,1099
22473,22,2010-03,2011-12,22,811
22474,22,2010-03,2011-12,22,972
22475,22,2010-03,2011-12,22,769
22476,22,2010-03,2011-12,22,1332
22477,22,2010-03,2011-12,22,2414
22478,22,2010-03,2011-12,22,2772
22479,22,2010-03,2011-12,22,1939
22480,18,2010-03,2011-08,18,2368
22481,22,2010-03,2011-12,22,1272
22482,17,2010-03,2011-07,17,2319
22483,22,2010-03,2011-12,22,1877
22485,22,2010-03,2011-12,22,1101
22486,13,2010-03,2011-12,22,104
22487,22,2010-03,2011-12,22,1632
22488,22,2010-03,2011-12,22,6905
22489,21,2010-03,2011-12,22,17916
22491,20,2010-05,2011-12,20,7423
22492,20,2010-05,2011-12,20,43546
22493,20,2010-05,2011-12,20,4738
22494,24,2010-01,2011-12,24,2765
22495,24,2010-01,2011-12,24,940
22496,24,2010-01,2011-12,24,731
22497,24,2010-01,2011-12,24,929
22498,23,2010-02,2011-12,23,1135
22499,23,2010-02,2011-12,23,3584
22500,24,2010-01,2011-12,24,580
22501,19,2010-05,2011-11,19,2612
22502,17,2010-05,2011-09,17,3766
22503,17,2010-04,2011-11,20,141
22504,18,2010-05,2011-12,20,366
22505,22,2010-03,2011-12,22,3773
22507,22,2010-03,2011-12,22,5455
22508,22,2010-03,2011-12,22,2880
22509,22,2010-03,2011-12,22,387
22510,19,2010-03,2011-12,22,316
22511,18,2010-03,2011-12,22,397
22512,18,2010-03,2011-12,22,384
22513,21,2010-03,2011-12,22,585
22514,22,2010-03,2011-12,22,1082
22515,22,2010-03,2011-12,22,1046
22516,20,2010-03,2011-12,22,839
22517,22,2010-03,2011-12,22,806
22518,15,2010-03,2011-05,15,1398
22519,16,2010-03,2011-06,16,1425
22520,15,2010-03,2011-05,15,2294
22521,15,2010-03,2011-05,15,2288
22522,22,2010-03,2011-12,22,2239
22523,22,2010-03,2011-12,22,2183
22524,15,2010-03,2011-05,15,1925
22525,14,2010-03,2011-04,14,1946
22526,22,2010-03,2011-12,22,544
22528,10,2010-03,2010-12,10,5824
22529,22,2010-03,2011-12,22,2437
22530,22,2010-03,2011-12,22,10065
22531,22,2010-03,2011-12,22,8136
22532,22,2010-03,2011-12,22,2862
22533,22,2010-03,2011-12,22,4519
22534,22,2010-03,2011-12,22,12891
22535,22,2010-03,2011-12,22,4454
22536,22,2010-03,2011-12,22,9091
22537,22,2010-03,2011-12,22,5861
22538,21,2010-03,2011-12,22,1443
22539,22,2010-03,2011-12,22,5654
22540,22,2010-03,2011-12,22,6162
22541,21,2010-03,2011-12,22,1245
22543,21,2010-03,2011-12,22,3247
22544,22,2010-03,2011-12,22,9382
22545,22,2010-03,2011-12,22,3451
22546,22,2010-03,2011-12,22,4375
22547,22,2010-03,2011-12,22,1980
22548,21,2010-03,2011-11,21,3526
22549,22,2010-03,2011-12,22,6521
22550,22,2010-03,2011-12,22,2058
22551,22,2010-03,2011-12,22,15441
22553,22,2010-03,2011-12,22,7794
22554,22,2010-03,2011-12,22,13588
22555,22,2010-03,2011-12,22,11549
22556,22,2010-03,2011-12,22,13585
22557,22,2010-03,2011-12,22,10369
22558,19,2010-04,2011-12,21,13809
22559,22,2010-03,2011-12,22,1583
22560,22,2010-03,2011-12,22,14836
22561,22,2010-03,2011-12,22,11642
22562,22,2010-03,2011-12,22,3978
22563,22,2010-03,2011-12,22,5942
22564,22,2010-03,2011-12,22,4570
22565,22,2010-03,2011-12,22,2086
22566,22,2010-03,2011-12,22,2836
22567,21,2010-03,2011-12,22,5561
22568,22,2010-03,2011-12,22,5479
22569,20,2010-03,2011-10,20,5521
22570,21,2010-03,2011-11,21,5631
22571,14,2010-07,2011-12,18,5780
22572,14,2010-07,2011-11,17,3439
22573,15,2010-07,2011-12,18,4907
22574,17,2010-07,2011-12,18,5074
22575,13,2010-07,2011-12,18,3113
22576,15,2010-07,2011-12,18,3132
22577,18,2010-07,2011-12,18,14023
22578,13,2010-07,2011-12,18,13302
22579,13,2010-07,2011-11,17,7152
22580,15,2010-07,2011-12,18,2322
22581,13,2010-07,2011-12,18,3565
22582,22,2010-03,2011-12,22,2522
22583,22,2010-03,2011-12,22,1873
22584,22,2010-03,2011-12,22,5222
22585,22,2010-03,2011-12,22,17557
22586,22,2010-03,2011-12,22,2087
22587,22,2010-03,2011-12,22,2112
22588,15,2010-07,2011-12,18,2849
22589,13,2010-07,2011-12,18,1317
22591,13,2010-07,2011-12,18,1347
22592,13,2010-07,2011-12,18,1980
22593,16,2010-07,2011-12,18,5420
22594,16,2010-07,2011-12,18,4791
22595,18,2010-07,2011-12,18,12535
22596,12,2010-07,2011-12,18,6331
22597,18,2010-07,2011-12,18,4613
22598,12,2010-07,2011-12,18,1790
22599,12,2010-07,2011-12,18,3119
22600,15,2010-07,2011-12,18,4860
22601,16,2010-07,2011-12,18,5250
22602,18,2010-07,2011-12,18,6383
22603,14,2010-07,2011-12,18,4143
22604,18,2010-07,2011-12,18,2017
22605,21,2010-04,2011-12,21,1827
22606,21,2010-04,2011-12,21,1069
22607,19,2010-04,2011-12,21,2533
22608,22,2010-02,2011-12,23,5735
22609,22,2010-02,2011-12,23,7087
22610,23,2010-02,2011-12,23,12680
22611,18,2010-03,2011-11,21,907
22612,7,2010-03,2010-09,7,1001
22613,20,2010-05,2011-12,20,3051
22614,20,2010-05,2011-12,20,5726
22615,20,2010-05,2011-12,20,3718
22616,20,2010-05,2011-12,20,39147
22617,22,2010-03,2011-12,22,4251
22618,14,2010-03,2011-05,15,718
22619,20,2010-05,2011-12,20,4008
22620,20,2010-05,2011-12,20,8181
22621,20,2010-05,2011-12,20,8726
22622,20,2010-05,2011-12,20,2945
22623,20,2010-05,2011-12,20,2312
22624,20,2010-05,2011-12,20,3152
22625,20,2010-05,2011-12,20,2627
22626,21,2010-04,2011-12,21,837
22627,20,2010-05,2011-12,20,1600
22628,18,2010-07,2011-12,18,1744
22629,18,2010-07,2011-12,18,20807
22630,18,2010-07,2011-12,18,18058
22631,19,2010-03,2011-12,22,6272
22632,11,2010-09,2011-12,16,10290
22633,12,2010-10,2011-12,15,8541
22634,20,2010-05,2011-12,20,1688
22635,20,2010-05,2011-12,20,1660
22636,20,2010-05,2011-12,20,1618
22637,19,2010-05,2011-11,19,4478
22638,16,2010-07,2011-12,18,405
22639,18,2010-07,2011-12,18,1651
22640,19,2010-06,2011-12,19,357
22641,17,2010-07,2011-12,18,300
22642,15,2010-07,2011-12,18,989
22643,17,2010-07,2011-12,18,464
22644,20,2010-05,2011-12,20,4857
22645,20,2010-05,2011-12,20,5560
22646,20,2010-05,2011-12,20,8913
22647,18,2010-05,2011-12,20,1058
22649,20,2010-05,2011-12,20,2302
22650,20,2010-05,2011-12,20,1786
22651,18,2010-07,2011-12,18,3175
22652,17,2010-07,2011-11,17,9910
22653,18,2010-07,2011-12,18,3031
22654,18,2010-07,2011-12,18,2534
22655,16,2010-07,2011-11,17,76
22656,13,2010-07,2011-10,16,45
22657,3,2010-01,2010-03,3,59
22659,19,2010-03,2011-12,22,15942
22660,19,2010-06,2011-12,19,881
22661,18,2010-07,2011-12,18,8199
22662,18,2010-07,2011-12,18,9951
22663,18,2010-07,2011-12,18,5764
22664,18,2010-07,2011-12,18,1429
22665,17,2010-07,2011-11,17,2955
22666,18,2010-07,2011-12,18,10706
22667,17,2010-07,2011-12,18,4845
22668,18,2010-07,2011-12,18,3587
22669,18,2010-07,2011-12,18,2386
22670,17,2010-08,2011-12,17,4432
22671,17,2010-08,2011-12,17,1688
22672,17,2010-08,2011-12,17,2850
22673,17,2010-08,2011-12,17,1320
22674,17,2010-08,2011-12,17,2377
22675,17,2010-08,2011-12,17,2227
22676,17,2010-08,2011-12,17,1830
22677,17,2010-08,2011-12,17,1583
22678,17,2010-08,2011-12,17,1400
22679,17,2010-08,2011-12,17,1263
22680,17,2010-08,2011-12,17,1356
22681,17,2010-08,2011-12,17,1167
22682,17,2010-08,2011-12,17,1166
22683,17,2010-08,2011-12,17,1131
22684,17,2010-08,2011-12,17,1012
22685,17,2010-08,2011-12,17,1082
22686,17,2010-08,2011-12,17,1406
22687,13,2010-06,2011-12,19,895
22688,13,2010-06,2011-12,19,865
22689,15,2010-06,2011-11,18,1092
22690,19,2010-06,2011-12,19,2530
22691,18,2010-06,2011-12,19,758
22692,19,2010-06,2011-12,19,2135
22693,17,2010-08,2011-12,17,17875
22694,18,2010-07,2011-12,18,4893
22695,17,2010-07,2011-12,18,1457
22696,18,2010-07,2011-12,18,1415
22697,17,2010-08,2011-12,17,9795
22698,16,2010-08,2011-12,17,8193
22699,17,2010-08,2011-12,17,13070
22700,15,2010-07,2011-10,16,1384
22701,19,2010-06,2011-12,19,675
22702,19,2010-06,2011-12,19,1589
22703,19,2010-06,2011-12,19,513
22704,20,2010-05,2011-12,20,8678
22705,20,2010-05,2011-12,20,3733
22706,19,2010-06,2011-12,19,4222
22707,20,2010-05,2011-12,20,2157
22708,19,2010-06,2011-12,19,5325
22709,17,2010-06,2011-12,19,2799
22710,20,2010-05,2011-12,20,7184
22711,20,2010-05,2011-12,20,5377
22712,19,2010-05,2011-12,20,7295
22713,20,2010-05,2011-12,20,6084
22714,20,2010-05,2011-12,20,5277
22715,18,2010-06,2011-11,18,2717
22716,19,2010-06,2011-12,19,5218
22717,19,2010-06,2011-12,19,2405
22718,19,2010-06,2011-12,19,2605
22719,14,2010-04,2011-05,14,1467
22720,13,2010-12,2011-12,13,7483
22721,13,2010-12,2011-12,13,1020
22722,13,2010-11,2011-12,14,5972
22723,13,2010-12,2011-12,13,1164
22725,16,2010-09,2011-12,16,2518
22726,16,2010-09,2011-12,16,7671
22727,16,2010-09,2011-12,16,9234
22728,16,2010-09,2011-12,16,6215
22729,16,2010-09,2011-12,16,2999
22730,16,2010-09,2011-12,16,3702
22731,11,2010-09,2011-12,16,2958
22732,14,2010-09,2011-12,16,3773
22733,13,2010-09,2011-12,16,3441
22734,13,2010-09,2011-12,16,9772
22735,11,2010-09,2011-12,16,1434
22736,15,2010-09,2011-12,16,2527
22737,16,2010-09,2011-12,16,3266
22738,14,2010-09,2011-12,16,4447
22739,16,2010-09,2011-12,16,4021
22740,12,2010-09,2011-09,13,13345
22741,16,2010-09,2011-12,16,10652
22742,17,2010-08,2011-12,17,1002
22743,17,2010-08,2011-12,17,1502
22744,17,2010-08,2011-12,17,1515
22745,16,2010-09,2011-12,16,3976
22746,16,2010-09,2011-12,16,2910
22747,16,2010-09,2011-12,16,2035
22748,16,2010-09,2011-12,16,4142
22749,16,2010-09,2011-12,16,3759
22750,16,2010-09,2011-12,16,3125
22751,16,2010-09,2011-12,16,2264
22752,17,2010-08,2011-12,17,3459
22753,17,2010-08,2011-12,17,2332
22754,17,2010-08,2011-12,17,3924
22755,17,2010-08,2011-12,17,3776
22756,17,2010-08,2011-12,17,1204
22757,17,2010-08,2011-12,17,2696
22758,17,2010-08,2011-12,17,2437
22759,16,2010-08,2011-11,16,9380
22760,12,2010-10,2011-09,12,356
22761,14,2010-10,2011-12,15,48
22762,15,2010-10,2011-12,15,204
22763,15,2010-10,2011-12,15,662
22764,4,2010-10,2011-03,6,183
22765,3,2010-10,2010-12,3,311
22766,15,2010-10,2011-12,15,4367
22767,15,2010-10,2011-12,15,1004
22768,15,2010-10,2011-12,15,1158
22769,4,2010-10,2011-01,4,174
22770,15,2010-10,2011-12,15,112
22771,15,2010-10,2011-12,15,7489
22772,15,2010-10,2011-12,15,4377
22773,15,2010-10,2011-12,15,2392
22774,15,2010-10,2011-12,15,2791
22775,15,2010-10,2011-12,15,3633
22776,15,2010-10,2011-12,15,1708
22777,8,2010-10,2011-07,10,455
22778,14,2010-10,2011-11,14,972
22779,15,2010-10,2011-12,15,1735
22780,15,2010-10,2011-12,15,1623
22781,15,2010-10,2011-12,15,867
22782,15,2010-10,2011-12,15,254
22783,8,2010-10,2011-06,9,482
22784,15,2010-10,2011-12,15,1551
22785,14,2010-10,2011-12,15,412
22786,13,2010-10,2011-12,15,248
22788,9,2010-10,2011-06,9,476
22789,15,2010-10,2011-12,15,1238
22790,1,2010-10,2010-10,1,200
22791,14,2010-10,2011-12,15,9458
22792,15,2010-10,2011-12,15,3489
22794,15,2010-10,2011-12,15,389
22795,13,2010-10,2011-12,15,1597
22796,15,2010-10,2011-12,15,806
22797,15,2010-10,2011-12,15,242
22798,15,2010-10,2011-12,15,2367
22799,15,2010-10,2011-12,15,253
22800,15,2010-10,2011-12,15,1127
22801,15,2010-10,2011-12,15,1300
22802,14,2010-10,2011-12,15,110
22803,13,2010-10,2011-11,14,59
22804,16,2010-09,2011-12,16,5261
22805,15,2010-10,2011-12,15,2207
22806,16,2010-09,2011-12,16,430
22807,16,2010-09,2011-12,16,1375
22808,12,2010-09,2011-12,16,420
22809,11,2010-09,2011-12,16,2568
22810,13,2010-09,2011-12,16,2199
22811,16,2010-09,2011-12,16,1021
22812,12,2010-09,2011-12,16,4879
22813,16,2010-09,2011-12,16,3945
22814,16,2010-09,2011-12,16,2728
22815,16,2010-09,2011-12,16,3433
22816,14,2010-09,2011-12,16,6856
22817,16,2010-09,2011-12,16,3392
22818,14,2010-09,2011-12,16,6290
22819,16,2010-09,2011-12,16,3351
22820,16,2010-09,2011-12,16,1353
22821,16,2010-09,2011-12,16,1660
22822,14,2010-11,2011-12,14,581
22823,12,2010-10,2011-11,14,32
22824,13,2010-11,2011-11,13,61
22825,14,2010-10,2011-11,14,100
22826,10,2010-12,2011-11,12,58
22827,13,2010-10,2011-11,14,46
22828,8,2010-10,2011-11,14,17
22829,13,2010-11,2011-11,13,241
22830,4,2010-10,2011-01,4,181
22831,14,2010-11,2011-12,14,776
22832,13,2010-11,2011-11,13,185
22833,4,2010-11,2011-02,4,120
22834,16,2010-09,2011-12,16,6900
22835,16,2010-09,2011-12,16,5302
22837,12,2010-10,2011-09,12,3534
22838,14,2010-10,2011-12,15,922
22839,15,2010-10,2011-12,15,579
22840,15,2010-10,2011-12,15,1323
22841,15,2010-10,2011-12,15,772
22842,15,2010-10,2011-12,15,818
22843,15,2010-10,2011-12,15,595
22844,15,2010-10,2011-12,15,1227
22845,15,2010-10,2011-12,15,999
22846,15,2010-10,2011-12,15,825
22847,14,2010-10,2011-12,15,1157
22848,13,2010-10,2011-10,13,381
22849,12,2010-10,2011-10,13,403
22850,1,2010-10,2010-10,1,8
22851,17,2010-08,2011-12,17,5167
22852,15,2010-10,2011-12,15,565
22853,15,2010-10,2011-12,15,645
22854,13,2010-09,2011-09,13,1160
22855,12,2010-09,2011-08,12,4795
22856,10,2010-10,2011-11,14,877
22857,9,2010-10,2011-10,13,1230
22858,8,2010-11,2011-10,12,1135
22859,13,2010-10,2011-11,14,1250
22860,9,2010-10,2011-11,14,612
22861,5,2010-12,2011-04,5,305
22862,5,2010-09,2011-01,5,758
22863,16,2010-09,2011-12,16,1107
22864,1,2010-06,2010-06,1,378
22865,15,2010-09,2011-12,16,14537
22866,13,2010-09,2011-12,16,12778
22867,13,2010-09,2011-12,16,11872
22868,13,2010-10,2011-11,14,124
22869,14,2010-10,2011-11,14,167
22870,14,2010-10,2011-11,14,155
22871,12,2010-10,2011-11,14,127
22872,14,2010-10,2011-12,15,136
22873,13,2010-10,2011-11,14,120
22874,12,2010-10,2011-11,14,126
22875,13,2010-10,2011-12,15,123
22876,11,2010-10,2011-09,12,118
22877,12,2010-10,2011-10,13,128
22878,14,2010-10,2011-11,14,128
22879,12,2010-10,2011-10,13,82
22880,14,2010-10,2011-11,14,111
22881,15,2010-10,2011-12,15,112
22882,15,2010-10,2011-12,15,126
22883,14,2010-10,2011-12,15,109
22884,14,2010-10,2011-11,14,110
22885,14,2010-10,2011-12,15,112
22886,14,2010-10,2011-12,15,98
22887,14,2010-10,2011-12,15,92
22888,13,2010-11,2011-12,14,79
22889,13,2010-10,2011-12,15,196
22890,15,2010-10,2011-12,15,800
22891,15,2010-10,2011-12,15,644
22892,14,2010-10,2011-11,14,3520
22893,15,2010-10,2011-12,15,2721
22894,16,2010-09,2011-12,16,561
22895,16,2010-09,2011-12,16,2847
22896,16,2010-09,2011-12,16,2076
22897,16,2010-09,2011-12,16,1956
22898,16,2010-09,2011-12,16,3168
22899,16,2010-09,2011-12,16,2773
22900,16,2010-09,2011-12,16,6156
22902,16,2010-09,2011-12,16,1716
22903,13,2010-09,2011-12,16,745
22904,15,2010-09,2011-11,15,3467
22905,16,2010-09,2011-12,16,1077
22906,16,2010-09,2011-12,16,3370
22907,16,2010-09,2011-12,16,8686
22908,16,2010-09,2011-12,16,5610
22909,15,2010-09,2011-12,16,17144
22910,16,2010-09,2011-12,16,18634
22911,15,2010-09,2011-12,16,853
22912,13,2010-11,2011-11,13,313
22913,14,2010-11,2011-12,14,450
22914,14,2010-11,2011-12,14,570
22915,14,2010-11,2011-12,14,3281
22916,14,2010-11,2011-12,14,1962
22917,14,2010-11,2011-12,14,1996
22918,14,2010-11,2011-12,14,1925
22919,14,2010-11,2011-12,14,1800
22920,14,2010-11,2011-12,14,3478
22921,14,2010-11,2011-12,14,1771
22922,14,2010-11,2011-12,14,2073
22923,14,2010-11,2011-12,14,1583
22924,14,2010-11,2011-12,14,1500
22925,12,2010-11,2011-10,12,488
22926,7,2010-11,2011-05,7,680
22927,12,2010-11,2011-12,14,468
22928,14,2010-11,2011-12,14,296
22929,8,2010-11,2011-10,12,23
22930,13,2010-12,2011-12,13,1108
22931,13,2010-12,2011-12,13,813
22932,13,2010-12,2011-12,13,884
22933,11,2010-12,2011-12,13,940
22934,10,2010-12,2011-11,12,589
22935,13,2010-12,2011-12,13,690
22936,13,2010-12,2011-12,13,279
22937,13,2010-12,2011-12,13,972
22938,16,2010-09,2011-12,16,3687
22939,16,2010-09,2011-12,16,700
22940,16,2010-09,2011-12,16,3491
22941,12,2010-10,2011-12,15,2615
22942,8,2010-10,2011-12,15,1221
22943,15,2010-10,2011-12,15,2381
22944,12,2010-09,2011-12,16,4870
22945,15,2010-09,2011-12,16,7641
22946,14,2010-09,2011-12,16,976
22947,10,2010-09,2011-11,15,1011
22948,16,2010-09,2011-12,16,2155
22949,16,2010-09,2011-12,16,2010
22950,9,2010-09,2011-11,15,8333
22951,16,2010-09,2011-12,16,10993
22952,16,2010-09,2011-12,16,32988
22953,14,2010-11,2011-12,14,760
22954,13,2010-11,2011-11,13,238
22955,14,2010-11,2011-12,14,1448
22956,14,2010-11,2011-12,14,2494
22957,6,2011-01,2011-09,9,1775
22959,10,2010-09,2011-12,16,9738
22960,14,2010-11,2011-12,14,9019
22961,15,2010-07,2011-12,18,17252
22962,14,2010-11,2011-12,14,4366
22963,15,2010-07,2011-12,18,3696
22964,14,2010-11,2011-12,14,2761
22965,14,2010-11,2011-12,14,1842
22966,14,2010-11,2011-12,14,8219
22967,7,2011-01,2011-12,12,1171
22968,15,2010-10,2011-12,15,1127
22969,14,2010-11,2011-12,14,14461
22970,13,2010-12,2011-12,13,4334
22971,13,2010-12,2011-12,13,2431
22972,14,2010-11,2011-12,14,1882
22973,14,2010-11,2011-12,14,1361
22974,14,2010-11,2011-12,14,1636
22975,14,2010-11,2011-12,14,1245
22976,14,2010-11,2011-12,14,1127
22977,14,2010-11,2011-12,14,999
22978,11,2011-02,2011-12,11,2464
22979,10,2011-03,2011-12,10,4090
22980,11,2011-02,2011-12,11,2363
22981,10,2011-03,2011-12,10,471
22982,10,2011-03,2011-12,10,1154
22983,16,2010-09,2011-12,16,6695
22984,16,2010-09,2011-12,16,3349
22985,16,2010-09,2011-12,16,4722
22986,16,2010-09,2011-12,16,5795
22987,8,2010-09,2011-10,14,252
22988,13,2010-11,2011-12,14,9363
22989,11,2011-02,2011-12,11,2811
22990,11,2011-02,2011-12,11,633
22991,11,2011-02,2011-12,11,3887
22992,11,2011-02,2011-12,11,5233
22993,11,2011-02,2011-12,11,12649
22994,11,2011-02,2011-12,11,2194
22995,11,2011-02,2011-12,11,2381
22996,11,2011-02,2011-12,11,4801
22997,11,2011-02,2011-12,11,2545
22998,11,2011-02,2011-12,11,12366
22999,11,2011-02,2011-12,11,2894
23000,11,2011-02,2011-12,11,3169
23002,11,2011-02,2011-12,11,2119
23003,5,2011-02,2011-06,5,542
23004,11,2011-02,2011-12,11,2002
23005,8,2011-02,2011-12,11,4733
23006,11,2011-02,2011-12,11,1758
23007,10,2011-03,2011-12,10,498
23008,10,2011-03,2011-12,10,433
23009,10,2011-03,2011-12,10,263
23010,10,2011-03,2011-12,10,315
23012,7,2011-06,2011-12,7,1071
23013,7,2011-06,2011-12,7,924
23014,7,2011-06,2011-12,7,856
23015,6,2011-06,2011-11,6,40
23016,7,2011-06,2011-12,7,74
23017,7,2011-06,2011-12,7,67
23018,6,2011-06,2011-11,6,51
23019,7,2011-06,2011-12,7,81
23020,7,2011-06,2011-12,7,180
23021,7,2011-06,2011-12,7,120
23022,7,2011-06,2011-12,7,422
23023,7,2011-06,2011-12,7,274
23024,6,2011-06,2011-11,6,255
23025,7,2011-06,2011-12,7,350
23026,7,2011-06,2011-12,7,556
23027,7,2011-06,2011-12,7,295
23028,6,2011-06,2011-11,6,1369
23029,7,2011-06,2011-12,7,1352
23031,7,2011-06,2011-12,7,1278
23032,6,2011-06,2011-11,6,2328
23033,7,2011-06,2011-12,7,714
23034,7,2011-06,2011-12,7,979
23035,7,2011-06,2011-12,7,2191
23036,7,2011-06,2011-12,7,184
23037,7,2011-06,2011-12,7,196
23038,5,2011-07,2011-12,6,44
23039,7,2011-06,2011-12,7,199
23040,9,2011-04,2011-12,9,253
23041,9,2011-04,2011-12,9,272
23042,9,2011-04,2011-12,9,103
23043,6,2011-05,2011-12,8,81
23044,8,2011-05,2011-12,8,101
23045,7,2011-05,2011-12,8,118
23046,7,2011-05,2011-12,8,349
23047,7,2011-05,2011-11,7,58
23048,9,2011-04,2011-12,9,577
23049,10,2011-03,2011-12,10,456
23050,10,2011-03,2011-12,10,497
23051,10,2011-03,2011-12,10,365
23052,10,2011-03,2011-12,10,654
23053,10,2011-03,2011-12,10,364
23054,10,2011-03,2011-12,10,295
23055,8,2011-04,2011-11,8,657
23056,8,2011-04,2011-11,8,963
23057,8,2011-04,2011-11,8,773
23058,4,2011-09,2011-12,4,490
23060,9,2011-04,2011-12,9,249
23061,9,2011-04,2011-12,9,1015
23064,8,2011-04,2011-11,8,221
23065,7,2011-04,2011-10,7,273
23066,7,2011-04,2011-10,7,259
23067,9,2011-04,2011-12,9,294
23068,9,2011-04,2011-12,9,809
23069,9,2011-04,2011-12,9,88
23070,8,2011-05,2011-12,8,160
23071,6,2011-04,2011-10,7,315
23072,6,2011-05,2011-10,6,334
23073,9,2011-04,2011-12,9,143
23074,4,2011-09,2011-12,4,246
23075,9,2011-04,2011-12,9,472
23076,10,2011-03,2011-12,10,8076
23077,10,2011-03,2011-12,10,10395
23078,10,2011-03,2011-12,10,6831
23079,8,2011-05,2011-12,8,251
23080,8,2011-05,2011-12,8,1074
23081,8,2011-05,2011-12,8,483
23082,8,2011-05,2011-12,8,2328
23083,8,2011-05,2011-12,8,1932
23084,8,2011-05,2011-12,8,30739
23085,7,2011-05,2011-12,8,376
23086,8,2011-05,2011-12,8,1225
23087,8,2011-05,2011-12,8,868
23088,8,2011-05,2011-12,8,795
23089,8,2011-05,2011-12,8,2354
23090,8,2011-05,2011-12,8,2237
23091,7,2011-05,2011-11,7,580
23092,8,2011-05,2011-12,8,523
23093,8,2011-05,2011-12,8,939
23094,7,2011-05,2011-11,7,152
23096,8,2011-05,2011-12,8,1033
23099,8,2011-05,2011-12,8,137
23100,8,2011-05,2011-12,8,2166
23101,8,2011-05,2011-12,8,2031
23102,8,2011-05,2011-12,8,1274
23103,8,2011-05,2011-12,8,4072
23104,8,2011-05,2011-12,8,118
23106,8,2011-05,2011-12,8,291
23107,8,2011-05,2011-12,8,359
23108,8,2011-05,2011-12,8,2219
23109,8,2011-05,2011-12,8,2386
23110,8,2011-05,2011-12,8,700
23111,8,2011-05,2011-12,8,312
23112,8,2011-05,2011-12,8,546
23113,4,2011-09,2011-12,4,1154
23114,4,2011-09,2011-12,4,149
23115,4,2011-09,2011-12,4,152
23116,4,2011-09,2011-12,4,76
23117,4,2011-09,2011-12,4,93
23118,8,2011-05,2011-12,8,813
23119,7,2011-06,2011-12,7,2282
23120,7,2011-06,2011-12,7,1685
23121,7,2011-06,2011-12,7,2501
23122,7,2011-06,2011-12,7,2251
23123,7,2011-06,2011-12,7,935
23124,6,2011-06,2011-11,6,567
23125,6,2011-06,2011-11,6,459
23126,10,2011-03,2011-12,10,1109
23127,10,2011-03,2011-12,10,736
23128,10,2011-03,2011-12,10,448
23129,8,2011-05,2011-12,8,950
23130,8,2011-05,2011-12,8,962
23131,9,2011-04,2011-12,9,942
23132,9,2011-04,2011-12,9,1020
23133,9,2011-04,2011-12,9,782
23134,6,2011-04,2011-09,6,1065
23135,9,2011-04,2011-12,9,1541
23136,9,2011-04,2011-12,9,135
23137,9,2011-04,2011-12,9,83
23138,9,2011-04,2011-12,9,879
23139,9,2011-04,2011-12,9,414
23140,8,2011-04,2011-11,8,182
23141,8,2011-04,2011-12,9,79
23142,8,2011-04,2011-11,8,121
23143,5,2011-05,2011-12,8,30
23144,9,2011-04,2011-12,9,5089
23145,9,2011-04,2011-12,9,2084
23146,9,2011-04,2011-12,9,798
23147,9,2011-04,2011-12,9,1868
23148,9,2011-04,2011-12,9,2139
23149,7,2011-05,2011-11,7,99
23150,9,2011-04,2011-12,9,148
23151,8,2011-05,2011-12,8,61
23152,9,2011-04,2011-12,9,554
23153,9,2011-04,2011-12,9,263
23154,10,2011-03,2011-12,10,2701
23155,10,2011-03,2011-12,10,2221
23156,10,2011-03,2011-12,10,1665
23157,10,2011-03,2011-12,10,2557
23158,10,2011-03,2011-12,10,2633
23159,9,2011-03,2011-11,9,2293
23160,8,2011-05,2011-12,8,1450
23161,8,2011-05,2011-12,8,1715
23162,9,2011-04,2011-12,9,1412
23163,9,2011-04,2011-12,9,1832
23164,8,2011-05,2011-12,8,578
23165,8,2011-05,2011-12,8,3114
23166,9,2011-01,2011-12,12,78033
23167,8,2011-05,2011-12,8,5847
23168,8,2011-05,2011-12,8,3291
23169,8,2011-05,2011-12,8,1556
23170,8,2011-05,2011-12,8,6857
23171,8,2011-05,2011-12,8,6247
23172,8,2011-05,2011-12,8,3861
23173,8,2011-05,2011-12,8,2766
23174,8,2011-05,2011-12,8,3055
23175,8,2011-05,2011-12,8,3160
23176,10,2011-03,2011-12,10,2165
23177,10,2011-03,2011-12,10,2532
23178,10,2011-03,2011-12,10,327
23179,10,2011-03,2011-12,10,324
23180,10,2011-03,2011-12,10,122
23181,10,2011-03,2011-12,10,201
23182,10,2011-03,2011-12,10,3741
23183,10,2011-03,2011-12,10,226
23184,10,2011-03,2011-12,10,874
23185,8,2011-03,2011-12,10,317
23186,8,2011-03,2011-12,10,1982
23187,7,2011-03,2011-11,9,2338
23188,7,2011-06,2011-12,7,3471
23189,5,2011-08,2011-12,5,1249
23190,8,2011-05,2011-12,8,1702
23191,8,2011-05,2011-12,8,2201
23192,8,2011-05,2011-12,8,3516
23193,10,2011-03,2011-12,10,1922
23194,10,2011-03,2011-12,10,1835
23196,7,2011-06,2011-12,7,1872
23197,7,2011-06,2011-12,7,1478
23198,7,2011-06,2011-12,7,3342
23199,9,2011-04,2011-12,9,14908
23200,8,2011-05,2011-12,8,7067
23201,9,2011-04,2011-12,9,13366
23202,8,2011-05,2011-12,8,10941
23203,8,2011-05,2011-12,8,20485
23204,9,2011-04,2011-12,9,7976
23205,9,2011-04,2011-12,9,5857
23206,9,2011-04,2011-12,9,12147
23207,9,2011-04,2011-12,9,7830
23208,9,2011-04,2011-12,9,6308
23209,8,2011-05,2011-12,8,13170
23210,7,2011-06,2011-12,7,2849
23211,7,2011-06,2011-12,7,2329
23212,7,2011-06,2011-12,7,2296
23213,7,2011-06,2011-12,7,1682
23214,7,2011-06,2011-12,7,789
23215,7,2011-06,2011-12,7,3564
23216,7,2011-06,2011-12,7,525
23217,7,2011-06,2011-12,7,1309
23218,5,2011-07,2011-12,6,379
23219,7,2011-06,2011-12,7,430
23220,7,2011-06,2011-12,7,993
23221,8,2011-05,2011-12,8,1536
23222,6,2011-06,2011-12,7,799
23223,7,2011-06,2011-12,7,801
23224,7,2011-06,2011-12,7,738
23225,7,2011-06,2011-12,7,1355
23226,8,2011-05,2011-12,8,1247
23227,8,2011-05,2011-12,8,1642
23228,8,2011-05,2011-12,8,1492
23229,7,2011-06,2011-12,7,1869
23230,12,2011-01,2011-12,12,7976
23231,12,2011-01,2011-12,12,7277
23232,12,2011-01,2011-12,12,8526
23233,12,2011-01,2011-12,12,5175
23234,7,2011-06,2011-12,7,1722
23235,7,2011-06,2011-12,7,736
23236,7,2011-06,2011-12,7,2493
23237,7,2011-06,2011-12,7,1053
23238,7,2011-06,2011-12,7,1849
23239,7,2011-06,2011-12,7,842
23240,7,2011-06,2011-12,7,4177
23241,7,2011-06,2011-12,7,2165
23242,7,2011-06,2011-12,7,1470
23243,7,2011-06,2011-12,7,4800
23244,7,2011-06,2011-12,7,936
23245,7,2011-06,2011-12,7,6345
23247,7,2011-06,2011-12,7,2194
23249,7,2011-06,2011-12,7,842
23250,7,2011-06,2011-12,7,1179
23251,7,2011-06,2011-12,7,1712
23252,7,2011-06,2011-12,7,603
23253,9,2011-04,2011-12,9,258
23254,9,2011-04,2011-12,9,1703
23255,9,2011-04,2011-12,9,1014
23256,9,2011-04,2011-12,9,2113
23263,7,2011-06,2011-12,7,3863
23264,7,2011-06,2011-12,7,1963
23265,7,2011-06,2011-12,7,1769
23266,7,2011-06,2011-12,7,2053
23267,7,2011-06,2011-12,7,1202
23268,6,2011-06,2011-11,6,1447
23269,7,2011-06,2011-12,7,779
23270,7,2011-06,2011-12,7,1174
23271,7,2011-06,2011-12,7,1731
23272,7,2011-06,2011-12,7,364
23273,7,2011-06,2011-12,7,969
23274,7,2011-06,2011-12,7,1180
23275,7,2011-06,2011-12,7,3720
23280,8,2011-05,2011-12,8,2023
23281,8,2011-05,2011-12,8,1280
23282,8,2011-05,2011-12,8,812
23283,9,2011-04,2011-12,9,994
23284,9,2011-04,2011-12,9,5487
23285,7,2011-06,2011-12,7,4807
23286,7,2011-06,2011-12,7,5048
23287,7,2011-06,2011-12,7,1879
23288,7,2011-06,2011-12,7,4625
23289,7,2011-06,2011-12,7,1622
23290,7,2011-06,2011-12,7,2430
23291,7,2011-06,2011-12,7,1634
23292,7,2011-06,2011-12,7,2181
23293,6,2011-07,2011-12,6,8471
23294,6,2011-07,2011-12,6,4392
23295,6,2011-07,2011-12,6,6134
23296,6,2011-07,2011-12,6,4979
23297,5,2011-07,2011-11,5,4303
23298,8,2011-05,2011-12,8,8466
23299,8,2011-05,2011-12,8,1012
23300,8,2011-05,2011-12,8,6809
23301,8,2011-05,2011-12,8,8807
23302,8,2011-05,2011-12,8,1536
23303,3,2011-10,2011-12,3,65
23304,3,2011-10,2011-12,3,71
23305,3,2011-10,2011-12,3,82
23306,7,2011-06,2011-12,7,2808
23307,7,2011-06,2011-12,7,12049
23308,7,2011-06,2011-12,7,6139
23309,7,2011-06,2011-12,7,8275
23310,7,2011-06,2011-12,7,12050
23311,6,2011-07,2011-12,6,2390
23312,6,2011-07,2011-12,6,1423
23313,6,2011-07,2011-12,6,2990
23314,6,2011-07,2011-12,6,407
23315,7,2011-06,2011-12,7,213
23316,7,2011-06,2011-12,7,250
23317,7,2011-06,2011-12,7,173
23318,6,2011-07,2011-12,6,3809
23319,6,2011-07,2011-12,6,3720
23320,6,2011-07,2011-12,6,2661
23321,7,2011-06,2011-12,7,4716
23322,7,2011-06,2011-12,7,3069
23323,7,2011-06,2011-12,7,1469
23324,5,2011-08,2011-12,5,399
23325,4,2011-08,2011-11,4,462
23326,5,2011-08,2011-12,5,3442
23327,5,2011-08,2011-12,5,1734
23328,5,2011-08,2011-12,5,2841
23329,5,2011-08,2011-12,5,1767
23330,5,2011-08,2011-12,5,1794
23331,5,2011-08,2011-12,5,1596
23332,5,2011-08,2011-12,5,2059
23333,5,2011-08,2011-12,5,2089
23334,5,2011-08,2011-12,5,2271
23335,7,2011-06,2011-12,7,377
23336,7,2011-06,2011-12,7,225
23337,7,2011-06,2011-12,7,180
23338,7,2011-06,2011-12,7,431
23339,7,2011-06,2011-12,7,173
23340,6,2011-07,2011-12,6,2500
23341,7,2011-06,2011-12,7,307
23342,7,2011-06,2011-12,7,373
23343,7,2011-06,2011-12,7,6078
23344,7,2011-06,2011-12,7,10285
23345,6,2011-07,2011-12,6,2451
23346,6,2011-07,2011-12,6,2628
23347,6,2011-07,2011-12,6,860
23348,8,2011-04,2011-11,8,746
23349,5,2011-08,2011-12,5,3221
23350,5,2011-08,2011-12,5,2712
23351,5,2011-08,2011-12,5,3535
23352,5,2011-08,2011-12,5,1800
23353,5,2011-08,2011-12,5,4007
23354,5,2011-08,2011-12,5,3740
23355,5,2011-08,2011-12,5,5816
23356,5,2011-08,2011-12,5,2359
23357,5,2011-08,2011-12,5,450
23358,5,2011-08,2011-12,5,594
23359,5,2011-08,2011-12,5,990
23360,5,2011-08,2011-12,5,1182
23365,4,2011-09,2011-12,4,1857
23366,4,2011-09,2011-12,4,2249
23367,4,2011-09,2011-12,4,3278
23368,4,2011-09,2011-12,4,2379
23369,4,2011-09,2011-12,4,1105
23370,4,2011-09,2011-12,4,1550
23371,4,2011-09,2011-12,4,1705
23372,4,2011-09,2011-12,4,1389
23373,5,2011-08,2011-12,5,1608
23374,5,2011-08,2011-12,5,2456
23375,5,2011-08,2011-12,5,1342
23376,4,2011-09,2011-12,4,3039
23377,4,2011-09,2011-12,4,1351
23378,4,2011-09,2011-12,4,3997
23379,4,2011-09,2011-12,4,1220
23380,4,2011-09,2011-12,4,2344
23381,4,2011-09,2011-12,4,1496
23382,3,2011-10,2011-12,3,1875
23388,4,2011-09,2011-12,4,821
23389,4,2011-09,2011-12,4,1115
23390,4,2011-09,2011-12,4,747
23391,4,2011-09,2011-12,4,389
23392,4,2011-09,2011-12,4,662
23393,4,2011-09,2011-12,4,801
23394,4,2011-09,2011-12,4,435
23395,4,2011-09,2011-12,4,748
23396,4,2011-09,2011-12,4,654
23397,4,2011-09,2011-12,4,489
23398,4,2011-09,2011-12,4,606
23399,4,2011-09,2011-12,4,1914
23400,4,2011-09,2011-12,4,461
23401,4,2011-09,2011-12,4,459
23402,4,2011-09,2011-12,4,296
23403,4,2011-09,2011-12,4,625
23404,4,2011-09,2011-12,4,1011
23405,4,2011-09,2011-12,4,252
23406,4,2011-09,2011-12,4,456
23407,4,2011-09,2011-12,4,265
23408,4,2011-09,2011-12,4,310
23409,4,2011-09,2011-12,4,215
23410,3,2011-09,2011-11,3,36
23411,4,2011-09,2011-12,4,227
23412,2,2011-09,2011-10,2,358
23413,4,2011-09,2011-12,4,173
23414,3,2011-09,2011-11,3,141
23415,4,2011-09,2011-12,4,328
23416,4,2011-09,2011-12,4,132
23417,4,2011-09,2011-12,4,146
23418,4,2011-09,2011-12,4,557
23419,4,2011-09,2011-12,4,473
23420,4,2011-09,2011-12,4,164
23421,4,2011-09,2011-12,4,160
23422,4,2011-09,2011-12,4,213
23423,4,2011-09,2011-12,4,219
23424,4,2011-09,2011-12,4,462
23425,4,2011-09,2011-12,4,275
23426,4,2011-09,2011-12,4,1275
23427,4,2011-09,2011-12,4,237
23428,2,2011-11,2011-12,2,77
23429,2,2011-11,2011-12,2,47
23430,2,2011-11,2011-12,2,36
23431,5,2011-08,2011-12,5,1449
23432,5,2011-08,2011-12,5,1276
23433,5,2011-08,2011-12,5,1258
23434,4,2011-09,2011-12,4,2095
23435,4,2011-09,2011-12,4,824
23436,5,2011-08,2011-12,5,1979
23437,5,2011-08,2011-12,5,1939
23438,5,2011-08,2011-12,5,1809
23439,5,2011-08,2011-12,5,3986
23440,2,2011-11,2011-12,2,164
23441,2,2011-11,2011-12,2,22
23442,2,2011-11,2011-12,2,40
23444,8,2011-05,2011-12,8,79
23445,5,2011-08,2011-12,5,2668
23446,2,2011-10,2011-12,3,157
23447,2,2011-10,2011-12,3,158
23448,2,2011-10,2011-11,2,25
23449,1,2011-11,2011-11,1,12
23451,3,2011-10,2011-12,3,277
23452,3,2011-10,2011-12,3,518
23453,3,2011-10,2011-12,3,316
23454,3,2011-10,2011-12,3,174
23455,3,2011-10,2011-12,3,207
23456,3,2011-10,2011-12,3,158
23457,3,2011-10,2011-12,3,112
23458,3,2011-10,2011-12,3,51
23459,3,2011-10,2011-12,3,33
23460,3,2011-10,2011-12,3,108
23461,4,2011-09,2011-12,4,847
23462,3,2011-10,2011-12,3,80
23463,3,2011-10,2011-12,3,13
23464,3,2011-10,2011-12,3,18
23465,3,2011-10,2011-12,3,29
23466,4,2011-09,2011-12,4,55
23467,3,2011-10,2011-12,3,32
23468,2,2011-10,2011-11,2,19
23469,4,2011-09,2011-12,4,332
23470,3,2011-10,2011-12,3,232
23471,4,2011-09,2011-12,4,65
23472,3,2011-10,2011-12,3,58
23473,3,2011-10,2011-12,3,678
23474,3,2011-10,2011-12,3,312
23475,3,2011-10,2011-12,3,286
23476,2,2011-10,2011-11,2,205
23477,2,2011-10,2011-11,2,92
23478,3,2011-10,2011-12,3,285
23479,3,2011-10,2011-12,3,113
23480,3,2011-10,2011-12,3,1798
23481,3,2011-10,2011-12,3,228
23482,3,2011-10,2011-12,3,418
23483,3,2011-10,2011-12,3,1328
23484,4,2011-09,2011-12,4,185
23485,3,2011-10,2011-12,3,262
23486,3,2011-10,2011-12,3,275
23487,3,2011-10,2011-12,3,80
23489,3,2011-10,2011-12,3,913
23490,3,2011-10,2011-12,3,542
23491,3,2011-10,2011-12,3,228
23492,3,2011-10,2011-12,3,76
23493,4,2011-09,2011-12,4,3964
23494,4,2011-09,2011-12,4,809
23495,3,2011-10,2011-12,3,225
23496,3,2011-10,2011-12,3,112
23497,3,2011-10,2011-12,3,2558
23498,2,2011-11,2011-12,2,1640
23499,3,2011-10,2011-12,3,1312
23500,3,2011-10,2011-12,3,1626
23501,3,2011-10,2011-12,3,1821
23502,4,2011-09,2011-12,4,714
23503,4,2011-09,2011-12,4,3643
23504,4,2011-09,2011-12,4,1927
23505,4,2011-09,2011-12,4,1200
23506,4,2011-09,2011-12,4,2723
23507,4,2011-09,2011-12,4,2882
23508,4,2011-09,2011-12,4,2627
23509,4,2011-09,2011-12,4,1062
23510,4,2011-09,2011-12,4,2521
23511,4,2011-09,2011-12,4,571
23512,4,2011-09,2011-12,4,500
23513,4,2011-09,2011-12,4,566
23514,4,2011-09,2011-12,4,478
23515,4,2011-09,2011-12,4,579
23516,4,2011-09,2011-12,4,296
23517,4,2011-09,2011-12,4,334
23518,4,2011-09,2011-12,4,361
23519,3,2011-09,2011-11,3,224
23520,4,2011-09,2011-12,4,167
23521,3,2011-10,2011-12,3,413
23522,3,2011-10,2011-12,3,354
23523,3,2011-10,2011-12,3,360
23524,3,2011-10,2011-12,3,481
23525,3,2011-10,2011-12,3,582
23526,3,2011-10,2011-12,3,1012
23527,3,2011-10,2011-12,3,420
23528,3,2011-10,2011-12,3,479
23529,3,2011-10,2011-12,3,637
23530,3,2011-10,2011-12,3,1056
23531,3,2011-10,2011-12,3,976
23532,3,2011-10,2011-12,3,210
23533,3,2011-10,2011-12,3,215
23534,3,2011-10,2011-12,3,1387
23535,3,2011-10,2011-12,3,1324
23536,3,2011-10,2011-12,3,626
23537,3,2011-10,2011-12,3,111
23538,3,2011-10,2011-12,3,331
23539,3,2011-10,2011-12,3,247
23540,3,2011-10,2011-12,3,150
23541,3,2011-10,2011-12,3,872
23542,3,2011-10,2011-12,3,506
23543,3,2011-10,2011-12,3,1236
23544,3,2011-10,2011-12,3,164
23545,6,2011-07,2011-12,6,2480
23546,6,2011-07,2011-12,6,3250
23547,6,2011-07,2011-12,6,1575
23548,6,2011-07,2011-12,6,1075
23549,6,2011-07,2011-12,6,1305
23550,6,2011-07,2011-12,6,1855
23551,4,2011-09,2011-12,4,1840
23552,2,2011-11,2011-12,2,1863
23553,3,2011-10,2011-12,3,568
23554,3,2011-10,2011-12,3,422
23555,3,2011-10,2011-12,3,421
23556,3,2011-10,2011-12,3,436
23557,3,2011-10,2011-12,3,350
23558,3,2011-10,2011-12,3,415
23559,4,2011-09,2011-12,4,649
23560,2,2011-11,2011-12,2,172
23561,2,2011-11,2011-12,2,170
23562,2,2011-11,2011-12,2,251
23564,3,2011-10,2011-12,3,644
23565,3,2011-10,2011-12,3,410
23566,3,2011-10,2011-12,3,881
23567,3,2011-10,2011-12,3,211
23568,3,2011-10,2011-12,3,630
23569,3,2011-10,2011-12,3,954
23570,3,2011-10,2011-12,3,2772
23571,3,2011-10,2011-12,3,2841
23574,6,2011-07,2011-12,6,14
23575,2,2011-11,2011-12,2,179
23576,2,2011-11,2011-12,2,198
23578,2,2011-11,2011-12,2,60
23579,3,2011-10,2011-12,3,169
23580,2,2011-11,2011-12,2,116
23581,3,2011-10,2011-12,3,5020
23582,3,2011-10,2011-12,3,4802
23583,3,2011-10,2011-12,3,3385
23597,2,2011-11,2011-12,2,249
23598,2,2011-11,2011-12,2,427
23601,2,2011-09,2011-11,3,8
23602,1,2011-11,2011-11,1,1
23603,3,2011-10,2011-12,3,20
23604,1,2011-10,2011-10,1,4
23605,1,2011-10,2011-10,1,4
23607,3,2011-09,2011-11,3,8
23608,2,2011-11,2011-12,2,4
23609,1,2011-11,2011-11,1,1
23610,2,2011-09,2011-11,3,3
23611,4,2011-09,2011-12,4,40
23612,2,2011-10,2011-11,2,5
23613,2,2011-09,2011-11,3,11
23614,4,2011-09,2011-12,4,26
23615,3,2011-10,2011-12,3,4
23616,2,2011-11,2011-12,2,8
23617,1,2011-11,2011-11,1,2
23619,2,2011-10,2011-11,2,4
23620,3,2011-09,2011-11,3,10
23621,2,2011-11,2011-12,2,6
23623,3,2011-09,2011-11,3,8
23624,3,2011-09,2011-11,3,4
23625,4,2011-09,2011-12,4,9
23626,3,2011-10,2011-12,3,43
23627,1,2011-11,2011-11,1,7
23628,1,2011-10,2011-10,1,1
23629,3,2011-09,2011-11,3,24
23630,2,2011-09,2011-11,3,2
23632,3,2011-09,2011-11,3,15
23633,2,2011-10,2011-11,2,3
23634,4,2011-09,2011-12,4,5
23635,3,2011-10,2011-12,3,3
23636,3,2011-10,2011-12,3,9
23637,4,2011-09,2011-12,4,11
23638,2,2011-09,2011-11,3,2
23639,3,2011-09,2011-11,3,4
23640,3,2011-09,2011-12,4,9
23643,1,2011-10,2011-10,1,1
23644,4,2011-09,2011-12,4,5
23645,3,2011-10,2011-12,3,9
23646,3,2011-09,2011-11,3,8
23649,1,2011-11,2011-11,1,2
23650,3,2011-09,2011-12,4,4
23652,1,2011-11,2011-11,1,2
23654,3,2011-10,2011-12,3,5
23660,3,2011-10,2011-12,3,306
23661,3,2011-10,2011-12,3,219
23664,1,2011-11,2011-11,1,1
23681,2,2011-11,2011-12,2,1576
23691,2,2011-11,2011-12,2,1175
23692,1,2011-11,2011-11,1,50
23694,2,2011-11,2011-12,2,376
23695,2,2011-11,2011-12,2,741
23697,2,2011-11,2011-12,2,456
23702,2,2011-10,2011-11,2,4
23843,1,2011-12,2011-12,1,80995
30086C,1,2009-12,2009-12,1,1
35001B,3,2009-12,2010-03,4,17
35001G,23,2009-12,2011-12,25,715
35001P,1,2009-12,2009-12,1,2
35001W,13,2009-12,2010-12,13,883
35004B,25,2009-12,2011-12,25,1474
35004C,16,2009-12,2011-03,16,3062
35004G,23,2009-12,2011-12,25,359
35004P,10,2009-12,2010-12,13,121
35004S,1,2009-12,2009-12,1,146
35015,10,2009-12,2010-11,12,2072
35051B,1,2009-12,2009-12,1,14
35071,1,2009-12,2009-12,1,50
35085E,5,2009-12,2010-07,8,39
35095A,25,2009-12,2011-12,25,1809
35095B,25,2009-12,2011-12,25,1952
35096A,4,2009-12,2010-03,4,765
35096B,4,2009-12,2010-03,4,293
35160,11,2009-12,2010-10,11,2180
35233,5,2009-12,2010-05,6,10
35240,7,2010-05,2010-11,7,49
35241,18,2009-12,2011-05,18,309
35265,10,2010-05,2011-10,18,21
35271S,6,2009-12,2010-12,13,420
35400,12,2009-12,2011-11,24,1435
35443,10,2009-12,2011-11,24,16
35471A,12,2009-12,2010-11,12,421
35471D,25,2009-12,2011-12,25,2241
35537,3,2009-12,2010-05,6,13
35591T,6,2010-09,2011-11,15,17
35594,10,2009-12,2010-10,11,165
35596,1,2010-10,2010-10,1,29
35597A,3,2010-09,2010-12,4,10
35597B,6,2009-12,2010-12,13,78
35597D,5,2009-12,2011-09,22,58
35598A,2,2009-12,2011-11,24,10
35598B,13,2009-12,2011-11,24,931
35598C,2,2009-12,2011-11,24,3
35598D,20,2009-12,2011-12,25,1727
35599B,11,2009-12,2011-12,25,268
35599D,16,2009-12,2011-12,25,406
35600D,6,2009-12,2010-09,10,141
35603B,1,2009-12,2009-12,1,50
35603C,5,2009-12,2010-11,12,83
35607A,10,2009-12,2011-01,14,554
35607B,10,2009-12,2011-09,22,312
35609A,7,2009-12,2010-12,13,447
35610A,5,2009-12,2010-12,13,143
35610B,6,2009-12,2010-12,13,179
35610C,5,2009-12,2010-12,13,94
35611B,2,2009-12,2010-11,12,62
35633B,4,2009-12,2010-11,12,130
35637A,20,2009-12,2011-11,24,551
35637C,13,2010-01,2011-11,23,100
35638A,6,2010-01,2011-11,23,39
35638B,9,2009-12,2011-11,24,118
35644,4,2010-02,2010-11,10,21
35645,12,2009-12,2011-10,23,61
35646,17,2009-12,2011-12,25,642
35647,14,2009-12,2011-03,16,563
35648,18,2009-12,2011-12,25,1041
35649,16,2009-12,2011-12,25,1826
35650,3,2010-06,2011-08,15,3
35651,13,2009-12,2011-11,24,459
35652,2,2009-12,2010-03,4,18
35653,20,2009-12,2011-08,21,311
35654,5,2010-01,2010-08,8,12
35751C,1,2009-12,2009-12,1,31
35751D,1,2009-12,2009-12,1,28
35793,1,2009-12,2009-12,1,108
35809A,19,2009-12,2011-06,19,1147
35809B,10,2009-12,2011-04,17,104
35810A,23,2009-12,2011-10,23,1205
35810B,19,2009-12,2011-11,24,325
35811A,11,2009-12,2010-10,11,434
35815B,1,2009-12,2009-12,1,95
35815P,5,2010-10,2011-09,12,168
35816B,3,2009-12,2010-05,6,139
35816P,5,2010-02,2011-08,19,297
35817B,2,2009-12,2010-05,6,143
35817P,8,2010-05,2011-08,16,420
35818B,8,2010-04,2011-11,20,408
35818C,1,2009-12,2009-12,1,1
35818P,12,2010-05,2011-12,20,559
35819B,12,2009-12,2011-11,24,385
35819P,3,2011-09,2011-11,3,95
35821B,2,2009-12,2010-04,5,150
35821P,1,2009-12,2009-12,1,2
35822B,1,2010-01,2010-01,1,229
35822P,1,2010-01,2010-01,1,114
35823P,2,2010-02,2010-07,6,2
35824B,4,2009-12,2010-05,6,528
35824C,3,2009-12,2010-04,5,235
35824P,2,2010-03,2010-04,2,324
35832,9,2009-12,2010-11,12,1737
35833G,7,2009-12,2010-12,13,134
35833P,12,2009-12,2011-11,24,185
35837,1,2009-12,2009-12,1,2
35838A,4,2009-12,2010-09,10,180
35838B,4,2009-12,2010-09,10,100
35840,1,2009-12,2009-12,1,45
35909A,5,2010-02,2011-04,15,20
35909B,6,2009-12,2011-06,19,16
35910A,9,2009-12,2011-03,16,53
35910B,4,2010-01,2011-11,23,29
35911A,19,2009-12,2011-11,24,388
35911B,9,2009-12,2011-03,16,159
35912B,12,2010-01,2011-10,22,288
35913B,11,2010-01,2011-11,23,100
35914,13,2009-12,2011-10,23,243
35915A,1,2009-12,2009-12,1,288
35915B,12,2009-12,2011-09,22,563
35915C,14,2009-12,2011-04,17,662
35916A,18,2009-12,2011-10,23,129
35916B,16,2009-12,2011-10,23,132
35916C,15,2009-12,2011-10,23,157
35918B,2,2009-12,2010-02,3,10
35920,7,2010-01,2011-04,16,1070
35921,9,2010-01,2011-04,16,183
35922,11,2009-12,2011-04,17,97
35923,24,2009-12,2011-12,25,1545
35924,25,2009-12,2011-12,25,2164
35930,1,2009-12,2009-12,1,1
35931,6,2009-12,2010-11,12,156
35932,6,2009-12,2010-11,12,37
35933,11,2009-12,2011-11,24,319
35936,5,2009-12,2010-10,11,36
35937,5,2009-12,2010-10,11,188
35945,1,2009-12,2009-12,1,1
35950,1,2010-03,2010-03,1,1
35951,12,2009-12,2010-11,12,1352
35953,13,2009-12,2011-12,25,3868
35954,14,2009-12,2011-11,24,2181
35955,2,2009-12,2010-05,6,135
35957,12,2009-12,2011-01,14,3565
35958,9,2009-12,2010-12,13,1131
35961,25,2009-12,2011-12,25,11430
35962,8,2009-12,2010-10,11,581
35963,9,2009-12,2010-09,10,101
35964,14,2009-12,2011-12,25,1187
35965,23,2009-12,2011-11,24,629
35966,8,2009-12,2011-08,21,255
35967,19,2009-12,2011-12,25,936
35968,18,2009-12,2011-11,24,761
35969,11,2009-12,2010-11,12,523
35970,21,2010-03,2011-12,22,8375
35971,25,2009-12,2011-12,25,1963
35972,21,2009-12,2011-11,24,440
35973,3,2009-12,2010-03,4,49
35974,1,2009-12,2009-12,1,1
35976B,1,2009-12,2009-12,1,1
35979,3,2009-12,2010-04,5,94
35980B,2,2009-12,2010-05,6,4
35980C,9,2009-12,2010-10,11,377
35981C,7,2009-12,2010-10,11,589
35991,9,2009-12,2010-11,12,402
35995,1,2009-12,2009-12,1,5
35999,1,2009-12,2009-12,1,1
37112,3,2009-12,2010-02,3,10
37326,2,2010-01,2010-03,3,2
37327,17,2009-12,2011-11,24,1739
37330,11,2010-01,2011-03,15,517
37333,16,2009-12,2011-05,18,145
37340,25,2009-12,2011-12,25,13665
37342,19,2009-12,2011-09,22,1629
37343,15,2009-12,2011-03,16,1110
37345,2,2009-12,2010-01,2,321
37348,4,2009-12,2010-03,4,14
37351,9,2009-12,2011-03,16,5404
37352,7,2009-12,2010-11,12,4643
37370,22,2009-12,2011-11,24,7145
37379A,6,2009-12,2011-01,14,41
37379B,1,2010-03,2010-03,1,1122
37399,1,2009-12,2009-12,1,143
37408,1,2009-12,2009-12,1,5
37409,3,2010-01,2010-04,4,7
37410,5,2009-12,2010-04,5,25707
37413,11,2011-02,2011-12,11,703
37422,6,2009-12,2010-05,6,434
37423,13,2009-12,2011-03,16,6168
37424,12,2009-12,2010-11,12,5249
37432,1,2009-12,2009-12,1,6
37438,1,2009-12,2009-12,1,1
37441,8,2009-12,2010-08,9,700
37444A,19,2009-12,2011-07,20,2709
37444B,13,2009-12,2011-03,16,2010
37444C,15,2009-12,2011-03,16,1654
37446,21,2009-12,2011-12,25,3691
37447,25,2009-12,2011-12,25,2891
37448,25,2009-12,2011-12,25,4549
37449,23,2009-12,2011-12,25,2382
37450,25,2009-12,2011-12,25,2444
37451,1,2010-02,2010-02,1,1
37461,13,2009-12,2010-12,13,742
37462B,8,2009-12,2010-10,11,170
37462E,17,2010-01,2011-12,24,107
37464,13,2009-12,2010-12,13,316
37467,19,2009-12,2011-10,23,273
37468,8,2009-12,2011-10,23,65
37471,9,2009-12,2011-10,23,1405
37474,12,2009-12,2010-12,13,63
37475,23,2009-12,2011-12,25,116
37476,21,2009-12,2011-10,23,209
37477B,6,2009-12,2010-11,12,11
37477C,1,2010-11,2010-11,1,6
37479B,15,2010-01,2011-06,18,1253
37479P,13,2010-06,2011-11,18,170
37481,1,2010-06,2010-06,1,6
37482B,6,2009-12,2010-08,9,1252
37482P,16,2009-12,2011-04,17,669
37483,2,2010-05,2010-06,2,143
37484,1,2009-12,2009-12,1,1
37485,3,2009-12,2010-02,3,49
37487B,1,2011-04,2011-04,1,68
37488A,4,2010-02,2011-04,15,31
37489A,16,2009-12,2011-11,24,46
37489B,12,2010-02,2011-11,22,38
37489C,9,2009-12,2011-09,22,27
37489D,14,2010-01,2011-12,24,46
37491A,11,2009-12,2011-10,23,18
37491B,5,2010-01,2011-07,19,14
37491C,7,2009-12,2011-07,20,58
37491D,9,2010-01,2011-07,19,26
37492A,1,2009-12,2009-12,1,108
37492B,10,2009-12,2010-10,11,489
37492C,6,2009-12,2010-05,6,242
37492D,6,2009-12,2010-05,6,361
37494A,4,2009-12,2010-04,5,241
37495,25,2009-12,2011-12,25,1560
37500,25,2009-12,2011-12,25,881
37501,21,2009-12,2011-08,21,481
37502,8,2009-12,2010-07,8,868
37503,9,2009-12,2010-08,9,2465
37506,9,2009-12,2010-08,9,32
37508,9,2009-12,2010-08,9,89
37509,8,2010-03,2010-12,10,28
40001,24,2009-12,2011-11,24,2484
40002,1,2009-12,2009-12,1,78
40003,18,2009-12,2011-06,19,1150
40005B,10,2010-03,2011-11,21,33
40016,22,2009-12,2011-09,22,15435
40018E,7,2009-12,2010-07,8,384
40018F,10,2009-12,2010-09,10,1092
40046A,16,2009-12,2011-10,23,355
40046C,1,2009-12,2009-12,1,3
44089A,9,2010-02,2011-11,22,40
44089C,9,2010-02,2011-09,20,68
44091A,4,2010-03,2011-07,17,18
44091C,9,2009-12,2010-08,9,61
44092B,6,2010-07,2011-09,15,15
44092C,7,2009-12,2011-10,23,23
44217M,1,2010-02,2010-02,1,72
44228,3,2010-11,2011-08,10,48
44230,10,2009-12,2010-10,11,347
44234,23,2009-12,2011-12,25,1213
44235,15,2010-01,2011-12,24,816
44236,8,2010-01,2011-08,20,64
44241C,5,2010-01,2010-08,8,70
44242A,2,2010-03,2011-07,17,14
44242B,7,2009-12,2011-09,22,109
44265,4,2009-12,2011-02,15,8
45008C,8,2009-12,2010-07,8,83
45013,6,2010-05,2011-10,18,48
45014,1,2010-07,2010-07,1,1
45016,10,2009-12,2010-09,10,101
46000M,25,2009-12,2011-12,25,2517
46000P,15,2009-12,2011-09,22,213
46000R,21,2010-01,2011-12,24,243
46000S,25,2009-12,2011-12,25,3471
46000U,22,2009-12,2011-12,25,251
46037A,2,2010-05,2010-08,4,6
46115B,9,2010-05,2011-03,11,286
46118,21,2009-12,2011-12,25,373
46126A,15,2009-12,2011-05,18,317
46137D,3,2010-01,2010-03,3,45
46138B,15,2009-12,2011-11,24,71
46138D,1,2010-03,2010-03,1,1
46307,7,2009-12,2010-07,8,51
46775A,3,2009-12,2010-02,3,83
46775B,1,2009-12,2009-12,1,5
46775D,25,2009-12,2011-12,25,153
46775E,7,2009-12,2010-09,10,101
46776A,25,2009-12,2011-12,25,411
46776B,25,2009-12,2011-12,25,429
46776C,21,2009-12,2011-12,25,258
46776D,23,2009-12,2011-12,25,153
46776E,23,2010-01,2011-12,24,206
46776F,25,2009-12,2011-12,25,494
47013A,10,2009-12,2011-04,17,141
47013C,12,2009-12,2011-06,19,147
47016,4,2009-12,2011-11,24,31
47021G,19,2009-12,2011-06,19,713
47310M,25,2009-12,2011-12,25,746
47341A,6,2010-09,2011-06,10,29
47341B,9,2009-12,2011-11,24,48
47343A,12,2009-12,2011-08,21,200
47344B,8,2009-12,2011-06,19,54
47347B,4,2009-12,2010-03,4,240
47348A,9,2010-04,2011-09,18,103
47351B,13,2009-12,2011-11,24,98
47367B,22,2009-12,2011-10,23,242
47369A,11,2010-03,2011-12,22,48
47369B,12,2009-12,2011-12,25,54
47420,18,2009-12,2011-12,25,358
47421,21,2010-02,2011-12,23,1463
47422,22,2010-02,2011-12,23,1177
47469,17,2010-01,2011-12,24,1220
47471,23,2009-12,2011-12,25,428
47480,25,2009-12,2011-12,25,1638
47481,21,2009-12,2011-11,24,326
47502,10,2009-12,2010-09,10,640
47503A,21,2009-12,2011-11,24,2853
47503E,7,2009-12,2010-09,10,6842
47503F,3,2009-12,2010-03,4,2567
47503G,4,2009-12,2010-03,4,284
47503H,23,2009-12,2011-12,25,160
47503J,12,2009-12,2010-12,13,344
47503K,7,2009-12,2010-06,7,3177
47504E,11,2009-12,2010-10,11,4387
47504F,3,2009-12,2010-02,3,527
47504G,6,2009-12,2010-05,6,266
47504H,25,2009-12,2011-12,25,1028
47504J,1,2009-12,2009-12,1,5
47504K,24,2009-12,2011-11,24,2654
47505,6,2009-12,2010-06,7,737
47518F,19,2009-12,2011-11,24,912
47552A,6,2009-12,2010-06,7,12
47554,1,2009-12,2009-12,1,1
47556,1,2009-12,2009-12,1,1
47556B,14,2009-12,2011-04,17,5205
47559B,25,2009-12,2011-12,25,5270
47562,4,2009-12,2010-03,4,104
47563A,24,2009-12,2011-12,25,343
47563B,4,2010-02,2010-11,10,8
47566,25,2009-12,2011-12,25,28200
47566B,24,2009-12,2011-12,25,6013
47567B,25,2009-12,2011-12,25,2169
47568,9,2009-12,2010-08,9,2384
47569,1,2009-12,2009-12,1,1
47570,5,2009-12,2010-04,5,220
47570B,16,2009-12,2011-03,16,981
47574A,18,2009-12,2011-10,23,573
47574B,11,2010-01,2011-05,17,49
47578A,23,2009-12,2011-12,25,307
47579,12,2009-12,2010-12,13,185
47580,25,2009-12,2011-12,25,1662
47581B,6,2009-12,2010-05,6,46
47583A,2,2010-01,2010-02,2,71
47583B,2,2009-12,2010-02,3,27
47585A,25,2009-12,2011-12,25,1084
47586A,16,2009-12,2011-11,24,200
47587A,5,2009-12,2010-05,6,2706
47589,14,2009-12,2011-05,18,183
47590A,24,2009-12,2011-12,25,4753
47590B,25,2009-12,2011-12,25,5751
47591A,9,2009-12,2010-08,9,163
47591B,16,2009-12,2011-12,25,1062
47591C,9,2009-12,2010-08,9,1055
47591D,25,2009-12,2011-12,25,9643
47592A,10,2009-12,2010-09,10,331
47592B,8,2009-12,2010-07,8,67
47593A,16,2009-12,2011-03,16,304
47593B,25,2009-12,2011-12,25,2347
47594A,20,2009-12,2011-11,24,345
47594B,24,2009-12,2011-11,24,408
47597,8,2009-12,2010-08,9,322
47598,7,2009-12,2010-06,7,138
47599A,24,2009-12,2011-12,25,5967
47599B,24,2010-01,2011-12,24,3492
48103,7,2009-12,2010-07,8,35
48111,25,2009-12,2011-12,25,4248
48116,25,2009-12,2011-12,25,3452
48129,25,2009-12,2011-12,25,3127
48138,25,2009-12,2011-12,25,10077
48173A,1,2010-01,2010-01,1,1
48173C,25,2009-12,2011-12,25,4147
48175,1,2009-12,2009-12,1,39
48179,1,2009-12,2009-12,1,34
48184,25,2009-12,2011-12,25,4715
48185,25,2009-12,2011-12,25,6822
48187,25,2009-12,2011-12,25,7314
48188,25,2009-12,2011-12,25,4872
48189,17,2009-12,2011-04,17,1321
48194,25,2009-12,2011-12,25,7726
48195,8,2009-12,2010-07,8,269
48197,8,2009-12,2010-07,8,898
51008,18,2009-12,2011-11,24,2604
51012C,3,2009-12,2010-02,3,171
51012L,1,2009-12,2009-12,1,10
51014A,25,2009-12,2011-12,25,6671
51014C,25,2009-12,2011-12,25,4269
51014L,24,2009-12,2011-12,25,3445
51020A,17,2009-12,2011-04,17,1303
51020B,16,2009-12,2011-04,17,1084
62018,25,2009-12,2011-12,25,9567
62043B,5,2010-04,2011-05,14,54
62074B,11,2009-12,2011-07,20,38
62086A,12,2010-03,2011-06,16,113
62094B,14,2010-01,2011-02,14,305
62095B,7,2010-02,2010-11,10,292
62096A,14,2010-01,2011-02,14,383
62096B,13,2009-12,2011-03,16,257
62097A,3,2009-12,2010-08,9,3
62097B,3,2010-06,2011-05,12,11
70006,23,2009-12,2011-12,25,4438
70007,19,2009-12,2011-12,25,1306
71028B,2,2009-12,2010-01,2,494
71038,23,2009-12,2011-11,24,717
71050,6,2010-06,2011-12,19,51
71053,25,2009-12,2011-12,25,4769
71101A,1,2009-12,2009-12,1,6
71101E,20,2009-12,2011-11,24,777
71143,19,2009-12,2011-07,20,349
71215,8,2009-12,2011-05,18,177
71270,24,2009-12,2011-12,25,370
71279,23,2009-12,2011-11,24,293
71403,23,2009-12,2011-11,24,176
71406C,18,2009-12,2011-11,24,210
71434B,2,2010-01,2010-03,3,2
71459,25,2009-12,2011-12,25,32989
71477,24,2009-12,2011-12,25,15089
71495A,12,2010-02,2011-11,22,225
71495B,14,2010-01,2011-11,23,294
71496A,13,2010-03,2011-11,21,244
71496B,5,2010-04,2011-11,20,15
71510,12,2009-12,2011-11,24,177
72008,12,2009-12,2010-11,12,3819
72023F,7,2009-12,2010-08,9,640
72024U,9,2009-12,2011-06,19,220
72038P,7,2009-12,2010-08,9,1050
72045D,3,2009-12,2010-03,4,539
72051S,16,2009-12,2011-04,17,300
72083A,2,2010-02,2010-03,2,24
72084B,1,2010-03,2010-03,1,2
72122,25,2009-12,2011-12,25,586
72127,21,2009-12,2011-11,24,366
72128,23,2009-12,2011-12,25,714
72129,9,2009-12,2010-09,10,74
72130,21,2009-12,2011-11,24,753
72131,18,2009-12,2011-11,24,748
72132,14,2009-12,2011-11,24,549
72133,17,2009-12,2011-12,25,109
72134,17,2009-12,2011-12,25,339
72140E,14,2009-12,2011-10,23,218
72140F,7,2009-12,2010-11,12,175
72225C,20,2009-12,2011-11,24,1926
72225D,5,2009-12,2010-05,6,962
72232,25,2009-12,2011-12,25,6268
72267,4,2009-12,2010-03,4,265
72349B,25,2009-12,2011-12,25,2194
72351A,25,2009-12,2011-12,25,3765
72351B,25,2009-12,2011-12,25,5785
72369A,13,2009-12,2011-11,24,67
72484,4,2009-12,2010-03,4,1818
72487,1,2009-12,2009-12,1,827
72529W,6,2009-12,2010-09,10,465
72586,24,2009-12,2011-12,25,2303
72598,25,2009-12,2011-12,25,1244
72606A,8,2010-01,2010-10,10,226
72708,3,2009-12,2010-08,9,44
72709,11,2010-04,2011-11,20,74
72715,6,2010-02,2010-08,7,88
72724,1,2009-12,2009-12,1,36
72728,9,2009-12,2010-08,9,643
72739B,2,2009-12,2010-01,2,394
72739C,2,2009-12,2010-01,2,326
72740A,2,2009-12,2010-01,2,65
72740B,1,2010-01,2010-01,1,1
72741,25,2009-12,2011-12,25,19712
72750A,5,2009-12,2010-04,5,383
72750B,11,2009-12,2010-11,12,496
72750C,3,2009-12,2010-03,4,232
72750D,2,2009-12,2010-01,2,110
72751A,1,2009-12,2009-12,1,1
72751B,1,2009-12,2009-12,1,1
72751C,1,2010-02,2010-02,1,1
72752A,1,2009-12,2009-12,1,1
72752B,1,2009-12,2009-12,1,3
72753A,2,2009-12,2010-01,2,315
72753B,4,2009-12,2010-03,4,445
72753C,2,2009-12,2010-01,2,43
72753D,2,2009-12,2010-01,2,144
72754A,3,2009-12,2010-02,3,292
72754B,2,2009-12,2010-01,2,170
72754D,1,2009-12,2009-12,1,1
72755C,4,2009-12,2010-03,4,592
72755D,4,2009-12,2010-03,4,533
72756,3,2009-12,2010-06,7,4012
72760B,23,2009-12,2011-12,25,1699
72771B,1,2009-12,2009-12,1,117
72771C,1,2009-12,2009-12,1,54
72772,2,2009-12,2010-01,2,457
72779,6,2009-12,2010-05,6,48
72780,23,2009-12,2011-12,25,514
72781,8,2009-12,2010-10,11,121
72783,8,2009-12,2011-12,25,43
72785A,3,2009-12,2010-02,3,8
72785B,2,2009-12,2010-01,2,9
72789,8,2009-12,2010-10,11,122
72793,6,2009-12,2010-10,11,55
72796A,4,2009-12,2010-04,5,11
72796B,6,2009-12,2010-07,8,27
72796C,1,2010-01,2010-01,1,1
72798C,10,2009-12,2011-02,15,28
72799A,7,2009-12,2010-08,9,612
72799B,2,2009-12,2010-01,2,322
72799C,16,2009-12,2011-12,25,471
72799D,9,2009-12,2010-09,10,78
72799E,24,2009-12,2011-12,25,1232
72799F,21,2009-12,2011-11,24,1125
72800A,6,2009-12,2010-05,6,674
72800B,23,2009-12,2011-12,25,985
72800C,22,2009-12,2011-12,25,660
72800D,23,2009-12,2011-11,24,631
72800E,25,2009-12,2011-12,25,1388
72800F,12,2009-12,2010-11,12,822
72801C,23,2009-12,2011-12,25,770
72801D,25,2009-12,2011-12,25,656
72801E,9,2009-12,2010-09,10,776
72801F,2,2009-12,2010-01,2,234
72801G,18,2009-12,2011-11,24,1333
72802A,25,2009-12,2011-12,25,923
72802B,24,2009-12,2011-11,24,1559
72802C,24,2009-12,2011-11,24,2185
72803A,22,2009-12,2011-11,24,724
72803B,12,2009-12,2010-12,13,93
72805,3,2009-12,2010-02,3,10
72807A,24,2009-12,2011-11,24,933
72807B,24,2009-12,2011-11,24,1085
72807C,24,2009-12,2011-11,24,2043
72811,14,2009-12,2011-12,25,445
72812,16,2009-12,2011-12,25,105
72814,7,2009-12,2010-11,12,266
72815,8,2009-12,2011-01,14,282
72816,14,2009-12,2011-10,23,1344
72817,16,2009-12,2011-11,24,1553
72818,12,2009-12,2011-10,23,2394
72819,24,2009-12,2011-12,25,694
72821,7,2010-01,2011-02,14,61
75011,11,2009-12,2011-11,24,181
75013B,13,2009-12,2011-01,14,390
75049L,22,2009-12,2011-12,25,13968
75131,17,2009-12,2011-04,17,1217
75149N,6,2009-12,2010-05,6,272
75172,7,2010-06,2011-07,14,97
75178,15,2010-02,2011-12,23,497
77079,5,2010-03,2011-06,16,64
77081,9,2009-12,2010-08,9,242
77101A,16,2009-12,2011-03,16,1082
78026,2,2010-01,2010-09,9,12
78027,5,2010-01,2010-09,9,6
78033,11,2010-01,2011-10,22,76
78034B,8,2010-06,2011-10,17,15
78056,1,2009-12,2009-12,1,3
78124,16,2009-12,2011-11,24,730
79000,22,2009-12,2011-09,22,11973
79026B,11,2009-12,2011-05,18,69
79029,9,2009-12,2010-08,9,2944
79030A,4,2009-12,2010-07,8,171
79030D,20,2009-12,2011-11,24,1009
79030G,19,2009-12,2011-06,19,1751
79051A,20,2009-12,2011-12,25,939
79062D,3,2011-02,2011-08,7,52
79063C,8,2011-03,2011-12,10,235
79063D,6,2011-02,2011-11,10,189
79065A,1,2009-12,2009-12,1,4
79066K,25,2009-12,2011-12,25,1403
79067,13,2009-12,2010-12,13,1615
79070B,1,2009-12,2009-12,1,1
79071B,16,2010-02,2011-06,17,142
79072,4,2009-12,2010-03,4,284
79140,2,2010-02,2010-06,5,15
79144B,24,2009-12,2011-12,25,350
79144C,24,2009-12,2011-12,25,306
79149B,10,2009-12,2011-12,25,29
79151B,2,2010-12,2011-11,12,11
79157B,3,2010-02,2011-12,23,5
79157V,2,2011-10,2011-11,2,5
79160,24,2009-12,2011-12,25,944
79161A,8,2010-03,2011-11,21,51
79163,20,2009-12,2011-09,22,1833
79164,20,2009-12,2011-11,24,3653
79172D,4,2010-03,2010-10,8,24
79190A,25,2009-12,2011-12,25,790
79190B,25,2009-12,2011-12,25,1485
79190D,25,2009-12,2011-12,25,641
79191B,24,2009-12,2011-12,25,479
79191C,25,2009-12,2011-12,25,1619
79191D,20,2009-12,2011-12,25,138
79192A,13,2009-12,2011-02,15,114
79301,1,2010-01,2010-01,1,1
79302M,24,2009-12,2011-12,25,628
79303A,1,2010-01,2010-01,1,2
79303B,6,2009-12,2010-08,9,109
79303D,6,2009-12,2010-08,9,78
79308B,1,2010-06,2010-06,1,144
79315W,7,2009-12,2010-08,9,199
79320,10,2009-12,2010-09,10,904
79321,25,2009-12,2011-12,25,15841
79323B,7,2009-12,2011-02,15,242
79323G,5,2009-12,2010-04,5,314
79323GR,5,2009-12,2010-04,5,532
79323LP,7,2009-12,2010-10,11,1433
79323P,7,2009-12,2011-01,14,2281
79323S,6,2009-12,2010-09,10,334
79323W,9,2009-12,2010-09,10,3004
79328,5,2009-12,2010-07,8,594
79329,5,2009-12,2011-04,17,100
79331,8,2010-02,2011-04,15,60
79336,12,2009-12,2011-09,22,840
79337,16,2010-01,2011-07,19,1194
79338,4,2009-12,2010-03,4,553
79341,5,2009-12,2010-04,5,725
79342B,5,2009-12,2010-04,5,120
79403,19,2009-12,2011-12,25,216
79406,17,2009-12,2011-12,25,259
79413,4,2009-12,2010-05,6,30
79532,5,2010-06,2010-10,5,97
79534,9,2009-12,2010-10,11,116
81950B,14,2009-12,2011-08,21,216
81950V,8,2009-12,2011-07,20,32
81952B,7,2010-01,2011-07,19,254
81952V,16,2009-12,2011-11,24,464
81953B,4,2010-05,2011-07,15,14
81953P,4,2010-02,2011-07,18,33
81985A,6,2009-12,2010-08,9,23
82001S,25,2009-12,2011-12,25,3051
82011A,18,2010-02,2011-11,22,59
82011B,21,2009-12,2011-11,24,93
82011C,19,2009-12,2011-11,24,131
82011E,1,2010-02,2010-02,1,2
82069,6,2009-12,2010-10,11,17
82072,3,2010-02,2010-08,7,5
82076,2,2009-12,2010-01,2,290
82081,3,2009-12,2010-02,3,174
82093,2,2009-12,2010-01,2,139
82095,17,2009-12,2011-07,20,100
82482,23,2009-12,2011-12,25,16914
82483,24,2009-12,2011-12,25,4878
82484,21,2010-04,2011-12,21,9831
82486,25,2009-12,2011-12,25,4728
82494L,25,2009-12,2011-12,25,15679
82545A,7,2010-01,2010-10,10,31
82551,25,2009-12,2011-12,25,5641
82552,25,2009-12,2011-12,25,6955
82553,3,2009-12,2010-02,3,114
82567,25,2009-12,2011-12,25,1207
82578,25,2009-12,2011-12,25,5595
82580,25,2009-12,2011-12,25,13249
82581,25,2009-12,2011-12,25,8399
82582,24,2009-12,2011-12,25,7479
82583,25,2009-12,2011-12,25,12877
82585,4,2009-12,2010-03,4,164
82587,6,2009-12,2010-05,6,128
82597,12,2009-12,2010-11,12,1210
82599,18,2009-12,2011-05,18,2505
82600,25,2009-12,2011-12,25,12675
82605,14,2009-12,2011-03,16,268
82607A,11,2009-12,2010-10,11,663
82607C,4,2009-12,2010-03,4,115
82607E,7,2009-12,2010-10,11,101
82613A,20,2009-12,2011-07,20,495
82613B,25,2009-12,2011-12,25,910
82613C,25,2009-12,2011-12,25,783
82613D,25,2009-12,2011-12,25,1186
82615,13,2009-12,2010-12,13,582
82616A,10,2009-12,2010-10,11,316
82616B,21,2009-12,2011-12,25,606
82616C,23,2009-12,2011-12,25,632
84006,25,2009-12,2011-12,25,1856
84007,11,2009-12,2010-11,12,157
84012,24,2009-12,2011-12,25,1838
84016,9,2009-12,2011-09,22,1004
84029C,2,2009-12,2010-01,2,205
84029D,3,2009-12,2010-02,3,51
84029E,25,2009-12,2011-12,25,10628
84029G,25,2009-12,2011-12,25,6830
84030B,3,2010-01,2010-03,3,6
84030C,3,2009-12,2010-03,4,53
84030E,21,2009-12,2011-12,25,2242
84031A,24,2009-12,2011-12,25,1099
84031B,23,2009-12,2011-12,25,840
84032A,25,2009-12,2011-12,25,3234
84032B,25,2009-12,2011-12,25,3285
84033,13,2010-01,2011-09,21,392
84050,24,2009-12,2011-11,24,9853
84051,20,2009-12,2011-12,25,746
84077,25,2009-12,2011-12,25,106139
84078A,25,2009-12,2011-12,25,1128
84081,7,2009-12,2010-07,8,100
84086B,10,2010-05,2011-12,20,24
84086C,22,2009-12,2011-11,24,297
84192,17,2010-02,2011-12,23,226
84199,21,2009-12,2011-12,25,554
84201B,6,2009-12,2011-11,24,39
84201C,2,2010-08,2011-08,13,10
84205C,1,2010-03,2010-03,1,2
84206A,6,2009-12,2011-11,24,79
84206B,2,2010-08,2011-11,16,9
84206C,4,2009-12,2011-11,24,10
84212,25,2009-12,2011-12,25,24794
84218,8,2010-01,2011-03,15,261
84219,3,2010-01,2010-03,3,137
84226,8,2010-02,2011-06,17,77
84227,4,2010-02,2011-03,14,112
84228,10,2009-12,2011-11,24,354
84231,8,2010-01,2011-11,23,230
84247C,4,2009-12,2010-11,12,72
84247E,13,2010-06,2011-12,19,376
84247G,20,2009-12,2011-07,20,1414
84247H,7,2009-12,2010-06,7,42
84247J,1,2009-12,2009-12,1,10
84247K,17,2009-12,2011-10,23,75
84247L,16,2009-12,2011-04,17,1137
84247N,20,2010-01,2011-11,23,113
84249A,17,2010-02,2011-12,23,252
84249D,9,2009-12,2010-08,9,823
84250M,7,2009-12,2010-07,8,28
84251B,17,2010-03,2011-09,19,319
84251C,17,2009-12,2011-08,21,247
84251F,10,2009-12,2010-09,10,341
84251G,22,2009-12,2011-12,25,472
84251J,5,2009-12,2010-06,7,74
84255A,2,2009-12,2010-01,2,2
84255B,4,2009-12,2010-03,4,65
84270,13,2009-12,2010-12,13,22936
84279B,12,2009-12,2011-06,19,808
84279P,25,2009-12,2011-12,25,1145
84288B,7,2009-12,2010-06,7,61
84292,6,2009-12,2010-06,7,44
84292B,4,2010-01,2010-04,4,8
84306,11,2009-12,2011-03,16,48
84311,1,2010-02,2010-02,1,11
84313A,9,2009-12,2010-10,11,38
84313B,17,2009-12,2011-04,17,227
84313C,17,2010-01,2011-06,18,548
84327A,9,2009-12,2010-08,9,959
84340,1,2009-12,2009-12,1,21
84341B,15,2009-12,2011-11,24,1757
84347,24,2009-12,2011-12,25,31409
84352,14,2009-12,2011-09,22,206
84356,24,2009-12,2011-12,25,750
84358,18,2009-12,2011-08,21,121
84360,21,2009-12,2011-12,25,179
84366,2,2010-02,2010-05,4,3
84367,6,2009-12,2010-08,9,74
84371,2,2009-12,2010-01,2,30
84375,25,2009-12,2011-12,25,7575
84378,25,2009-12,2011-12,25,11637
84380,25,2009-12,2011-12,25,10405
84387A,1,2011-07,2011-07,1,11
84388,7,2009-12,2011-04,17,70
84396,3,2009-12,2010-02,3,552
84402B,2,2010-11,2011-07,9,62
84402D,4,2009-12,2010-03,4,373
84405A,11,2009-12,2010-10,11,129
84406B,25,2009-12,2011-12,25,7133
84414B,3,2009-12,2010-03,4,78
84415A,4,2009-12,2011-06,19,27
84415B,7,2009-12,2011-06,19,24
84422,19,2009-12,2011-09,22,782
84424A,5,2010-06,2010-10,5,23
84425A,4,2009-12,2010-05,6,18
84427B,3,2009-12,2010-03,4,17
84429A,20,2009-12,2011-12,25,109
84437A,4,2010-01,2010-04,4,106
84447,3,2010-01,2010-03,3,69
84450A,3,2009-12,2010-02,3,52
84450B,5,2009-12,2010-04,5,139
84452,9,2009-12,2011-10,23,198
84454,5,2009-12,2010-04,5,93
84455,4,2010-01,2010-04,4,85
84456,6,2009-12,2010-06,7,37
84457,12,2010-01,2011-11,23,291
84458,3,2010-01,2010-03,3,124
84459A,22,2009-12,2011-10,23,1263
84459B,17,2009-12,2011-04,17,1475
84461,7,2010-01,2011-04,16,99
84462,6,2010-02,2011-04,15,100
84464,2,2010-01,2010-02,2,82
84465,8,2010-02,2011-11,22,32
84466,11,2009-12,2011-07,20,1256
84467,7,2009-12,2010-07,8,816
84469,4,2009-12,2010-03,4,664
84472,6,2009-12,2010-05,6,87
84482,10,2009-12,2010-10,11,75
84493,4,2010-06,2010-09,4,1142
84497,14,2009-12,2011-11,24,97
84499,13,2009-12,2011-01,14,326
84507B,21,2009-12,2011-09,22,1349
84507C,21,2009-12,2011-10,23,433
84508A,22,2009-12,2011-09,22,3809
84508B,23,2009-12,2011-11,24,169
84508C,21,2009-12,2011-11,24,103
84509A,25,2009-12,2011-12,25,1636
84509B,25,2009-12,2011-12,25,654
84509C,25,2009-12,2011-12,25,344
84509E,16,2010-01,2011-12,24,163
84509F,12,2009-12,2010-11,12,2781
84509G,24,2009-12,2011-12,25,804
84510A,25,2009-12,2011-12,25,2477
84510B,9,2009-12,2010-08,9,1172
84510C,25,2009-12,2011-12,25,330
84510E,22,2010-01,2011-12,24,162
84510F,10,2009-12,2010-10,11,1099
84519A,25,2009-12,2011-12,25,1200
84519B,25,2009-12,2011-12,25,867
84520B,16,2009-12,2011-03,16,7500
84520D,3,2009-12,2010-02,3,699
84522,17,2009-12,2011-11,24,186
84526,12,2009-12,2010-11,12,538
84527,13,2010-03,2011-11,21,77
84529A,5,2009-12,2010-04,5,50
84529B,3,2010-02,2010-04,3,13
84529C,6,2009-12,2010-06,7,78
84531A,13,2009-12,2011-04,17,191
84531B,14,2009-12,2011-04,17,194
84532B,4,2009-12,2010-03,4,54
84533B,4,2009-12,2010-03,4,59
84534B,14,2009-12,2011-01,14,823
84535A,6,2009-12,2011-05,18,607
84535B,25,2009-12,2011-12,25,2686
84536A,25,2009-12,2011-12,25,5102
84536B,25,2009-12,2011-12,25,3512
84537B,4,2009-12,2010-03,4,117
84539,9,2009-12,2011-07,20,55
84546,3,2010-03,2010-07,5,21
84548,9,2009-12,2011-07,20,48
84549,12,2009-12,2011-11,24,75
84550,5,2009-12,2011-11,24,15
84551,6,2009-12,2011-10,23,39
84555A,5,2010-02,2010-06,5,47
84558A,24,2009-12,2011-12,25,1280
84559A,25,2009-12,2011-12,25,1378
84559B,24,2009-12,2011-11,24,1231
84559D,10,2009-12,2010-11,12,149
84562A,13,2009-12,2011-02,15,169
84562B,2,2009-12,2010-01,2,10
84563A,18,2009-12,2011-05,18,139
84563B,16,2009-12,2011-06,19,128
84564,6,2009-12,2010-06,7,21
84567,1,2010-01,2010-01,1,9
84568,25,2009-12,2011-12,25,37066
84569A,24,2009-12,2011-12,25,562
84569B,16,2009-12,2011-03,16,433
84569C,13,2009-12,2011-03,16,415
84569D,25,2009-12,2011-12,25,1023
84570B,2,2009-12,2010-01,2,4
84572,1,2009-12,2009-12,1,1
84575A,10,2010-02,2011-04,15,24
84575B,3,2009-12,2010-02,3,4
84576,12,2009-12,2011-07,20,96
84578,5,2009-12,2010-04,5,222
84580,25,2009-12,2011-12,25,1057
84581,25,2009-12,2011-12,25,506
84582,4,2009-12,2010-03,4,14
84584,19,2009-12,2011-07,20,282
84586L,2,2009-12,2010-01,2,15
84592,19,2009-12,2011-11,24,173
84593,5,2009-12,2011-03,16,25
84595B,7,2009-12,2010-06,7,230
84595E,19,2009-12,2011-08,21,367
84596B,25,2009-12,2011-12,25,6231
84596E,17,2009-12,2011-04,17,1154
84596F,25,2009-12,2011-12,25,4739
84596G,25,2009-12,2011-12,25,2231
84596I,3,2010-02,2010-04,3,72
84596J,18,2009-12,2011-05,18,812
84596K,12,2009-12,2010-11,12,428
84596L,22,2009-12,2011-09,22,1537
84597B,13,2009-12,2011-06,19,205
84597C,18,2009-12,2011-06,19,364
84598,25,2009-12,2011-12,25,20775
84599,4,2010-01,2010-04,4,15
84600,21,2009-12,2011-12,25,108
84601A,8,2009-12,2010-07,8,260
84608,2,2009-12,2010-01,2,6
84609,18,2009-12,2011-12,25,143
84611B,4,2010-01,2010-11,11,7
84612B,3,2010-01,2010-10,10,20
84613A,9,2010-02,2011-02,13,22
84613C,8,2010-03,2010-12,10,62
84614A,9,2010-02,2010-12,11,17
84614C,1,2010-01,2010-01,1,3
84615,5,2009-12,2010-04,5,240
84616,14,2009-12,2011-11,24,72
84617,6,2009-12,2011-11,24,11
84619,4,2009-12,2010-03,4,72
84620,13,2009-12,2010-12,13,121
84621,5,2009-12,2010-04,5,29
84622,3,2009-12,2010-02,3,23
84623,4,2009-12,2010-03,4,56
84625A,23,2009-12,2011-12,25,838
84625B,4,2009-12,2010-03,4,180
84625C,20,2009-12,2011-10,23,770
84625D,12,2009-12,2010-11,12,650
84626,1,2009-12,2009-12,1,1
84627,8,2009-12,2010-09,10,50
84629,6,2010-02,2011-07,18,24
84630,1,2010-01,2010-01,1,2
84631,15,2009-12,2011-06,19,288
84632,7,2010-03,2011-07,17,15
84637,21,2009-12,2011-09,22,585
84638,20,2009-12,2011-10,23,400
84648,1,2009-12,2009-12,1,1
84653,3,2010-01,2010-03,3,14
84656,6,2009-12,2010-05,6,22
84657,5,2009-12,2010-04,5,246
84658,21,2009-12,2011-12,25,214
84659A,24,2009-12,2011-11,24,588
84660A,17,2009-12,2011-10,23,867
84660B,20,2009-12,2011-09,22,752
84660C,21,2009-12,2011-09,22,756
84661A,18,2009-12,2011-12,25,224
84661B,19,2009-12,2011-12,25,244
84661C,12,2009-12,2011-12,25,152
84663A,21,2009-12,2011-11,24,373
84664,8,2009-12,2010-10,11,193
84665,17,2009-12,2011-11,24,226
84666,10,2009-12,2011-04,17,226
84670,12,2009-12,2010-11,12,5196
84671B,2,2009-12,2010-01,2,109
84673A,21,2009-12,2011-11,24,500
84673B,24,2009-12,2011-12,25,503
84674,25,2009-12,2011-12,25,460
84675,13,2009-12,2011-01,14,206
84676,9,2009-12,2010-08,9,848
84678,16,2009-12,2011-03,16,565
84679,3,2010-03,2011-12,22,14
84680,7,2009-12,2010-09,10,94
84682,10,2009-12,2010-09,10,295
84683,15,2009-12,2011-05,18,537
84684,6,2009-12,2010-06,7,609
84685,16,2009-12,2011-05,18,435
84686,16,2009-12,2011-07,20,389
84687,21,2009-12,2011-11,24,314
84688,17,2009-12,2011-05,18,422
84689,14,2009-12,2011-05,18,312
84690,7,2009-12,2010-08,9,27
84691,15,2009-12,2011-05,18,2747
84692,25,2009-12,2011-12,25,19085
84705A,5,2009-12,2010-04,5,14
84705B,1,2009-12,2009-12,1,86
84705C,6,2009-12,2011-05,18,162
84705D,6,2009-12,2010-07,8,22
84705F,3,2009-12,2010-04,5,8
84706A,3,2009-12,2010-02,3,137
84706B,3,2009-12,2010-02,3,20
84706C,2,2009-12,2010-01,2,84
84706D,11,2009-12,2011-05,18,219
84706F,11,2009-12,2011-11,24,34
84707A,22,2009-12,2011-12,25,125
84707B,18,2009-12,2011-12,25,79
84708B,22,2009-12,2011-12,25,142
84709A,6,2010-05,2010-10,6,23
84709B,18,2009-12,2011-06,19,176
84711A,16,2009-12,2011-12,25,42
84711B,18,2009-12,2011-12,25,39
84712B,21,2009-12,2011-11,24,98
84715,15,2009-12,2011-04,17,241
84720,1,2010-03,2010-03,1,35
84721,1,2009-12,2009-12,1,20
84723,9,2010-02,2011-08,19,54
84725,13,2009-12,2011-09,22,134
84726,3,2010-03,2010-08,6,233
84731,3,2010-04,2011-07,16,3
84732B,6,2009-12,2011-08,21,28
84732D,4,2009-12,2011-08,21,15
84741C,12,2009-12,2011-04,17,185
84743C,3,2010-03,2011-03,13,9
84744,16,2009-12,2011-11,24,149
84745A,10,2009-12,2011-04,17,72
84745B,12,2009-12,2011-04,17,83
84746,7,2009-12,2011-07,20,23
84748,20,2009-12,2011-11,24,1170
84750A,9,2009-12,2011-03,16,544
84750B,16,2009-12,2011-04,17,609
84751B,11,2010-02,2011-04,15,38
84753A,3,2009-12,2010-02,3,97
84754,18,2009-12,2011-09,22,2083
84755,25,2009-12,2011-12,25,40439
84757,2,2010-05,2010-06,2,5
84760L,1,2010-05,2010-05,1,560
84760S,17,2009-12,2011-05,18,222
84761,10,2009-12,2010-09,10,276
84762A,7,2009-12,2010-06,7,59
84762B,8,2009-12,2010-09,10,113
84762C,6,2009-12,2010-05,6,105
84763,18,2009-12,2011-05,18,1517
84765,3,2009-12,2010-03,4,9
84766,13,2010-01,2011-11,23,200
84767,3,2009-12,2010-03,4,195
84770,3,2010-02,2010-04,3,135
84773,12,2009-12,2010-12,13,190
84782A,6,2009-12,2010-08,9,119
84782B,5,2009-12,2010-06,7,10
84782C,8,2009-12,2010-09,10,74
84789,19,2009-12,2011-07,20,445
84791,8,2009-12,2010-07,8,334
84792,25,2009-12,2011-12,25,2297
84795A,8,2009-12,2010-08,9,208
84795B,21,2009-12,2011-11,24,317
84795C,10,2009-12,2011-01,14,325
84795D,8,2009-12,2010-08,9,189
84795E,5,2009-12,2010-08,9,10
84796A,18,2009-12,2011-12,25,312
84796B,19,2009-12,2011-11,24,602
84797A,6,2009-12,2010-06,7,499
84797B,5,2009-12,2010-06,7,344
84798A,8,2010-01,2011-09,21,195
84798B,6,2010-01,2011-03,15,326
84798C,2,2010-01,2010-02,2,16
84799,16,2010-01,2011-04,16,678
84800L,17,2010-01,2011-06,18,650
84800M,14,2010-01,2011-08,20,250
84800S,11,2010-02,2011-09,20,388
84801A,12,2010-01,2011-11,23,272
84801B,13,2009-12,2011-04,17,214
84802A,12,2009-12,2010-12,13,185
84802B,10,2009-12,2011-03,16,411
84803A,10,2010-01,2011-02,14,112
84803B,6,2010-02,2011-08,19,42
84804A,13,2010-01,2011-12,24,218
84804B,12,2010-01,2011-12,24,355
84805A,6,2010-03,2011-12,22,147
84805B,7,2010-01,2011-12,24,340
84806A,14,2010-01,2011-12,24,319
84806B,16,2010-03,2011-12,22,450
84807,4,2010-01,2010-05,5,233
84809A,13,2010-01,2011-06,18,276
84809B,6,2010-01,2011-02,14,296
84813,21,2009-12,2011-12,25,422
84814A,1,2010-03,2010-03,1,1
84814B,1,2009-12,2009-12,1,7
84815,7,2009-12,2010-06,7,926
84816,15,2009-12,2011-08,21,33
84817,22,2010-02,2011-12,23,1059
84818,23,2009-12,2011-10,23,1788
84819,23,2009-12,2011-12,25,908
84820,21,2010-01,2011-12,24,323
84821,23,2009-12,2011-12,25,1318
84823,7,2010-04,2011-02,11,120
84824,11,2009-12,2011-11,24,38
84826,21,2009-12,2011-12,25,1734
84827,14,2009-12,2011-12,25,1027
84828,25,2009-12,2011-12,25,2503
84830,4,2009-12,2010-03,4,113
84832,25,2009-12,2011-12,25,6794
84836,25,2009-12,2011-12,25,19847
84837,9,2009-12,2010-08,9,251
84838,2,2009-12,2010-01,2,50
84839,11,2009-12,2010-10,11,1523
84840,10,2010-05,2011-03,11,282
84842,15,2009-12,2011-11,24,1505
84843,25,2009-12,2011-12,25,280
84845A,1,2009-12,2009-12,1,1
84845C,7,2009-12,2010-08,9,42
84845D,5,2009-12,2010-10,11,41
84846A,16,2009-12,2011-10,23,251
84847,19,2009-12,2011-08,21,2330
84849A,23,2009-12,2011-11,24,470
84849B,20,2009-12,2011-07,20,1936
84849D,24,2010-01,2011-12,24,1558
84854,12,2009-12,2010-12,13,381
84855,5,2009-12,2010-07,8,36
84856L,14,2009-12,2011-03,16,238
84856S,9,2009-12,2011-03,16,467
84857A,2,2010-02,2010-05,4,8
84857B,1,2011-07,2011-07,1,24
84857C,8,2010-06,2011-07,14,197
84858A,5,2009-12,2010-09,10,53
84858B,3,2010-04,2010-06,3,326
84858C,13,2009-12,2011-04,17,347
84859A,20,2009-12,2011-12,25,293
84859B,12,2010-02,2011-12,23,282
84859C,13,2009-12,2011-12,25,304
84864A,3,2010-02,2010-08,7,7
84865,17,2009-12,2011-07,20,77
84867A,3,2010-01,2010-05,5,17
84867B,1,2010-01,2010-01,1,2
84868A,1,2010-01,2010-01,1,2
84868B,3,2010-01,2010-05,5,5
84869,5,2009-12,2010-04,5,302
84870B,16,2009-12,2011-11,24,90
84870C,14,2009-12,2011-10,23,93
84872A,17,2009-12,2011-07,20,235
84873A,11,2009-12,2011-06,19,120
84874B,17,2009-12,2011-08,21,86
84875A,7,2009-12,2010-11,12,16
84875B,11,2010-04,2011-12,21,373
84875D,11,2009-12,2011-09,22,371
84876B,12,2009-12,2011-11,24,344
84876C,3,2009-12,2010-03,4,7
84876D,16,2009-12,2011-09,22,331
84877A,9,2009-12,2011-06,19,74
84877B,16,2009-12,2011-11,24,291
84877D,16,2009-12,2011-09,22,160
84879,25,2009-12,2011-12,25,80082
84880,25,2009-12,2011-12,25,1729
84881,14,2010-01,2011-07,19,52
84882,20,2009-12,2011-11,24,66
84884A,25,2009-12,2011-12,25,1757
84886,4,2010-01,2010-07,7,12
84891B,4,2010-05,2010-11,7,11
84893,4,2009-12,2010-03,4,33
84898F,13,2009-12,2011-03,16,165
84899E,6,2009-12,2010-05,6,53
84899F,12,2009-12,2010-11,12,121
84901,11,2009-12,2010-10,11,123
84902,8,2009-12,2010-07,8,84
84905,16,2009-12,2011-06,19,269
84906,12,2009-12,2011-05,18,66
84907,15,2009-12,2011-09,22,391
84908A,10,2010-02,2010-11,10,432
84908B,9,2010-03,2010-11,9,435
84909A,4,2009-12,2010-03,4,209
84910A,16,2009-12,2011-07,20,432
84912A,22,2009-12,2011-09,22,1096
84912B,23,2009-12,2011-12,25,1125
84913A,22,2009-12,2011-11,24,608
84913B,23,2009-12,2011-12,25,420
84914A,2,2010-05,2010-06,2,6
84915,16,2010-03,2011-12,22,234
84916,16,2009-12,2011-05,18,261
84917,14,2010-01,2011-05,17,229
84918,10,2009-12,2010-09,10,208
84919,16,2009-12,2011-09,22,291
84920,22,2009-12,2011-12,25,201
84921,11,2009-12,2011-10,23,27
84922,10,2009-12,2011-12,25,342
84923,22,2010-02,2011-12,23,234
84924A,21,2009-12,2011-12,25,133
84924D,11,2009-12,2010-11,12,764
84924F,5,2009-12,2011-07,20,975
84925A,4,2009-12,2010-03,4,179
84925C,5,2009-12,2010-05,6,28
84925D,14,2009-12,2011-06,19,452
84925E,2,2009-12,2010-01,2,75
84925F,15,2010-01,2011-07,19,714
84926A,20,2010-03,2011-12,22,664
84926B,4,2009-12,2010-04,5,54
84926C,6,2009-12,2010-08,9,138
84926D,19,2009-12,2011-12,25,773
84926E,19,2009-12,2011-12,25,1081
84926F,18,2009-12,2011-12,25,484
84927A,17,2010-02,2011-08,19,226
84927D,14,2010-04,2011-07,16,953
84927E,13,2010-02,2011-07,18,494
84927F,21,2009-12,2011-12,25,335
84929,21,2009-12,2011-11,24,3096
84931A,24,2009-12,2011-11,24,204
84931B,25,2009-12,2011-12,25,274
84932A,7,2009-12,2010-06,7,262
84932B,5,2009-12,2010-04,5,189
84932C,7,2009-12,2010-06,7,282
84932D,5,2009-12,2010-04,5,239
84933A,3,2009-12,2010-02,3,131
84933B,2,2009-12,2010-01,2,136
84933C,2,2009-12,2010-01,2,136
84934,5,2009-12,2010-04,5,687
84937,6,2009-12,2010-05,6,2542
84942,2,2009-12,2010-01,2,3
84944,19,2009-12,2011-11,24,1135
84945,24,2009-12,2011-12,25,21605
84946,25,2009-12,2011-12,25,36696
84947,25,2009-12,2011-12,25,15810
84948,6,2009-12,2010-05,6,273
84949,25,2009-12,2011-12,25,11945
84950,25,2009-12,2011-12,25,6041
84951A,25,2009-12,2011-12,25,622
84951B,23,2009-12,2011-12,25,575
84952A,14,2009-12,2011-11,24,148
84952B,16,2009-12,2011-12,25,364
84952C,13,2009-12,2011-10,23,374
84962,2,2010-02,2010-05,4,3
84963A,8,2010-02,2010-12,11,23
84963B,5,2010-05,2011-08,16,18
84964A,2,2010-02,2010-11,10,11
84964B,2,2010-02,2010-11,10,17
84965A,3,2010-02,2010-11,10,20
84965B,3,2010-02,2010-11,10,27
84966A,4,2010-01,2010-11,11,13
84966B,4,2010-01,2010-11,11,33
84966C,2,2010-09,2010-11,3,23
84967A,3,2010-02,2010-10,9,3
84967B,7,2010-01,2010-11,11,24
84967C,4,2010-05,2010-10,6,9
84968A,25,2009-12,2011-12,25,535
84968B,13,2009-12,2011-04,17,430
84968C,24,2009-12,2011-11,24,637
84968D,22,2009-12,2011-12,25,476
84968E,23,2009-12,2011-12,25,403
84968F,24,2009-12,2011-11,24,300
84969,25,2009-12,2011-12,25,969
84970L,25,2009-12,2011-12,25,17633
84970S,25,2009-12,2011-12,25,26817
84971L,6,2009-12,2011-11,24,587
84971S,25,2009-12,2011-12,25,6495
84972L,4,2009-12,2010-07,8,117
84974,21,2010-01,2011-11,23,89
84975,13,2009-12,2010-12,13,1990
84976,23,2009-12,2011-12,25,674
84977,13,2009-12,2011-03,16,223
84978,25,2009-12,2011-12,25,21689
84984A,10,2010-01,2011-11,23,266
84984B,10,2010-01,2011-11,23,322
84984C,6,2009-12,2010-11,12,232
84984D,9,2009-12,2011-11,24,159
84985A,16,2009-12,2011-03,16,654
84985B,5,2009-12,2010-05,6,129
84986B,11,2009-12,2010-10,11,438
84987,25,2009-12,2011-12,25,8138
84988,25,2009-12,2011-12,25,8305
84989A,25,2009-12,2011-12,25,2194
84989B,9,2009-12,2010-08,9,1019
84990,14,2009-12,2011-05,18,4248
84991,25,2009-12,2011-12,25,54028
84992,25,2009-12,2011-12,25,34797
84993A,25,2009-12,2011-12,25,1522
84993B,18,2009-12,2011-08,21,571
84997A,24,2009-12,2011-12,25,5363
84997B,25,2009-12,2011-12,25,9771
84997C,25,2009-12,2011-12,25,9151
84997D,24,2009-12,2011-12,25,11024
85006,13,2009-12,2011-04,17,3049
85007,4,2009-12,2010-03,4,143
85008,16,2009-12,2011-04,17,269
85014A,25,2009-12,2011-12,25,4656
85014B,25,2009-12,2011-12,25,6194
85014C,7,2009-12,2010-06,7,547
85014D,4,2009-12,2010-03,4,1918
85015,25,2009-12,2011-12,25,2908
85016,18,2009-12,2011-05,18,1679
85017A,14,2009-12,2011-04,17,1157
85017B,24,2009-12,2011-11,24,2231
85017C,17,2009-12,2011-05,18,1087
85018A,6,2009-12,2010-08,9,15
85018B,6,2009-12,2010-11,12,15
85018C,3,2009-12,2010-11,12,36
85018D,10,2009-12,2011-01,14,787
85019A,20,2010-01,2011-12,24,647
85019B,17,2010-03,2011-12,22,718
85019C,14,2009-12,2011-06,19,423
85020,21,2009-12,2011-12,25,240
85023A,5,2009-12,2010-04,5,22
85023B,18,2009-12,2011-12,25,293
85023C,6,2010-01,2010-06,6,23
85024A,1,2009-12,2009-12,1,1
85024B,15,2010-01,2011-12,24,218
85024C,16,2009-12,2011-11,24,99
85025B,24,2009-12,2011-12,25,570
85025C,21,2009-12,2011-08,21,720
85026B,18,2009-12,2011-12,25,300
85027L,12,2010-01,2011-04,16,190
85028L,9,2009-12,2011-04,17,271
85028S,10,2009-12,2011-04,17,430
85030,12,2009-12,2011-04,17,211
85031A,15,2009-12,2011-04,17,477
85031B,13,2009-12,2010-12,13,496
85031C,13,2009-12,2010-12,13,481
85032A,22,2009-12,2011-12,25,1441
85032B,22,2010-01,2011-12,24,982
85032C,23,2009-12,2011-12,25,886
85032D,15,2009-12,2011-10,23,1148
85033G,3,2009-12,2010-09,10,236
85033S,4,2009-12,2010-11,12,258
85034A,23,2009-12,2011-11,24,849
85034B,19,2009-12,2011-12,25,1184
85034C,22,2009-12,2011-12,25,1314
85035A,22,2009-12,2011-10,23,649
85035B,22,2009-12,2011-10,23,992
85035C,22,2009-12,2011-11,24,1358
85036A,23,2009-12,2011-10,23,621
85036B,21,2009-12,2011-11,24,600
85036C,23,2009-12,2011-11,24,878
85038,25,2009-12,2011-12,25,2778
85039A,25,2009-12,2011-12,25,1512
85039B,25,2009-12,2011-12,25,1657
85039C,22,2009-12,2011-12,25,536
85040A,25,2009-12,2011-12,25,2116
85040B,17,2009-12,2011-04,17,2458
85041,8,2009-12,2010-07,8,1853
85042,12,2009-12,2010-11,12,2685
85043,1,2010-01,2010-01,1,1
85044,7,2009-12,2010-11,12,149
85045,12,2009-12,2011-11,24,471
85047,13,2009-12,2011-01,14,1051
85048,21,2009-12,2011-12,25,2685
85049A,25,2009-12,2011-12,25,6585
85049B,16,2009-12,2011-09,22,2130
85049C,24,2009-12,2011-12,25,2982
85049D,22,2009-12,2011-09,22,2332
85049E,25,2009-12,2011-12,25,6584
85049F,22,2009-12,2011-09,22,2110
85049G,24,2009-12,2011-12,25,3944
85049H,25,2009-12,2011-12,25,2066
85050,1,2010-05,2010-05,1,48
85053,21,2009-12,2011-12,25,2032
85054,24,2009-12,2011-11,24,916
85055,14,2009-12,2011-01,14,359
85059,25,2009-12,2011-12,25,701
85060,8,2009-12,2010-07,8,1448
85061W,25,2009-12,2011-12,25,6306
85062,25,2009-12,2011-12,25,3886
85063,12,2009-12,2010-11,12,308
85064,11,2009-12,2011-01,14,1595
85065,11,2009-12,2010-10,11,620
85066,25,2009-12,2011-12,25,3091
85067,14,2009-12,2011-01,14,496
85068,9,2009-12,2010-11,12,960
85069,1,2009-12,2009-12,1,3
85070,2,2010-05,2010-07,3,3
85071A,24,2009-12,2011-12,25,1907
85071B,24,2009-12,2011-12,25,2340
85071C,23,2009-12,2011-12,25,1285
85071D,23,2009-12,2011-12,25,884
85072,1,2009-12,2009-12,1,120
85077,1,2009-12,2009-12,1,1
85078,22,2009-12,2011-11,24,2258
85079,1,2009-12,2009-12,1,23
85080,5,2009-12,2010-09,10,113
85081,5,2009-12,2010-10,11,104
85083,1,2009-12,2009-12,1,5
85084,6,2009-12,2010-12,13,682
85086A,19,2009-12,2011-08,21,587
85087,22,2009-12,2011-10,23,420
85088,21,2009-12,2011-11,24,347
85089,11,2009-12,2011-11,24,99
85090,11,2009-12,2010-11,12,106
85091,8,2009-12,2010-08,9,343
85092,8,2010-01,2011-02,14,391
85093,22,2009-12,2011-11,24,1361
85094,21,2009-12,2011-12,25,760
85095,13,2010-08,2011-12,17,174
85096,19,2009-12,2011-12,25,164
85097B,7,2009-12,2010-08,9,106
85098B,12,2009-12,2010-11,12,366
85099B,25,2009-12,2011-12,25,97176
85099C,25,2009-12,2011-12,25,30657
85099F,25,2009-12,2011-12,25,37061
85103,18,2009-12,2011-07,20,317
85104,20,2009-12,2011-12,25,351
85106,18,2009-12,2011-11,24,1190
85107,21,2009-12,2011-12,25,1203
85109,10,2009-12,2010-12,13,4211
85110,10,2009-12,2010-09,10,11520
85111,21,2009-12,2011-12,25,2907
85112,3,2009-12,2010-02,3,465
85113,6,2009-12,2010-08,9,285
85114A,20,2009-12,2011-12,25,1326
85114B,25,2009-12,2011-12,25,2073
85114C,25,2009-12,2011-12,25,1364
85115B,2,2010-06,2011-10,17,6
85116,23,2009-12,2011-10,23,1817
85117,6,2009-12,2010-05,6,347
85118,14,2009-12,2011-01,14,2054
85119,11,2009-12,2010-12,13,413
85121B,7,2009-12,2010-06,7,86
85121C,10,2009-12,2010-11,12,98
85123A,25,2009-12,2011-12,25,94719
85123B,1,2009-12,2009-12,1,1
85124A,11,2009-12,2010-10,11,387
85124B,24,2009-12,2011-11,24,355
85124C,22,2009-12,2011-10,23,429
85125,19,2009-12,2011-11,24,309
85126,13,2009-12,2010-12,13,156
85127,23,2009-12,2011-12,25,276
85128,2,2009-12,2010-01,2,167
85129A,9,2009-12,2010-08,9,444
85129B,23,2009-12,2011-12,25,233
85129C,20,2009-12,2011-12,25,390
85129D,24,2009-12,2011-12,25,793
85130A,16,2009-12,2011-05,18,685
85130B,20,2010-01,2011-12,24,911
85130C,19,2010-01,2011-12,24,659
85130D,25,2009-12,2011-12,25,788
85131A,21,2009-12,2011-10,23,2025
85131B,21,2009-12,2011-12,25,948
85131C,19,2010-01,2011-11,23,439
85131D,22,2009-12,2011-12,25,1443
85132A,18,2009-12,2011-05,18,1358
85132B,16,2009-12,2011-06,19,929
85132C,22,2009-12,2011-09,22,2066
85135A,14,2009-12,2011-11,24,94
85135B,19,2009-12,2011-11,24,151
85135C,23,2009-12,2011-12,25,162
85136A,21,2009-12,2011-12,25,138
85136B,11,2009-12,2010-12,13,59
85136C,20,2009-12,2011-12,25,179
85141,18,2009-12,2011-06,19,182
85142,8,2009-12,2010-07,8,57
85144,18,2009-12,2011-05,18,287
85145,12,2009-12,2011-04,17,91
85146,10,2010-03,2011-04,14,118
85147,4,2009-12,2010-05,6,61
85150,23,2009-12,2011-12,25,8361
85151,1,2009-12,2009-12,1,44
85152,25,2009-12,2011-12,25,16373
85157,1,2010-01,2010-01,1,1
85159A,25,2009-12,2011-12,25,492
85159B,23,2009-12,2011-11,24,660
85160A,13,2009-12,2011-01,14,8824
85160B,17,2009-12,2011-11,24,6156
85161,17,2009-12,2011-11,24,51
85162A,7,2009-12,2010-06,7,607
85162B,7,2009-12,2010-06,7,977
85162C,7,2009-12,2010-06,7,904
85163A,19,2009-12,2011-11,24,103
85163B,23,2009-12,2011-12,25,115
85164B,10,2009-12,2010-09,10,141
85165,7,2009-12,2010-06,7,90
85166A,2,2009-12,2010-01,2,77
85166B,11,2009-12,2010-11,12,510
85167A,3,2009-12,2010-03,4,176
85167B,16,2009-12,2011-04,17,692
85168A,6,2009-12,2010-06,7,22
85168B,18,2009-12,2011-12,25,72
85169A,25,2009-12,2011-12,25,1252
85169B,23,2009-12,2011-12,25,428
85169C,21,2009-12,2011-12,25,505
85169D,24,2009-12,2011-11,24,521
85170A,13,2009-12,2010-12,13,848
85170B,20,2009-12,2011-11,24,283
85170C,25,2009-12,2011-12,25,543
85170D,24,2009-12,2011-12,25,723
85171,1,2009-12,2009-12,1,1
85172,25,2009-12,2011-12,25,4271
85173,25,2009-12,2011-12,25,1018
85174,25,2009-12,2011-12,25,1459
85175,24,2009-12,2011-11,24,15566
85176,25,2009-12,2011-12,25,2748
85177,25,2009-12,2011-12,25,1820
85178,25,2009-12,2011-12,25,5478
85179A,13,2009-12,2011-12,25,219
85179B,11,2009-12,2010-11,12,246
85179C,8,2009-12,2011-12,25,116
85180A,21,2009-12,2011-12,25,629
85180B,20,2009-12,2011-12,25,364
85183A,23,2009-12,2011-12,25,1512
85183B,25,2009-12,2011-12,25,1725
85184B,3,2009-12,2010-03,4,14
85184C,25,2009-12,2011-12,25,2281
85184D,10,2009-12,2010-09,10,8312
85185B,24,2009-12,2011-11,24,593
85185C,9,2009-12,2010-08,9,58
85185D,16,2009-12,2011-05,18,195
85185E,1,2009-12,2009-12,1,4
85185F,4,2009-12,2010-03,4,37
85186A,14,2009-12,2011-04,17,1473
85186B,1,2010-03,2010-03,1,14
85186C,15,2009-12,2011-10,23,1400
85187,14,2010-01,2011-11,23,479
85188A,9,2009-12,2011-04,17,944
85188B,9,2010-01,2011-03,15,748
85189,11,2009-12,2011-03,16,1176
85190,4,2009-12,2010-03,4,138
85192S,1,2010-02,2010-02,1,3
85194L,14,2009-12,2011-11,24,1818
85194S,19,2010-01,2011-12,24,1760
85195,11,2009-12,2011-03,16,146
85196,4,2009-12,2010-03,4,1564
85197,12,2009-12,2011-07,20,1669
85198,13,2009-12,2011-05,18,3859
85199L,25,2009-12,2011-12,25,3455
85199S,25,2009-12,2011-12,25,6022
85200,8,2009-12,2011-04,17,1045
85202,24,2009-12,2011-11,24,1208
85203,25,2009-12,2011-12,25,1463
85204,25,2009-12,2011-12,25,2353
85205A,2,2010-02,2010-03,2,66
85205B,9,2010-01,2011-04,16,241
85206A,13,2009-12,2011-03,16,2327
85206B,6,2009-12,2011-01,14,1538
85208,21,2009-12,2011-11,24,420
85211,19,2009-12,2011-10,23,306
85212,24,2009-12,2011-12,25,2831
85213,20,2009-12,2011-07,20,1378
85214,21,2009-12,2011-08,21,514
85215,20,2009-12,2011-08,21,831
85216,18,2009-12,2011-11,24,2849
85217,10,2009-12,2010-09,10,2869
85218,2,2010-01,2010-02,2,1992
85220,3,2009-12,2010-02,3,12236
85221,6,2009-12,2010-05,6,3558
85222,7,2009-12,2010-06,7,1406
85224,13,2009-12,2011-03,16,2004
85225,10,2009-12,2011-12,25,19
85226A,12,2009-12,2010-11,12,1714
85226C,12,2009-12,2010-11,12,989
85227,25,2009-12,2011-12,25,3440
85230A,21,2009-12,2011-12,25,1992
85230B,23,2009-12,2011-12,25,2120
85230C,1,2009-12,2009-12,1,24
85230D,1,2009-12,2009-12,1,24
85230E,22,2009-12,2011-09,22,2445
85230F,19,2009-12,2011-11,24,2946
85230G,23,2009-12,2011-12,25,1680
85231B,25,2009-12,2011-12,25,2058
85231E,7,2009-12,2010-06,7,836
85231G,23,2009-12,2011-10,23,1480
85231L,6,2009-12,2010-05,6,1039
85232A,18,2009-12,2011-06,19,377
85232B,15,2009-12,2011-02,15,3086
85232C,1,2010-01,2010-01,1,1
85232D,23,2009-12,2011-12,25,702
90000A,13,2009-12,2011-11,24,33
90000B,14,2009-12,2011-07,20,29
90000C,2,2009-12,2010-01,2,2
90000D,18,2009-12,2011-11,24,51
90001A,10,2009-12,2011-10,23,11
90001B,8,2010-01,2011-11,23,13
90001C,7,2009-12,2011-10,23,11
90001D,9,2009-12,2011-10,23,20
90002A,8,2009-12,2010-11,12,36
90002B,5,2009-12,2010-10,11,22
90002C,9,2009-12,2010-08,9,33
90002D,15,2009-12,2011-05,18,104
90002E,8,2009-12,2010-08,9,18
90003B,15,2009-12,2011-11,24,44
90003C,19,2009-12,2011-12,25,51
90003D,15,2009-12,2011-11,24,60
90003E,14,2009-12,2011-12,25,32
90004A,1,2009-12,2009-12,1,1
90005A,15,2009-12,2011-04,17,106
90010A,15,2009-12,2011-12,25,49
90010B,14,2009-12,2011-04,17,63
90010E,16,2009-12,2011-12,25,56
90011A,9,2009-12,2011-11,24,15
90011B,10,2009-12,2011-11,24,20
90011C,7,2009-12,2011-11,24,12
90011D,5,2009-12,2011-11,24,5
90011E,7,2009-12,2011-09,22,8
90012A,6,2009-12,2011-10,23,13
90012B,6,2009-12,2011-11,24,17
90013A,21,2009-12,2011-12,25,115
90013B,23,2009-12,2011-11,24,104
90013C,22,2009-12,2011-12,25,88
90013D,10,2010-01,2011-06,18,46
90013E,2,2009-12,2010-01,2,2
90014A,20,2009-12,2011-12,25,55
90014B,17,2009-12,2011-10,23,34
90014C,13,2009-12,2011-11,24,29
90016A,15,2009-12,2011-10,23,29
90016B,18,2009-12,2011-12,25,37
90016C,9,2010-01,2011-12,24,17
90018A,20,2009-12,2011-12,25,75
90018B,18,2009-12,2011-12,25,39
90018C,12,2009-12,2011-11,24,28
90019A,23,2009-12,2011-12,25,68
90019B,17,2010-01,2011-12,24,32
90019C,18,2009-12,2011-12,25,40
90020,4,2009-12,2011-08,21,6
90021,3,2010-08,2011-04,9,5
90022,17,2009-12,2011-12,25,37
90023,14,2009-12,2011-11,24,31
90024A,4,2010-01,2010-11,11,5
90024B,13,2009-12,2011-12,25,25
90024C,9,2009-12,2011-07,20,11
90024D,10,2009-12,2011-09,22,15
90024E,8,2009-12,2011-03,16,16
90024F,6,2010-04,2011-11,20,8
90025A,2,2011-04,2011-10,7,2
90025B,3,2010-03,2011-04,14,3
90025C,5,2010-02,2010-10,9,6
90025D,5,2010-02,2011-09,20,5
90025E,6,2009-12,2011-06,19,7
90025F,6,2010-01,2011-10,22,8
90026A,7,2010-03,2011-06,16,11
90026B,6,2009-12,2011-03,16,8
90026C,6,2009-12,2011-11,24,8
90026D,8,2010-06,2011-11,18,10
90027A,4,2010-03,2011-08,18,9
90027B,7,2009-12,2011-11,24,13
90027C,8,2009-12,2011-11,24,14
90027D,8,2009-12,2011-12,25,23
90028,15,2009-12,2011-11,24,29
90029,9,2009-12,2011-08,21,23
90030A,7,2009-12,2011-11,24,79
90030B,16,2009-12,2011-12,25,139
90030C,11,2009-12,2011-11,24,87
90031,8,2009-12,2011-11,24,52
90032,13,2010-01,2011-10,22,48
90033,13,2009-12,2011-11,24,22
90034,4,2009-12,2011-04,17,5
90035A,8,2009-12,2011-04,17,24
90035B,2,2009-12,2010-06,7,43
90035C,3,2009-12,2011-05,18,28
90036A,11,2009-12,2011-08,21,27
90036B,8,2010-01,2011-08,20,18
90036C,11,2009-12,2011-12,25,31
90036D,12,2009-12,2011-06,19,38
90036E,19,2009-12,2011-10,23,45
90036F,9,2009-12,2011-03,16,24
90037A,11,2009-12,2011-01,14,26
90037B,8,2010-03,2011-12,22,28
90037C,11,2009-12,2011-12,25,26
90037D,4,2009-12,2010-06,7,14
90038A,16,2009-12,2011-11,24,36
90038B,10,2009-12,2011-12,25,21
90038C,9,2009-12,2011-09,22,19
90039A,5,2009-12,2011-12,25,10
90039B,10,2010-01,2011-07,19,21
90039C,9,2009-12,2011-12,25,23
90039D,16,2009-12,2011-12,25,43
90040A,14,2009-12,2011-03,16,53
90040B,13,2009-12,2011-05,18,71
90040C,12,2009-12,2011-12,25,41
90040D,8,2009-12,2010-09,10,41
90041,6,2009-12,2011-12,25,7
90042A,12,2009-12,2011-04,17,63
90042B,5,2009-12,2010-11,12,17
90042C,7,2010-06,2011-01,8,59
90043,5,2009-12,2011-10,23,10
90046,5,2010-03,2011-07,17,13
90048,6,2009-12,2011-07,20,31
90049,5,2010-05,2011-11,19,20
90050,6,2010-01,2011-11,23,10
90051,8,2010-06,2011-10,17,15
90052,5,2009-12,2011-11,24,7
90053,9,2010-01,2011-10,22,10
90054,12,2009-12,2011-12,25,17
90055,9,2010-01,2011-12,24,10
90056,9,2009-12,2011-12,25,19
90057,13,2009-12,2011-12,25,1804
90058A,9,2009-12,2011-11,24,576
90058B,14,2009-12,2011-12,25,1082
90059A,19,2009-12,2011-12,25,94
90059B,11,2010-01,2011-12,24,27
90059C,13,2009-12,2011-12,25,41
90059D,21,2009-12,2011-12,25,64
90059E,16,2009-12,2011-12,25,53
90059F,18,2009-12,2011-12,25,48
90060B,4,2009-12,2010-12,13,6
90060C,3,2009-12,2010-07,8,7
90060D,6,2009-12,2010-12,13,12
90060F,13,2009-12,2011-11,24,28
90062,16,2009-12,2011-04,17,204
90063A,10,2010-06,2011-11,18,21
90063B,9,2009-12,2011-11,24,20
90064A,8,2010-01,2011-11,23,20
90064B,10,2009-12,2011-10,23,21
90065A,8,2009-12,2011-06,19,26
90065B,9,2009-12,2011-11,24,22
90066A,2,2010-07,2010-10,4,5
90067A,12,2009-12,2011-11,24,33
90067B,5,2009-12,2011-07,20,16
90068,2,2010-09,2011-03,7,2
90069,4,2009-12,2011-11,24,11
90070,18,2009-12,2011-11,24,63
90071,22,2009-12,2011-12,25,87
90072,19,2009-12,2011-12,25,44
90073,19,2009-12,2011-12,25,50
90074,6,2010-03,2011-11,21,7
90075,5,2010-03,2011-11,21,10
90076,7,2010-01,2011-11,23,12
90077,4,2009-12,2011-09,22,5
90078,4,2010-02,2010-12,11,9
90079,11,2009-12,2011-10,23,21
90081A,18,2009-12,2011-12,25,49
90081B,3,2010-10,2011-05,8,7
90081C,18,2009-12,2011-12,25,50
90082A,20,2009-12,2011-12,25,55
90082B,15,2009-12,2011-12,25,58
90082C,2,2010-01,2010-02,2,3
90082D,14,2009-12,2011-11,24,103
90083,8,2009-12,2011-12,25,52
90084,5,2009-12,2011-03,16,64
90085,14,2009-12,2011-12,25,311
90086,18,2010-03,2011-12,22,216
90087,23,2009-12,2011-12,25,311
90088,7,2009-12,2010-11,12,101
90089,14,2009-12,2011-12,25,104
90090,8,2009-12,2010-11,12,263
90091,2,2010-05,2010-10,6,3
90092,7,2009-12,2011-01,14,102
90093,17,2009-12,2011-12,25,209
90094,12,2010-06,2011-12,19,74
90095,3,2010-03,2010-06,4,8
90096,18,2010-01,2011-11,23,104
90098,15,2009-12,2011-11,24,137
90099,9,2009-12,2011-12,25,42
90100,8,2009-12,2011-02,15,30
90101,18,2009-12,2011-12,25,52
90102,4,2010-01,2011-06,18,19
90103,13,2009-12,2011-12,25,44
90104,10,2010-06,2011-04,11,129
90108,15,2010-01,2011-12,24,109
90111,4,2009-12,2010-03,4,7
90112,12,2009-12,2010-12,13,84
90114,19,2010-02,2011-12,23,205
90115,12,2009-12,2011-06,19,108
90116,20,2010-02,2011-12,23,106
90118,13,2010-06,2011-12,19,42
90119,15,2010-06,2011-12,19,97
90120A,14,2009-12,2011-01,14,93
90120B,22,2009-12,2011-12,25,107
90120C,20,2009-12,2011-12,25,109
90120D,13,2009-12,2011-02,15,134
90121B,2,2009-12,2010-01,2,19
90122A,15,2010-01,2011-11,23,55
90122B,14,2009-12,2011-09,22,46
90122C,18,2009-12,2011-12,25,54
90123A,13,2009-12,2011-10,23,36
90123B,10,2010-01,2011-08,20,26
90123C,9,2009-12,2011-08,21,27
90123D,12,2009-12,2011-11,24,29
90124A,13,2009-12,2011-10,23,30
90124B,18,2009-12,2011-11,24,39
90124C,12,2009-12,2011-11,24,22
90125A,9,2009-12,2011-07,20,149
90125B,9,2009-12,2011-12,25,44
90125C,4,2009-12,2011-05,18,92
90125D,13,2009-12,2011-07,20,136
90125E,7,2009-12,2011-05,18,18
90126A,5,2009-12,2010-12,13,20
90126B,2,2009-12,2010-03,4,3
90126C,4,2009-12,2011-07,20,21
90127A,2,2010-11,2011-07,9,14
90127B,2,2010-02,2010-09,8,2
90128A,7,2010-01,2011-07,19,31
90128B,5,2010-01,2010-12,12,18
90128C,6,2009-12,2011-09,22,17
90128D,7,2010-02,2011-02,13,13
90129A,20,2009-12,2011-10,23,151
90129B,22,2009-12,2011-12,25,146
90129C,19,2009-12,2011-12,25,107
90129D,15,2009-12,2011-10,23,67
90129E,19,2009-12,2011-11,24,129
90129F,19,2009-12,2011-12,25,81
90130A,10,2009-12,2011-11,24,28
90130B,21,2009-12,2011-12,25,64
90130C,14,2009-12,2011-12,25,25
90130D,7,2010-01,2011-11,23,13
90131,5,2009-12,2011-06,19,10
90132,7,2009-12,2011-08,21,7
90133,14,2009-12,2011-12,25,47
90134,24,2009-12,2011-12,25,126
90135,3,2010-11,2011-04,6,9
90135A,4,2010-03,2011-04,14,11
90136,3,2010-11,2011-04,6,4
90137,8,2009-12,2011-07,20,26
90138,12,2009-12,2011-12,25,24
90139,3,2009-12,2010-03,4,23
90140,7,2009-12,2011-08,21,9
90141A,10,2009-12,2011-11,24,20
90141B,9,2009-12,2011-12,25,13
90141C,10,2009-12,2011-11,24,16
90141D,5,2010-01,2011-07,19,7
90141E,5,2009-12,2011-10,23,10
90142A,4,2010-06,2010-12,7,5
90142B,1,2010-11,2010-11,1,1
90142C,1,2010-11,2010-11,1,1
90142D,4,2010-11,2011-10,12,11
90143,20,2009-12,2011-12,25,79
90144,19,2009-12,2011-11,24,53
90145,21,2009-12,2011-12,25,75
90146,12,2009-12,2011-12,25,41
90147,18,2009-12,2011-11,24,93
90148,14,2009-12,2011-09,22,27
90149,8,2010-01,2011-12,24,62
90150,7,2009-12,2010-09,10,13
90151,7,2009-12,2011-11,24,16
90152A,7,2009-12,2011-11,24,7
90152B,4,2009-12,2010-12,13,6
90152C,4,2010-04,2011-02,11,7
90154,7,2010-06,2011-11,18,59
90155,14,2009-12,2011-12,25,30
90156,8,2010-01,2011-09,21,25
90157,12,2010-01,2011-11,23,53
90158,23,2009-12,2011-12,25,77
90159,13,2009-12,2011-11,24,38
90160A,18,2010-01,2011-12,24,52
90160B,19,2009-12,2011-11,24,71
90160C,22,2009-12,2011-12,25,97
90160D,15,2009-12,2011-11,24,76
90161A,20,2009-12,2011-12,25,70
90161B,21,2009-12,2011-12,25,147
90161C,23,2009-12,2011-12,25,169
90161D,21,2009-12,2011-12,25,138
90162A,7,2010-01,2011-11,23,30
90162B,11,2010-03,2011-11,21,55
90162C,12,2010-03,2011-10,20,42
90162D,8,2010-01,2011-10,22,29
90163A,14,2009-12,2011-12,25,37
90163B,7,2009-12,2011-12,25,13
90164A,16,2009-12,2011-12,25,40
90164B,19,2009-12,2011-12,25,67
90165A,14,2009-12,2011-11,24,42
90165B,16,2009-12,2011-12,25,52
90166,18,2009-12,2011-12,25,40
90167,12,2009-12,2010-12,13,2197
90168,12,2009-12,2011-12,25,42
90169,15,2009-12,2011-12,25,39
90170,21,2009-12,2011-12,25,150
90171,4,2009-12,2010-03,4,47
90173,19,2009-12,2011-10,23,81
90174,16,2009-12,2011-12,25,50
90175A,23,2009-12,2011-12,25,107
90175B,15,2009-12,2011-11,24,36
90175C,10,2009-12,2011-11,24,37
90175D,20,2009-12,2011-12,25,58
90176A,7,2009-12,2011-11,24,10
90176B,3,2010-11,2011-11,13,5
90176C,6,2009-12,2011-08,21,10
90176D,7,2009-12,2011-11,24,11
90176E,3,2011-08,2011-12,5,4
90177A,12,2009-12,2011-12,25,19
90177B,14,2009-12,2011-12,25,31
90177C,16,2009-12,2011-12,25,37
90177D,15,2009-12,2011-12,25,46
90177E,14,2009-12,2011-11,24,28
90178A,10,2009-12,2011-10,23,27
90178B,9,2009-12,2010-12,13,16
90179A,6,2010-01,2011-12,24,12
90179B,6,2009-12,2011-12,25,11
90179C,10,2010-06,2011-12,19,19
90180A,15,2009-12,2011-11,24,44
90180B,10,2009-12,2011-12,25,18
90181A,11,2010-01,2011-11,23,14
90181B,14,2009-12,2011-12,25,25
90181C,4,2009-12,2011-04,17,5
90182A,6,2010-11,2011-12,14,9
90182B,4,2009-12,2011-12,25,6
90182C,10,2009-12,2011-12,25,19
90183A,15,2010-01,2011-12,24,53
90183B,15,2009-12,2011-12,25,28
90183C,10,2009-12,2011-12,25,14
90184A,14,2009-12,2011-11,24,42
90184B,18,2009-12,2011-12,25,69
90184C,18,2009-12,2011-12,25,73
90185A,15,2009-12,2011-11,24,55
90185B,15,2009-12,2011-12,25,67
90185C,14,2009-12,2011-10,23,64
90185D,13,2009-12,2011-06,19,69
90186A,14,2009-12,2011-11,24,69
90186B,16,2009-12,2011-11,24,57
90187A,7,2009-12,2011-02,15,8
90187B,12,2009-12,2011-12,25,21
90188,14,2009-12,2011-12,25,23
90189A,7,2010-01,2011-11,23,11
90189B,2,2010-02,2010-04,3,3
90190A,13,2009-12,2011-11,24,44
90190B,13,2009-12,2011-11,24,45
90190C,16,2009-12,2011-11,24,55
90191,15,2009-12,2011-12,25,40
90192,20,2009-12,2011-12,25,94
90194,15,2009-12,2011-10,23,32
90195A,15,2009-12,2011-12,25,70
90195B,13,2009-12,2011-11,24,52
90196A,7,2009-12,2011-11,24,19
90196B,9,2009-12,2011-11,24,19
90197B,20,2009-12,2011-12,25,64
90197D,3,2010-02,2010-04,3,9
90198A,24,2009-12,2011-12,25,144
90198B,23,2009-12,2011-12,25,104
90199A,11,2009-12,2011-11,24,22
90199B,13,2009-12,2011-12,25,36
90199C,15,2009-12,2011-11,24,99
90199D,12,2009-12,2011-11,24,22
90200A,23,2009-12,2011-12,25,177
90200B,24,2009-12,2011-12,25,183
90200C,16,2009-12,2011-03,16,206
90200D,24,2009-12,2011-12,25,327
90200E,24,2009-12,2011-12,25,209
90201A,22,2009-12,2011-12,25,130
90201B,24,2009-12,2011-12,25,154
90201C,22,2009-12,2011-12,25,119
90201D,24,2009-12,2011-12,25,133
90202A,13,2010-02,2011-12,23,31
90202B,12,2009-12,2011-12,25,24
90202C,15,2009-12,2011-12,25,31
90202D,17,2009-12,2011-12,25,48
90203,10,2009-12,2010-10,11,71
90204,17,2009-12,2011-12,25,50
90205A,12,2009-12,2011-11,24,38
90205C,16,2009-12,2011-11,24,78
90206A,9,2009-12,2011-12,25,16
90206C,19,2009-12,2011-12,25,80
90208,19,2009-12,2011-12,25,159
90209A,8,2009-12,2011-11,24,173
90209B,22,2009-12,2011-10,23,380
90209C,22,2009-12,2011-10,23,399
90210A,12,2009-12,2011-12,25,88
90210B,13,2009-12,2011-12,25,102
90210C,9,2009-12,2011-12,25,118
90210D,12,2009-12,2011-11,24,142
90211A,11,2009-12,2011-12,25,28
90211B,12,2009-12,2011-11,24,35
90212B,14,2009-12,2011-05,18,37
90212C,7,2009-12,2011-09,22,15
90214A,23,2009-12,2011-12,25,213
90214B,17,2009-12,2011-12,25,75
90214C,21,2009-12,2011-12,25,165
90214D,24,2009-12,2011-12,25,100
90214E,22,2009-12,2011-12,25,142
90214F,15,2009-12,2011-12,25,44
90214G,21,2009-12,2011-12,25,100
90214H,19,2009-12,2011-12,25,83
90214I,14,2009-12,2011-12,25,62
90214J,21,2009-12,2011-12,25,157
90214K,24,2009-12,2011-12,25,154
90214L,19,2009-12,2011-12,25,176
90214M,20,2009-12,2011-12,25,138
90214N,21,2009-12,2011-12,25,78
90214O,9,2009-12,2011-12,25,36
90214P,16,2009-12,2011-12,25,77
90214R,18,2009-12,2011-12,25,91
90214S,21,2009-12,2011-12,25,184
90214T,15,2009-12,2011-12,25,57
90214U,2,2010-11,2011-12,14,13
90214V,16,2010-02,2011-12,23,38
90214W,7,2010-06,2011-12,19,19
90214Y,7,2010-11,2011-12,14,68
90214Z,13,2009-12,2011-12,25,31
DCGS0003,8,2009-12,2011-05,18,13
DCGS0004,4,2009-12,2011-04,17,4
DCGS0037,1,2010-06,2010-06,1,1
DCGS0041,1,2010-06,2010-06,1,1
DCGS0044,1,2009-12,2009-12,1,1
DCGS0058,10,2009-12,2010-10,11,42
DCGS0062,1,2010-10,2010-10,1,1
DCGS0066N,1,2009-12,2009-12,1,2
DCGS0068,2,2009-12,2010-01,2,2
DCGS0069,4,2010-03,2011-01,11,5
DCGS0070,2,2010-04,2010-12,9,2
DCGS0072,1,2009-12,2009-12,1,4
DCGS0075,1,2010-04,2010-04,1,1
DCGS0076,9,2009-12,2010-12,13,17
DCGSSBOY,11,2010-06,2011-12,19,77
DCGSSGIRL,11,2010-06,2011-11,18,92
