stock_code,panel_months,zero_months,units,zero_share
10002,24,7,8671,0.2917
10002R,24,22,4,0.9167
10080,24,13,315,0.5417
10109,24,23,4,0.9583
10120,24,4,658,0.1667
10123C,24,10,650,0.4167
10123G,24,18,2251,0.7500
10124A,21,9,58,0.4286
10124G,19,10,33,0.5263
10125,24,2,2077,0.0833
10133,24,2,3837,0.0833
10134,24,12,625,0.5000
10135,24,0,4157,0.0000
10138,24,19,261,0.7917
11001,24,0,4807,0.0000
15030,24,8,252,0.3333
15034,24,0,10151,0.0000
15036,24,0,44203,0.0000
15039,24,0,5054,0.0000
15044A,24,0,4961,0.0000
15044B,24,3,1670,0.1250
15044C,24,0,965,0.0000
15044D,24,0,1594,0.0000
15056BL,24,0,9543,0.0000
15056N,24,0,11375,0.0000
15056P,24,0,2499,0.0000
15058A,23,5,476,0.2174
15058B,23,3,438,0.1304
15058C,23,4,469,0.1739
15059A,24,23,509,0.9583
15060B,24,0,1419,0.0000
16008,21,5,2805,0.2381
16010,23,19,32,0.8261
16011,24,1,3787,0.0417
16012,24,3,2876,0.1250
16014,24,1,29285,0.0417
16015,24,3,1572,0.1250
16016,24,0,2234,0.0000
16020C,24,10,160,0.4167
16033,24,9,15121,0.3750
16043,24,15,2145,0.6250
16044,23,21,6193,0.9130
16045,23,10,9112,0.4348
16046,24,2,10056,0.0833
16047,24,14,10612,0.5833
16048,24,0,3459,0.0000
16049,24,13,3169,0.5417
16050,22,19,151,0.8636
16051,24,21,941,0.8750
16052,24,9,848,0.3750
16053,23,15,4313,0.6522
16054,23,12,1174,0.5217
16119,24,23,273,0.9583
16151A,20,17,52,0.8500
16156L,23,5,925,0.2174
16156N,24,17,1475,0.7083
16156S,24,0,16561,0.0000
16161C,24,23,450,0.9583
16161E,24,21,750,0.8750
16161G,23,6,975,0.2609
16161M,24,12,1050,0.5000
16161P,24,1,13048,0.0417
16161U,24,0,9976,0.0000
16162L,24,11,8101,0.4583
16162M,18,11,88,0.6111
16168M,24,1,1657,0.0417
16168S,24,21,1283,0.8750
16169A,20,19,25,0.9500
16169C,24,20,1350,0.8333
16169D,24,23,250,0.9583
16169E,5,0,4187,0.0000
16169F,24,19,975,0.7917
16169G,24,23,25,0.9583
16169K,24,11,2075,0.4583
16169M,24,4,2035,0.1667
16169N,24,12,2025,0.5000
16169P,24,11,1750,0.4583
16192,24,23,3,0.9583
16201A,24,18,101,0.7500
16201B,24,23,34,0.9583
16202A,24,13,662,0.5417
16202B,24,12,1039,0.5000
16202C,24,18,97,0.7500
16202E,24,15,82,0.6250
16206B,23,15,96,0.6522
16207A,24,6,143,0.2500
16207B,24,14,265,0.5833
16212,24,13,366,0.5417
16215,24,23,8,0.9583
16216,24,2,4048,0.0833
16218,24,2,4524,0.0833
16219,24,3,3335,0.1250
16225,24,1,1415,0.0417
16235,24,0,5771,0.0000
16236,24,0,2606,0.0000
16237,24,0,10162,0.0000
16238,24,0,2386,0.0000
16239,24,20,347,0.8333
16243B,24,20,212,0.8333
16244A,24,20,186,0.8333
16244B,24,16,345,0.6667
16245A,21,16,11,0.7619
16248B,15,7,81,0.4667
16254,23,9,941,0.3913
16256B,24,17,524,0.7083
16256C,24,19,169,0.7917
16258A,24,2,902,0.0833
16258B,24,23,1016,0.9583
16259,24,4,5473,0.1667
17001,24,14,1211,0.5833
17003,24,0,70072,0.0000
17007B,24,18,34,0.7500
17011A,24,17,261,0.7083
17011B,19,17,19,0.8947
17011C,24,23,335,0.9583
17011D,24,21,209,0.8750
17011E,24,23,124,0.9583
17011F,24,13,385,0.5417
17012A,24,4,721,0.1667
17012B,24,4,721,0.1667
17012C,22,1,836,0.0455
17012D,21,5,470,0.2381
17012E,24,16,263,0.6667
17012F,21,2,537,0.0952
17013B,24,23,256,0.9583
17013C,24,22,213,0.9167
17013D,24,7,1068,0.2917
17013F,24,19,62,0.7917
17014A,24,13,276,0.5417
17014C,24,23,97,0.9583
17014D,23,17,479,0.7391
17014E,19,15,95,0.7895
17014F,23,20,61,0.8696
17021,23,0,3684,0.0000
17027A,22,20,228,0.9091
17028J,11,10,6,0.9091
17033,24,14,3280,0.5833
17038,24,3,2556,0.1250
17039,24,15,3707,0.6250
17061,24,23,52,0.9583
17084A,22,9,442,0.4091
17084G,24,23,50,0.9583
17084J,24,9,456,0.3750
17084N,24,0,2738,0.0000
17084P,24,5,963,0.2083
17084R,24,3,10553,0.1250
17090A,24,8,173,0.3333
17090D,24,8,88,0.3333
17091A,24,6,2085,0.2500
17091B,24,14,276,0.5833
17091F,24,22,19,0.9167
17091J,24,0,3748,0.0000
17096,24,4,6240,0.1667
17107D,24,1,310,0.0417
17108D,24,20,355,0.8333
17109A,24,20,709,0.8333
17109B,24,20,4542,0.8333
17109C,24,20,3124,0.8333
17109D,24,10,1257,0.4167
17129C,24,19,86,0.7917
17129D,24,20,1125,0.8333
17129F,24,0,1579,0.0000
17136A,24,5,743,0.2083
17164B,24,10,1620,0.4167
17164D,24,20,1150,0.8333
17165B,24,13,810,0.5417
17165D,24,10,716,0.4167
17174,22,17,36,0.7727
17178,24,14,133,0.5833
17181,24,15,353,0.6250
17191A,24,16,31,0.6667
18007,24,5,11396,0.2083
18010,24,22,64,0.9167
18094C,24,1,433,0.0417
18096C,24,21,125,0.8750
18097A,21,14,17,0.6667
18097B,24,22,7,0.9167
18097C,24,0,1761,0.0000
18098A,24,23,2,0.9583
18098B,24,22,3,0.9167
18098C,24,4,1515,0.1667
20615,24,0,635,0.0000
20616,24,0,282,0.0000
20617,24,2,497,0.0833
20618,24,1,296,0.0417
20619,24,0,574,0.0000
20620,24,21,15,0.8750
20621,24,14,207,0.5833
20622,24,0,580,0.0000
20652,24,0,1514,0.0000
20653,24,3,2003,0.1250
20654,24,0,395,0.0000
20655,24,1,413,0.0417
20657,24,0,1877,0.0000
20658,24,2,1584,0.0833
20659,24,1,355,0.0417
20660,24,17,71,0.7083
20661,24,5,897,0.2083
20662,24,7,728,0.2917
20663,24,5,1074,0.2083
20664,24,12,57,0.5000
20665,24,0,1329,0.0000
20666,24,9,911,0.3750
20667,24,14,40,0.5833
20668,24,0,19477,0.0000
20669,24,2,790,0.0833
20670,24,5,694,0.2083
20671,24,11,786,0.4583
20672,24,20,138,0.8333
20673,24,23,5,0.9583
20674,24,0,3374,0.0000
20675,24,0,6426,0.0000
20676,24,0,10373,0.0000
20677,24,0,7630,0.0000
20678,3,2,4,0.6667
20679,24,0,6102,0.0000
20680,24,22,6,0.9167
20681,24,8,1405,0.3333
20682,24,0,2974,0.0000
20683,24,23,1,0.9583
20684,24,4,580,0.1667
20685,24,0,9697,0.0000
20686,24,0,588,0.0000
20688,24,21,464,0.8750
20689,24,16,429,0.6667
20692,24,15,908,0.6250
20693,24,20,33,0.8333
20694,24,4,166,0.1667
20695,24,8,142,0.3333
20696,24,3,151,0.1250
20697,24,11,40,0.4583
20698,23,11,47,0.4783
20699,24,5,293,0.2083
20700,24,4,420,0.1667
20701,24,15,353,0.6250
20702,24,2,782,0.0833
20703,24,11,471,0.4583
20704,24,2,325,0.0833
20705,24,2,260,0.0833
20707,24,0,1612,0.0000
20711,24,0,12642,0.0000
20712,24,0,17554,0.0000
20713,24,2,20302,0.0833
20714,24,22,1580,0.9167
20715,23,22,400,0.9565
20716,24,5,1533,0.2083
20717,24,0,6278,0.0000
20718,24,0,13030,0.0000
20719,24,0,23960,0.0000
20721,24,23,1,0.9583
20723,24,0,17939,0.0000
20724,24,0,31350,0.0000
20725,24,0,39920,0.0000
20726,24,0,21922,0.0000
20727,24,0,26365,0.0000
20728,24,0,24476,0.0000
20729,24,17,5262,0.7083
20730,24,15,2218,0.6250
20731,24,6,4142,0.2500
20733,24,1,1901,0.0417
20734,24,7,1592,0.2917
20735,24,1,1509,0.0417
20736,24,20,290,0.8333
20737,24,23,1,0.9583
20738,24,12,1610,0.5000
20739,24,23,1,0.9583
20747,24,18,683,0.7500
20748,24,1,1600,0.0417
20749,24,0,2913,0.0000
20750,24,0,3640,0.0000
20751,24,0,2838,0.0000
20752,24,0,1500,0.0000
20753,24,22,218,0.9167
20754,24,0,5094,0.0000
20755,24,4,5133,0.1667
20756,24,8,5728,0.3333
20757,24,2,5347,0.0833
20758,24,1,5418,0.0417
20759,24,2,5776,0.0833
20760,24,4,5550,0.1667
20761,24,0,455,0.0000
20762,24,1,457,0.0417
20763,24,2,266,0.0833
20764,24,0,678,0.0000
20765,24,0,441,0.0000
20766,24,0,516,0.0000
20767,24,0,803,0.0000
20768,24,0,759,0.0000
20769,24,4,431,0.1667
20770,24,0,1045,0.0000
20771,24,2,604,0.0833
20772,24,1,966,0.0417
20773,24,2,3339,0.0833
20774,24,1,3484,0.0417
20775,24,3,3601,0.1250
20776,24,14,3258,0.5833
20777,24,1,3646,0.0417
20778,24,8,3611,0.3333
20780,24,6,229,0.2500
20781,24,3,100,0.1250
20782,24,6,149,0.2500
20783,24,16,165,0.6667
20784,24,16,101,0.6667
20785,23,9,102,0.3913
20786,23,14,99,0.6087
20787,23,15,69,0.6522
20791,23,22,5,0.9565
20793,24,10,281,0.4167
20794,23,2,206,0.0870
20795,24,10,128,0.4167
20796,24,9,99,0.3750
20798,24,10,551,0.4167
20799,24,18,200,0.7500
20800,23,20,1005,0.8696
20801,23,6,1092,0.2609
20802,24,0,1051,0.0000
20803,24,6,1149,0.2500
20804,24,18,325,0.7500
20812,24,22,5,0.9167
20814,24,21,189,0.8750
20816,22,16,24,0.7273
20818,24,11,87,0.4583
20819,24,3,228,0.1250
20820,24,16,11,0.6667
20821,24,9,42,0.3750
20822,22,21,2,0.9545
20823,24,16,253,0.6667
20825,24,19,361,0.7917
20826,24,16,355,0.6667
20827,24,19,173,0.7917
20828,24,0,4388,0.0000
20829,24,0,4800,0.0000
20830,24,4,407,0.1667
20831,24,1,426,0.0417
20832,24,2,1609,0.0833
20833,24,21,52,0.8750
20835,21,15,80,0.7143
20836,21,11,224,0.5238
20837,24,15,165,0.6250
20838,22,9,445,0.4091
20839,24,4,600,0.1667
20840,24,6,844,0.2500
20845,24,13,76,0.5417
20846,24,0,1409,0.0000
20847,24,7,80,0.2917
20848,24,13,39,0.5417
20849,24,14,674,0.5833
20850,23,15,820,0.6522
20851,24,9,335,0.3750
20854,24,9,441,0.3750
20855,24,15,142,0.6250
20856,24,3,408,0.1250
20857,24,9,249,0.3750
20858,24,23,4,0.9583
20860,20,13,20,0.6500
20861,24,16,46,0.6667
20862,24,18,325,0.7500
20863,24,15,293,0.6250
20864,24,15,252,0.6250
20865,24,17,251,0.7083
20866,24,1,1269,0.0417
20867,24,2,1095,0.0833
20868,24,5,875,0.2083
20869,24,6,523,0.2500
20870,24,23,29,0.9583
20871,24,11,1273,0.4583
20877,24,23,12,0.9583
20878,24,18,737,0.7500
20879,24,23,57,0.9583
20881,24,23,3,0.9583
20882,24,23,3,0.9583
20884,24,23,3,0.9583
20885,24,23,1,0.9583
20886,24,0,1777,0.0000
20887,24,23,18,0.9583
20888,24,20,367,0.8333
20889,24,20,657,0.8333
20890,23,19,605,0.8261
20891,23,21,684,0.9130
20892,24,11,102,0.4583
20893,24,3,500,0.1250
20894,24,5,266,0.2083
20895,24,21,16,0.8750
20896,24,18,39,0.7500
20897,24,5,351,0.2083
20898,24,8,327,0.3333
20899,24,19,44,0.7917
20901,24,13,91,0.5417
20902,24,4,206,0.1667
20903,24,2,187,0.0833
20905,24,22,10,0.9167
20906,24,10,101,0.4167
20910,24,11,106,0.4583
20913,24,22,314,0.9167
20914,24,0,18523,0.0000
20931,24,1,654,0.0417
20932,24,2,294,0.0833
20933,24,9,504,0.3750
20934,24,7,197,0.2917
20935,24,11,300,0.4583
20936,24,4,330,0.1667
20939,24,23,12,0.9583
20940,24,23,118,0.9583
20941,24,4,998,0.1667
20942,24,23,6,0.9583
20943,24,16,381,0.6667
20950,24,17,687,0.7083
20952,24,15,329,0.6250
20953,21,17,33,0.8095
20954,24,22,3,0.9167
20956,24,1,2308,0.0417
20957,20,13,126,0.6500
20958,21,14,38,0.6667
20960,24,9,1900,0.3750
20961,24,0,3440,0.0000
20963,24,0,3396,0.0000
20964,24,19,20,0.7917
20966,24,3,3007,0.1250
20967,24,5,1055,0.2083
20968,24,22,43,0.9167
20969,24,0,3182,0.0000
20970,24,0,2448,0.0000
20971,24,0,21880,0.0000
20972,24,0,20288,0.0000
20973,21,1,9579,0.0476
20974,24,0,13207,0.0000
20975,24,2,17799,0.0833
20976,24,14,549,0.5833
20977,24,0,3792,0.0000
20978,24,0,4044,0.0000
20979,24,0,8116,0.0000
20980,24,8,233,0.3333
20981,24,0,4667,0.0000
20982,24,0,4748,0.0000
20983,24,0,6220,0.0000
20984,24,1,5867,0.0417
20985,24,0,2339,0.0000
20986,24,0,1200,0.0000
20987,24,23,131,0.9583
20988,24,21,24,0.8750
20989,24,20,407,0.8333
20990,24,17,895,0.7083
20991,24,21,7084,0.8750
20992,24,0,5945,0.0000
20993,24,20,10967,0.8333
20994,24,22,47,0.9167
20996,24,0,6125,0.0000
20997,24,6,165,0.2500
20998,24,2,324,0.0833
21000,24,1,688,0.0417
21001,24,0,140,0.0000
21002,24,4,417,0.1667
21003,21,8,101,0.3810
21004,24,12,137,0.5000
21007,24,15,1927,0.6250
21008,22,21,1,0.9545
21009,24,15,1047,0.6250
21010,24,16,850,0.6667
21011,24,16,1840,0.6667
21012,24,0,2157,0.0000
21014,24,8,1850,0.3333
21015,24,8,1558,0.3333
21016,24,16,834,0.6667
21017,24,14,659,0.5833
21018,24,17,213,0.7083
21025,24,5,296,0.2083
21026,24,5,542,0.2083
21027,24,3,355,0.1250
21028,24,1,320,0.0417
21030,24,6,239,0.2500
21031,24,8,144,0.3333
21032,24,6,203,0.2500
21033,24,2,4590,0.0833
21034,24,0,3922,0.0000
21035,24,0,5872,0.0000
21036,24,23,1,0.9583
21038,24,8,166,0.3333
21039,24,0,1312,0.0000
21040,24,11,894,0.4583
21041,24,4,2666,0.1667
21042,24,0,1469,0.0000
21043,24,6,677,0.2500
21051,24,4,741,0.1667
21054,24,4,382,0.1667
21055,24,0,384,0.0000
21056,24,0,537,0.0000
21058,24,0,2391,0.0000
21059,24,0,1589,0.0000
21060,24,0,1257,0.0000
21061,24,0,1382,0.0000
21062,24,0,1041,0.0000
21063,24,0,1440,0.0000
21064,24,0,783,0.0000
21065,24,2,585,0.0833
21066,24,0,2283,0.0000
21067,24,2,4763,0.0833
21068,24,0,4054,0.0000
21069,24,3,5099,0.1250
21070,24,0,2029,0.0000
21071,24,1,4269,0.0417
21076,24,20,843,0.8333
21077,24,14,2790,0.5833
21078,24,1,7211,0.0417
21080,24,0,30842,0.0000
21081,24,22,4,0.9167
21082,24,6,7183,0.2500
21084,24,1,2861,0.0417
21085,24,16,13731,0.6667
21086,24,1,16619,0.0417
21087,23,11,260,0.4783
21088,24,3,16590,0.1250
21089,23,7,323,0.3043
21090,24,1,3081,0.0417
21091,24,20,13700,0.8333
21092,24,20,12846,0.8333
21094,24,0,19571,0.0000
21095,24,7,295,0.2917
21096,24,4,15917,0.1667
21097,23,19,32,0.8261
21098,24,9,8348,0.3750
21099,24,18,13290,0.7500
21100,24,8,2540,0.3333
21102,24,20,82,0.8333
21106,24,0,789,0.0000
21107,24,0,2061,0.0000
21108,24,0,12754,0.0000
21109,24,0,930,0.0000
21110,24,1,1640,0.0417
21111,24,1,1179,0.0417
21112,24,1,2221,0.0417
21114,24,0,5656,0.0000
21115,24,0,1088,0.0000
21116,24,0,1353,0.0000
21117,24,7,328,0.2917
21118,24,22,69,0.9167
21119,24,21,3,0.8750
21120,12,11,1,0.9167
21121,24,0,15106,0.0000
21122,24,0,12101,0.0000
21123,24,0,2704,0.0000
21124,24,0,9994,0.0000
21125,24,0,2111,0.0000
21126,24,0,2301,0.0000
21127,24,17,297,0.7083
21128,24,1,118,0.0417
21129,24,3,124,0.1250
21130,24,17,721,0.7083
21131,24,4,246,0.1667
21132,24,4,91,0.1667
21133,24,15,410,0.6250
21134,24,13,377,0.5417
21135,24,0,5943,0.0000
21136,24,0,10415,0.0000
21137,24,0,17165,0.0000
21143,24,9,2088,0.3750
21144,24,13,543,0.5417
21145,24,9,869,0.3750
21146,24,18,789,0.7500
21147,24,9,470,0.3750
21153,24,14,393,0.5833
21154,24,0,7969,0.0000
21155,24,1,6614,0.0417
21156,24,0,9008,0.0000
21157,24,4,689,0.1667
21158,24,0,2550,0.0000
21159,24,0,2073,0.0000
21160,24,14,794,0.5833
21161,24,5,2360,0.2083
21162,24,0,2338,0.0000
21163,24,1,2800,0.0417
21164,24,0,5916,0.0000
21165,24,0,9230,0.0000
21166,24,0,19064,0.0000
21167,24,0,2199,0.0000
21169,24,1,8602,0.0417
21171,24,3,1845,0.1250
21172,24,1,7595,0.0417
21173,24,19,340,0.7917
21174,24,0,9375,0.0000
21175,24,0,20398,0.0000
21179,24,2,4284,0.0833
21181,24,3,24021,0.1250
21185,24,18,132,0.7500
21186,24,11,5272,0.4583
21187,24,4,1344,0.1667
21188,24,3,912,0.1250
21189,24,0,728,0.0000
21190,24,8,806,0.3333
21191,24,0,1435,0.0000
21192,24,1,2167,0.0417
21193,24,19,111,0.7917
21194,24,1,543,0.0417
21195,24,6,997,0.2500
21196,22,6,166,0.2727
21197,21,2,441,0.0952
21198,24,0,1270,0.0000
21199,24,1,1293,0.0417
21200,24,0,1415,0.0000
21201,24,0,2722,0.0000
21202,24,2,854,0.0833
21203,24,15,1539,0.6250
21204,24,0,1593,0.0000
21205,24,0,668,0.0000
21206,24,0,2155,0.0000
21207,24,0,3587,0.0000
21208,24,0,1040,0.0000
21209,24,0,1435,0.0000
21210,24,0,15059,0.0000
21211,24,0,2405,0.0000
21212,24,0,94425,0.0000
21213,24,0,40121,0.0000
21214,24,14,2006,0.5833
21215,24,0,4347,0.0000
21216,24,1,3841,0.0417
21217,24,0,2862,0.0000
21218,24,0,5214,0.0000
21219,24,0,1008,0.0000
21220,24,0,647,0.0000
21221,24,0,533,0.0000
21222,24,0,614,0.0000
21223,24,19,492,0.7917
21224,24,0,2150,0.0000
21225,24,23,2,0.9583
21226,24,8,213,0.3333
21228,24,11,97,0.4583
21231,24,1,19272,0.0417
21232,24,0,37427,0.0000
21238,24,0,9415,0.0000
21239,24,0,7330,0.0000
21240,24,0,7546,0.0000
21241,24,13,2213,0.5417
21242,24,0,6947,0.0000
21243,24,0,5601,0.0000
21244,24,0,5043,0.0000
21245,24,0,2454,0.0000
21246,24,2,749,0.0833
21247,24,13,422,0.5417
21248,24,0,1029,0.0000
21249,24,0,1652,0.0000
21250,24,2,402,0.0833
21251,24,0,595,0.0000
21252,24,22,168,0.9167
21253,24,0,329,0.0000
21255,24,19,476,0.7917
21256,24,21,326,0.8750
21257,24,0,1508,0.0000
21258,24,5,1461,0.2083
21259,24,0,2246,0.0000
21260,24,0,3499,0.0000
21261,24,10,282,0.4167
21262,24,7,595,0.2917
21263,15,6,288,0.4000
21264,24,10,376,0.4167
21265,24,10,303,0.4167
21266,24,23,23,0.9583
21267,24,23,24,0.9583
21268,24,13,397,0.5417
21269,24,2,114,0.0833
21270,24,7,75,0.2917
21272,24,3,2348,0.1250
21274,24,12,175,0.5000
21275,24,7,249,0.2917
21276,24,20,677,0.8333
21277,24,2,54,0.0833
21278,24,8,2758,0.3333
21279,24,4,3526,0.1667
21280,24,4,3333,0.1667
21281,24,8,3680,0.3333
21282,24,12,356,0.5000
21283,24,12,512,0.5000
21284,24,0,1375,0.0000
21285,24,4,778,0.1667
21286,24,6,848,0.2500
21287,24,2,4092,0.0833
21288,24,0,972,0.0000
21289,24,1,1412,0.0417
21290,24,23,2,0.9583
21291,24,0,2411,0.0000
21292,24,5,2353,0.2083
21293,24,4,342,0.1667
21294,24,1,2246,0.0417
21298,24,21,52,0.8750
21299,24,20,166,0.8333
21300,24,21,53,0.8750
21303,24,20,96,0.8333
21304,24,19,86,0.7917
21306,24,5,678,0.2083
21307,24,6,749,0.2500
21308,24,22,132,0.9167
21309,24,21,49,0.8750
21310,21,18,6,0.8571
21311,24,2,699,0.0833
21312,24,15,299,0.6250
21313,24,0,6649,0.0000
21314,24,0,11200,0.0000
21316,24,9,693,0.3750
21317,24,3,345,0.1250
21318,24,7,972,0.2917
21319,24,7,508,0.2917
21320,24,8,398,0.3333
21321,24,19,122,0.7917
21322,24,22,301,0.9167
21323,24,16,740,0.6667
21324,24,6,1014,0.2500
21326,24,0,17170,0.0000
21327,24,0,1897,0.0000
21328,24,0,2419,0.0000
21329,24,0,2050,0.0000
21330,24,14,1452,0.5833
21331,24,9,110,0.3750
21332,24,7,270,0.2917
21333,24,7,1057,0.2917
21335,24,18,42,0.7500
21336,24,10,1823,0.4167
21337,24,20,33,0.8333
21338,24,19,199,0.7917
21339,24,17,30,0.7083
21340,24,3,1743,0.1250
21341,24,19,72,0.7917
21343,24,22,20,0.9167
21344,24,10,163,0.4167
21347,24,21,8,0.8750
21348,24,10,842,0.4167
21349,24,13,553,0.5417
21350,24,18,225,0.7500
21351,24,12,1092,0.5000
21352,24,9,880,0.3750
21353,24,23,19,0.9583
21354,24,1,2452,0.0417
21355,24,1,3449,0.0417
21356,24,0,1525,0.0000
21357,24,9,1388,0.3750
21358,24,0,1120,0.0000
21359,24,5,208,0.2083
21360,24,5,441,0.2083
21361,22,4,556,0.1818
21363,23,2,984,0.0870
21364,24,2,468,0.0833
21365,24,4,417,0.1667
21366,24,2,235,0.0833
21367,24,5,198,0.2083
21368,24,4,189,0.1667
21369,24,8,121,0.3333
21370,24,13,47,0.5417
21371,24,2,366,0.0833
21372,24,8,156,0.3333
21373,24,12,563,0.5000
21374,24,5,434,0.2083
21375,24,1,131,0.0417
21376,24,3,181,0.1250
21377,24,1,493,0.0417
21378,24,1,525,0.0417
21379,24,0,614,0.0000
21380,24,0,5025,0.0000
21381,24,0,5094,0.0000
21382,19,1,1235,0.0526
21383,24,0,2186,0.0000
21384,24,18,1917,0.7500
21385,24,1,10787,0.0417
21386,23,3,1072,0.1304
21387,22,20,25,0.9091
21388,24,20,311,0.8333
21389,24,0,2285,0.0000
21390,24,0,10892,0.0000
21391,24,0,1417,0.0000
21392,24,9,7545,0.3750
21393,23,11,5244,0.4783
21394,23,2,4005,0.0870
21395,24,5,2968,0.2083
21396,24,18,948,0.7500
21397,24,6,2157,0.2500
21398,24,7,2295,0.2917
21399,24,6,2378,0.2500
21400,24,3,1070,0.1250
21401,24,0,1401,0.0000
21402,24,0,1693,0.0000
21403,24,1,2313,0.0417
21406,24,23,1,0.9583
21407,24,0,1294,0.0000
21408,24,0,597,0.0000
21409,23,22,1,0.9565
21410,24,11,312,0.4583
21411,24,0,1789,0.0000
21412,24,16,275,0.6667
21413,24,8,3162,0.3333
21414,24,12,1637,0.5000
21415,24,0,311,0.0000
21416,24,11,751,0.4583
21417,24,0,359,0.0000
21418,24,2,174,0.0833
21419,24,17,1259,0.7083
21420,23,4,92,0.1739
21421,24,6,1792,0.2500
21422,24,0,3160,0.0000
21424,24,1,955,0.0417
21425,24,2,499,0.0833
21426,24,1,1027,0.0417
21427,24,2,501,0.0833
21428,24,3,2863,0.1250
21429,24,2,6256,0.0833
21430,24,5,4581,0.2083
21431,24,12,1483,0.5000
21432,24,12,942,0.5000
21437,24,20,677,0.8333
21438,24,20,373,0.8333
21439,24,0,2239,0.0000
21440,24,16,472,0.6667
21441,24,1,788,0.0417
21442,24,0,833,0.0000
21443,24,20,257,0.8333
21444,24,19,291,0.7917
21445,24,6,1519,0.2500
21446,24,0,1246,0.0000
21447,24,2,2776,0.0833
21448,24,1,955,0.0417
21450,24,23,13,0.9583
21452,21,0,1849,0.0000
21454,23,2,930,0.0870
21455,23,1,895,0.0435
21456,24,14,726,0.5833
21457,24,13,685,0.5417
21458,24,12,768,0.5000
21459,23,15,263,0.6522
21460,23,16,113,0.6957
21461,23,15,82,0.6522
21462,24,1,322,0.0417
21463,24,0,1326,0.0000
21464,24,0,536,0.0000
21465,24,0,787,0.0000
21466,24,0,918,0.0000
21467,24,0,1023,0.0000
21468,24,1,669,0.0417
21469,24,0,1158,0.0000
21470,24,0,1093,0.0000
21471,24,0,1393,0.0000
21472,24,6,1056,0.2500
21473,24,2,157,0.0833
21474,23,14,210,0.6087
21475,24,23,1,0.9583
21476,23,4,142,0.1739
21477,24,20,273,0.8333
21478,24,13,204,0.5417
21479,24,8,5897,0.3333
21480,24,23,285,0.9583
21481,24,0,7985,0.0000
21482,24,14,740,0.5833
21484,24,0,4473,0.0000
21485,24,0,7425,0.0000
21486,24,11,1116,0.4583
21488,24,11,2384,0.4583
21489,24,22,28,0.9167
21490,24,22,637,0.9167
21491,24,15,2878,0.6250
21493,24,22,272,0.9167
21494,24,0,3721,0.0000
21495,24,0,12315,0.0000
21496,24,23,25,0.9583
21497,24,0,17075,0.0000
21498,24,0,26351,0.0000
21499,24,0,14952,0.0000
21500,24,0,15825,0.0000
21503,24,4,1801,0.1667
21504,24,0,4841,0.0000
21506,24,0,10511,0.0000
21507,24,0,8107,0.0000
21508,24,0,6652,0.0000
21509,24,0,8605,0.0000
21511,20,18,40,0.9000
21518,24,5,1107,0.2083
21519,24,0,7319,0.0000
21520,24,1,956,0.0417
21523,24,0,6864,0.0000
21524,24,0,5216,0.0000
21525,24,23,2,0.9583
21527,24,6,3345,0.2500
21528,24,0,898,0.0000
21529,24,14,503,0.5833
21530,24,0,955,0.0000
21531,24,0,4063,0.0000
21532,24,13,1387,0.5417
21533,24,0,3314,0.0000
21534,24,0,929,0.0000
21535,24,0,6748,0.0000
21536,24,20,221,0.8333
21537,24,0,993,0.0000
21538,24,12,1308,0.5000
21539,24,0,2723,0.0000
21540,24,14,1323,0.5833
21541,24,12,1907,0.5000
21542,24,14,1877,0.5833
21543,24,23,284,0.9583
21544,24,0,5949,0.0000
21545,24,16,697,0.6667
21547,24,9,719,0.3750
21548,24,12,682,0.5000
21549,24,19,547,0.7917
21550,24,18,295,0.7500
21551,24,22,169,0.9167
21552,24,20,165,0.8333
21553,24,20,90,0.8333
21554,24,22,167,0.9167
21555,24,0,421,0.0000
21556,24,3,1607,0.1250
21557,24,0,921,0.0000
21558,24,2,4192,0.0833
21559,24,0,8185,0.0000
21560,24,23,4,0.9583
21561,24,0,2954,0.0000
21562,23,1,678,0.0435
21563,24,0,2173,0.0000
21564,24,0,1354,0.0000
21576,24,1,719,0.0417
21577,24,0,2545,0.0000
21578,24,0,2204,0.0000
21579,24,1,1011,0.0417
21580,24,1,541,0.0417
21581,24,0,1171,0.0000
21582,24,22,117,0.9167
21584,24,0,3725,0.0000
21585,16,15,1,0.9375
21586,24,1,2583,0.0417
21587,24,10,2071,0.4167
21588,24,0,3124,0.0000
21589,24,17,1119,0.7083
21590,24,12,3448,0.5000
21591,24,1,3917,0.0417
21592,24,0,5315,0.0000
21593,24,18,1391,0.7500
21594,24,19,5,0.7917
21595,24,20,9,0.8333
21596,24,20,10,0.8333
21609,24,3,1499,0.1250
21610,24,12,542,0.5000
21611,24,13,750,0.5417
21612,24,14,698,0.5833
21613,24,2,632,0.0833
21614,24,9,1627,0.3750
21615,24,1,1144,0.0417
21616,24,1,1094,0.0417
21617,24,1,834,0.0417
21618,24,1,698,0.0417
21619,24,1,1062,0.0417
21620,24,1,937,0.0417
21621,24,0,6868,0.0000
21622,24,0,3695,0.0000
21623,22,0,6097,0.0000
21624,24,0,1761,0.0000
21625,24,0,977,0.0000
21626,24,0,1496,0.0000
21627,24,1,195,0.0417
21628,24,3,163,0.1250
21629,24,0,175,0.0000
21630,24,1,161,0.0417
21631,24,6,221,0.2500
21632,24,12,132,0.5000
21633,24,5,175,0.2083
21634,24,3,1771,0.1250
21635,24,8,398,0.3333
21636,24,5,985,0.2083
21637,24,7,1358,0.2917
21638,24,3,1017,0.1250
21639,24,22,259,0.9167
21640,24,1,2195,0.0417
21641,24,2,1666,0.0833
21642,24,2,4395,0.0833
21643,24,0,1521,0.0000
21644,24,1,1087,0.0417
21645,24,12,969,0.5000
21647,24,4,848,0.1667
21648,24,1,2937,0.0417
21649,24,22,421,0.9167
21650,24,2,3110,0.0833
21651,24,9,1361,0.3750
21652,24,15,896,0.6250
21653,23,12,1246,0.5217
21654,24,4,1183,0.1667
21655,24,14,1396,0.5833
21656,24,6,985,0.2500
21657,24,9,257,0.3750
21658,24,3,2225,0.1250
21659,24,13,120,0.5417
21661,24,10,239,0.4167
21662,24,4,269,0.1667
21663,24,19,76,0.7917
21664,24,4,258,0.1667
21665,24,18,879,0.7500
21666,24,1,1736,0.0417
21667,24,11,354,0.4583
21668,24,0,10318,0.0000
21669,24,2,10535,0.0833
21670,24,0,8822,0.0000
21671,24,3,9365,0.1250
21672,24,0,11054,0.0000
21673,24,0,10022,0.0000
21674,24,20,43,0.8333
21675,24,1,1764,0.0417
21676,24,1,1191,0.0417
21677,24,0,2113,0.0000
21678,24,1,570,0.0417
21679,24,0,4837,0.0000
21680,24,0,2817,0.0000
21681,24,11,233,0.4583
21682,24,0,558,0.0000
21683,24,0,930,0.0000
21684,24,0,1683,0.0000
21685,24,23,3,0.9583
21686,24,7,65,0.2917
21687,24,14,477,0.5833
21688,24,1,912,0.0417
21689,24,3,336,0.1250
21690,24,10,258,0.4167
21691,24,13,249,0.5417
21692,24,9,502,0.3750
21693,24,0,859,0.0000
21694,24,3,550,0.1250
21695,24,0,629,0.0000
21696,24,0,749,0.0000
21697,24,21,372,0.8750
21698,24,2,501,0.0833
21699,24,21,108,0.8750
21700,24,0,6321,0.0000
21702,24,21,2636,0.8750
21703,24,0,14435,0.0000
21704,24,0,17101,0.0000
21705,24,6,1700,0.2500
21706,24,0,1339,0.0000
21707,24,1,997,0.0417
21708,24,2,610,0.0833
21709,24,1,695,0.0417
21710,24,1,726,0.0417
21711,24,3,382,0.1250
21713,24,0,2729,0.0000
21714,24,0,4242,0.0000
21715,24,0,3549,0.0000
21716,24,0,3700,0.0000
21717,24,9,1554,0.3750
21718,24,0,4010,0.0000
21719,24,0,902,0.0000
21720,24,6,1068,0.2500
21721,24,3,1089,0.1250
21722,24,1,344,0.0417
21723,24,0,864,0.0000
21724,24,0,993,0.0000
21725,24,0,1135,0.0000
21726,24,1,1064,0.0417
21728,24,16,298,0.6667
21729,24,22,124,0.9167
21730,24,3,1101,0.1250
21731,24,0,28425,0.0000
21732,24,14,925,0.5833
21733,24,0,17305,0.0000
21734,24,20,97,0.8333
21735,24,4,853,0.1667
21736,24,10,193,0.4167
21737,24,13,398,0.5417
21738,24,5,422,0.2083
21739,24,3,471,0.1250
21740,24,19,201,0.7917
21741,24,3,701,0.1250
21742,24,0,417,0.0000
21743,24,3,1288,0.1250
21744,24,8,898,0.3333
21745,24,0,2643,0.0000
21746,24,0,5965,0.0000
21747,24,1,2049,0.0417
21749,24,0,5657,0.0000
21750,24,3,309,0.1250
21752,24,18,77,0.7500
21754,24,0,7537,0.0000
21755,24,0,5609,0.0000
21756,24,4,1588,0.1667
21757,24,17,80,0.7083
21758,24,1,134,0.0417
21759,23,19,30,0.8261
21760,21,15,15,0.7143
21761,24,9,64,0.3750
21763,23,14,43,0.6087
21764,24,20,17,0.8333
21765,24,13,371,0.5417
21767,24,23,1,0.9583
21768,24,15,497,0.6250
21769,24,11,123,0.4583
21770,24,7,2898,0.2917
21772,23,22,1,0.9565
21773,24,0,1635,0.0000
21774,24,0,1700,0.0000
21775,24,0,870,0.0000
21777,24,11,1126,0.4583
21779,24,22,301,0.9167
21780,24,22,203,0.9167
21781,24,4,655,0.1667
21784,24,2,290,0.0833
21785,24,9,2005,0.3750
21786,24,0,7389,0.0000
21787,21,0,13886,0.0000
21788,24,0,3327,0.0000
21789,24,0,2895,0.0000
21790,24,0,26577,0.0000
21791,24,0,17211,0.0000
21792,23,3,494,0.1304
21793,23,2,352,0.0870
21794,23,2,713,0.0870
21795,24,15,441,0.6250
21796,24,15,324,0.6250
21801,24,4,3398,0.1667
21802,24,3,4377,0.1250
21803,24,5,4451,0.2083
21804,24,14,593,0.5833
21805,24,15,2221,0.6250
21806,24,13,2707,0.5417
21807,24,7,3225,0.2917
21808,24,11,995,0.4583
21809,24,8,2982,0.3333
21810,24,9,6420,0.3750
21811,24,0,6340,0.0000
21812,24,1,792,0.0417
21813,24,9,740,0.3750
21814,24,6,670,0.2500
21815,24,8,679,0.3333
21816,24,14,422,0.5833
21817,24,14,1687,0.5833
21818,24,3,4112,0.1250
21819,24,11,3721,0.4583
21820,24,3,781,0.1250
21821,24,11,712,0.4583
21822,24,15,909,0.6250
21823,24,6,2468,0.2500
21824,24,11,2782,0.4583
21825,24,18,733,0.7500
21826,24,8,1800,0.3333
21827,24,10,835,0.4167
21828,24,0,1083,0.0000
21829,24,1,15035,0.0417
21830,24,0,7658,0.0000
21832,24,0,3325,0.0000
21833,24,0,6155,0.0000
21836,24,10,249,0.4167
21837,24,18,244,0.7500
21838,24,23,1,0.9583
21839,24,11,201,0.4583
21841,24,5,437,0.2083
21842,24,20,551,0.8333
21843,24,0,6040,0.0000
21844,24,0,5372,0.0000
21845,24,0,2521,0.0000
21846,24,1,1595,0.0417
21847,24,4,347,0.1667
21849,24,2,630,0.0833
21850,24,2,443,0.0833
21851,24,0,627,0.0000
21852,24,23,2,0.9583
21853,24,22,3,0.9167
21854,24,23,1,0.9583
21857,23,22,2,0.9565
21858,24,22,2,0.9167
21860,24,23,1,0.9583
21864,24,0,1793,0.0000
21865,24,0,890,0.0000
21866,24,0,2143,0.0000
21867,24,0,1132,0.0000
21868,24,0,9070,0.0000
21869,24,18,1264,0.7500
21870,24,4,6083,0.1667
21871,24,0,11361,0.0000
21872,24,0,5043,0.0000
21873,24,0,1998,0.0000
21874,24,0,6250,0.0000
21875,24,0,6745,0.0000
21876,24,0,5571,0.0000
21877,24,0,13977,0.0000
21878,21,0,5580,0.0000
21879,24,0,1552,0.0000
21880,24,0,2466,0.0000
21881,24,0,1317,0.0000
21882,24,2,1052,0.0833
21883,24,0,2334,0.0000
21884,24,0,1435,0.0000
21888,24,0,3517,0.0000
21889,24,0,12498,0.0000
21890,24,0,3456,0.0000
21891,24,0,11573,0.0000
21892,24,0,7615,0.0000
21893,24,21,172,0.8750
21894,24,0,1315,0.0000
21895,24,12,555,0.5000
21896,24,0,2385,0.0000
21897,24,9,866,0.3750
21898,24,9,827,0.3750
21899,24,0,6602,0.0000
21900,24,0,8240,0.0000
21901,24,0,6093,0.0000
21902,24,0,5320,0.0000
21903,24,0,3375,0.0000
21904,24,6,757,0.2500
21905,24,0,1541,0.0000
21906,24,0,1779,0.0000
21907,23,0,5086,0.0000
21908,24,0,9448,0.0000
21910,24,9,1066,0.3750
21911,24,7,2546,0.2917
21912,24,0,3442,0.0000
21913,24,0,1123,0.0000
21914,24,1,12479,0.0417
21915,24,2,35167,0.0833
21916,24,0,10917,0.0000
21917,24,0,7947,0.0000
21918,24,0,14504,0.0000
21919,24,20,6,0.8333
21922,20,0,1435,0.0000
21923,24,15,337,0.6250
21924,24,14,315,0.5833
21925,20,0,1197,0.0000
21926,20,1,1001,0.0500
21927,20,0,1249,0.0000
21928,24,0,23966,0.0000
21929,24,1,25413,0.0417
21930,24,0,13092,0.0000
21931,24,0,28819,0.0000
21932,24,0,3820,0.0000
21933,24,0,4063,0.0000
21934,24,0,4494,0.0000
21935,24,0,6955,0.0000
21936,24,0,7767,0.0000
21937,24,4,4096,0.1667
21942,24,1,1658,0.0417
21943,24,1,589,0.0417
21944,24,2,1742,0.0833
21945,24,1,1854,0.0417
21946,24,4,619,0.1667
21947,24,0,1668,0.0000
21948,24,0,2288,0.0000
21949,24,0,2588,0.0000
21950,24,19,211,0.7917
21955,24,0,3897,0.0000
21967,24,1,15613,0.0417
21972,24,0,1054,0.0000
21973,24,1,1670,0.0417
21974,24,0,6988,0.0000
21975,24,0,31226,0.0000
21976,24,0,14479,0.0000
21977,24,0,55827,0.0000
21980,24,0,31247,0.0000
21981,24,2,26136,0.0833
21982,24,2,31968,0.0833
21983,24,0,6062,0.0000
21984,24,0,25310,0.0000
21985,24,0,25430,0.0000
21986,24,0,13442,0.0000
21987,24,0,6401,0.0000
21988,24,0,7814,0.0000
21989,24,0,8526,0.0000
21990,24,0,2358,0.0000
21991,24,2,1067,0.0833
21992,24,0,3320,0.0000
21993,24,1,2716,0.0417
22016,4,3,1,0.7500
22021,24,14,1413,0.5833
22023,24,0,4960,0.0000
22024,24,0,5356,0.0000
22025,24,0,3952,0.0000
22026,24,0,4009,0.0000
22027,24,0,11197,0.0000
22028,24,0,6303,0.0000
22029,24,0,17238,0.0000
22030,24,1,12658,0.0417
22031,24,0,1099,0.0000
22032,24,1,980,0.0417
22033,24,4,1603,0.1667
22034,24,15,1617,0.6250
22035,24,1,4083,0.0417
22036,24,14,1649,0.5833
22037,24,1,6753,0.0417
22038,24,4,1125,0.1667
22039,24,9,850,0.3750
22040,24,1,2815,0.0417
22041,24,0,7483,0.0000
22042,24,9,1690,0.3750
22043,24,10,2147,0.4167
22044,24,13,1940,0.5417
22045,24,0,14392,0.0000
22046,24,0,6300,0.0000
22047,24,0,8200,0.0000
22048,24,1,2790,0.0417
22049,24,15,3500,0.6250
22050,24,0,3275,0.0000
22051,24,0,3175,0.0000
22052,24,6,3525,0.2500
22053,24,2,4551,0.0833
22054,24,20,361,0.8333
22055,24,0,4655,0.0000
22056,24,16,607,0.6667
22057,24,0,2884,0.0000
22058,24,12,520,0.5000
22059,24,0,4436,0.0000
22060,24,6,733,0.2500
22061,24,0,1951,0.0000
22062,24,1,761,0.0417
22063,24,0,2101,0.0000
22064,24,0,6197,0.0000
22065,24,5,8113,0.2083
22066,24,0,3419,0.0000
22067,24,0,1803,0.0000
22068,24,0,942,0.0000
22069,24,0,849,0.0000
22070,24,0,1827,0.0000
22071,24,0,1521,0.0000
22072,24,0,2200,0.0000
22073,24,6,2124,0.2500
22074,24,0,1970,0.0000
22075,24,1,2568,0.0417
22076,24,0,2000,0.0000
22077,24,1,16951,0.0417
22078,24,2,3944,0.0833
22079,24,0,4960,0.0000
22080,24,4,3828,0.1667
22081,24,0,1524,0.0000
22082,24,0,7153,0.0000
22083,24,0,13535,0.0000
22084,24,2,8792,0.0833
22085,24,0,2527,0.0000
22086,24,1,32996,0.0417
22087,24,5,8429,0.2083
22088,24,4,4399,0.1667
22089,24,0,3500,0.0000
22090,24,0,16588,0.0000
22091,24,0,3168,0.0000
22092,24,3,926,0.1250
22093,24,1,2289,0.0417
22094,24,0,3501,0.0000
22095,24,0,2822,0.0000
22096,24,1,1443,0.0417
22097,24,0,1842,0.0000
22098,24,0,2802,0.0000
22099,24,0,2102,0.0000
22100,24,2,895,0.0833
22101,24,0,1893,0.0000
22102,24,1,1842,0.0417
22103,24,3,1746,0.1250
22104,24,1,1176,0.0417
22105,24,3,689,0.1250
22106,23,0,500,0.0000
22107,24,0,1106,0.0000
22108,24,2,272,0.0833
22109,24,0,3173,0.0000
22110,24,0,2503,0.0000
22111,24,0,9369,0.0000
22112,24,0,10490,0.0000
22113,24,8,5632,0.3333
22114,24,4,11069,0.1667
22115,24,0,2816,0.0000
22116,24,0,810,0.0000
22117,24,0,1760,0.0000
22118,24,2,709,0.0833
22119,24,0,761,0.0000
22120,24,4,1012,0.1667
22121,24,6,1473,0.2500
22122,24,15,1095,0.6250
22123,24,0,544,0.0000
22124,24,1,240,0.0417
22125,24,18,653,0.7500
22127,24,8,3468,0.3333
22128,24,0,3923,0.0000
22129,24,0,3224,0.0000
22130,24,2,9683,0.0833
22131,24,0,5211,0.0000
22132,24,0,3324,0.0000
22133,24,0,2443,0.0000
22134,24,0,2041,0.0000
22135,24,0,1590,0.0000
22136,24,1,1987,0.0417
22137,24,5,606,0.2083
22138,24,0,9089,0.0000
22139,24,0,10410,0.0000
22141,24,11,3525,0.4583
22142,24,12,4152,0.5000
22143,24,15,446,0.6250
22144,24,8,4860,0.3333
22145,24,12,1306,0.5000
22146,24,14,1413,0.5833
22147,24,0,12795,0.0000
22148,24,3,3225,0.1250
22149,24,0,12674,0.0000
22150,24,0,7596,0.0000
22151,24,0,27251,0.0000
22152,24,2,6211,0.0833
22153,24,6,5411,0.2500
22154,24,4,6867,0.1667
22155,24,0,5758,0.0000
22156,24,0,6069,0.0000
22157,24,14,1698,0.5833
22158,24,3,8853,0.1250
22161,24,0,6581,0.0000
22162,24,1,1218,0.0417
22163,24,1,1219,0.0417
22164,24,9,315,0.3750
22165,24,0,779,0.0000
22166,24,0,341,0.0000
22167,24,0,683,0.0000
22168,24,7,659,0.2917
22169,24,1,2216,0.0417
22170,24,1,2341,0.0417
22171,24,0,3102,0.0000
22172,24,14,378,0.5833
22173,24,3,4957,0.1250
22174,24,2,5036,0.0833
22175,24,0,1760,0.0000
22176,24,1,1184,0.0417
22177,24,17,325,0.7083
22178,24,0,39091,0.0000
22179,24,0,1959,0.0000
22180,24,0,975,0.0000
22181,24,0,1538,0.0000
22182,24,0,481,0.0000
22183,24,4,586,0.1667
22184,24,10,389,0.4167
22185,24,0,3597,0.0000
22186,24,4,1962,0.1667
22187,24,6,2068,0.2500
22188,24,1,10001,0.0417
22189,24,1,15781,0.0417
22190,24,0,1259,0.0000
22191,24,2,1939,0.0833
22192,24,2,1393,0.0833
22193,24,5,1850,0.2083
22194,24,3,373,0.1250
22195,24,0,5035,0.0000
22196,24,0,6404,0.0000
22197,24,0,82282,0.0000
22198,24,9,7331,0.3750
22199,24,0,1734,0.0000
22200,24,0,1252,0.0000
22201,24,0,481,0.0000
22202,24,7,1074,0.2917
22203,24,0,1326,0.0000
22204,24,0,514,0.0000
22206,18,10,14,0.5556
22207,24,0,3008,0.0000
22208,24,0,2310,0.0000
22209,24,0,1322,0.0000
22210,24,0,1485,0.0000
22211,24,0,1515,0.0000
22212,24,0,3942,0.0000
22214,24,0,523,0.0000
22215,24,0,994,0.0000
22216,24,0,1206,0.0000
22217,24,0,2009,0.0000
22218,24,11,1232,0.4583
22219,24,0,9711,0.0000
22220,24,1,660,0.0417
22221,24,0,868,0.0000
22222,24,0,1483,0.0000
22223,24,0,722,0.0000
22224,24,0,2342,0.0000
22227,24,0,5952,0.0000
22228,24,1,1698,0.0417
22229,24,4,1004,0.1667
22230,24,0,1651,0.0000
22231,24,0,2106,0.0000
22232,24,0,1060,0.0000
22233,24,1,906,0.0417
22236,24,0,1127,0.0000
22241,24,0,4349,0.0000
22242,24,9,4756,0.3750
22243,24,2,7678,0.0833
22244,24,3,4760,0.1250
22245,24,3,4633,0.1250
22246,24,0,1081,0.0000
22247,24,7,1184,0.2917
22248,24,2,1012,0.0833
22249,24,4,1635,0.1667
22250,24,0,1519,0.0000
22251,24,0,1868,0.0000
22252,24,0,944,0.0000
22253,24,19,964,0.7917
22254,24,0,1374,0.0000
22255,24,0,1161,0.0000
22256,24,9,933,0.3750
22257,23,12,419,0.5217
22258,24,10,1342,0.4167
22259,23,11,590,0.4783
22260,24,0,1550,0.0000
22261,24,2,2097,0.0833
22262,24,0,2018,0.0000
22263,24,2,835,0.0833
22264,24,4,2013,0.1667
22265,24,2,1843,0.0833
22266,24,6,2466,0.2500
22267,24,9,1423,0.3750
22268,24,2,2554,0.0833
22269,24,0,1487,0.0000
22270,24,4,685,0.1667
22271,24,0,4866,0.0000
22272,24,6,1371,0.2500
22273,24,0,7289,0.0000
22274,24,0,3716,0.0000
22275,24,11,946,0.4583
22276,24,0,1883,0.0000
22277,24,0,1387,0.0000
22278,24,0,991,0.0000
22279,24,0,1413,0.0000
22280,24,0,870,0.0000
22281,24,9,510,0.3750
22282,24,0,558,0.0000
22283,24,0,1025,0.0000
22284,24,0,2452,0.0000
22285,24,0,2692,0.0000
22286,24,6,1936,0.2500
22287,24,7,1339,0.2917
22288,24,5,1308,0.2083
22289,24,4,764,0.1667
22290,24,20,670,0.8333
22291,24,1,3193,0.0417
22292,24,0,2779,0.0000
22293,24,2,2034,0.0833
22294,24,0,16566,0.0000
22295,24,2,8363,0.0833
22296,24,1,9669,0.0417
22297,24,0,13624,0.0000
22299,24,0,3383,0.0000
22300,24,0,4064,0.0000
22301,24,0,4950,0.0000
22302,24,1,4862,0.0417
22303,24,0,5367,0.0000
22304,24,1,2337,0.0417
22305,24,0,2255,0.0000
22306,24,10,1559,0.4167
22307,24,11,1169,0.4583
22308,24,0,663,0.0000
22309,24,1,1319,0.0417
22310,24,1,1725,0.0417
22311,24,0,1955,0.0000
22312,24,0,1184,0.0000
22313,24,1,955,0.0417
22314,24,0,1005,0.0000
22315,24,0,2133,0.0000
22316,24,0,1254,0.0000
22317,24,0,587,0.0000
22318,24,0,1580,0.0000
22319,24,0,2363,0.0000
22320,24,0,595,0.0000
22321,24,0,2525,0.0000
22322,24,0,1617,0.0000
22323,24,11,635,0.4583
22324,24,0,658,0.0000
22325,24,0,699,0.0000
22326,23,0,15174,0.0000
22327,23,0,3014,0.0000
22328,23,0,12855,0.0000
22329,23,0,5147,0.0000
22330,24,21,128,0.8750
22331,24,0,3641,0.0000
22332,24,0,4150,0.0000
22333,24,0,10009,0.0000
22334,24,0,2222,0.0000
22335,24,0,8602,0.0000
22336,24,2,4661,0.0833
22337,24,12,2469,0.5000
22338,24,6,5542,0.2500
22339,24,8,3521,0.3333
22340,24,9,1643,0.3750
22341,24,0,3462,0.0000
22342,24,0,1809,0.0000
22343,24,0,2925,0.0000
22344,24,1,1355,0.0417
22345,24,0,1226,0.0000
22346,24,3,1069,0.1250
22347,24,15,2716,0.6250
22348,24,0,12403,0.0000
22349,24,0,2562,0.0000
22350,24,0,2821,0.0000
22351,16,13,15,0.8125
22352,24,0,7052,0.0000
22353,24,8,3039,0.3333
22354,24,0,2227,0.0000
22355,24,0,30825,0.0000
22356,24,0,19749,0.0000
22357,23,0,2042,0.0000
22358,23,0,2626,0.0000
22359,21,0,1275,0.0000
22360,24,2,2484,0.0833
22361,21,0,1830,0.0000
22362,21,0,742,0.0000
22363,21,0,774,0.0000
22364,21,0,2043,0.0000
22365,23,0,2315,0.0000
22366,23,0,2536,0.0000
22367,23,0,7926,0.0000
22371,22,0,1775,0.0000
22372,22,0,591,0.0000
22374,22,0,1012,0.0000
22375,22,0,578,0.0000
22376,22,0,521,0.0000
22377,23,0,3612,0.0000
22378,23,0,3732,0.0000
22379,23,0,15615,0.0000
22380,23,0,4849,0.0000
22381,23,0,9198,0.0000
22382,23,0,20105,0.0000
22383,23,0,24897,0.0000
22384,23,0,20652,0.0000
22385,23,0,16706,0.0000
22386,23,0,38978,0.0000
22389,21,2,599,0.0952
22390,21,0,763,0.0000
22391,21,2,284,0.0952
22393,21,0,588,0.0000
22394,20,2,321,0.1000
22395,20,2,154,0.1000
22396,21,0,1843,0.0000
22398,21,0,4077,0.0000
22399,21,0,4016,0.0000
22400,21,0,2414,0.0000
22402,21,0,3372,0.0000
22403,21,0,1690,0.0000
22405,21,0,1543,0.0000
22406,21,0,2394,0.0000
22407,21,3,414,0.1429
22408,21,2,614,0.0952
22409,21,0,1683,0.0000
22410,21,0,1281,0.0000
22411,23,0,26784,0.0000
22412,23,0,2401,0.0000
22413,23,0,5526,0.0000
22414,23,0,1171,0.0000
22415,24,10,317,0.4167
22416,22,0,1952,0.0000
22417,23,0,21302,0.0000
22418,19,0,12204,0.0000
22419,19,0,6663,0.0000
22420,19,0,2080,0.0000
22421,19,0,4636,0.0000
22422,19,0,2205,0.0000
22423,21,0,26029,0.0000
22424,19,0,1508,0.0000
22425,19,0,848,0.0000
22426,20,0,1324,0.0000
22427,19,0,3210,0.0000
22428,20,0,455,0.0000
22429,21,1,2262,0.0476
22430,19,0,1395,0.0000
22431,22,0,3349,0.0000
22432,22,0,3471,0.0000
22433,22,0,2771,0.0000
22434,20,0,2523,0.0000
22435,20,0,4772,0.0000
22436,20,0,4171,0.0000
22437,20,0,6443,0.0000
22438,20,0,862,0.0000
22439,20,0,3821,0.0000
22440,20,0,8483,0.0000
22441,21,0,2585,0.0000
22442,21,2,673,0.0952
22443,21,3,683,0.1429
22444,21,6,10132,0.2857
22445,21,0,1277,0.0000
22446,21,1,509,0.0476
22447,21,1,229,0.0476
22448,21,0,714,0.0000
22449,21,0,1323,0.0000
22450,21,2,834,0.0952
22451,21,6,1339,0.2857
22452,21,0,1269,0.0000
22453,21,0,764,0.0000
22454,21,1,1405,0.0476
22456,21,0,4389,0.0000
22457,21,0,14445,0.0000
22458,21,7,1523,0.3333
22459,21,7,1378,0.3333
22460,21,0,4704,0.0000
22461,21,3,410,0.1429
22464,21,0,7374,0.0000
22465,21,0,4070,0.0000
22466,21,0,5219,0.0000
22467,21,1,11584,0.0476
22468,21,0,1728,0.0000
22469,20,0,27742,0.0000
22470,20,0,17667,0.0000
22471,21,2,575,0.0952
22472,21,0,1027,0.0000
22473,21,0,769,0.0000
22474,21,0,905,0.0000
22475,21,0,720,0.0000
22476,21,0,704,0.0000
22477,21,0,2407,0.0000
22478,21,0,2726,0.0000
22479,21,0,1928,0.0000
22480,21,3,2368,0.1429
22481,21,0,1133,0.0000
22482,21,4,2319,0.1905
22483,21,0,1813,0.0000
22485,21,0,1075,0.0000
22486,21,9,83,0.4286
22487,21,0,1616,0.0000
22488,21,0,6868,0.0000
22489,21,1,17499,0.0476
22491,19,0,7392,0.0000
22492,19,0,43254,0.0000
22493,19,0,4639,0.0000
22494,23,0,2750,0.0000
22495,23,0,842,0.0000
22496,23,0,620,0.0000
22497,23,0,928,0.0000
22498,22,0,1132,0.0000
22499,22,0,3561,0.0000
22500,23,0,489,0.0000
22501,19,0,2612,0.0000
22502,19,2,3766,0.1053
22503,20,3,141,0.1500
22504,19,2,363,0.1053
22505,21,0,3750,0.0000
22507,21,0,5405,0.0000
22508,21,0,2854,0.0000
22509,21,0,276,0.0000
22510,21,3,288,0.1429
22511,21,4,367,0.1905
22512,21,4,358,0.1905
22513,21,1,527,0.0476
22514,21,0,1068,0.0000
22515,21,0,1041,0.0000
22516,21,2,827,0.0952
22517,21,0,800,0.0000
22518,21,6,1398,0.2857
22519,21,5,1425,0.2381
22520,21,6,2294,0.2857
22521,21,6,2288,0.2857
22522,21,0,2238,0.0000
22523,21,0,2170,0.0000
22524,21,6,1925,0.2857
22525,21,7,1946,0.3333
22526,21,0,540,0.0000
22528,21,11,5824,0.5238
22529,21,0,2383,0.0000
22530,21,0,9989,0.0000
22531,21,0,8072,0.0000
22532,21,0,2828,0.0000
22533,21,0,4513,0.0000
22534,21,0,12780,0.0000
22535,21,0,4418,0.0000
22536,21,0,9035,0.0000
22537,21,0,5821,0.0000
22538,21,1,1395,0.0476
22539,21,0,5306,0.0000
22540,21,0,5911,0.0000
22541,21,1,1238,0.0476
22543,21,1,3121,0.0476
22544,21,0,8785,0.0000
22545,21,0,3283,0.0000
22546,21,0,4248,0.0000
22547,21,0,1799,0.0000
22548,21,0,3526,0.0000
22549,21,0,6320,0.0000
22550,21,0,2033,0.0000
22551,21,0,15194,0.0000
22553,21,0,7628,0.0000
22554,21,0,13407,0.0000
22555,21,0,11377,0.0000
22556,21,0,13357,0.0000
22557,21,0,10203,0.0000
22558,20,2,13519,0.1000
22559,21,0,1580,0.0000
22560,21,0,13882,0.0000
22561,21,0,11340,0.0000
22562,21,0,3885,0.0000
22563,21,0,5599,0.0000
22564,21,0,4512,0.0000
22565,21,0,2063,0.0000
22566,21,0,2790,0.0000
22567,21,1,5527,0.0476
22568,21,0,5455,0.0000
22569,21,1,5521,0.0476
22570,21,0,5631,0.0000
22571,17,4,5589,0.2353
22572,17,3,3439,0.1765
22573,17,3,4609,0.1765
22574,17,1,4733,0.0588
22575,17,5,3112,0.2941
22576,17,3,2974,0.1765
22577,17,0,13303,0.0000
22578,17,5,12072,0.2941
22579,17,4,7152,0.2353
22580,17,3,2233,0.1765
22581,17,5,3195,0.2941
22582,21,0,2513,0.0000
22583,21,0,1869,0.0000
22584,21,0,5175,0.0000
22585,21,0,17452,0.0000
22586,21,0,2039,0.0000
22587,21,0,2044,0.0000
22588,17,3,2830,0.1765
22589,17,5,1300,0.2941
22591,17,5,1336,0.2941
22592,17,5,1912,0.2941
22593,17,2,5257,0.1176
22594,17,2,4683,0.1176
22595,17,0,12438,0.0000
22596,17,6,5524,0.3529
22597,17,0,4323,0.0000
22598,17,6,1692,0.3529
22599,17,6,2882,0.3529
22600,17,3,4712,0.1765
22601,17,2,5120,0.1176
22602,17,0,6251,0.0000
22603,17,4,4048,0.2353
22604,17,0,1984,0.0000
22605,20,0,1804,0.0000
22606,20,0,1065,0.0000
22607,20,2,2491,0.1000
22608,22,1,5594,0.0455
22609,22,1,6970,0.0455
22610,22,0,12428,0.0000
22611,21,3,907,0.1429
22612,21,14,1001,0.6667
22613,19,0,3009,0.0000
22614,19,0,5648,0.0000
22615,19,0,3685,0.0000
22616,19,0,38524,0.0000
22617,21,0,4144,0.0000
22618,21,7,718,0.3333
22619,19,0,3811,0.0000
22620,19,0,8000,0.0000
22621,19,0,8402,0.0000
22622,19,0,2905,0.0000
22623,19,0,2294,0.0000
22624,19,0,3083,0.0000
22625,19,0,2575,0.0000
22626,20,0,813,0.0000
22627,19,0,1565,0.0000
22628,17,0,1720,0.0000
22629,17,0,20380,0.0000
22630,17,0,17873,0.0000
22631,21,3,6200,0.1429
22632,15,5,10030,0.3333
22633,14,3,8097,0.2143
22634,19,0,1658,0.0000
22635,19,0,1641,0.0000
22636,19,0,1601,0.0000
22637,19,0,4478,0.0000
22638,17,2,351,0.1176
22639,17,0,1572,0.0000
22640,18,0,313,0.0000
22641,17,1,297,0.0588
22642,17,3,930,0.1765
22643,17,1,416,0.0588
22644,19,0,4274,0.0000
22645,19,0,5258,0.0000
22646,19,0,8158,0.0000
22647,19,2,931,0.1053
22649,19,0,2283,0.0000
22650,19,0,1757,0.0000
22651,17,0,3126,0.0000
22652,17,0,9910,0.0000
22653,17,0,2869,0.0000
22654,17,0,2502,0.0000
22655,17,1,76,0.0588
22656,17,4,45,0.2353
22657,23,20,59,0.8696
22659,21,3,15841,0.1429
22660,18,0,869,0.0000
22661,17,0,8103,0.0000
22662,17,0,9882,0.0000
22663,17,0,5694,0.0000
22664,17,0,1306,0.0000
22665,17,0,2955,0.0000
22666,17,0,10223,0.0000
22667,17,1,4677,0.0588
22668,17,0,3574,0.0000
22669,17,0,2349,0.0000
22670,16,0,4314,0.0000
22671,16,0,1675,0.0000
22672,16,0,2803,0.0000
22673,16,0,1297,0.0000
22674,16,0,2358,0.0000
22675,16,0,2165,0.0000
22676,16,0,1787,0.0000
22677,16,0,1552,0.0000
22678,16,0,1365,0.0000
22679,16,0,1243,0.0000
22680,16,0,1332,0.0000
22681,16,0,1154,0.0000
22682,16,0,1134,0.0000
22683,16,0,1121,0.0000
22684,16,0,1001,0.0000
22685,16,0,1071,0.0000
22686,16,0,1283,0.0000
22687,18,6,887,0.3333
22688,18,6,863,0.3333
22689,18,3,1092,0.1667
22690,18,0,2502,0.0000
22691,18,1,747,0.0556
22692,18,0,2114,0.0000
22693,16,0,17618,0.0000
22694,17,0,4839,0.0000
22695,17,1,1247,0.0588
22696,17,0,1398,0.0000
22697,16,0,9478,0.0000
22698,16,1,7939,0.0625
22699,16,0,12755,0.0000
22700,17,2,1384,0.1176
22701,18,0,591,0.0000
22702,18,0,1587,0.0000
22703,18,0,410,0.0000
22704,19,0,8478,0.0000
22705,19,0,3683,0.0000
22706,18,0,4122,0.0000
22707,19,0,2132,0.0000
22708,18,0,5225,0.0000
22709,18,2,2774,0.1111
22710,19,0,7109,0.0000
22711,19,0,5277,0.0000
22712,19,1,7016,0.0526
22713,19,0,6033,0.0000
22714,19,0,5244,0.0000
22715,18,0,2717,0.0000
22716,18,0,5123,0.0000
22717,18,0,2402,0.0000
22718,18,0,2593,0.0000
22719,20,6,1467,0.3000
22720,12,0,7314,0.0000
22721,12,0,849,0.0000
22722,13,1,5872,0.0769
22723,12,0,1036,0.0000
22725,15,0,2408,0.0000
22726,15,0,7288,0.0000
22727,15,0,8174,0.0000
22728,15,0,6002,0.0000
22729,15,0,2995,0.0000
22730,15,0,3590,0.0000
22731,15,5,2916,0.3333
22732,15,2,3720,0.1333
22733,15,3,3399,0.2000
22734,15,3,9635,0.2000
22735,15,5,1416,0.3333
22736,15,1,2479,0.0667
22737,15,0,3213,0.0000
22738,15,2,4344,0.1333
22739,15,0,3931,0.0000
22740,15,3,13345,0.2000
22741,15,0,10337,0.0000
22742,16,0,729,0.0000
22743,16,0,1253,0.0000
22744,16,0,1262,0.0000
22745,15,0,3942,0.0000
22746,15,0,2883,0.0000
22747,15,0,2014,0.0000
22748,15,0,4107,0.0000
22749,15,0,3630,0.0000
22750,15,0,3058,0.0000
22751,15,0,2220,0.0000
22752,16,0,3270,0.0000
22753,16,0,2080,0.0000
22754,16,0,3308,0.0000
22755,16,0,3302,0.0000
22756,16,0,1029,0.0000
22757,16,0,2328,0.0000
22758,16,0,1900,0.0000
22759,16,0,9380,0.0000
22760,14,2,356,0.1429
22761,14,1,47,0.0714
22762,14,0,198,0.0000
22763,14,0,649,0.0000
22764,14,10,183,0.7143
22765,14,11,311,0.7857
22766,14,0,4314,0.0000
22767,14,0,979,0.0000
22768,14,0,1112,0.0000
22769,14,10,174,0.7143
22770,14,0,110,0.0000
22771,14,0,7412,0.0000
22772,14,0,4340,0.0000
22773,14,0,2350,0.0000
22774,14,0,2779,0.0000
22775,14,0,3548,0.0000
22776,14,0,1685,0.0000
22777,14,6,455,0.4286
22778,14,0,972,0.0000
22779,14,0,1716,0.0000
22780,14,0,1605,0.0000
22781,14,0,851,0.0000
22782,14,0,249,0.0000
22783,14,6,482,0.4286
22784,14,0,1518,0.0000
22785,14,1,289,0.0714
22786,14,2,232,0.1429
22788,14,5,476,0.3571
22789,14,0,1221,0.0000
22790,14,13,200,0.9286
22791,14,1,8983,0.0714
22792,14,0,3197,0.0000
22794,14,0,381,0.0000
22795,14,2,1530,0.1429
22796,14,0,794,0.0000
22797,14,0,240,0.0000
22798,14,0,2170,0.0000
22799,14,0,223,0.0000
22800,14,0,1098,0.0000
22801,14,0,1253,0.0000
22802,14,1,90,0.0714
22803,14,1,59,0.0714
22804,15,0,5233,0.0000
22805,14,0,2181,0.0000
22806,15,0,364,0.0000
22807,15,0,1271,0.0000
22808,15,4,394,0.2667
22809,15,5,2471,0.3333
22810,15,3,2195,0.2000
22811,15,0,861,0.0000
22812,15,4,4875,0.2667
22813,15,0,3880,0.0000
22814,15,0,2505,0.0000
22815,15,0,3324,0.0000
22816,15,2,6604,0.1333
22817,15,0,3316,0.0000
22818,15,2,6095,0.1333
22819,15,0,3276,0.0000
22820,15,0,1340,0.0000
22821,15,0,1631,0.0000
22822,13,0,578,0.0000
22823,14,2,32,0.1429
22824,13,0,61,0.0000
22825,14,0,100,0.0000
22826,12,2,58,0.1667
22827,14,1,46,0.0714
22828,14,6,17,0.4286
22829,13,0,241,0.0000
22830,14,10,181,0.7143
22831,13,0,764,0.0000
22832,13,0,185,0.0000
22833,13,9,120,0.6923
22834,15,0,6801,0.0000
22835,15,0,5017,0.0000
22837,14,2,3534,0.1429
22838,14,1,913,0.0714
22839,14,0,574,0.0000
22840,14,0,1311,0.0000
22841,14,0,766,0.0000
22842,14,0,817,0.0000
22843,14,0,594,0.0000
22844,14,0,1202,0.0000
22845,14,0,974,0.0000
22846,14,0,800,0.0000
22847,14,1,1138,0.0714
22848,14,1,381,0.0714
22849,14,2,403,0.1429
22850,14,13,8,0.9286
22851,16,0,5147,0.0000
22852,14,0,545,0.0000
22853,14,0,626,0.0000
22854,15,2,1160,0.1333
22855,15,3,4795,0.2000
22856,14,4,877,0.2857
22857,14,5,1230,0.3571
22858,13,5,1135,0.3846
22859,14,1,1250,0.0714
22860,14,5,612,0.3571
22861,12,7,305,0.5833
22862,15,10,758,0.6667
22863,15,0,1098,0.0000
22864,18,17,378,0.9444
22865,15,1,13726,0.0667
22866,15,3,12211,0.2000
22867,15,3,11125,0.2000
22868,14,1,124,0.0714
22869,14,0,167,0.0000
22870,14,0,155,0.0000
22871,14,2,127,0.1429
22872,14,1,134,0.0714
22873,14,1,120,0.0714
22874,14,2,126,0.1429
22875,14,2,121,0.1429
22876,14,3,118,0.2143
22877,14,2,128,0.1429
22878,14,0,128,0.0000
22879,14,2,82,0.1429
22880,14,0,111,0.0000
22881,14,0,111,0.0000
22882,14,0,124,0.0000
22883,14,1,107,0.0714
22884,14,0,110,0.0000
22885,14,1,108,0.0714
22886,14,1,97,0.0714
22887,14,1,91,0.0714
22888,13,1,78,0.0769
22889,14,2,195,0.1429
22890,14,0,794,0.0000
22891,14,0,630,0.0000
22892,14,0,3520,0.0000
22893,14,0,2694,0.0000
22894,15,0,559,0.0000
22895,15,0,2821,0.0000
22896,15,0,2056,0.0000
22897,15,0,1944,0.0000
22898,15,0,3087,0.0000
22899,15,0,2671,0.0000
22900,15,0,6017,0.0000
22902,15,0,1699,0.0000
22903,15,3,730,0.2000
22904,15,0,3467,0.0000
22905,15,0,980,0.0000
22906,15,0,3233,0.0000
22907,15,0,8506,0.0000
22908,15,0,5468,0.0000
22909,15,1,16438,0.0667
22910,15,0,17773,0.0000
22911,15,1,844,0.0667
22912,13,0,313,0.0000
22913,13,0,445,0.0000
22914,13,0,562,0.0000
22915,13,0,2777,0.0000
22916,13,0,1902,0.0000
22917,13,0,1941,0.0000
22918,13,0,1865,0.0000
22919,13,0,1752,0.0000
22920,13,0,3421,0.0000
22921,13,0,1724,0.0000
22922,13,0,1923,0.0000
22923,13,0,1415,0.0000
22924,13,0,1326,0.0000
22925,13,1,488,0.0769
22926,13,6,680,0.4615
22927,13,2,467,0.1538
22928,13,0,282,0.0000
22929,13,5,23,0.3846
22930,12,0,1092,0.0000
22931,12,0,798,0.0000
22932,12,0,868,0.0000
22933,12,2,938,0.1667
22934,12,2,589,0.1667
22935,12,0,684,0.0000
22936,12,0,273,0.0000
22937,12,0,958,0.0000
22938,15,0,3683,0.0000
22939,15,0,650,0.0000
22940,15,0,3410,0.0000
22941,14,3,2435,0.2143
22942,14,7,1084,0.5000
22943,14,0,2362,0.0000
22944,15,4,4744,0.2667
22945,15,1,7599,0.0667
22946,15,2,969,0.1333
22947,15,5,1011,0.3333
22948,15,0,2072,0.0000
22949,15,0,2009,0.0000
22950,15,6,8333,0.4000
22951,15,0,10850,0.0000
22952,15,0,32238,0.0000
22953,13,0,759,0.0000
22954,13,0,238,0.0000
22955,13,0,1388,0.0000
22956,13,0,2389,0.0000
22957,11,5,1775,0.4545
22959,15,6,9512,0.4000
22960,13,0,8763,0.0000
22961,17,3,16236,0.1765
22962,13,0,4316,0.0000
22963,17,3,3658,0.1765
22964,13,0,2659,0.0000
22965,13,0,1814,0.0000
22966,13,0,7950,0.0000
22967,11,5,1165,0.4545
22968,14,0,1125,0.0000
22969,13,0,14231,0.0000
22970,12,0,4248,0.0000
22971,12,0,2393,0.0000
22972,13,0,1839,0.0000
22973,13,0,1290,0.0000
22974,13,0,1603,0.0000
22975,13,0,1225,0.0000
22976,13,0,1100,0.0000
22977,13,0,993,0.0000
22978,10,0,2453,0.0000
22979,9,0,4030,0.0000
22980,10,0,2350,0.0000
22981,9,0,461,0.0000
22982,9,0,1120,0.0000
22983,15,0,6593,0.0000
22984,15,0,3312,0.0000
22985,15,0,4672,0.0000
22986,15,0,5695,0.0000
22987,15,7,252,0.4667
22988,13,1,8930,0.0769
22989,10,0,2766,0.0000
22990,10,0,524,0.0000
22991,10,0,3806,0.0000
22992,10,0,5133,0.0000
22993,10,0,12147,0.0000
22994,10,0,2072,0.0000
22995,10,0,2313,0.0000
22996,10,0,4645,0.0000
22997,10,0,2434,0.0000
22998,10,0,12056,0.0000
22999,10,0,2793,0.0000
23000,10,0,3068,0.0000
23002,10,0,2035,0.0000
23003,10,5,542,0.5000
23004,10,0,1888,0.0000
23005,10,3,4563,0.3000
23006,10,0,1752,0.0000
23007,9,0,484,0.0000
23008,9,0,427,0.0000
23009,9,0,255,0.0000
23010,9,0,308,0.0000
23012,6,0,999,0.0000
23013,6,0,850,0.0000
23014,6,0,825,0.0000
23015,6,0,40,0.0000
23016,6,0,69,0.0000
23017,6,0,64,0.0000
23018,6,0,51,0.0000
23019,6,0,79,0.0000
23020,6,0,176,0.0000
23021,6,0,116,0.0000
23022,6,0,385,0.0000
23023,6,0,268,0.0000
23024,6,0,255,0.0000
23025,6,0,338,0.0000
23026,6,0,550,0.0000
23027,6,0,265,0.0000
23028,6,0,1369,0.0000
23029,6,0,1296,0.0000
23031,6,0,1228,0.0000
23032,6,0,2328,0.0000
23033,6,0,713,0.0000
23034,6,0,968,0.0000
23035,6,0,2075,0.0000
23036,6,0,172,0.0000
23037,6,0,171,0.0000
23038,5,1,41,0.2000
23039,6,0,187,0.0000
23040,8,0,231,0.0000
23041,8,0,253,0.0000
23042,8,0,97,0.0000
23043,7,2,77,0.2857
23044,7,0,100,0.0000
23045,7,1,117,0.1429
23046,7,1,346,0.1429
23047,7,0,58,0.0000
23048,8,0,570,0.0000
23049,9,0,452,0.0000
23050,9,0,488,0.0000
23051,9,0,361,0.0000
23052,9,0,644,0.0000
23053,9,0,357,0.0000
23054,9,0,291,0.0000
23055,8,0,657,0.0000
23056,8,0,963,0.0000
23057,8,0,773,0.0000
23058,3,0,426,0.0000
23060,8,0,227,0.0000
23061,8,0,989,0.0000
23064,8,0,221,0.0000
23065,8,1,273,0.1250
23066,8,1,259,0.1250
23067,8,0,291,0.0000
23068,8,0,792,0.0000
23069,8,0,86,0.0000
23070,7,0,156,0.0000
23071,8,2,315,0.2500
23072,7,1,334,0.1429
23073,8,0,139,0.0000
23074,3,0,228,0.0000
23075,8,0,454,0.0000
23076,9,0,7828,0.0000
23077,9,0,9847,0.0000
23078,9,0,6798,0.0000
23079,7,0,244,0.0000
23080,7,0,791,0.0000
23081,7,0,441,0.0000
23082,7,0,2163,0.0000
23083,7,0,1782,0.0000
23084,7,0,26435,0.0000
23085,7,1,340,0.1429
23086,7,0,1190,0.0000
23087,7,0,859,0.0000
23088,7,0,761,0.0000
23089,7,0,2261,0.0000
23090,7,0,1851,0.0000
23091,7,0,580,0.0000
23092,7,0,501,0.0000
23093,7,0,914,0.0000
23094,7,0,152,0.0000
23096,7,0,1021,0.0000
23099,7,0,128,0.0000
23100,7,0,2054,0.0000
23101,7,0,1997,0.0000
23102,7,0,1268,0.0000
23103,7,0,3874,0.0000
23104,7,0,111,0.0000
23106,7,0,268,0.0000
23107,7,0,322,0.0000
23108,7,0,2092,0.0000
23109,7,0,2152,0.0000
23110,7,0,680,0.0000
23111,7,0,267,0.0000
23112,7,0,511,0.0000
23113,3,0,1145,0.0000
23114,3,0,138,0.0000
23115,3,0,140,0.0000
23116,3,0,74,0.0000
23117,3,0,87,0.0000
23118,7,0,723,0.0000
23119,6,0,2255,0.0000
23120,6,0,1679,0.0000
23121,6,0,2493,0.0000
23122,6,0,2232,0.0000
23123,6,0,905,0.0000
23124,6,0,567,0.0000
23125,6,0,459,0.0000
23126,9,0,1059,0.0000
23127,9,0,696,0.0000
23128,9,0,426,0.0000
23129,7,0,932,0.0000
23130,7,0,927,0.0000
23131,8,0,939,0.0000
23132,8,0,1011,0.0000
23133,8,0,767,0.0000
23134,8,2,1065,0.2500
23135,8,0,1522,0.0000
23136,8,0,124,0.0000
23137,8,0,70,0.0000
23138,8,0,877,0.0000
23139,8,0,382,0.0000
23140,8,0,182,0.0000
23141,8,1,58,0.1250
23142,8,0,121,0.0000
23143,7,3,14,0.4286
23144,8,0,4928,0.0000
23145,8,0,1998,0.0000
23146,8,0,766,0.0000
23147,8,0,1824,0.0000
23148,8,0,2058,0.0000
23149,7,0,99,0.0000
23150,8,0,133,0.0000
23151,7,0,35,0.0000
23152,8,0,551,0.0000
23153,8,0,256,0.0000
23154,9,0,2545,0.0000
23155,9,0,2215,0.0000
23156,9,0,1614,0.0000
23157,9,0,2556,0.0000
23158,9,0,2478,0.0000
23159,9,0,2293,0.0000
23160,7,0,1442,0.0000
23161,7,0,1701,0.0000
23162,8,0,1356,0.0000
23163,8,0,1751,0.0000
23164,7,0,571,0.0000
23165,7,0,2906,0.0000
23166,11,3,77826,0.2727
23167,7,0,5433,0.0000
23168,7,0,3170,0.0000
23169,7,0,1516,0.0000
23170,7,0,6727,0.0000
23171,7,0,6093,0.0000
23172,7,0,3683,0.0000
23173,7,0,2727,0.0000
23174,7,0,3013,0.0000
23175,7,0,3125,0.0000
23176,9,0,2134,0.0000
23177,9,0,2009,0.0000
23178,9,0,309,0.0000
23179,9,0,321,0.0000
23180,9,0,108,0.0000
23181,9,0,191,0.0000
23182,9,0,3688,0.0000
23183,9,0,220,0.0000
23184,9,0,836,0.0000
23185,9,2,308,0.2222
23186,9,2,1928,0.2222
23187,9,2,2338,0.2222
23188,6,0,3200,0.0000
23189,4,0,1189,0.0000
23190,7,0,1663,0.0000
23191,7,0,2119,0.0000
23192,7,0,3293,0.0000
23193,9,0,1515,0.0000
23194,9,0,1798,0.0000
23196,6,0,1808,0.0000
23197,6,0,1325,0.0000
23198,6,0,3138,0.0000
23199,8,0,14668,0.0000
23200,7,0,6947,0.0000
23201,8,0,12735,0.0000
23202,7,0,10451,0.0000
23203,7,0,19819,0.0000
23204,8,0,7610,0.0000
23205,8,0,5672,0.0000
23206,8,0,11953,0.0000
23207,8,0,7717,0.0000
23208,8,0,5977,0.0000
23209,7,0,12714,0.0000
23210,6,0,2718,0.0000
23211,6,0,2197,0.0000
23212,6,0,2118,0.0000
23213,6,0,1582,0.0000
23214,6,0,750,0.0000
23215,6,0,3393,0.0000
23216,6,0,520,0.0000
23217,6,0,1137,0.0000
23218,5,1,373,0.2000
23219,6,0,395,0.0000
23220,6,0,937,0.0000
23221,7,0,1426,0.0000
23222,6,1,746,0.1667
23223,6,0,744,0.0000
23224,6,0,674,0.0000
23225,6,0,1294,0.0000
23226,7,0,1213,0.0000
23227,7,0,1602,0.0000
23228,7,0,1453,0.0000
23229,6,0,1709,0.0000
23230,11,0,7876,0.0000
23231,11,0,7077,0.0000
23232,11,0,8276,0.0000
23233,11,0,5150,0.0000
23234,6,0,1615,0.0000
23235,6,0,656,0.0000
23236,6,0,2465,0.0000
23237,6,0,1009,0.0000
23238,6,0,1690,0.0000
23239,6,0,757,0.0000
23240,6,0,4009,0.0000
23241,6,0,2030,0.0000
23242,6,0,1325,0.0000
23243,6,0,4730,0.0000
23244,6,0,891,0.0000
23245,6,0,6074,0.0000
23247,6,0,2066,0.0000
23249,6,0,831,0.0000
23250,6,0,1096,0.0000
23251,6,0,1612,0.0000
23252,6,0,597,0.0000
23253,8,0,255,0.0000
23254,8,0,1669,0.0000
23255,8,0,980,0.0000
23256,8,0,1993,0.0000
23263,6,0,3656,0.0000
23264,6,0,1779,0.0000
23265,6,0,1631,0.0000
23266,6,0,1904,0.0000
23267,6,0,1148,0.0000
23268,6,0,1447,0.0000
23269,6,0,753,0.0000
23270,6,0,1151,0.0000
23271,6,0,1647,0.0000
23272,6,0,286,0.0000
23273,6,0,912,0.0000
23274,6,0,1124,0.0000
23275,6,0,3427,0.0000
23280,7,0,1828,0.0000
23281,7,0,1133,0.0000
23282,7,0,800,0.0000
23283,8,0,947,0.0000
23284,8,0,5301,0.0000
23285,6,0,4799,0.0000
23286,6,0,5023,0.0000
23287,6,0,1856,0.0000
23288,6,0,4608,0.0000
23289,6,0,1598,0.0000
23290,6,0,2247,0.0000
23291,6,0,1606,0.0000
23292,6,0,2038,0.0000
23293,5,0,7940,0.0000
23294,5,0,4302,0.0000
23295,5,0,5923,0.0000
23296,5,0,4930,0.0000
23297,5,0,4303,0.0000
23298,7,0,8328,0.0000
23299,7,0,1008,0.0000
23300,7,0,6368,0.0000
23301,7,0,8107,0.0000
23302,7,0,1101,0.0000
23303,2,0,53,0.0000
23304,2,0,47,0.0000
23305,2,0,58,0.0000
23306,6,0,2805,0.0000
23307,6,0,11438,0.0000
23308,6,0,5701,0.0000
23309,6,0,7464,0.0000
23310,6,0,11565,0.0000
23311,5,0,2164,0.0000
23312,5,0,1307,0.0000
23313,5,0,2655,0.0000
23314,5,0,383,0.0000
23315,6,0,205,0.0000
23316,6,0,238,0.0000
23317,6,0,165,0.0000
23318,5,0,3580,0.0000
23319,5,0,3527,0.0000
23320,5,0,2307,0.0000
23321,6,0,4539,0.0000
23322,6,0,2996,0.0000
23323,6,0,1333,0.0000
23324,4,0,397,0.0000
23325,4,0,462,0.0000
23326,4,0,3002,0.0000
23327,4,0,1730,0.0000
23328,4,0,2531,0.0000
23329,4,0,1657,0.0000
23330,4,0,1739,0.0000
23331,4,0,1488,0.0000
23332,4,0,1899,0.0000
23333,4,0,1983,0.0000
23334,4,0,2173,0.0000
23335,6,0,351,0.0000
23336,6,0,199,0.0000
23337,6,0,169,0.0000
23338,6,0,336,0.0000
23339,6,0,157,0.0000
23340,5,0,2438,0.0000
23341,6,0,279,0.0000
23342,6,0,365,0.0000
23343,6,0,5301,0.0000
23344,6,0,9200,0.0000
23345,5,0,2373,0.0000
23346,5,0,2568,0.0000
23347,5,0,827,0.0000
23348,8,0,746,0.0000
23349,4,0,2944,0.0000
23350,4,0,2485,0.0000
23351,4,0,3247,0.0000
23352,4,0,1652,0.0000
23353,4,0,3778,0.0000
23354,4,0,3553,0.0000
23355,4,0,5136,0.0000
23356,4,0,2210,0.0000
23357,4,0,367,0.0000
23358,4,0,460,0.0000
23359,4,0,964,0.0000
23360,4,0,1171,0.0000
23365,3,0,1791,0.0000
23366,3,0,2016,0.0000
23367,3,0,2975,0.0000
23368,3,0,2241,0.0000
23369,3,0,1001,0.0000
23370,3,0,1441,0.0000
23371,3,0,1620,0.0000
23372,3,0,1340,0.0000
23373,4,0,1550,0.0000
23374,4,0,2142,0.0000
23375,4,0,1304,0.0000
23376,3,0,2836,0.0000
23377,3,0,1301,0.0000
23378,3,0,3797,0.0000
23379,3,0,1190,0.0000
23380,3,0,2201,0.0000
23381,3,0,1415,0.0000
23382,2,0,1520,0.0000
23388,3,0,786,0.0000
23389,3,0,1063,0.0000
23390,3,0,662,0.0000
23391,3,0,363,0.0000
23392,3,0,611,0.0000
23393,3,0,764,0.0000
23394,3,0,412,0.0000
23395,3,0,694,0.0000
23396,3,0,621,0.0000
23397,3,0,478,0.0000
23398,3,0,533,0.0000
23399,3,0,1871,0.0000
23400,3,0,458,0.0000
23401,3,0,304,0.0000
23402,3,0,278,0.0000
23403,3,0,588,0.0000
23404,3,0,825,0.0000
23405,3,0,231,0.0000
23406,3,0,442,0.0000
23407,3,0,241,0.0000
23408,3,0,297,0.0000
23409,3,0,203,0.0000
23410,3,0,36,0.0000
23411,3,0,221,0.0000
23412,3,1,358,0.3333
23413,3,0,156,0.0000
23414,3,0,141,0.0000
23415,3,0,223,0.0000
23416,3,0,90,0.0000
23417,3,0,71,0.0000
23418,3,0,525,0.0000
23419,3,0,449,0.0000
23420,3,0,163,0.0000
23421,3,0,159,0.0000
23422,3,0,209,0.0000
23423,3,0,209,0.0000
23424,3,0,433,0.0000
23425,3,0,172,0.0000
23426,3,0,1205,0.0000
23427,3,0,234,0.0000
23428,1,0,41,0.0000
23429,1,0,31,0.0000
23430,1,0,21,0.0000
23431,4,0,1437,0.0000
23432,4,0,1228,0.0000
23433,4,0,1230,0.0000
23434,3,0,1941,0.0000
23435,3,0,762,0.0000
23436,4,0,1926,0.0000
23437,4,0,1876,0.0000
23438,4,0,1728,0.0000
23439,4,0,3516,0.0000
23440,1,0,19,0.0000
23441,1,0,20,0.0000
23442,1,0,31,0.0000
23444,7,0,69,0.0000
23445,4,0,2508,0.0000
23446,2,1,13,0.5000
23447,2,1,14,0.5000
23448,2,0,25,0.0000
23449,1,0,12,0.0000
23451,2,0,236,0.0000
23452,2,0,455,0.0000
23453,2,0,283,0.0000
23454,2,0,153,0.0000
23455,2,0,186,0.0000
23456,2,0,151,0.0000
23457,2,0,95,0.0000
23458,2,0,42,0.0000
23459,2,0,28,0.0000
23460,2,0,73,0.0000
23461,3,0,202,0.0000
23462,2,0,78,0.0000
23463,2,0,10,0.0000
23464,2,0,13,0.0000
23465,2,0,28,0.0000
23466,3,0,51,0.0000
23467,2,0,20,0.0000
23468,2,0,19,0.0000
23469,3,0,319,0.0000
23470,2,0,224,0.0000
23471,3,0,62,0.0000
23472,2,0,50,0.0000
23473,2,0,606,0.0000
23474,2,0,258,0.0000
23475,2,0,248,0.0000
23476,2,0,205,0.0000
23477,2,0,92,0.0000
23478,2,0,273,0.0000
23479,2,0,105,0.0000
23480,2,0,1559,0.0000
23481,2,0,204,0.0000
23482,2,0,380,0.0000
23483,2,0,1105,0.0000
23484,3,0,173,0.0000
23485,2,0,251,0.0000
23486,2,0,115,0.0000
23487,2,0,77,0.0000
23489,2,0,747,0.0000
23490,2,0,498,0.0000
23491,2,0,199,0.0000
23492,2,0,69,0.0000
23493,3,0,3520,0.0000
23494,3,0,652,0.0000
23495,2,0,179,0.0000
23496,2,0,82,0.0000
23497,2,0,1517,0.0000
23498,1,0,517,0.0000
23499,2,0,1094,0.0000
23500,2,0,1351,0.0000
23501,2,0,1338,0.0000
23502,3,0,679,0.0000
23503,3,0,3426,0.0000
23504,3,0,1820,0.0000
23505,3,0,1117,0.0000
23506,3,0,2598,0.0000
23507,3,0,2830,0.0000
23508,3,0,2563,0.0000
23509,3,0,1048,0.0000
23510,3,0,2493,0.0000
23511,3,0,552,0.0000
23512,3,0,488,0.0000
23513,3,0,555,0.0000
23514,3,0,465,0.0000
23515,3,0,560,0.0000
23516,3,0,283,0.0000
23517,3,0,326,0.0000
23518,3,0,355,0.0000
23519,3,0,224,0.0000
23520,3,0,160,0.0000
23521,2,0,407,0.0000
23522,2,0,340,0.0000
23523,2,0,346,0.0000
23524,2,0,448,0.0000
23525,2,0,560,0.0000
23526,2,0,837,0.0000
23527,2,0,404,0.0000
23528,2,0,472,0.0000
23529,2,0,630,0.0000
23530,2,0,828,0.0000
23531,2,0,824,0.0000
23532,2,0,196,0.0000
23533,2,0,195,0.0000
23534,2,0,1286,0.0000
23535,2,0,1037,0.0000
23536,2,0,597,0.0000
23537,2,0,110,0.0000
23538,2,0,328,0.0000
23539,2,0,240,0.0000
23540,2,0,149,0.0000
23541,2,0,864,0.0000
23542,2,0,368,0.0000
23543,2,0,512,0.0000
23544,2,0,159,0.0000
23545,5,0,2305,0.0000
23546,5,0,3075,0.0000
23547,5,0,1450,0.0000
23548,5,0,1025,0.0000
23549,5,0,1280,0.0000
23550,5,0,1830,0.0000
23551,3,0,1723,0.0000
23552,1,0,623,0.0000
23553,2,0,428,0.0000
23554,2,0,414,0.0000
23555,2,0,411,0.0000
23556,2,0,424,0.0000
23557,2,0,345,0.0000
23558,2,0,406,0.0000
23559,3,0,563,0.0000
23560,1,0,49,0.0000
23561,1,0,51,0.0000
23562,1,0,33,0.0000
23564,2,0,614,0.0000
23565,2,0,375,0.0000
23566,2,0,703,0.0000
23567,2,0,201,0.0000
23568,2,0,477,0.0000
23569,2,0,696,0.0000
23570,2,0,2364,0.0000
23571,2,0,2611,0.0000
23574,5,0,13,0.0000
23575,1,0,29,0.0000
23576,1,0,40,0.0000
23578,1,0,19,0.0000
23579,2,0,31,0.0000
23580,1,0,42,0.0000
23581,2,0,4331,0.0000
23582,2,0,2701,0.0000
23583,2,0,2997,0.0000
23597,1,0,110,0.0000
23598,1,0,217,0.0000
23601,3,1,8,0.3333
23602,1,0,1,0.0000
23603,2,0,13,0.0000
23604,2,1,4,0.5000
23605,2,1,4,0.5000
23607,3,0,8,0.0000
23608,1,0,3,0.0000
23609,1,0,1,0.0000
23610,3,1,3,0.3333
23611,3,0,36,0.0000
23612,2,0,5,0.0000
23613,3,1,11,0.3333
23614,3,0,18,0.0000
23615,2,0,3,0.0000
23616,1,0,5,0.0000
23617,1,0,2,0.0000
23619,2,0,4,0.0000
23620,3,0,10,0.0000
23621,1,0,2,0.0000
23623,3,0,8,0.0000
23624,3,0,4,0.0000
23625,3,0,8,0.0000
23626,2,0,35,0.0000
23627,1,0,7,0.0000
23628,2,1,1,0.5000
23629,3,0,24,0.0000
23630,3,1,2,0.3333
23632,3,0,15,0.0000
23633,2,0,3,0.0000
23634,3,0,4,0.0000
23635,2,0,2,0.0000
23636,2,0,3,0.0000
23637,3,0,10,0.0000
23638,3,1,2,0.3333
23639,3,0,4,0.0000
23640,3,1,7,0.3333
23643,2,1,1,0.5000
23644,3,0,4,0.0000
23645,2,0,7,0.0000
23646,3,0,8,0.0000
23649,1,0,2,0.0000
23650,3,1,3,0.3333
23652,1,0,2,0.0000
23654,2,0,3,0.0000
23660,2,0,292,0.0000
23661,2,0,206,0.0000
23664,1,0,1,0.0000
23681,1,0,1271,0.0000
23691,1,0,875,0.0000
23692,1,0,50,0.0000
23694,1,0,274,0.0000
23695,1,0,495,0.0000
23697,1,0,358,0.0000
23702,2,0,4,0.0000
30086C,24,23,1,0.9583
35001B,24,21,17,0.8750
35001G,24,2,688,0.0833
35001P,24,23,2,0.9583
35001W,24,11,883,0.4583
35004B,24,0,1464,0.0000
35004C,24,8,3062,0.3333
35004G,24,2,334,0.0833
35004P,24,14,121,0.5833
35004S,24,23,146,0.9583
35015,24,14,2072,0.5833
35051B,24,23,14,0.9583
35071,24,23,50,0.9583
35085E,24,19,39,0.7917
35095A,24,0,1760,0.0000
35095B,24,0,1935,0.0000
35096A,24,20,765,0.8333
35096B,24,20,293,0.8333
35160,24,13,2180,0.5417
35233,24,19,10,0.7917
35240,19,12,49,0.6316
35241,24,6,309,0.2500
35265,19,9,21,0.4737
35271S,24,18,420,0.7500
35400,24,12,1435,0.5000
35443,24,14,16,0.5833
35471A,24,12,421,0.5000
35471D,24,0,2139,0.0000
35537,24,21,13,0.8750
35591T,15,9,17,0.6000
35594,24,14,165,0.5833
35596,14,13,29,0.9286
35597A,15,12,10,0.8000
35597B,24,18,78,0.7500
35597D,24,19,58,0.7917
35598A,24,22,10,0.9167
35598B,24,11,931,0.4583
35598C,24,22,3,0.9167
35598D,24,5,1679,0.2083
35599B,24,14,196,0.5833
35599D,24,9,365,0.3750
35600D,24,18,141,0.7500
35603B,24,23,50,0.9583
35603C,24,19,83,0.7917
35607A,24,14,554,0.5833
35607B,24,14,312,0.5833
35609A,24,17,447,0.7083
35610A,24,19,143,0.7917
35610B,24,18,179,0.7500
35610C,24,19,94,0.7917
35611B,24,22,62,0.9167
35633B,24,20,130,0.8333
35637A,24,4,551,0.1667
35637C,23,10,100,0.4348
35638A,23,17,39,0.7391
35638B,24,15,118,0.6250
35644,22,18,21,0.8182
35645,24,12,61,0.5000
35646,24,8,627,0.3333
35647,24,10,563,0.4167
35648,24,7,1029,0.2917
35649,24,9,1821,0.3750
35650,18,15,3,0.8333
35651,24,11,459,0.4583
35652,24,22,18,0.9167
35653,24,4,311,0.1667
35654,23,18,12,0.7826
35751C,24,23,31,0.9583
35751D,24,23,28,0.9583
35793,24,23,108,0.9583
35809A,24,5,1147,0.2083
35809B,24,14,104,0.5833
35810A,24,1,1205,0.0417
35810B,24,5,325,0.2083
35811A,24,13,434,0.5417
35815B,24,23,95,0.9583
35815P,14,9,168,0.6429
35816B,24,21,139,0.8750
35816P,22,17,297,0.7727
35817B,24,22,143,0.9167
35817P,19,11,420,0.5789
35818B,20,12,408,0.6000
35818C,24,23,1,0.9583
35818P,19,8,557,0.4211
35819B,24,12,385,0.5000
35819P,3,0,95,0.0000
35821B,24,22,150,0.9167
35821P,24,23,2,0.9583
35822B,23,22,229,0.9565
35822P,23,22,114,0.9565
35823P,22,20,2,0.9091
35824B,24,20,528,0.8333
35824C,24,21,235,0.8750
35824P,21,19,324,0.9048
35832,24,15,1737,0.6250
35833G,24,17,134,0.7083
35833P,24,12,185,0.5000
35837,24,23,2,0.9583
35838A,24,20,180,0.8333
35838B,24,20,100,0.8333
35840,24,23,45,0.9583
35909A,22,17,20,0.7727
35909B,24,18,16,0.7500
35910A,24,15,53,0.6250
35910B,23,19,29,0.8261
35911A,24,5,388,0.2083
35911B,24,15,159,0.6250
35912B,23,11,288,0.4783
35913B,23,12,100,0.5217
35914,24,11,243,0.4583
35915A,24,23,288,0.9583
35915B,24,12,563,0.5000
35915C,24,10,662,0.4167
35916A,24,6,129,0.2500
35916B,24,8,132,0.3333
35916C,24,9,157,0.3750
35918B,24,22,10,0.9167
35920,23,16,1070,0.6957
35921,23,14,183,0.6087
35922,24,13,97,0.5417
35923,24,1,1521,0.0417
35924,24,0,2163,0.0000
35930,24,23,1,0.9583
35931,24,18,156,0.7500
35932,24,18,37,0.7500
35933,24,13,319,0.5417
35936,24,19,36,0.7917
35937,24,19,188,0.7917
35945,24,23,1,0.9583
35950,21,20,1,0.9524
35951,24,12,1352,0.5000
35953,24,12,3478,0.5000
35954,24,10,2181,0.4167
35955,24,22,135,0.9167
35957,24,12,3565,0.5000
35958,24,15,1131,0.6250
35961,24,0,11356,0.0000
35962,24,16,581,0.6667
35963,24,15,101,0.6250
35964,24,11,1104,0.4583
35965,24,1,629,0.0417
35966,24,16,255,0.6667
35967,24,6,890,0.2500
35968,24,6,761,0.2500
35969,24,13,523,0.5417
35970,21,1,7984,0.0476
35971,24,0,1957,0.0000
35972,24,3,440,0.1250
35973,24,21,49,0.8750
35974,24,23,1,0.9583
35976B,24,23,1,0.9583
35979,24,21,94,0.8750
35980B,24,22,4,0.9167
35980C,24,15,377,0.6250
35981C,24,17,589,0.7083
35991,24,15,402,0.6250
35995,24,23,5,0.9583
35999,24,23,1,0.9583
37112,24,21,10,0.8750
37326,23,21,2,0.9130
37327,24,7,1739,0.2917
37330,23,12,517,0.5217
37333,24,8,145,0.3333
37340,24,0,13625,0.0000
37342,24,5,1629,0.2083
37343,24,9,1110,0.3750
37345,24,22,321,0.9167
37348,24,20,14,0.8333
37351,24,15,5404,0.6250
37352,24,17,4643,0.7083
37370,24,2,7145,0.0833
37379A,24,18,41,0.7500
37379B,21,20,1122,0.9524
37399,24,23,143,0.9583
37408,24,23,5,0.9583
37409,23,20,7,0.8696
37410,24,19,25707,0.7917
37413,10,0,675,0.0000
37422,24,18,434,0.7500
37423,24,11,6168,0.4583
37424,24,12,5249,0.5000
37432,24,23,6,0.9583
37438,24,23,1,0.9583
37441,24,16,700,0.6667
37444A,24,5,2709,0.2083
37444B,24,11,2010,0.4583
37444C,24,9,1654,0.3750
37446,24,4,3659,0.1667
37447,24,0,2866,0.0000
37448,24,0,4512,0.0000
37449,24,2,2379,0.0833
37450,24,0,2440,0.0000
37451,22,21,1,0.9545
37461,24,11,742,0.4583
37462B,24,16,170,0.6667
37462E,23,7,106,0.3043
37464,24,11,316,0.4583
37467,24,5,273,0.2083
37468,24,16,65,0.6667
37471,24,15,1405,0.6250
37474,24,12,63,0.5000
37475,24,2,115,0.0833
37476,24,3,209,0.1250
37477B,24,18,11,0.7500
37477C,13,12,6,0.9231
37479B,23,8,1253,0.3478
37479P,18,5,170,0.2778
37481,18,17,6,0.9444
37482B,24,18,1252,0.7500
37482P,24,8,669,0.3333
37483,19,17,143,0.8947
37484,24,23,1,0.9583
37485,24,21,49,0.8750
37487B,8,7,68,0.8750
37488A,22,18,31,0.8182
37489A,24,8,46,0.3333
37489B,22,10,38,0.4545
37489C,24,15,27,0.6250
37489D,23,10,44,0.4348
37491A,24,13,18,0.5417
37491B,23,18,14,0.7826
37491C,24,17,58,0.7083
37491D,23,14,26,0.6087
37492A,24,23,108,0.9583
37492B,24,14,489,0.5833
37492C,24,18,242,0.7500
37492D,24,18,361,0.7500
37494A,24,20,241,0.8333
37495,24,0,1556,0.0000
37500,24,0,866,0.0000
37501,24,3,481,0.1250
37502,24,16,868,0.6667
37503,24,15,2465,0.6250
37506,24,15,32,0.6250
37508,24,15,89,0.6250
37509,21,13,28,0.6190
40001,24,0,2484,0.0000
40002,24,23,78,0.9583
40003,24,6,1150,0.2500
40005B,21,11,33,0.5238
40016,24,2,15435,0.0833
40018E,24,17,384,0.7083
40018F,24,14,1092,0.5833
40046A,24,8,355,0.3333
40046C,24,23,3,0.9583
44089A,22,13,40,0.5909
44089C,22,13,68,0.5909
44091A,21,17,18,0.8095
44091C,24,15,61,0.6250
44092B,17,11,15,0.6471
44092C,24,17,23,0.7083
44217M,22,21,72,0.9545
44228,13,10,48,0.7692
44230,24,14,347,0.5833
44234,24,2,1209,0.0833
44235,23,9,813,0.3913
44236,23,15,64,0.6522
44241C,23,18,70,0.7826
44242A,21,19,14,0.9048
44242B,24,17,109,0.7083
44265,24,20,8,0.8333
45008C,24,16,83,0.6667
45013,19,13,48,0.6842
45014,17,16,1,0.9412
45016,24,14,101,0.5833
46000M,24,0,2491,0.0000
46000P,24,9,213,0.3750
46000R,23,3,241,0.1304
46000S,24,0,3436,0.0000
46000U,24,3,241,0.1250
46037A,19,17,6,0.8947
46115B,19,10,286,0.5263
46118,24,4,365,0.1667
46126A,24,9,317,0.3750
46137D,23,20,45,0.8696
46138B,24,9,71,0.3750
46138D,21,20,1,0.9524
46307,24,17,51,0.7083
46775A,24,21,83,0.8750
46775B,24,23,5,0.9583
46775D,24,0,151,0.0000
46775E,24,17,101,0.7083
46776A,24,0,391,0.0000
46776B,24,0,413,0.0000
46776C,24,4,243,0.1667
46776D,24,2,136,0.0833
46776E,23,1,201,0.0435
46776F,24,0,472,0.0000
47013A,24,14,141,0.5833
47013C,24,12,147,0.5000
47016,24,20,31,0.8333
47021G,24,5,713,0.2083
47310M,24,0,711,0.0000
47341A,15,9,29,0.6000
47341B,24,15,48,0.6250
47343A,24,12,200,0.5000
47344B,24,16,54,0.6667
47347B,24,20,240,0.8333
47348A,20,11,103,0.5500
47351B,24,11,98,0.4583
47367B,24,2,242,0.0833
47369A,21,11,47,0.5238
47369B,24,13,53,0.5417
47420,24,7,357,0.2917
47421,22,2,1437,0.0909
47422,22,1,1176,0.0455
47469,23,7,1218,0.3043
47471,24,2,422,0.0833
47480,24,0,1525,0.0000
47481,24,3,326,0.1250
47502,24,14,640,0.5833
47503A,24,3,2853,0.1250
47503E,24,17,6842,0.7083
47503F,24,21,2567,0.8750
47503G,24,20,284,0.8333
47503H,24,2,159,0.0833
47503J,24,12,344,0.5000
47503K,24,17,3177,0.7083
47504E,24,13,4387,0.5417
47504F,24,21,527,0.8750
47504G,24,18,266,0.7500
47504H,24,0,927,0.0000
47504J,24,23,5,0.9583
47504K,24,0,2654,0.0000
47505,24,18,737,0.7500
47518F,24,5,912,0.2083
47552A,24,18,12,0.7500
47554,24,23,1,0.9583
47556,24,23,1,0.9583
47556B,24,10,5205,0.4167
47559B,24,0,5190,0.0000
47562,24,20,104,0.8333
47563A,24,1,319,0.0417
47563B,22,18,8,0.8182
47566,24,0,28064,0.0000
47566B,24,1,6012,0.0417
47567B,24,0,2155,0.0000
47568,24,15,2384,0.6250
47569,24,23,1,0.9583
47570,24,19,220,0.7917
47570B,24,8,981,0.3333
47574A,24,6,573,0.2500
47574B,23,12,49,0.5217
47578A,24,2,286,0.0833
47579,24,12,185,0.5000
47580,24,0,1658,0.0000
47581B,24,18,46,0.7500
47583A,23,21,71,0.9130
47583B,24,22,27,0.9167
47585A,24,0,1080,0.0000
47586A,24,8,200,0.3333
47587A,24,19,2706,0.7917
47589,24,10,183,0.4167
47590A,24,1,4747,0.0417
47590B,24,0,5735,0.0000
47591A,24,15,163,0.6250
47591B,24,9,1061,0.3750
47591C,24,15,1055,0.6250
47591D,24,0,9549,0.0000
47592A,24,14,331,0.5833
47592B,24,16,67,0.6667
47593A,24,8,304,0.3333
47593B,24,0,2134,0.0000
47594A,24,4,345,0.1667
47594B,24,0,408,0.0000
47597,24,16,322,0.6667
47598,24,17,138,0.7083
47599A,24,1,5955,0.0417
47599B,23,0,3480,0.0000
48103,24,17,35,0.7083
48111,24,0,4233,0.0000
48116,24,0,3434,0.0000
48129,24,0,3105,0.0000
48138,24,0,10002,0.0000
48173A,23,22,1,0.9565
48173C,24,0,4140,0.0000
48175,24,23,39,0.9583
48179,24,23,34,0.9583
48184,24,0,4667,0.0000
48185,24,0,6809,0.0000
48187,24,0,7272,0.0000
48188,24,0,4871,0.0000
48189,24,7,1321,0.2917
48194,24,0,7696,0.0000
48195,24,16,269,0.6667
48197,24,16,898,0.6667
51008,24,6,2604,0.2500
51012C,24,21,171,0.8750
51012L,24,23,10,0.9583
51014A,24,0,6522,0.0000
51014C,24,0,4193,0.0000
51014L,24,1,3385,0.0417
51020A,24,7,1303,0.2917
51020B,24,8,1084,0.3333
62018,24,0,9357,0.0000
62043B,20,15,54,0.7500
62074B,24,13,38,0.5417
62086A,21,9,113,0.4286
62094B,23,9,305,0.3913
62095B,22,15,292,0.6818
62096A,23,9,383,0.3913
62096B,24,11,257,0.4583
62097A,24,21,3,0.8750
62097B,18,15,11,0.8333
70006,24,2,4351,0.0833
70007,24,6,1257,0.2500
71028B,24,22,494,0.9167
71038,24,1,717,0.0417
71050,18,13,45,0.7222
71053,24,0,4752,0.0000
71101A,24,23,6,0.9583
71101E,24,4,777,0.1667
71143,24,5,349,0.2083
71215,24,16,177,0.6667
71270,24,1,367,0.0417
71279,24,1,293,0.0417
71403,24,1,176,0.0417
71406C,24,6,210,0.2500
71434B,23,21,2,0.9130
71459,24,0,32885,0.0000
71477,24,1,14609,0.0417
71495A,22,10,225,0.4545
71495B,23,9,294,0.3913
71496A,21,8,244,0.3810
71496B,20,15,15,0.7500
71510,24,12,177,0.5000
72008,24,12,3819,0.5000
72023F,24,17,640,0.7083
72024U,24,15,220,0.6250
72038P,24,17,1050,0.7083
72045D,24,21,539,0.8750
72051S,24,8,300,0.3333
72083A,22,20,24,0.9091
72084B,21,20,2,0.9524
72122,24,0,565,0.0000
72127,24,3,366,0.1250
72128,24,2,712,0.0833
72129,24,15,74,0.6250
72130,24,3,753,0.1250
72131,24,6,748,0.2500
72132,24,10,549,0.4167
72133,24,8,101,0.3333
72134,24,8,335,0.3333
72140E,24,10,218,0.4167
72140F,24,17,175,0.7083
72225C,24,4,1926,0.1667
72225D,24,19,962,0.7917
72232,24,0,6124,0.0000
72267,24,20,265,0.8333
72349B,24,0,2120,0.0000
72351A,24,0,3745,0.0000
72351B,24,0,5753,0.0000
72369A,24,11,67,0.4583
72484,24,20,1818,0.8333
72487,24,23,827,0.9583
72529W,24,18,465,0.7500
72586,24,1,2302,0.0417
72598,24,0,1196,0.0000
72606A,23,15,226,0.6522
72708,24,21,44,0.8750
72709,20,9,74,0.4500
72715,22,16,88,0.7273
72724,24,23,36,0.9583
72728,24,15,643,0.6250
72739B,24,22,394,0.9167
72739C,24,22,326,0.9167
72740A,24,22,65,0.9167
72740B,23,22,1,0.9565
72741,24,0,19610,0.0000
72750A,24,19,383,0.7917
72750B,24,13,496,0.5417
72750C,24,21,232,0.8750
72750D,24,22,110,0.9167
72751A,24,23,1,0.9583
72751B,24,23,1,0.9583
72751C,22,21,1,0.9545
72752A,24,23,1,0.9583
72752B,24,23,3,0.9583
72753A,24,22,315,0.9167
72753B,24,20,445,0.8333
72753C,24,22,43,0.9167
72753D,24,22,144,0.9167
72754A,24,21,292,0.8750
72754B,24,22,170,0.9167
72754D,24,23,1,0.9583
72755C,24,20,592,0.8333
72755D,24,20,533,0.8333
72756,24,21,4012,0.8750
72760B,24,2,1686,0.0833
72771B,24,23,117,0.9583
72771C,24,23,54,0.9583
72772,24,22,457,0.9167
72779,24,18,48,0.7500
72780,24,2,508,0.0833
72781,24,16,121,0.6667
72783,24,17,39,0.7083
72785A,24,21,8,0.8750
72785B,24,22,9,0.9167
72789,24,16,122,0.6667
72793,24,18,55,0.7500
72796A,24,20,11,0.8333
72796B,24,18,27,0.7500
72796C,23,22,1,0.9565
72798C,24,14,28,0.5833
72799A,24,17,612,0.7083
72799B,24,22,322,0.9167
72799C,24,9,412,0.3750
72799D,24,15,78,0.6250
72799E,24,1,1024,0.0417
72799F,24,3,1125,0.1250
72800A,24,18,674,0.7500
72800B,24,2,936,0.0833
72800C,24,3,611,0.1250
72800D,24,1,631,0.0417
72800E,24,0,1281,0.0000
72800F,24,12,822,0.5000
72801C,24,2,763,0.0833
72801D,24,0,645,0.0000
72801E,24,15,776,0.6250
72801F,24,22,234,0.9167
72801G,24,6,1333,0.2500
72802A,24,0,905,0.0000
72802B,24,0,1559,0.0000
72802C,24,0,2185,0.0000
72803A,24,2,724,0.0833
72803B,24,12,93,0.5000
72805,24,21,10,0.8750
72807A,24,0,933,0.0000
72807B,24,0,1085,0.0000
72807C,24,0,2043,0.0000
72811,24,11,443,0.4583
72812,24,9,103,0.3750
72814,24,17,266,0.7083
72815,24,16,282,0.6667
72816,24,10,1344,0.4167
72817,24,8,1553,0.3333
72818,24,12,2394,0.5000
72819,24,1,630,0.0417
72821,23,16,61,0.6957
75011,24,13,181,0.5417
75013B,24,11,390,0.4583
75049L,24,3,13960,0.1250
75131,24,7,1217,0.2917
75149N,24,18,272,0.7500
75172,18,11,97,0.6111
75178,22,8,496,0.3636
77079,21,16,64,0.7619
77081,24,15,242,0.6250
77101A,24,8,1082,0.3333
78026,23,21,12,0.9130
78027,23,18,6,0.7826
78033,23,12,76,0.5217
78034B,18,10,15,0.5556
78056,24,23,3,0.9583
78124,24,8,730,0.3333
79000,24,2,11973,0.0833
79026B,24,13,69,0.5417
79029,24,15,2944,0.6250
79030A,24,20,171,0.8333
79030D,24,4,1009,0.1667
79030G,24,5,1751,0.2083
79051A,24,5,885,0.2083
79062D,10,7,52,0.7000
79063C,9,2,234,0.2222
79063D,10,4,189,0.4000
79065A,24,23,4,0.9583
79066K,24,0,1394,0.0000
79067,24,11,1615,0.4583
79070B,24,23,1,0.9583
79071B,22,6,142,0.2727
79072,24,20,284,0.8333
79140,22,20,15,0.9091
79144B,24,1,340,0.0417
79144C,24,1,300,0.0417
79149B,24,15,28,0.6250
79151B,12,10,11,0.8333
79157B,22,20,4,0.9091
79157V,2,0,5,0.0000
79160,24,1,936,0.0417
79161A,21,13,51,0.6190
79163,24,4,1833,0.1667
79164,24,4,3653,0.1667
79172D,21,17,24,0.8095
79190A,24,0,751,0.0000
79190B,24,0,1440,0.0000
79190D,24,0,626,0.0000
79191B,24,1,465,0.0417
79191C,24,0,1583,0.0000
79191D,24,5,134,0.2083
79192A,24,11,114,0.4583
79301,23,22,1,0.9565
79302M,24,1,598,0.0417
79303A,23,22,2,0.9565
79303B,24,18,109,0.7500
79303D,24,18,78,0.7500
79308B,18,17,144,0.9444
79315W,24,17,199,0.7083
79320,24,14,904,0.5833
79321,24,0,15379,0.0000
79323B,24,17,242,0.7083
79323G,24,19,314,0.7917
79323GR,24,19,532,0.7917
79323LP,24,17,1433,0.7083
79323P,24,17,2281,0.7083
79323S,24,18,334,0.7500
79323W,24,15,3004,0.6250
79328,24,19,594,0.7917
79329,24,19,100,0.7917
79331,22,14,60,0.6364
79336,24,12,840,0.5000
79337,23,7,1194,0.3043
79338,24,20,553,0.8333
79341,24,19,725,0.7917
79342B,24,19,120,0.7917
79403,24,6,215,0.2500
79406,24,8,256,0.3333
79413,24,20,30,0.8333
79532,18,13,97,0.7222
79534,24,15,116,0.6250
81950B,24,10,216,0.4167
81950V,24,16,32,0.6667
81952B,23,16,254,0.6957
81952V,24,8,464,0.3333
81953B,19,15,14,0.7895
81953P,22,18,33,0.8182
81985A,24,18,23,0.7500
82001S,24,0,3016,0.0000
82011A,22,4,59,0.1818
82011B,24,3,93,0.1250
82011C,24,5,131,0.2083
82011E,22,21,2,0.9545
82069,24,18,17,0.7500
82072,22,19,5,0.8636
82076,24,22,290,0.9167
82081,24,21,174,0.8750
82093,24,22,139,0.9167
82095,24,7,100,0.2917
82482,24,2,16765,0.0833
82483,24,1,4766,0.0417
82484,20,0,9441,0.0000
82486,24,0,4637,0.0000
82494L,24,0,15449,0.0000
82545A,23,16,31,0.6957
82551,24,0,5602,0.0000
82552,24,0,6894,0.0000
82553,24,21,114,0.8750
82567,24,0,1151,0.0000
82578,24,0,5295,0.0000
82580,24,0,13051,0.0000
82581,24,0,8276,0.0000
82582,24,1,7272,0.0417
82583,24,0,12567,0.0000
82585,24,20,164,0.8333
82587,24,18,128,0.7500
82597,24,12,1210,0.5000
82599,24,6,2505,0.2500
82600,24,0,12281,0.0000
82605,24,10,268,0.4167
82607A,24,13,663,0.5417
82607C,24,20,115,0.8333
82607E,24,17,101,0.7083
82613A,24,4,495,0.1667
82613B,24,0,908,0.0000
82613C,24,0,782,0.0000
82613D,24,0,1185,0.0000
82615,24,11,582,0.4583
82616A,24,14,316,0.5833
82616B,24,4,596,0.1667
82616C,24,2,615,0.0833
84006,24,0,1780,0.0000
84007,24,13,157,0.5417
84012,24,1,1714,0.0417
84016,24,15,1004,0.6250
84029C,24,22,205,0.9167
84029D,24,21,51,0.8750
84029E,24,0,10227,0.0000
84029G,24,0,6550,0.0000
84030B,23,20,6,0.8696
84030C,24,21,53,0.8750
84030E,24,4,2150,0.1667
84031A,24,1,991,0.0417
84031B,24,2,806,0.0833
84032A,24,0,3082,0.0000
84032B,24,0,2967,0.0000
84033,23,10,392,0.4348
84050,24,0,9853,0.0000
84051,24,5,722,0.2083
84077,24,0,104772,0.0000
84078A,24,0,1124,0.0000
84081,24,17,100,0.7083
84086B,19,10,23,0.5263
84086C,24,2,297,0.0833
84192,22,6,221,0.2727
84199,24,4,549,0.1667
84201B,24,18,39,0.7500
84201C,16,14,10,0.8750
84205C,21,20,2,0.9524
84206A,24,18,79,0.7500
84206B,16,14,9,0.8750
84206C,24,20,10,0.8333
84212,24,0,24746,0.0000
84218,23,15,261,0.6522
84219,23,20,137,0.8696
84226,22,14,77,0.6364
84227,22,18,112,0.8182
84228,24,14,354,0.5833
84231,23,15,230,0.6522
84247C,24,20,72,0.8333
84247E,18,6,373,0.3333
84247G,24,4,1414,0.1667
84247H,24,17,42,0.7083
84247J,24,23,10,0.9583
84247K,24,7,75,0.2917
84247L,24,8,1137,0.3333
84247N,23,3,113,0.1304
84249A,22,6,251,0.2727
84249D,24,15,823,0.6250
84250M,24,17,28,0.7083
84251B,21,4,319,0.1905
84251C,24,7,247,0.2917
84251F,24,14,341,0.5833
84251G,24,3,436,0.1250
84251J,24,19,74,0.7917
84255A,24,22,2,0.9167
84255B,24,20,65,0.8333
84270,24,11,22936,0.4583
84279B,24,12,808,0.5000
84279P,24,0,1139,0.0000
84288B,24,17,61,0.7083
84292,24,18,44,0.7500
84292B,23,19,8,0.8261
84306,24,13,48,0.5417
84311,22,21,11,0.9545
84313A,24,15,38,0.6250
84313B,24,7,227,0.2917
84313C,23,6,548,0.2609
84327A,24,15,959,0.6250
84340,24,23,21,0.9583
84341B,24,9,1757,0.3750
84347,24,1,30518,0.0417
84352,24,10,206,0.4167
84356,24,1,730,0.0417
84358,24,6,121,0.2500
84360,24,4,177,0.1667
84366,22,20,3,0.9091
84367,24,18,74,0.7500
84371,24,22,30,0.9167
84375,24,0,7422,0.0000
84378,24,0,11455,0.0000
84380,24,0,10232,0.0000
84387A,5,4,11,0.8000
84388,24,17,70,0.7083
84396,24,21,552,0.8750
84402B,13,11,62,0.8462
84402D,24,20,373,0.8333
84405A,24,13,129,0.5417
84406B,24,0,7100,0.0000
84414B,24,21,78,0.8750
84415A,24,20,27,0.8333
84415B,24,17,24,0.7083
84422,24,5,782,0.2083
84424A,18,13,23,0.7222
84425A,24,20,18,0.8333
84427B,24,21,17,0.8750
84429A,24,5,107,0.2083
84437A,23,19,106,0.8261
84447,23,20,69,0.8696
84450A,24,21,52,0.8750
84450B,24,19,139,0.7917
84452,24,15,198,0.6250
84454,24,19,93,0.7917
84455,23,19,85,0.8261
84456,24,18,37,0.7500
84457,23,11,291,0.4783
84458,23,20,124,0.8696
84459A,24,2,1263,0.0833
84459B,24,7,1475,0.2917
84461,23,16,99,0.6957
84462,22,16,100,0.7273
84464,23,21,82,0.9130
84465,22,14,32,0.6364
84466,24,13,1256,0.5417
84467,24,17,816,0.7083
84469,24,20,664,0.8333
84472,24,18,87,0.7500
84482,24,14,75,0.5833
84493,18,14,1142,0.7778
84497,24,10,97,0.4167
84499,24,11,326,0.4583
84507B,24,3,1349,0.1250
84507C,24,3,433,0.1250
84508A,24,2,3809,0.0833
84508B,24,1,169,0.0417
84508C,24,3,103,0.1250
84509A,24,0,1617,0.0000
84509B,24,0,645,0.0000
84509C,24,0,338,0.0000
84509E,23,8,149,0.3478
84509F,24,12,2781,0.5000
84509G,24,1,782,0.0417
84510A,24,0,2416,0.0000
84510B,24,15,1172,0.6250
84510C,24,0,324,0.0000
84510E,23,2,157,0.0870
84510F,24,14,1099,0.5833
84519A,24,0,1187,0.0000
84519B,24,0,853,0.0000
84520B,24,8,7500,0.3333
84520D,24,21,699,0.8750
84522,24,7,186,0.2917
84526,24,12,538,0.5000
84527,21,8,77,0.3810
84529A,24,19,50,0.7917
84529B,22,19,13,0.8636
84529C,24,18,78,0.7500
84531A,24,11,191,0.4583
84531B,24,10,194,0.4167
84532B,24,20,54,0.8333
84533B,24,20,59,0.8333
84534B,24,10,823,0.4167
84535A,24,18,607,0.7500
84535B,24,0,2679,0.0000
84536A,24,0,4993,0.0000
84536B,24,0,3505,0.0000
84537B,24,20,117,0.8333
84539,24,15,55,0.6250
84546,21,18,21,0.8571
84548,24,15,48,0.6250
84549,24,12,75,0.5000
84550,24,19,15,0.7917
84551,24,18,39,0.7500
84555A,22,17,47,0.7727
84558A,24,1,1278,0.0417
84559A,24,0,1368,0.0000
84559B,24,0,1231,0.0000
84559D,24,14,149,0.5833
84562A,24,11,169,0.4583
84562B,24,22,10,0.9167
84563A,24,6,139,0.2500
84563B,24,8,128,0.3333
84564,24,18,21,0.7500
84567,23,22,9,0.9565
84568,24,0,36920,0.0000
84569A,24,1,560,0.0417
84569B,24,8,433,0.3333
84569C,24,11,415,0.4583
84569D,24,0,1022,0.0000
84570B,24,22,4,0.9167
84572,24,23,1,0.9583
84575A,22,12,24,0.5455
84575B,24,21,4,0.8750
84576,24,12,96,0.5000
84578,24,19,222,0.7917
84580,24,0,1040,0.0000
84581,24,0,500,0.0000
84582,24,20,14,0.8333
84584,24,5,282,0.2083
84586L,24,22,15,0.9167
84592,24,5,173,0.2083
84593,24,19,25,0.7917
84595B,24,17,230,0.7083
84595E,24,5,367,0.2083
84596B,24,0,6088,0.0000
84596E,24,7,1154,0.2917
84596F,24,0,4596,0.0000
84596G,24,0,2199,0.0000
84596I,22,19,72,0.8636
84596J,24,6,812,0.2500
84596K,24,12,428,0.5000
84596L,24,2,1537,0.0833
84597B,24,11,205,0.4583
84597C,24,6,364,0.2500
84598,24,0,20751,0.0000
84599,23,19,15,0.8261
84600,24,4,102,0.1667
84601A,24,16,260,0.6667
84608,24,22,6,0.9167
84609,24,7,139,0.2917
84611B,23,19,7,0.8261
84612B,23,20,20,0.8696
84613A,22,13,22,0.5909
84613C,21,13,62,0.6190
84614A,22,13,17,0.5909
84614C,23,22,3,0.9565
84615,24,19,240,0.7917
84616,24,10,72,0.4167
84617,24,18,11,0.7500
84619,24,20,72,0.8333
84620,24,11,121,0.4583
84621,24,19,29,0.7917
84622,24,21,23,0.8750
84623,24,20,56,0.8333
84625A,24,2,814,0.0833
84625B,24,20,180,0.8333
84625C,24,4,770,0.1667
84625D,24,12,650,0.5000
84626,24,23,1,0.9583
84627,24,16,50,0.6667
84629,22,16,24,0.7273
84630,23,22,2,0.9565
84631,24,9,288,0.3750
84632,21,14,15,0.6667
84637,24,3,585,0.1250
84638,24,4,400,0.1667
84648,24,23,1,0.9583
84653,23,20,14,0.8696
84656,24,18,22,0.7500
84657,24,19,246,0.7917
84658,24,4,208,0.1667
84659A,24,0,588,0.0000
84660A,24,7,867,0.2917
84660B,24,4,752,0.1667
84660C,24,3,756,0.1250
84661A,24,7,160,0.2917
84661B,24,6,227,0.2500
84661C,24,13,101,0.5417
84663A,24,3,373,0.1250
84664,24,16,193,0.6667
84665,24,7,226,0.2917
84666,24,14,226,0.5833
84670,24,12,5196,0.5000
84671B,24,22,109,0.9167
84673A,24,3,500,0.1250
84673B,24,1,502,0.0417
84674,24,0,458,0.0000
84675,24,11,206,0.4583
84676,24,15,848,0.6250
84678,24,8,565,0.3333
84679,21,19,10,0.9048
84680,24,17,94,0.7083
84682,24,14,295,0.5833
84683,24,9,537,0.3750
84684,24,18,609,0.7500
84685,24,8,435,0.3333
84686,24,8,389,0.3333
84687,24,3,314,0.1250
84688,24,7,422,0.2917
84689,24,10,312,0.4167
84690,24,17,27,0.7083
84691,24,9,2747,0.3750
84692,24,0,18866,0.0000
84705A,24,19,14,0.7917
84705B,24,23,86,0.9583
84705C,24,18,162,0.7500
84705D,24,18,22,0.7500
84705F,24,21,8,0.8750
84706A,24,21,137,0.8750
84706B,24,21,20,0.8750
84706C,24,22,84,0.9167
84706D,24,13,219,0.5417
84706F,24,13,34,0.5417
84707A,24,3,93,0.1250
84707B,24,7,64,0.2917
84708B,24,3,137,0.1250
84709A,19,13,23,0.6842
84709B,24,6,176,0.2500
84711A,24,9,41,0.3750
84711B,24,7,38,0.2917
84712B,24,3,98,0.1250
84715,24,9,241,0.3750
84720,21,20,35,0.9524
84721,24,23,20,0.9583
84723,22,13,54,0.5909
84725,24,11,134,0.4583
84726,21,18,233,0.8571
84731,20,17,3,0.8500
84732B,24,18,28,0.7500
84732D,24,20,15,0.8333
84741C,24,12,185,0.5000
84743C,21,18,9,0.8571
84744,24,8,149,0.3333
84745A,24,14,72,0.5833
84745B,24,12,83,0.5000
84746,24,17,23,0.7083
84748,24,4,1170,0.1667
84750A,24,15,544,0.6250
84750B,24,8,609,0.3333
84751B,22,11,38,0.5000
84753A,24,21,97,0.8750
84754,24,6,2083,0.2500
84755,24,0,40275,0.0000
84757,19,17,5,0.8947
84760L,19,18,560,0.9474
84760S,24,7,222,0.2917
84761,24,14,276,0.5833
84762A,24,17,59,0.7083
84762B,24,16,113,0.6667
84762C,24,18,105,0.7500
84763,24,6,1517,0.2500
84765,24,21,9,0.8750
84766,23,10,200,0.4348
84767,24,21,195,0.8750
84770,22,19,135,0.8636
84773,24,12,190,0.5000
84782A,24,18,119,0.7500
84782B,24,19,10,0.7917
84782C,24,16,74,0.6667
84789,24,5,445,0.2083
84791,24,16,334,0.6667
84792,24,0,2276,0.0000
84795A,24,16,208,0.6667
84795B,24,3,317,0.1250
84795C,24,14,325,0.5833
84795D,24,16,189,0.6667
84795E,24,19,10,0.7917
84796A,24,7,310,0.2917
84796B,24,5,602,0.2083
84797A,24,18,499,0.7500
84797B,24,19,344,0.7917
84798A,23,15,195,0.6522
84798B,23,17,326,0.7391
84798C,23,21,16,0.9130
84799,23,7,678,0.3043
84800L,23,6,650,0.2609
84800M,23,9,250,0.3913
84800S,22,11,388,0.5000
84801A,23,11,272,0.4783
84801B,24,11,214,0.4583
84802A,24,12,185,0.5000
84802B,24,14,411,0.5833
84803A,23,13,112,0.5652
84803B,22,16,42,0.7273
84804A,23,11,206,0.4783
84804B,23,12,307,0.5217
84805A,21,16,123,0.7619
84805B,23,17,304,0.7391
84806A,23,10,223,0.4348
84806B,21,6,426,0.2857
84807,23,19,233,0.8261
84809A,23,10,276,0.4348
84809B,23,17,296,0.7391
84813,24,4,393,0.1667
84814A,21,20,1,0.9524
84814B,24,23,7,0.9583
84815,24,17,926,0.7083
84816,24,9,33,0.3750
84817,22,1,848,0.0455
84818,24,1,1788,0.0417
84819,24,2,690,0.0833
84820,23,3,271,0.1304
84821,24,2,1266,0.0833
84823,20,13,120,0.6500
84824,24,13,38,0.5417
84826,24,4,1642,0.1667
84827,24,11,956,0.4583
84828,24,0,2471,0.0000
84830,24,20,113,0.8333
84832,24,0,6625,0.0000
84836,24,0,19778,0.0000
84837,24,15,251,0.6250
84838,24,22,50,0.9167
84839,24,13,1523,0.5417
84840,19,9,282,0.4737
84842,24,9,1505,0.3750
84843,24,0,276,0.0000
84845A,24,23,1,0.9583
84845C,24,17,42,0.7083
84845D,24,19,41,0.7917
84846A,24,8,251,0.3333
84847,24,5,2330,0.2083
84849A,24,1,470,0.0417
84849B,24,4,1936,0.1667
84849D,23,0,1556,0.0000
84854,24,12,381,0.5000
84855,24,19,36,0.7917
84856L,24,10,238,0.4167
84856S,24,15,467,0.6250
84857A,22,20,8,0.9091
84857B,5,4,24,0.8000
84857C,18,10,197,0.5556
84858A,24,19,53,0.7917
84858B,20,17,326,0.8500
84858C,24,11,347,0.4583
84859A,24,5,291,0.2083
84859B,22,11,281,0.5000
84859C,24,12,303,0.5000
84864A,22,19,7,0.8636
84865,24,7,77,0.2917
84867A,23,20,17,0.8696
84867B,23,22,2,0.9565
84868A,23,22,2,0.9565
84868B,23,20,5,0.8696
84869,24,19,302,0.7917
84870B,24,8,90,0.3333
84870C,24,10,93,0.4167
84872A,24,7,235,0.2917
84873A,24,13,120,0.5417
84874B,24,7,86,0.2917
84875A,24,17,16,0.7083
84875B,20,10,372,0.5000
84875D,24,13,371,0.5417
84876B,24,12,344,0.5000
84876C,24,21,7,0.8750
84876D,24,8,331,0.3333
84877A,24,15,74,0.6250
84877B,24,8,291,0.3333
84877D,24,8,160,0.3333
84879,24,0,78752,0.0000
84880,24,0,1726,0.0000
84881,23,9,52,0.3913
84882,24,4,66,0.1667
84884A,24,0,1740,0.0000
84886,23,19,12,0.8261
84891B,19,15,11,0.7895
84893,24,20,33,0.8333
84898F,24,11,165,0.4583
84899E,24,18,53,0.7500
84899F,24,12,121,0.5000
84901,24,13,123,0.5417
84902,24,16,84,0.6667
84905,24,8,269,0.3333
84906,24,12,66,0.5000
84907,24,9,391,0.3750
84908A,22,12,432,0.5455
84908B,21,12,435,0.5714
84909A,24,20,209,0.8333
84910A,24,8,432,0.3333
84912A,24,2,1096,0.0833
84912B,24,2,1119,0.0833
84913A,24,2,608,0.0833
84913B,24,2,416,0.0833
84914A,19,17,6,0.8947
84915,21,6,230,0.2857
84916,24,8,261,0.3333
84917,23,9,229,0.3913
84918,24,14,208,0.5833
84919,24,8,291,0.3333
84920,24,3,198,0.1250
84921,24,13,27,0.5417
84922,24,15,341,0.6250
84923,22,1,223,0.0455
84924A,24,4,132,0.1667
84924D,24,13,764,0.5417
84924F,24,19,975,0.7917
84925A,24,20,179,0.8333
84925C,24,19,28,0.7917
84925D,24,10,452,0.4167
84925E,24,22,75,0.9167
84925F,23,8,714,0.3478
84926A,21,2,640,0.0952
84926B,24,20,54,0.8333
84926C,24,18,138,0.7500
84926D,24,6,744,0.2500
84926E,24,6,1053,0.2500
84926F,24,7,480,0.2917
84927A,22,5,226,0.2273
84927D,20,6,953,0.3000
84927E,22,9,494,0.4091
84927F,24,4,315,0.1667
84929,24,3,3096,0.1250
84931A,24,0,204,0.0000
84931B,24,0,273,0.0000
84932A,24,17,262,0.7083
84932B,24,19,189,0.7917
84932C,24,17,282,0.7083
84932D,24,19,239,0.7917
84933A,24,21,131,0.8750
84933B,24,22,136,0.9167
84933C,24,22,136,0.9167
84934,24,19,687,0.7917
84937,24,18,2542,0.7500
84942,24,22,3,0.9167
84944,24,5,1135,0.2083
84945,24,1,20909,0.0417
84946,24,0,36004,0.0000
84947,24,0,15216,0.0000
84948,24,18,273,0.7500
84949,24,0,11574,0.0000
84950,24,0,5957,0.0000
84951A,24,0,619,0.0000
84951B,24,2,547,0.0833
84952A,24,10,148,0.4167
84952B,24,9,363,0.3750
84952C,24,11,374,0.4583
84962,22,20,3,0.9091
84963A,22,14,23,0.6364
84963B,19,14,18,0.7368
84964A,22,20,11,0.9091
84964B,22,20,17,0.9091
84965A,22,19,20,0.8636
84965B,22,19,27,0.8636
84966A,23,19,13,0.8261
84966B,23,19,33,0.8261
84966C,15,13,23,0.8667
84967A,22,19,3,0.8636
84967B,23,16,24,0.6957
84967C,19,15,9,0.7895
84968A,24,0,534,0.0000
84968B,24,11,430,0.4583
84968C,24,0,637,0.0000
84968D,24,3,473,0.1250
84968E,24,2,399,0.0833
84968F,24,0,300,0.0000
84969,24,0,965,0.0000
84970L,24,0,17459,0.0000
84970S,24,0,26466,0.0000
84971L,24,18,587,0.7500
84971S,24,0,6408,0.0000
84972L,24,20,117,0.8333
84974,23,2,89,0.0870
84975,24,11,1990,0.4583
84976,24,2,657,0.0833
84977,24,11,223,0.4583
84978,24,0,21481,0.0000
84984A,23,13,266,0.5652
84984B,23,13,322,0.5652
84984C,24,18,232,0.7500
84984D,24,15,159,0.6250
84985A,24,8,654,0.3333
84985B,24,19,129,0.7917
84986B,24,13,438,0.5417
84987,24,0,8132,0.0000
84988,24,0,8281,0.0000
84989A,24,0,2193,0.0000
84989B,24,15,1019,0.6250
84990,24,10,4248,0.4167
84991,24,0,53892,0.0000
84992,24,0,34589,0.0000
84993A,24,0,1491,0.0000
84993B,24,6,571,0.2500
84997A,24,1,5200,0.0417
84997B,24,0,9664,0.0000
84997C,24,0,9033,0.0000
84997D,24,1,10886,0.0417
85006,24,11,3049,0.4583
85007,24,20,143,0.8333
85008,24,8,269,0.3333
85014A,24,0,4652,0.0000
85014B,24,0,6126,0.0000
85014C,24,17,547,0.7083
85014D,24,20,1918,0.8333
85015,24,0,2880,0.0000
85016,24,6,1679,0.2500
85017A,24,10,1157,0.4167
85017B,24,0,2231,0.0000
85017C,24,7,1087,0.2917
85018A,24,18,15,0.7500
85018B,24,18,15,0.7500
85018C,24,21,36,0.8750
85018D,24,14,787,0.5833
85019A,23,4,621,0.1739
85019B,21,5,716,0.2381
85019C,24,10,423,0.4167
85020,24,4,228,0.1667
85023A,24,19,22,0.7917
85023B,24,7,292,0.2917
85023C,23,17,23,0.7391
85024A,24,23,1,0.9583
85024B,23,9,217,0.3913
85024C,24,8,99,0.3333
85025B,24,1,566,0.0417
85025C,24,3,720,0.1250
85026B,24,7,298,0.2917
85027L,23,11,190,0.4783
85028L,24,15,271,0.6250
85028S,24,14,430,0.5833
85030,24,12,211,0.5000
85031A,24,9,477,0.3750
85031B,24,11,496,0.4583
85031C,24,11,481,0.4583
85032A,24,3,1423,0.1250
85032B,23,2,925,0.0870
85032C,24,2,844,0.0833
85032D,24,9,1148,0.3750
85033G,24,21,236,0.8750
85033S,24,20,258,0.8333
85034A,24,1,849,0.0417
85034B,24,6,1109,0.2500
85034C,24,3,1241,0.1250
85035A,24,2,649,0.0833
85035B,24,2,992,0.0833
85035C,24,2,1358,0.0833
85036A,24,1,621,0.0417
85036B,24,3,600,0.1250
85036C,24,1,878,0.0417
85038,24,0,2647,0.0000
85039A,24,0,1486,0.0000
85039B,24,0,1629,0.0000
85039C,24,3,534,0.1250
85040A,24,0,2094,0.0000
85040B,24,7,2458,0.2917
85041,24,16,1853,0.6667
85042,24,12,2685,0.5000
85043,23,22,1,0.9565
85044,24,17,149,0.7083
85045,24,12,471,0.5000
85047,24,11,1051,0.4583
85048,24,4,2630,0.1667
85049A,24,0,6406,0.0000
85049B,24,8,2130,0.3333
85049C,24,1,2963,0.0417
85049D,24,2,2332,0.0833
85049E,24,0,6508,0.0000
85049F,24,2,2110,0.0833
85049G,24,1,3870,0.0417
85049H,24,0,2025,0.0000
85050,19,18,48,0.9474
85053,24,4,1880,0.1667
85054,24,0,916,0.0000
85055,24,10,359,0.4167
85059,24,0,697,0.0000
85060,24,16,1448,0.6667
85061W,24,0,6229,0.0000
85062,24,0,3858,0.0000
85063,24,12,308,0.5000
85064,24,13,1595,0.5417
85065,24,13,620,0.5417
85066,24,0,2961,0.0000
85067,24,10,496,0.4167
85068,24,15,960,0.6250
85069,24,23,3,0.9583
85070,19,17,3,0.8947
85071A,24,1,1894,0.0417
85071B,24,1,2298,0.0417
85071C,24,2,1277,0.0833
85071D,24,2,881,0.0833
85072,24,23,120,0.9583
85077,24,23,1,0.9583
85078,24,2,2258,0.0833
85079,24,23,23,0.9583
85080,24,19,113,0.7917
85081,24,19,104,0.7917
85083,24,23,5,0.9583
85084,24,18,682,0.7500
85086A,24,5,587,0.2083
85087,24,2,420,0.0833
85088,24,3,347,0.1250
85089,24,13,99,0.5417
85090,24,13,106,0.5417
85091,24,16,343,0.6667
85092,23,15,391,0.6522
85093,24,2,1361,0.0833
85094,24,4,749,0.1667
85095,16,4,172,0.2500
85096,24,6,163,0.2500
85097B,24,17,106,0.7083
85098B,24,12,366,0.5000
85099B,24,0,96071,0.0000
85099C,24,0,30392,0.0000
85099F,24,0,36757,0.0000
85103,24,6,317,0.2500
85104,24,5,337,0.2083
85106,24,6,1190,0.2500
85107,24,4,1155,0.1667
85109,24,14,4211,0.5833
85110,24,14,11520,0.5833
85111,24,4,2903,0.1667
85112,24,21,465,0.8750
85113,24,18,285,0.7500
85114A,24,5,1318,0.2083
85114B,24,0,2053,0.0000
85114C,24,0,1342,0.0000
85115B,18,16,6,0.8889
85116,24,1,1817,0.0417
85117,24,18,347,0.7500
85118,24,10,2054,0.4167
85119,24,13,413,0.5417
85121B,24,17,86,0.7083
85121C,24,14,98,0.5833
85123A,24,0,93880,0.0000
85123B,24,23,1,0.9583
85124A,24,13,387,0.5417
85124B,24,0,355,0.0000
85124C,24,2,429,0.0833
85125,24,5,309,0.2083
85126,24,11,156,0.4583
85127,24,2,274,0.0833
85128,24,22,167,0.9167
85129A,24,15,444,0.6250
85129B,24,2,232,0.0833
85129C,24,5,389,0.2083
85129D,24,1,772,0.0417
85130A,24,8,685,0.3333
85130B,23,4,910,0.1739
85130C,23,5,651,0.2174
85130D,24,0,780,0.0000
85131A,24,3,2025,0.1250
85131B,24,4,933,0.1667
85131C,23,4,439,0.1739
85131D,24,3,1425,0.1250
85132A,24,6,1358,0.2500
85132B,24,8,929,0.3333
85132C,24,2,2066,0.0833
85135A,24,10,94,0.4167
85135B,24,5,151,0.2083
85135C,24,2,150,0.0833
85136A,24,4,132,0.1667
85136B,24,13,59,0.5417
85136C,24,5,174,0.2083
85141,24,6,182,0.2500
85142,24,16,57,0.6667
85144,24,6,287,0.2500
85145,24,12,91,0.5000
85146,21,11,118,0.5238
85147,24,20,61,0.8333
85150,24,2,8249,0.0833
85151,24,23,44,0.9583
85152,24,0,15492,0.0000
85157,23,22,1,0.9565
85159A,24,0,491,0.0000
85159B,24,1,660,0.0417
85160A,24,11,8824,0.4583
85160B,24,7,6156,0.2917
85161,24,7,51,0.2917
85162A,24,17,607,0.7083
85162B,24,17,977,0.7083
85162C,24,17,904,0.7083
85163A,24,5,103,0.2083
85163B,24,2,114,0.0833
85164B,24,14,141,0.5833
85165,24,17,90,0.7083
85166A,24,22,77,0.9167
85166B,24,13,510,0.5417
85167A,24,21,176,0.8750
85167B,24,8,692,0.3333
85168A,24,18,22,0.7500
85168B,24,7,65,0.2917
85169A,24,0,1247,0.0000
85169B,24,2,426,0.0833
85169C,24,4,501,0.1667
85169D,24,0,521,0.0000
85170A,24,11,848,0.4583
85170B,24,4,283,0.1667
85170C,24,0,541,0.0000
85170D,24,1,714,0.0417
85171,24,23,1,0.9583
85172,24,0,4223,0.0000
85173,24,0,974,0.0000
85174,24,0,1447,0.0000
85175,24,0,15566,0.0000
85176,24,0,2703,0.0000
85177,24,0,1812,0.0000
85178,24,0,5433,0.0000
85179A,24,12,193,0.5000
85179B,24,13,246,0.5417
85179C,24,17,95,0.7083
85180A,24,4,628,0.1667
85180B,24,5,354,0.2083
85183A,24,2,1499,0.0833
85183B,24,0,1713,0.0000
85184B,24,21,14,0.8750
85184C,24,0,2266,0.0000
85184D,24,14,8312,0.5833
85185B,24,0,593,0.0000
85185C,24,15,58,0.6250
85185D,24,8,195,0.3333
85185E,24,23,4,0.9583
85185F,24,20,37,0.8333
85186A,24,10,1473,0.4167
85186B,21,20,14,0.9524
85186C,24,9,1400,0.3750
85187,23,9,479,0.3913
85188A,24,15,944,0.6250
85188B,23,14,748,0.6087
85189,24,13,1176,0.5417
85190,24,20,138,0.8333
85192S,22,21,3,0.9545
85194L,24,10,1818,0.4167
85194S,23,5,1695,0.2174
85195,24,13,146,0.5417
85196,24,20,1564,0.8333
85197,24,12,1669,0.5000
85198,24,11,3859,0.4583
85199L,24,0,3395,0.0000
85199S,24,0,5766,0.0000
85200,24,16,1045,0.6667
85202,24,0,1208,0.0000
85203,24,0,1439,0.0000
85204,24,0,2345,0.0000
85205A,22,20,66,0.9091
85205B,23,14,241,0.6087
85206A,24,11,2327,0.4583
85206B,24,18,1538,0.7500
85208,24,3,420,0.1250
85211,24,5,306,0.2083
85212,24,1,2807,0.0417
85213,24,4,1378,0.1667
85214,24,3,514,0.1250
85215,24,4,831,0.1667
85216,24,6,2849,0.2500
85217,24,14,2869,0.5833
85218,23,21,1992,0.9130
85220,24,21,12236,0.8750
85221,24,18,3558,0.7500
85222,24,17,1406,0.7083
85224,24,11,2004,0.4583
85225,24,15,14,0.6250
85226A,24,12,1714,0.5000
85226C,24,12,989,0.5000
85227,24,0,3374,0.0000
85230A,24,4,1968,0.1667
85230B,24,2,2096,0.0833
85230C,24,23,24,0.9583
85230D,24,23,24,0.9583
85230E,24,2,2445,0.0833
85230F,24,5,2946,0.2083
85230G,24,2,1656,0.0833
85231B,24,0,2029,0.0000
85231E,24,17,836,0.7083
85231G,24,1,1480,0.0417
85231L,24,18,1039,0.7500
85232A,24,6,377,0.2500
85232B,24,9,3086,0.3750
85232C,23,22,1,0.9565
85232D,24,2,697,0.0833
90000A,24,11,33,0.4583
90000B,24,10,29,0.4167
90000C,24,22,2,0.9167
90000D,24,6,51,0.2500
90001A,24,14,11,0.5833
90001B,23,15,13,0.6522
90001C,24,17,11,0.7083
90001D,24,15,20,0.6250
90002A,24,16,36,0.6667
90002B,24,19,22,0.7917
90002C,24,15,33,0.6250
90002D,24,9,104,0.3750
90002E,24,16,18,0.6667
90003B,24,9,44,0.3750
90003C,24,6,47,0.2500
90003D,24,9,60,0.3750
90003E,24,11,29,0.4583
90004A,24,23,1,0.9583
90005A,24,9,106,0.3750
90010A,24,10,47,0.4167
90010B,24,10,63,0.4167
90010E,24,9,55,0.3750
90011A,24,15,15,0.6250
90011B,24,14,20,0.5833
90011C,24,17,12,0.7083
90011D,24,19,5,0.7917
90011E,24,17,8,0.7083
90012A,24,18,13,0.7500
90012B,24,18,17,0.7500
90013A,24,4,111,0.1667
90013B,24,1,104,0.0417
90013C,24,3,84,0.1250
90013D,23,13,46,0.5652
90013E,24,22,2,0.9167
90014A,24,5,53,0.2083
90014B,24,7,34,0.2917
90014C,24,11,29,0.4583
90016A,24,9,29,0.3750
90016B,24,7,35,0.2917
90016C,23,15,16,0.6522
90018A,24,5,72,0.2083
90018B,24,7,37,0.2917
90018C,24,12,28,0.5000
90019A,24,2,67,0.0833
90019B,23,7,30,0.3043
90019C,24,7,37,0.2917
90020,24,20,6,0.8333
90021,16,13,5,0.8125
90022,24,8,33,0.3333
90023,24,10,31,0.4167
90024A,23,19,5,0.8261
90024B,24,12,24,0.5000
90024C,24,15,11,0.6250
90024D,24,14,15,0.5833
90024E,24,16,16,0.6667
90024F,20,14,8,0.7000
90025A,8,6,2,0.7500
90025B,21,18,3,0.8571
90025C,22,17,6,0.7727
90025D,22,17,5,0.7727
90025E,24,18,7,0.7500
90025F,23,17,8,0.7391
90026A,21,14,11,0.6667
90026B,24,18,8,0.7500
90026C,24,18,8,0.7500
90026D,18,10,10,0.5556
90027A,21,17,9,0.8095
90027B,24,17,13,0.7083
90027C,24,16,14,0.6667
90027D,24,17,21,0.7083
90028,24,9,29,0.3750
90029,24,15,23,0.6250
90030A,24,17,79,0.7083
90030B,24,9,126,0.3750
90030C,24,13,87,0.5417
90031,24,16,52,0.6667
90032,23,10,48,0.4348
90033,24,11,22,0.4583
90034,24,20,5,0.8333
90035A,24,16,24,0.6667
90035B,24,22,43,0.9167
90035C,24,21,28,0.8750
90036A,24,13,27,0.5417
90036B,23,15,18,0.6522
90036C,24,14,30,0.5833
90036D,24,12,38,0.5000
90036E,24,5,45,0.2083
90036F,24,15,24,0.6250
90037A,24,13,26,0.5417
90037B,21,14,27,0.6667
90037C,24,14,25,0.5833
90037D,24,20,14,0.8333
90038A,24,8,36,0.3333
90038B,24,15,20,0.6250
90038C,24,15,19,0.6250
90039A,24,20,9,0.8333
90039B,23,13,21,0.5652
90039C,24,16,22,0.6667
90039D,24,9,42,0.3750
90040A,24,10,53,0.4167
90040B,24,11,71,0.4583
90040C,24,13,39,0.5417
90040D,24,16,41,0.6667
90041,24,19,6,0.7917
90042A,24,12,63,0.5000
90042B,24,19,17,0.7917
90042C,18,11,59,0.6111
90043,24,19,10,0.7917
90046,21,16,13,0.7619
90048,24,18,31,0.7500
90049,19,14,20,0.7368
90050,23,17,10,0.7391
90051,18,10,15,0.5556
90052,24,19,7,0.7917
90053,23,14,10,0.6087
90054,24,13,15,0.5417
90055,23,15,9,0.6522
90056,24,16,17,0.6667
90057,24,12,1756,0.5000
90058A,24,15,576,0.6250
90058B,24,11,1046,0.4583
90059A,24,6,90,0.2500
90059B,23,13,26,0.5652
90059C,24,12,40,0.5000
90059D,24,4,62,0.1667
90059E,24,9,50,0.3750
90059F,24,7,46,0.2917
90060B,24,20,6,0.8333
90060C,24,21,7,0.8750
90060D,24,18,12,0.7500
90060F,24,11,28,0.4583
90062,24,8,204,0.3333
90063A,18,8,21,0.4444
90063B,24,15,20,0.6250
90064A,23,15,20,0.6522
90064B,24,14,21,0.5833
90065A,24,16,26,0.6667
90065B,24,15,22,0.6250
90066A,17,15,5,0.8824
90067A,24,12,33,0.5000
90067B,24,19,16,0.7917
90068,15,13,2,0.8667
90069,24,20,11,0.8333
90070,24,6,63,0.2500
90071,24,3,85,0.1250
90072,24,6,43,0.2500
90073,24,6,48,0.2500
90074,21,15,7,0.7143
90075,21,16,10,0.7619
90076,23,16,12,0.6957
90077,24,20,5,0.8333
90078,22,18,9,0.8182
90079,24,13,21,0.5417
90081A,24,7,47,0.2917
90081B,14,11,7,0.7857
90081C,24,7,49,0.2917
90082A,24,5,51,0.2083
90082B,24,10,57,0.4167
90082C,23,21,3,0.9130
90082D,24,10,103,0.4167
90083,24,17,39,0.7083
90084,24,19,64,0.7917
90085,24,11,299,0.4583
90086,21,4,155,0.1905
90087,24,2,239,0.0833
90088,24,17,101,0.7083
90089,24,11,91,0.4583
90090,24,16,263,0.6667
90091,19,17,3,0.8947
90092,24,17,102,0.7083
90093,24,8,177,0.3333
90094,18,7,73,0.3889
90095,21,18,8,0.8571
90096,23,5,104,0.2174
90098,24,9,137,0.3750
90099,24,16,41,0.6667
90100,24,16,30,0.6667
90101,24,7,51,0.2917
90102,23,19,19,0.8261
90103,24,12,43,0.5000
90104,18,8,129,0.4444
90108,23,9,108,0.3913
90111,24,20,7,0.8333
90112,24,12,84,0.5000
90114,22,4,200,0.1818
90115,24,12,108,0.5000
90116,22,3,92,0.1364
90118,18,6,40,0.3333
90119,18,4,81,0.2222
90120A,24,10,93,0.4167
90120B,24,3,105,0.1250
90120C,24,5,106,0.2083
90120D,24,11,134,0.4583
90121B,24,22,19,0.9167
90122A,23,8,55,0.3478
90122B,24,10,46,0.4167
90122C,24,7,53,0.2917
90123A,24,11,36,0.4583
90123B,23,13,26,0.5652
90123C,24,15,27,0.6250
90123D,24,12,29,0.5000
90124A,24,11,30,0.4583
90124B,24,6,39,0.2500
90124C,24,12,22,0.5000
90125A,24,15,149,0.6250
90125B,24,16,38,0.6667
90125C,24,20,92,0.8333
90125D,24,11,136,0.4583
90125E,24,17,18,0.7083
90126A,24,19,20,0.7917
90126B,24,22,3,0.9167
90126C,24,20,21,0.8333
90127A,13,11,14,0.8462
90127B,22,20,2,0.9091
90128A,23,16,31,0.6957
90128B,23,18,18,0.7826
90128C,24,18,17,0.7500
90128D,22,15,13,0.6818
90129A,24,4,151,0.1667
90129B,24,3,145,0.1250
90129C,24,6,106,0.2500
90129D,24,9,67,0.3750
90129E,24,5,129,0.2083
90129F,24,6,80,0.2500
90130A,24,14,28,0.5833
90130B,24,4,60,0.1667
90130C,24,11,24,0.4583
90130D,23,16,13,0.6957
90131,24,19,10,0.7917
90132,24,17,7,0.7083
90133,24,11,46,0.4583
90134,24,1,123,0.0417
90135,13,10,9,0.7692
90135A,21,17,11,0.8095
90136,13,10,4,0.7692
90137,24,16,26,0.6667
90138,24,13,23,0.5417
90139,24,21,23,0.8750
90140,24,17,9,0.7083
90141A,24,14,20,0.5833
90141B,24,16,12,0.6667
90141C,24,14,16,0.5833
90141D,23,18,7,0.7826
90141E,24,19,10,0.7917
90142A,18,14,5,0.7778
90142B,13,12,1,0.9231
90142C,13,12,1,0.9231
90142D,13,9,11,0.6923
90143,24,5,78,0.2083
90144,24,5,53,0.2083
90145,24,4,73,0.1667
90146,24,13,40,0.5417
90147,24,6,93,0.2500
90148,24,10,27,0.4167
90149,23,16,61,0.6957
90150,24,17,13,0.7083
90151,24,17,16,0.7083
90152A,24,17,7,0.7083
90152B,24,20,6,0.8333
90152C,20,16,7,0.8000
90154,18,11,59,0.6111
90155,24,11,29,0.4583
90156,23,15,25,0.6522
90157,23,11,53,0.4783
90158,24,2,74,0.0833
90159,24,11,38,0.4583
90160A,23,6,51,0.2609
90160B,24,5,71,0.2083
90160C,24,3,96,0.1250
90160D,24,9,76,0.3750
90161A,24,5,67,0.2083
90161B,24,4,139,0.1667
90161C,24,2,162,0.0833
90161D,24,4,126,0.1667
90162A,23,16,30,0.6957
90162B,21,10,55,0.4762
90162C,21,9,42,0.4286
90162D,23,15,29,0.6522
90163A,24,11,35,0.4583
90163B,24,18,12,0.7500
90164A,24,9,34,0.3750
90164B,24,6,66,0.2500
90165A,24,10,42,0.4167
90165B,24,9,49,0.3750
90166,24,7,39,0.2917
90167,24,12,2197,0.5000
90168,24,13,39,0.5417
90169,24,10,38,0.4167
90170,24,4,143,0.1667
90171,24,20,47,0.8333
90173,24,5,81,0.2083
90174,24,9,46,0.3750
90175A,24,2,102,0.0833
90175B,24,9,36,0.3750
90175C,24,14,37,0.5833
90175D,24,5,52,0.2083
90176A,24,17,10,0.7083
90176B,13,10,5,0.7692
90176C,24,18,10,0.7500
90176D,24,17,11,0.7083
90176E,4,2,3,0.5000
90177A,24,13,18,0.5417
90177B,24,11,28,0.4583
90177C,24,9,36,0.3750
90177D,24,10,45,0.4167
90177E,24,10,28,0.4167
90178A,24,14,27,0.5833
90178B,24,15,16,0.6250
90179A,23,18,11,0.7826
90179B,24,19,9,0.7917
90179C,18,9,18,0.5000
90180A,24,9,44,0.3750
90180B,24,15,16,0.6250
90181A,23,12,14,0.5217
90181B,24,11,23,0.4583
90181C,24,20,5,0.8333
90182A,13,8,8,0.6154
90182B,24,21,5,0.8750
90182C,24,15,16,0.6250
90183A,23,9,48,0.3913
90183B,24,10,26,0.4167
90183C,24,15,13,0.6250
90184A,24,10,42,0.4167
90184B,24,7,65,0.2917
90184C,24,7,72,0.2917
90185A,24,9,55,0.3750
90185B,24,10,66,0.4167
90185C,24,10,64,0.4167
90185D,24,11,69,0.4583
90186A,24,10,69,0.4167
90186B,24,8,57,0.3333
90187A,24,17,8,0.7083
90187B,24,13,18,0.5417
90188,24,11,20,0.4583
90189A,23,16,11,0.6957
90189B,22,20,3,0.9091
90190A,24,11,44,0.4583
90190B,24,11,45,0.4583
90190C,24,8,55,0.3333
90191,24,10,38,0.4167
90192,24,5,91,0.2083
90194,24,9,32,0.3750
90195A,24,10,64,0.4167
90195B,24,11,52,0.4583
90196A,24,17,19,0.7083
90196B,24,15,19,0.6250
90197B,24,5,62,0.2083
90197D,22,19,9,0.8636
90198A,24,1,133,0.0417
90198B,24,2,102,0.0833
90199A,24,13,22,0.5417
90199B,24,12,34,0.5000
90199C,24,9,99,0.3750
90199D,24,12,22,0.5000
90200A,24,2,155,0.0833
90200B,24,1,172,0.0417
90200C,24,8,206,0.3333
90200D,24,1,306,0.0417
90200E,24,1,196,0.0417
90201A,24,3,128,0.1250
90201B,24,1,147,0.0417
90201C,24,3,117,0.1250
90201D,24,1,132,0.0417
90202A,22,10,29,0.4545
90202B,24,13,23,0.5417
90202C,24,10,29,0.4167
90202D,24,8,46,0.3333
90203,24,14,71,0.5833
90204,24,8,48,0.3333
90205A,24,12,38,0.5000
90205C,24,8,78,0.3333
90206A,24,16,15,0.6667
90206C,24,6,74,0.2500
90208,24,6,151,0.2500
90209A,24,16,173,0.6667
90209B,24,2,380,0.0833
90209C,24,2,399,0.0833
90210A,24,13,87,0.5417
90210B,24,12,92,0.5000
90210C,24,16,96,0.6667
90210D,24,12,142,0.5000
90211A,24,14,27,0.5833
90211B,24,12,35,0.5000
90212B,24,10,37,0.4167
90212C,24,17,15,0.7083
90214A,24,2,188,0.0833
90214B,24,8,63,0.3333
90214C,24,4,138,0.1667
90214D,24,1,76,0.0417
90214E,24,3,117,0.1250
90214F,24,10,31,0.4167
90214G,24,4,75,0.1667
90214H,24,6,70,0.2500
90214I,24,11,49,0.4583
90214J,24,4,144,0.1667
90214K,24,1,128,0.0417
90214L,24,6,140,0.2500
90214M,24,5,126,0.2083
90214N,24,4,63,0.1667
90214O,24,16,23,0.6667
90214P,24,9,52,0.3750
90214R,24,7,78,0.2917
90214S,24,4,159,0.1667
90214T,24,10,45,0.4167
90214U,13,12,1,0.9231
90214V,22,7,26,0.3182
90214W,18,12,7,0.6667
90214Y,13,7,8,0.5385
90214Z,24,12,19,0.5000
DCGS0003,24,16,13,0.6667
DCGS0004,24,20,4,0.8333
DCGS0037,18,17,1,0.9444
DCGS0041,18,17,1,0.9444
DCGS0044,24,23,1,0.9583
DCGS0058,24,14,42,0.5833
DCGS0062,14,13,1,0.9286
DCGS0066N,24,23,2,0.9583
DCGS0068,24,22,2,0.9167
DCGS0069,21,17,5,0.8095
DCGS0070,20,18,2,0.9000
DCGS0072,24,23,4,0.9583
DCGS0075,20,19,1,0.9500
DCGS0076,24,15,17,0.6250
DCGSSBOY,18,8,76,0.4444
DCGSSGIRL,18,7,92,0.3889
